YEAR,MONTH,DAY,RAINFALL,TMAX,TMIN,RH,WIND_SPEED,WIND_DIRECTION
2010,1,1,0,30.1,25.6,81,3,90
2010,1,2,0,30.4,25.8,79,2,70
2010,1,3,0,29.5,24,79,1,130
2010,1,4,0,29.2,24.1,80,1,110
2010,1,5,0,28.7,24.4,80,2,110
2010,1,6,0,31.9,23.6,79,2,120
2010,1,7,0,30.3,22.6,83,2,130
2010,1,8,0,31.3,22.2,80,2,130
2010,1,9,0,31.4,24.6,78,2,120
2010,1,10,0,31.6,25.7,76,2,130
2010,1,11,-999,31.4,25.3,81,2,130
2010,1,12,0,30.6,24.5,83,3,10
2010,1,13,0,31.3,24,71,4,90
2010,1,14,0,29.7,23.9,72,3,90
2010,1,15,0,30.4,22.2,72,3,90
2010,1,16,0,31.4,24.4,72,2,100
2010,1,17,-999,29.8,23.7,79,2,30
2010,1,18,-999,30.5,24.2,82,3,100
2010,1,19,0,29.9,25,83,5,100
2010,1,20,0,29.8,21.5,81,3,110
2010,1,21,0,30.9,21.3,78,3,120
2010,1,22,0,30.6,22.5,73,2,100
2010,1,23,0,30.4,22.7,78,3,110
2010,1,24,0,30.3,22.3,77,3,120
2010,1,25,0,30.9,22.9,78,2,110
2010,1,26,0,31.9,22.6,76,3,80
2010,1,27,0,32,22.6,75,3,110
2010,1,28,0,31.4,22.7,74,3,110
2010,1,29,0,31.7,23.3,72,3,110
2010,1,30,0,32.5,23.8,70,2,110
2010,1,31,0,31.2,24.6,77,3,100
2010,2,1,0,31.5,23,77,2,120
2010,2,2,0,33.1,25.7,74,3,120
2010,2,3,0,31.8,20.8,72,2,80
2010,2,4,0,31.9,20.5,67,3,100
2010,2,5,0,31.9,22.4,72,3,110
2010,2,6,0,32,23.2,72,3,110
2010,2,7,0,32.7,21.5,70,3,110
2010,2,8,0,32.3,23.2,65,3,110
2010,2,9,0,32.6,24.7,76,4,110
2010,2,10,0,32.8,23.9,76,3,100
2010,2,11,0,33.2,22.2,68,3,100
2010,2,12,0,33.1,23.1,66,3,110
2010,2,13,0,32.3,24.7,74,4,100
2010,2,14,0,33,23.5,70,3,100
2010,2,15,0,32.4,24.5,73,3,120
2010,2,16,0,32.8,23,73,4,110
2010,2,17,0,31.7,21.6,74,3,120
2010,2,18,0,32.6,22.1,67,3,110
2010,2,19,0,32.4,22.6,71,2,130
2010,2,20,0,33,24.1,78,2,270
2010,2,21,0,33.3,23.6,75,2,120
2010,2,22,0,34.2,25.6,74,2,120
2010,2,23,0,33.2,25.7,74,3,120
2010,2,24,0,32.6,25.9,71,4,110
2010,2,25,0,32.5,23.4,74,4,120
2010,2,26,0,33.5,25,74,4,120
2010,2,27,0,32.2,22.9,68,3,120
2010,2,28,0,32.7,25.1,70,3,110
2010,3,1,0,32.6,21.9,66,3,120
2010,3,2,0,34.2,25.6,70,3,120
2010,3,3,0,34.1,24.7,70,4,110
2010,3,4,0,34.7,25,67,3,110
2010,3,5,-999,32.9,22.8,70,3,110
2010,3,6,0,34.6,25,72,3,120
2010,3,7,0,35,27.2,70,3,120
2010,3,8,0,34.6,26.8,68,3,120
2010,3,9,0,34.5,26,74,3,20
2010,3,10,0,34.1,26.5,73,3,110
2010,3,11,0,32.7,25.6,77,3,110
2010,3,12,-999,31.9,25,78,2,110
2010,3,13,0,34.1,24.9,72,3,110
2010,3,14,0,33.9,26.7,70,3,100
2010,3,15,0,32.1,26.2,76,3,110
2010,3,16,0,34.5,25.7,65,3,100
2010,3,17,0,33.7,25,72,4,110
2010,3,18,0,33.5,24.6,73,3,110
2010,3,19,0,33.7,24.3,66,4,110
2010,3,20,0,33.5,25.4,69,3,120
2010,3,21,0,35.2,26.4,74,3,100
2010,3,22,0,33.8,24.9,71,4,100
2010,3,23,0,32.7,24.3,70,3,110
2010,3,24,0,34.4,24.5,67,2,130
2010,3,25,0,34.5,26.1,72,2,270
2010,3,26,-999,31.8,25,75,4,110
2010,3,27,0,33.9,25.2,69,3,120
2010,3,28,0,32.7,25.4,72,3,120
2010,3,29,0,31.8,25.3,72,3,110
2010,3,30,0,32.7,23.1,66,3,110
2010,3,31,0,32.9,25.9,73,3,100
2010,4,1,0,33.4,25.2,66,3,120
2010,4,2,0,34.7,26.3,71,3,120
2010,4,3,0,33.7,26.6,74,4,110
2010,4,4,0,34.8,26.1,66,3,120
2010,4,5,0,34.9,26.2,70,3,110
2010,4,6,0,30.5,26.2,66,4,110
2010,4,7,0,35,24.8,70,3,110
2010,4,8,0,33.9,24.2,72,3,120
2010,4,9,0,35.7,25.4,68,3,110
2010,4,10,0,34,25.3,64,4,120
2010,4,11,0,34.2,24.4,66,4,120
2010,4,12,0,35.1,26.6,67,3,120
2010,4,13,0,34.5,26.5,77,4,100
2010,4,14,0,34.3,25.8,68,4,100
2010,4,15,0,35.1,25.4,66,3,110
2010,4,16,0,34,26.8,69,4,110
2010,4,17,0,34.5,25.4,70,4,110
2010,4,18,0,33.5,25.9,69,4,110
2010,4,19,0,34.8,26,66,4,120
2010,4,20,0,35.5,27.2,66,3,120
2010,4,21,0,35.4,25.2,69,4,120
2010,4,22,0,35.7,26.6,66,3,120
2010,4,23,0,37,27.7,68,2,140
2010,4,24,0,35.9,26.7,68,3,110
2010,4,25,0,34.1,27.7,69,4,110
2010,4,26,0,35.2,26.2,70,3,120
2010,4,27,0,35.5,27.5,67,3,120
2010,4,28,-999,35.5,26.5,76,3,110
2010,4,29,-999,34.8,25.6,87,2,340
2010,4,30,-999,33.5,24.6,89,2,120
2010,5,1,0,36.6,26.2,71,2,120
2010,5,2,0,35.3,27.8,76,3,300
2010,5,3,0,34.7,27.5,78,3,70
2010,5,4,0,36.6,27.6,70,3,120
2010,5,5,0,37.4,28.7,70,3,110
2010,5,6,0,35.3,26.3,67,4,120
2010,5,7,0,36.6,27.1,62,3,120
2010,5,8,0,36.6,27.6,65,3,120
2010,5,9,0,36.4,29.2,70,3,120
2010,5,10,0,36.6,28.6,68,3,130
2010,5,11,0,36.2,28.4,64,4,130
2010,5,12,0,35.5,27.7,70,4,110
2010,5,13,0,35.5,28.4,66,4,110
2010,5,14,0,35.9,25.9,66,4,120
2010,5,15,0,35.5,26.4,64,3,110
2010,5,16,0,35.9,27.1,64,3,110
2010,5,17,0,36.7,28.6,64,3,110
2010,5,18,0,36.5,28.7,68,3,130
2010,5,19,0,38.3,28.3,68,2,160
2010,5,20,0,36.8,28.6,70,2,120
2010,5,21,0,36.5,27.9,70,3,130
2010,5,22,0,35.8,27.8,73,3,260
2010,5,23,0,34.7,28.4,80,4,250
2010,5,24,0,34.6,28.1,79,5,260
2010,5,25,-999,34.6,27.8,76,3,250
2010,5,26,0,37.5,26.3,71,2,110
2010,5,27,-999,33.9,26.2,78,2,120
2010,5,28,-999,35.3,25.9,90,2,110
2010,5,29,0,34.5,27.3,83,3,260
2010,5,30,0,34.8,27.5,80,4,260
2010,5,31,-999,35,27,80,4,250
2010,6,1,-999,32.7,26.3,91,2,240
2010,6,2,-999,32.2,25.2,92,1,310
2010,6,3,-999,31.1,24.6,95,2,260
2010,6,4,-999,32.5,25.7,92,3,260
2010,6,5,-999,31.4,27.2,92,2,270
2010,6,6,-999,31.4,26.6,94,2,280
2010,6,7,0,34.5,27.5,85,2,300
2010,6,8,0,34.2,27.9,83,2,260
2010,6,9,-999,34.9,27.2,83,1,260
2010,6,10,-999,35.1,26.2,91,1,280
2010,6,11,-999,34.5,26,84,1,260
2010,6,12,0,34.4,27.6,84,1,280
2010,6,13,-999,35.1,26.7,88,2,300
2010,6,14,-999,35.8,26,88,2,120
2010,6,15,-999,36,27.3,82,2,120
2010,6,16,-999,36.9,26.8,73,3,120
2010,6,17,0,36.5,25.9,72,3,110
2010,6,18,-999,35.5,27.8,81,2,110
2010,6,19,-999,35.2,23.9,89,2,260
2010,6,20,-999,34.7,25.1,88,2,130
2010,6,21,0,34.4,27.3,79,2,120
2010,6,22,0,31,26.7,89,2,130
2010,6,23,0,33.5,27.1,82,3,280
2010,6,24,-999,33,26.4,85,2,260
2010,6,25,-999,33.1,25.9,88,2,250
2010,6,26,-999,31.6,26,92,1,230
2010,6,27,0,34.7,27.1,86,1,200
2010,6,28,-999,35.1,25.1,90,2,140
2010,6,29,-999,31.4,26,92,2,130
2010,6,30,-999,31.8,26.8,94,2,260
2010,7,1,0,33.2,27.1,85,2,260
2010,7,2,0,33.2,26.8,85,2,290
2010,7,3,-999,33.2,26.6,88,2,280
2010,7,4,0,33.6,27.9,82,2,230
2010,7,5,-999,33.3,24.6,86,4,270
2010,7,6,0,32.8,27.8,80,4,220
2010,7,7,0,35.3,26,81,3,250
2010,7,8,0,34.2,26,80,2,90
2010,7,9,0,31.3,25.8,85,2,110
2010,7,10,-999,33,25.8,87,3,110
2010,7,11,-999,34.5,26.3,79,2,50
2010,7,12,-999,33.5,24.8,82,3,280
2010,7,13,-999,28.2,23.8,97,5,280
2010,7,14,-999,30.7,26.2,90,3,80
2010,7,15,0,32.7,26.3,83,2,90
2010,7,16,0,31.4,26,85,1,130
2010,7,17,-999,33.1,24.8,89,2,260
2010,7,18,-999,30.5,24.9,94,2,110
2010,7,19,-999,33.8,25.8,87,3,110
2010,7,20,-999,32.6,26.1,92,2,110
2010,7,21,-999,32.9,25.1,92,2,110
2010,7,22,0,31.7,25.9,90,1,190
2010,7,23,-999,32.4,25.9,94,2,250
2010,7,24,-999,32.6,26.7,89,2,150
2010,7,25,-999,30.6,24.3,99,1,70
2010,7,26,-999,33,26.4,88,2,100
2010,7,27,-999,33.4,26.2,88,2,100
2010,7,28,-999,33.3,24.5,88,2,250
2010,7,29,-999,32.3,24.8,93,2,270
2010,7,30,-999,32.7,25.7,91,1,300
2010,7,31,-999,31.2,26.2,98,1,120
2010,8,1,0,32.5,27,82,2,260
2010,8,2,-999,32,26,86,3,260
2010,8,3,-999,32.3,25.5,88,3,270
2010,8,4,-999,31.6,26.2,80,2,260
2010,8,5,-999,32.2,25.9,89,2,150
2010,8,6,-999,31.8,26.8,78,3,230
2010,8,7,-999,32.1,25.7,82,3,230
2010,8,8,-999,29.6,25.3,90,3,240
2010,8,9,0,30.5,26.1,82,3,270
2010,8,10,0,30.5,24.5,84,3,280
2010,8,11,-999,30.8,25.2,84,2,90
2010,8,12,-999,30.9,26.1,86,2,130
2010,8,13,0,33.4,26.8,78,2,220
2010,8,14,-999,34.2,25.9,79,2,240
2010,8,15,-999,33.4,25.8,79,2,340
2010,8,16,-999,32.2,26,80,2,50
2010,8,17,-999,31.2,25.4,83,2,80
2010,8,18,-999,31.4,26.2,81,2,110
2010,8,19,-999,30.5,25.8,85,2,310
2010,8,20,-999,31.6,25.2,86,2,260
2010,8,21,-999,31.2,25.6,79,2,260
2010,8,22,-999,30.9,26,77,2,230
2010,8,23,-999,31.9,24.4,88,2,110
2010,8,24,-999,31.5,24.7,92,2,300
2010,8,25,-999,32.2,24.6,90,3,290
2010,8,26,-999,30.5,24.5,94,2,260
2010,8,27,-999,31.8,25.6,87,2,230
2010,8,28,0,34.6,26,83,3,270
2010,8,29,-999,31.8,24.2,93,3,260
2010,8,30,-999,32,26.1,93,3,260
2010,8,31,-999,32.5,24.9,94,4,260
2010,9,1,0,32.9,23.3,92,3,260
2010,9,2,0,29.7,23.7,99,2,30
2010,9,3,0,29.2,23.9,97,2,250
2010,9,4,0,31.6,26.9,89,1,280
2010,9,5,0,33.6,26.5,90,1,100
2010,9,6,0,33.8,27.2,85,2,140
2010,9,7,0,32.2,26.5,90,2,130
2010,9,8,0,32,26.3,90,2,270
2010,9,9,-999,32.9,26.8,95,2,260
2010,9,10,0,33.1,29.1,87,2,40
2010,9,11,-999,33.1,25.1,85,2,100
2010,9,12,0,32.7,26.5,82,2,110
2010,9,13,-999,32.5,26.6,83,2,110
2010,9,14,-999,34,26.2,81,2,110
2010,9,15,-999,32.3,25.4,87,2,110
2010,9,16,-999,32.8,25.1,82,2,110
2010,9,17,0,32.6,24.8,90,2,280
2010,9,18,0,32.2,26.6,88,4,250
2010,9,19,0,31.8,26.7,87,3,260
2010,9,20,-999,32.7,25,91,2,20
2010,9,21,-999,32.3,25,85,2,360
2010,9,22,-999,32.3,24.9,93,1,300
2010,9,23,-999,32.6,26,85,1,270
2010,9,24,-999,31.7,25.6,87,1,110
2010,9,25,-999,32.7,24.8,87,2,120
2010,9,26,-999,33.1,25.5,83,2,80
2010,9,27,-999,32.4,24.8,87,2,120
2010,9,28,0,32.7,26.1,87,2,110
2010,9,29,-999,32.9,26.5,86,2,10
2010,9,30,-999,31.8,25,96,1,20
2010,10,1,-999,29.1,23.9,99,1,110
2010,10,2,-999,30.6,24.9,91,2,130
2010,10,3,0,31.8,24.9,87,2,120
2010,10,4,-999,32.7,24.4,86,2,100
2010,10,5,0,33.1,25.6,85,3,100
2010,10,6,0,33.4,25.7,87,2,120
2010,10,7,0,34,27.3,82,2,120
2010,10,8,0,33.1,26.6,88,2,110
2010,10,9,0,33.3,26.2,88,2,150
2010,10,10,0,34.1,26.3,84,2,90
2010,10,11,0,33.3,26.6,82,2,70
2010,10,12,-999,29.9,25.3,93,2,100
2010,10,13,-999,30.1,25.8,93,1,70
2010,10,14,-999,31.2,25.7,90,1,120
2010,10,15,-999,31.7,24.8,88,1,120
2010,10,16,-999,31.9,23.6,94,1,230
2010,10,17,-999,32.3,25.7,98,2,260
2010,10,18,-999,30.9,24.2,97,4,210
2010,10,19,-999,27.8,24.8,99,2,130
2010,10,20,-999,32.3,25.6,91,1,210
2010,10,21,-999,31.4,25.9,90,1,210
2010,10,22,-999,30.1,25,100,1,250
2010,10,23,-999,31.2,24.8,95,1,260
2010,10,24,0,31.7,25.2,93,2,250
2010,10,25,-999,32,24.9,94,2,250
2010,10,26,-999,31.4,25.1,97,1,200
2010,10,27,0,31.3,24.1,90,2,110
2010,10,28,0,31.7,25.5,82,1,120
2010,10,29,0,31.1,24.8,87,1,160
2010,10,30,0,32.4,24.8,81,3,90
2010,10,31,-999,33.3,24.4,83,3,60
2010,11,1,-999,29.4,24.1,96,2,120
2010,11,2,-999,28.2,24.5,100,2,80
2010,11,3,0,33,25.7,92,1,120
2010,11,4,-999,32,25.9,92,1,110
2010,11,5,-999,30.9,25,97,1,290
2010,11,6,-999,31.6,25.6,93,1,310
2010,11,7,0,33.5,25.8,92,1,110
2010,11,8,0,33.9,25.8,85,2,110
2010,11,9,-999,32,24.9,89,2,110
2010,11,10,-999,30.8,24.8,98,1,110
2010,11,11,-999,28.9,23.8,99,1,110
2010,11,12,0,32.5,25.6,80,1,110
2010,11,13,0,32.5,26.1,77,2,110
2010,11,14,-999,31.9,25.4,78,2,120
2010,11,15,-999,31.7,24.3,86,2,120
2010,11,16,-999,30.7,24.6,76,1,100
2010,11,17,0,32.1,25.1,73,2,120
2010,11,18,0,31.6,25.2,74,2,130
2010,11,19,0,32.6,24.9,72,2,120
2010,11,20,0,32.5,25.6,76,2,120
2010,11,21,-999,30.6,25.7,77,2,310
2010,11,22,-999,31.3,24.9,85,2,210
2010,11,23,-999,32.1,25.7,78,2,160
2010,11,24,-999,32.2,25.4,76,2,140
2010,11,25,0,31.2,24.8,74,2,110
2010,11,26,0,32.3,25.4,63,3,110
2010,11,27,-999,31.4,25.2,69,2,110
2010,11,28,-999,29.7,25.3,73,2,100
2010,11,29,-999,30.3,25.2,76,1,160
2010,11,30,0,32.8,24.2,74,2,90
2010,12,1,0,33.6,25.8,66,2,120
2010,12,2,-999,30.8,24.7,78,2,90
2010,12,3,-999,29.2,23.4,81,2,80
2010,12,4,0,32.5,24.9,74,2,110
2010,12,5,-999,32,23.1,76,2,120
2010,12,6,0,32.6,24.1,69,2,120
2010,12,7,0,31.7,25.2,71,2,300
2010,12,8,0,30.4,25.2,67,2,120
2010,12,9,0,30.4,23.7,66,4,90
2010,12,10,0,29.3,23.6,72,3,110
2010,12,11,0,30.1,22.8,74,2,110
2010,12,12,0,30.7,24.8,74,1,160
2010,12,13,0,33.8,26,74,2,140
2010,12,14,0,32.6,25.8,76,2,120
2010,12,15,-999,30.6,26.1,79,2,120
2010,12,16,0,30.5,25.3,77,2,10
2010,12,17,-999,29.1,25.2,83,1,280
2010,12,18,-999,29.4,24.4,78,2,110
2010,12,19,-999,28.8,24.2,87,2,330
2010,12,20,0,30.8,22.6,74,2,110
2010,12,21,0,31.3,23.2,71,2,120
2010,12,22,0,30.7,23.2,69,2,280
2010,12,23,0,30.6,23.7,71,2,130
2010,12,24,0,29.9,23.6,77,2,100
2010,12,25,-999,28.4,24.5,77,2,110
2010,12,26,-999,28.7,23,76,2,120
2010,12,27,0,31,24,72,2,120
2010,12,28,0,30,24,74,2,110
2010,12,29,-999,27.9,23.7,87,2,110
2010,12,30,-999,27.5,23.5,89,1,190
2010,12,31,0,29.1,23,78,2,120
2011,1,1,0,30.1,22.7,72,2,110
2011,1,2,0,29.8,22.3,70,3,110
2011,1,3,0,30.6,23.6,63,4,110
2011,1,4,0,29.5,21.3,63,3,90
2011,1,5,0,30.8,22.4,68,2,110
2011,1,6,0,30.9,23.5,71,2,100
2011,1,7,0,31.5,23,61,2,90
2011,1,8,0,31.6,23.7,63,2,90
2011,1,9,3.5,28.8,23.5,83,3,350
2011,1,10,0,29.5,24.4,75,2,20
2011,1,11,0.5,29.4,23.5,72,2,120
2011,1,12,0,28.3,24.2,79,2,130
2011,1,13,0,31.8,23.5,72,2,130
2011,1,14,0,29.5,25.3,76,2,140
2011,1,15,8,30.2,24.7,78,2,300
2011,1,16,0,29,23.2,63,5,80
2011,1,17,0,27.7,23.2,59,5,80
2011,1,18,0,30,23.8,70,2,120
2011,1,19,0,28.5,23.6,81,1,50
2011,1,20,0.5,31.8,24.5,74,2,130
2011,1,21,43.5,31,22.3,80,2,300
2011,1,22,1,31.2,25.3,78,3,120
2011,1,23,1,31,25,80,2,140
2011,1,24,5.5,29.4,23.6,83,2,100
2011,1,25,0,30.5,24.3,66,3,110
2011,1,26,0,30.5,22.2,67,4,90
2011,1,27,0,30.4,23,69,3,90
2011,1,28,0,31,22.7,66,3,110
2011,1,29,0,30.5,22.6,84,3,70
2011,1,30,0,30.6,23.5,62,4,120
2011,1,31,0.5,29.1,22.3,66,3,100
2011,2,1,0,29.3,21.5,62,3,90
2011,2,2,0,28.3,22,59,3,90
2011,2,3,0,28.7,23.2,64,2,90
2011,2,4,0.5,29.1,24.3,67,2,10
2011,2,5,0,29.1,24.6,71,2,120
2011,2,6,0,30.9,22.6,72,2,120
2011,2,7,0.5,30.5,23.9,75,3,120
2011,2,8,0,30.7,25,78,3,250
2011,2,9,0,32.1,25,80,3,120
2011,2,10,0,32.7,25.6,75,3,260
2011,2,11,0,32.2,25,72,2,260
2011,2,12,0,31.2,24.2,66,4,120
2011,2,13,0,29.2,23.6,67,4,110
2011,2,14,0,31.6,23.6,70,3,120
2011,2,15,0,31.1,23,71,3,120
2011,2,16,0,31.2,22.8,71,3,120
2011,2,17,0,32.1,23.4,66,3,130
2011,2,18,0,32.1,23.4,68,2,140
2011,2,19,0,32.8,21.4,62,3,130
2011,2,20,0,32.4,21.4,61,3,140
2011,2,21,0,31.6,22.8,65,3,120
2011,2,22,0,31.9,23.1,66,3,120
2011,2,23,0,30.6,22,66,2,120
2011,2,24,0,29.9,22,65,2,100
2011,2,25,0,31.7,22.3,63,3,120
2011,2,26,0,31.8,22.7,61,2,80
2011,2,27,0,31.4,24.7,64,2,90
2011,2,28,0,31.9,24.8,67,3,110
2011,3,1,15,32.8,23.9,74,2,130
2011,3,2,5,29.8,23.2,84,2,130
2011,3,3,0,31.5,23.8,68,3,120
2011,3,4,0.5,31.3,24.1,70,3,110
2011,3,5,12,28.4,23.6,89,2,100
2011,3,6,0,32.2,24.5,74,2,120
2011,3,7,36,34,23.5,78,2,270
2011,3,8,0.5,29.6,24.2,74,3,110
2011,3,9,0,30.7,23.7,70,2,80
2011,3,10,0,30.7,23.8,69,5,110
2011,3,11,0,31.2,23.2,62,4,110
2011,3,12,0,31.6,23.3,59,4,110
2011,3,13,0,31.9,25,67,3,120
2011,3,14,0,32,24.6,66,3,110
2011,3,15,0,31.5,24.5,60,4,110
2011,3,16,0,31.4,25.2,59,4,100
2011,3,17,0,31.7,25.3,63,5,110
2011,3,18,0,30.5,23.9,65,3,110
2011,3,19,0,32.5,26,62,4,110
2011,3,20,0,30.7,25.7,66,3,110
2011,3,21,0,33.6,25.6,69,3,120
2011,3,22,0,33.6,25,65,4,100
2011,3,23,0,33.5,26.2,61,4,90
2011,3,24,0,32.7,24.2,63,3,110
2011,3,25,0,32.7,24.7,58,4,90
2011,3,26,0,32.1,25.3,54,4,100
2011,3,27,0,32.1,25,62,3,110
2011,3,28,0,30.1,25.2,62,3,70
2011,3,29,0,32.8,24.4,66,3,110
2011,3,30,0,33.1,24.4,67,3,120
2011,3,31,0,31.9,24.1,64,3,120
2011,4,1,0,30.9,21.7,63,3,120
2011,4,2,0,31.7,24.3,64,3,130
2011,4,3,0,32.1,25.7,65,3,120
2011,4,4,0,31.2,24.6,68,4,120
2011,4,5,0,30.8,22.3,61,4,120
2011,4,6,0,30.2,21.6,65,4,120
2011,4,7,0,30.7,21.8,67,4,110
2011,4,8,0.5,32.6,21.7,60,3,140
2011,4,9,1,28.7,23.5,76,2,110
2011,4,10,0,32.9,24.1,59,4,120
2011,4,11,0,32.4,24.3,59,3,140
2011,4,12,0,33.3,24.6,52,4,120
2011,4,13,0,32.7,24.4,58,4,110
2011,4,14,0,31.7,24.4,61,4,120
2011,4,15,0,32.9,28.2,60,4,120
2011,4,16,0,35.2,25.3,57,2,120
2011,4,17,0,34.9,25.5,63,3,220
2011,4,18,0,33.3,26.2,64,4,230
2011,4,19,0,33.6,22.2,62,3,280
2011,4,20,0,30.9,26.3,66,4,110
2011,4,21,0,32.9,23.9,65,4,120
2011,4,22,0,33.4,24.5,63,3,130
2011,4,23,0,33.8,23.5,62,3,130
2011,4,24,0,32.9,22.8,60,4,110
2011,4,25,0,34.1,25.3,63,4,120
2011,4,26,0,35.8,26.6,64,3,120
2011,4,27,0,36.8,27.6,66,2,260
2011,4,28,0,36.2,25.3,61,3,110
2011,4,29,4.5,34.2,25.4,67,4,110
2011,4,30,0,32.7,24.1,70,4,110
2011,5,1,0,35.5,27.3,62,4,140
2011,5,2,0,34.5,27.6,63,4,110
2011,5,3,0,35.3,27.1,62,3,140
2011,5,4,0,35,26.7,64,3,120
2011,5,5,0,36,27.9,67,2,150
2011,5,6,0,35.8,26.3,64,3,140
2011,5,7,22,34,23.6,77,3,250
2011,5,8,104.5,28.2,22.8,85,7,240
2011,5,9,3,29.1,23.2,74,5,250
2011,5,10,0.5,31.9,25.3,82,3,260
2011,5,11,0,33.1,26.7,76,3,260
2011,5,12,0,32.7,26.9,79,2,130
2011,5,13,0,35.4,26.6,65,2,130
2011,5,14,0,34.6,26.1,66,3,120
2011,5,15,0,35.1,25.3,63,4,120
2011,5,16,0,35.5,27.7,61,2,150
2011,5,17,0,34.2,27,69,3,280
2011,5,18,39.5,35.9,24.3,69,2,110
2011,5,19,0,34.1,26.8,70,2,260
2011,5,20,0,35.3,26.8,63,2,200
2011,5,21,5,33.5,27.3,74,2,290
2011,5,22,6.5,35.8,25.8,71,2,330
2011,5,23,23,34.9,25.6,78,2,140
2011,5,24,41.5,32.5,23.7,84,2,180
2011,5,25,38.5,32.3,24.1,79,2,290
2011,5,26,0.5,31.8,27.6,79,4,250
2011,5,27,23.5,31.8,25,82,4,250
2011,5,28,21,31.6,25,89,2,310
2011,5,29,5.5,31.5,25.8,90,1,270
2011,5,30,11.5,32.1,26.1,82,2,130
2011,5,31,0,32.5,26.6,78,3,150
2011,6,1,0,32.7,26.5,76,2,260
2011,6,2,0,34.9,27.4,69,2,140
2011,6,3,0.2,33.4,26.4,76,2,150
2011,6,4,0,34.2,28.1,73,3,110
2011,6,5,0,35.4,27.7,68,3,110
2011,6,6,0,35.6,27.5,64,3,130
2011,6,7,6.5,33.7,26,70,3,280
2011,6,8,125,26.7,24.2,93,6,70
2011,6,9,8,28.2,25.8,88,2,150
2011,6,10,7.5,32.3,25.6,79,2,120
2011,6,11,0,31.6,25.2,77,2,100
2011,6,12,0,34.4,26,72,3,110
2011,6,13,0,34,27.4,72,3,120
2011,6,14,1,32.6,26.6,77,3,110
2011,6,15,0,34,27.3,72,3,130
2011,6,16,1,34.3,26.8,71,3,110
2011,6,17,2,35.1,25.7,67,3,110
2011,6,18,27,32.5,24.1,76,2,210
2011,6,19,45,26.9,24.3,92,3,240
2011,6,20,9.5,28.6,24.9,90,2,140
2011,6,21,7,31.5,25.1,89,2,80
2011,6,22,18.5,31.2,24,87,4,270
2011,6,23,151.5,27.2,23.9,95,5,250
2011,6,24,135,27.4,23.4,96,3,200
2011,6,25,14.5,29.4,23,88,2,230
2011,6,26,0,30.8,25.4,82,3,260
2011,6,27,0,31.6,25.5,79,3,280
2011,6,28,0,32.3,26.2,72,2,270
2011,6,29,0,32.3,25.7,77,2,310
2011,6,30,24,31.4,25,84,2,290
2011,7,1,0,31.5,25.8,80,2,260
2011,7,2,0,33.5,25.3,70,2,110
2011,7,3,0.5,31.3,23.7,76,2,110
2011,7,4,1.5,32.3,24.7,79,1,170
2011,7,5,1,32.3,25.5,82,2,200
2011,7,6,0.5,30.4,25.2,84,3,260
2011,7,7,11.5,30.2,24.4,90,3,220
2011,7,8,35.5,29.8,23.8,88,2,260
2011,7,9,28.5,29.2,23.7,91,2,230
2011,7,10,6,27.2,23.5,93,2,190
2011,7,11,3.5,27.3,23.6,89,2,110
2011,7,12,0,31.9,25.3,83,3,270
2011,7,13,0,31.3,25,82,2,260
2011,7,14,0,31.8,24.7,78,3,260
2011,7,15,0,31.4,25.3,78,3,280
2011,7,16,0,31.5,24.5,79,5,260
2011,7,17,0,31.5,27.9,79,7,250
2011,7,18,0,31.7,26.9,79,6,260
2011,7,19,0,31.8,26.7,79,5,260
2011,7,20,0,32,26.7,79,5,260
2011,7,21,8.5,31.4,26,84,3,250
2011,7,22,0,32.3,26.4,80,2,260
2011,7,23,3.5,33.2,25.6,86,2,70
2011,7,24,11.5,31.6,25,83,2,290
2011,7,25,8.5,29.1,25.6,84,4,280
2011,7,26,83.5,27.3,24.5,94,3,300
2011,7,27,27.5,27.1,24.8,97,2,180
2011,7,28,8,30.2,25,94,2,180
2011,7,29,15.5,29.9,23.6,88,3,220
2011,7,30,27.5,27.9,23.8,94,2,230
2011,7,31,15.5,28.8,24.3,97,1,200
2011,8,1,49.5,31.2,25.1,96,3,220
2011,8,2,18.5,27.6,25.3,95,4,260
2011,8,3,15.5,27.7,24.9,97,2,240
2011,8,4,0,30.4,25.7,88,5,250
2011,8,5,5,29.5,24.4,90,4,250
2011,8,6,11.5,29.5,23.9,88,4,250
2011,8,7,0,30.7,25,83,3,240
2011,8,8,5.5,30.5,25.4,86,3,260
2011,8,9,0,30.4,25.9,88,3,250
2011,8,10,0,31.3,25.7,80,3,280
2011,8,11,0,32,26.1,79,2,270
2011,8,12,0,34.6,26.1,68,2,110
2011,8,13,0.5,33.5,27.1,69,2,100
2011,8,14,7,32.7,24.4,76,3,110
2011,8,15,10,32.3,24.8,83,2,130
2011,8,16,5.5,32,25.6,84,1,30
2011,8,17,2.5,31.2,25.2,85,2,310
2011,8,18,0,32.3,25.1,78,2,130
2011,8,19,4,32.3,26,85,2,90
2011,8,20,15.5,30.4,25.3,88,1,90
2011,8,21,11.5,31.3,24.8,89,2,230
2011,8,22,32.5,30.9,24.8,88,3,260
2011,8,23,3,31.4,25.7,87,4,260
2011,8,24,1,30.5,26.5,89,3,260
2011,8,25,0.5,29.5,28.3,86,4,280
2011,8,26,18,29.5,24,87,6,240
2011,8,27,48.5,27.3,24.3,94,4,220
2011,8,28,7.5,31.7,24.5,91,4,240
2011,8,29,9.5,31.2,26.4,87,4,240
2011,8,30,0,30.8,26.2,83,5,250
2011,8,31,24,30.5,24.1,93,5,260
2011,9,1,13.5,28.4,24.3,93,3,300
2011,9,2,27.5,30.5,24.7,94,3,270
2011,9,3,0.5,31,25.8,88,3,250
2011,9,4,2.5,31.6,25.3,85,3,270
2011,9,5,0,30.8,26,82,4,260
2011,9,6,0,31.2,25.7,82,3,260
2011,9,7,2,29.8,25.4,86,2,280
2011,9,8,4,31.9,25.6,86,1,250
2011,9,9,37,33.1,23.3,91,2,130
2011,9,10,0,31.2,25.2,81,2,130
2011,9,11,0,32.1,25.3,84,2,260
2011,9,12,0.5,31.2,25.5,82,3,10
2011,9,13,0,31,26.2,81,3,220
2011,9,14,0,31.5,26.8,83,5,250
2011,9,15,13,31.1,24.9,86,5,250
2011,9,16,0,31,25.8,84,4,260
2011,9,17,14,31.5,24.5,86,3,260
2011,9,18,3,30.4,23.9,88,4,260
2011,9,19,5.5,30.6,25.2,86,3,240
2011,9,20,0,30,25.5,84,3,260
2011,9,21,0,31.6,25.8,82,3,260
2011,9,22,0,31,26.1,83,2,260
2011,9,23,1,31.4,25.4,82,3,260
2011,9,24,4,29.1,24.3,84,2,310
2011,9,25,3.5,31,25.5,83,4,270
2011,9,26,85.5,27.4,24.6,97,7,260
2011,9,27,67.5,26.3,23.9,96,6,230
2011,9,28,2.5,30.5,24.4,87,3,140
2011,9,29,0,31.3,25.3,80,3,260
2011,9,30,0.5,31,26,86,4,260
2011,10,1,8,29.1,24.4,92,6,260
2011,10,2,15,31.7,25.1,91,3,160
2011,10,3,0.5,31,24.8,86,2,110
2011,10,4,0.5,30.6,24.4,89,2,270
2011,10,5,0,31.2,25.8,84,2,80
2011,10,6,0,30.5,24.3,85,2,100
2011,10,7,46.5,29.9,22.7,90,2,110
2011,10,8,7,27.9,24.4,97,2,150
2011,10,9,14.5,29.3,24.3,97,1,130
2011,10,10,2.5,30.1,24,89,2,100
2011,10,11,2.5,31.3,25.3,88,2,130
2011,10,12,70,31.8,23.5,90,2,10
2011,10,13,17.5,28.4,24.6,96,2,110
2011,10,14,0,30.8,24.6,87,2,260
2011,10,15,0,31.2,25.9,87,2,250
2011,10,16,0,33.3,25.8,80,2,120
2011,10,17,0,33.9,25.4,77,2,310
2011,10,18,0.5,32.6,25,88,2,80
2011,10,19,0,32.5,26.1,78,2,70
2011,10,20,0,32.9,25.3,78,2,100
2011,10,21,0,31.6,25,85,2,60
2011,10,22,0,32.1,25.2,81,3,110
2011,10,23,0.5,32,25,82,2,120
2011,10,24,0,32.1,24.5,78,3,130
2011,10,25,0,33.6,25.2,71,2,120
2011,10,26,0,33.8,26.3,63,2,90
2011,10,27,0,32.3,25,70,2,80
2011,10,28,0,34.5,25.7,66,3,60
2011,10,29,0,34.5,25.5,64,3,100
2011,10,30,1.5,31.4,24.9,72,2,80
2011,10,31,1,32.2,25.9,73,2,50
2011,11,1,0,32.5,25.4,70,3,110
2011,11,2,5,31.7,25,86,2,120
2011,11,3,39.5,30.6,23.4,91,2,110
2011,11,4,2.5,27.8,23.5,98,2,340
2011,11,5,33.5,31.5,24.2,93,2,320
2011,11,6,3.5,28.5,24.9,94,1,340
2011,11,7,0,32.8,24.8,81,2,120
2011,11,8,4.5,32.8,26.3,89,2,200
2011,11,9,0,31.4,25.2,81,2,270
2011,11,10,0,31.8,25.9,83,2,270
2011,11,11,3.5,34,25.5,79,2,110
2011,11,12,0,33.1,25.2,72,2,110
2011,11,13,0,33.1,25.6,67,2,70
2011,11,14,13.5,32.2,24.5,83,2,80
2011,11,15,23,26.9,23.4,97,2,360
2011,11,16,0,32.1,24.9,82,2,100
2011,11,17,0,33.4,25.9,78,2,120
2011,11,18,0,32.7,26.1,79,3,110
2011,11,19,0,33.7,25.1,69,2,120
2011,11,20,0,33.7,24.4,70,3,90
2011,11,21,14,33.5,24.6,64,5,70
2011,11,22,8,28.7,23.8,84,2,70
2011,11,23,1,31.7,24.9,77,2,100
2011,11,24,0,32.5,25.2,68,3,80
2011,11,25,0,31.8,25.4,69,3,100
2011,11,26,0,33.2,25.8,66,3,30
2011,11,27,0,31.1,25.2,74,2,20
2011,11,28,0,33,25.2,68,2,140
2011,11,29,0,32.8,26.1,71,2,120
2011,11,30,0,32.4,25.7,78,2,130
2011,12,1,0,31.3,25.3,82,2,150
2011,12,2,0.5,32.9,25.5,82,2,120
2011,12,3,0,33.1,26.2,72,2,120
2011,12,4,41,26.4,23.7,92,2,30
2011,12,5,4.5,29.5,24.8,93,1,130
2011,12,6,22,30.7,23.7,80,2,80
2011,12,7,0,28.9,24.9,84,2,90
2011,12,8,12.5,31.5,24.2,88,2,20
2011,12,9,46,25.4,23.8,97,2,20
2011,12,10,1,30.1,23.8,90,1,90
2011,12,11,0,30.9,24.5,87,1,120
2011,12,12,0,32.7,25.5,84,2,120
2011,12,13,0,32.9,25,82,2,120
2011,12,14,0.5,30.6,25.4,85,2,120
2011,12,15,2.5,31.4,24.5,76,2,40
2011,12,16,1.5,31.9,23.9,68,3,40
2011,12,17,10.5,29.2,23.8,87,2,20
2011,12,18,3.5,27.1,23.4,92,1,90
2011,12,19,0,31.7,24.8,79,2,120
2011,12,20,0,30.9,25.4,84,1,120
2011,12,21,2,32.2,23.4,86,2,100
2011,12,22,0,30.4,24.4,81,2,120
2011,12,23,0,31.4,25.4,81,2,130
2011,12,24,0,29,24.9,75,2,30
2011,12,25,0,29.3,23.3,74,2,110
2011,12,26,0,30.8,24.7,69,3,110
2011,12,27,8,29.9,23.1,70,3,70
2011,12,28,0,30.6,24.7,84,2,110
2011,12,29,0,31.2,23.7,79,3,110
2011,12,30,0,31.9,24.2,78,3,120
2011,12,31,0,31.1,22.5,80,2,110
2012,1,1,0,30,23.2,80,2,120
2012,1,2,0,29.4,23.9,83,2,100
2012,1,3,11,29,24.5,93,1,310
2012,1,4,0,30.4,23.8,80,2,110
2012,1,5,0,31.3,23.9,74,3,110
2012,1,6,0,31.7,24.9,75,2,110
2012,1,7,0,30.3,23.4,82,2,100
2012,1,8,9.5,25.6,23.4,96,1,20
2012,1,9,0,32.2,24.4,72,2,90
2012,1,10,0,32,24.2,79,3,80
2012,1,11,0,31.4,24.4,67,3,110
2012,1,12,0,32.1,23.8,66,3,80
2012,1,13,0,31.3,23.9,69,3,120
2012,1,14,0,31.3,25.2,72,3,100
2012,1,15,0,31.2,25.1,78,2,130
2012,1,16,0,31.2,24.8,80,1,130
2012,1,17,0,32.2,24.8,83,2,120
2012,1,18,0,31,25,78,2,130
2012,1,19,0,31.1,24.9,83,2,120
2012,1,20,0,31,24.2,77,2,140
2012,1,21,0,31.2,23.7,75,2,120
2012,1,22,0,31.5,23.7,72,2,90
2012,1,23,0,31.7,22.6,65,3,80
2012,1,24,0,32.1,22.7,66,2,110
2012,1,25,0,30.5,23.9,73,3,110
2012,1,26,0,31.5,22.8,68,4,110
2012,1,27,0,31.6,24.9,68,3,120
2012,1,28,0,29.4,24.7,82,3,120
2012,1,29,0,32.3,25.4,66,2,300
2012,1,30,0,32.5,24.8,73,3,120
2012,1,31,9,31.1,24.1,89,2,150
2012,2,1,0,29.5,24.3,80,2,120
2012,2,2,0,31.4,24.9,76,3,120
2012,2,3,0,29.7,22.8,72,3,100
2012,2,4,0,28.7,21.7,75,2,100
2012,2,5,0,31.8,22.1,66,3,110
2012,2,6,0,31.3,22,71,3,120
2012,2,7,0,31.2,23.7,72,2,140
2012,2,8,0,32.2,25.2,67,3,120
2012,2,9,0,31,24.1,68,3,100
2012,2,10,0,31.4,23.5,69,3,120
2012,2,11,0,32.2,25,59,4,80
2012,2,12,10,28.1,23.4,81,2,80
2012,2,13,21,29.5,23.7,94,3,60
2012,2,14,0,30.7,24.2,83,3,120
2012,2,15,0,32,24,79,2,110
2012,2,16,20,29.3,24.9,94,2,110
2012,2,17,1,31.7,24.2,83,3,120
2012,2,18,1,31.1,24.5,80,2,110
2012,2,19,18,32.5,22.7,72,3,80
2012,2,20,5.5,28.1,23.8,90,2,330
2012,2,21,0,32.7,24.3,78,2,120
2012,2,22,0,33.8,25.3,76,3,120
2012,2,23,0,33.6,22,65,4,110
2012,2,24,0,33.1,23.4,63,3,110
2012,2,25,0,33.7,25.3,65,2,130
2012,2,26,0,32.8,24.7,71,3,130
2012,2,27,11,31.7,23.6,77,3,120
2012,2,28,0,32.8,26,67,3,130
2012,2,29,0,32.8,23.5,71,4,110
2012,3,1,0,33.4,24.7,74,4,100
2012,3,2,0,33,23.3,71,4,100
2012,3,3,0,33.3,24.3,62,4,100
2012,3,4,0,32.3,23.2,62,3,110
2012,3,5,0,32.8,22.9,65,4,110
2012,3,6,0,33.4,25.9,66,3,100
2012,3,7,0,33.5,26.1,70,3,110
2012,3,8,0,33.9,24.1,63,4,120
2012,3,9,0,33.1,22.2,58,2,130
2012,3,10,0,33,24.5,68,4,110
2012,3,11,0,32.4,24.6,68,3,110
2012,3,12,8,30.4,23.7,80,2,120
2012,3,13,0.5,31,24.4,77,2,120
2012,3,14,0,31.5,25.1,72,3,110
2012,3,15,0,32.1,23.8,68,4,110
2012,3,16,0,32.4,23.6,65,3,110
2012,3,17,0,32.6,23.9,66,3,120
2012,3,18,0,31.5,22.8,67,3,110
2012,3,19,0,31.2,24.7,72,2,120
2012,3,20,0,31.2,28.1,71,2,120
2012,3,21,0,32.8,26,64,3,110
2012,3,22,5.5,28.2,24.3,86,2,140
2012,3,23,0,34.3,26.4,77,3,120
2012,3,24,12,33.7,24.5,82,2,260
2012,3,25,4.5,29.4,24.4,83,2,240
2012,3,26,0.5,30.5,24.9,77,2,110
2012,3,27,0,29.8,24.1,66,3,80
2012,3,28,0,32.2,24.9,69,3,100
2012,3,29,24.5,27.7,23.8,90,2,100
2012,3,30,0,32.3,24.3,88,2,110
2012,3,31,0,31,24.1,87,3,90
2012,4,1,4,32.6,24.2,72,4,110
2012,4,2,0,32.9,25.5,76,3,110
2012,4,3,0.5,34.1,26.2,74,3,130
2012,4,4,0,33.4,24.1,71,3,130
2012,4,5,0,34.1,26.6,70,2,140
2012,4,6,0,33.7,24.9,71,3,120
2012,4,7,0,34,25.7,67,1,110
2012,4,8,0,34.5,26.4,63,3,110
2012,4,9,0,33.4,25.1,65,3,110
2012,4,10,0,34.1,25.2,64,4,110
2012,4,11,0,33.7,25.2,66,3,120
2012,4,12,0,34.7,26.2,67,3,120
2012,4,13,0,35.4,25.2,66,4,130
2012,4,14,0,33.7,22.2,68,4,120
2012,4,15,0,34.5,25.2,61,3,120
2012,4,16,0,35.7,25,60,2,120
2012,4,17,0,34.9,25.9,59,3,120
2012,4,18,0,34.1,23.9,55,3,110
2012,4,19,0,34.3,25.4,55,3,120
2012,4,20,0,34.5,25.5,62,3,110
2012,4,21,0,35.5,26.8,65,3,110
2012,4,22,0,35.7,27.7,69,4,120
2012,4,23,0,34.5,27.2,68,3,100
2012,4,24,0,35.1,26.1,63,3,120
2012,4,25,0,36,27.8,65,3,110
2012,4,26,0,33.9,28.7,80,3,200
2012,4,27,0,35.9,27.9,63,3,120
2012,4,28,0,36.3,26.4,60,3,110
2012,4,29,0,36,27.2,63,5,110
2012,4,30,0,36.4,26.6,61,3,130
2012,5,1,0,36.9,27,66,2,170
2012,5,2,0,34.4,26.7,74,2,240
2012,5,3,0,34.1,27.7,73,3,260
2012,5,4,16.5,33.8,25.5,90,2,70
2012,5,5,1,34.4,25.2,79,2,290
2012,5,6,0,34.7,27.4,74,2,160
2012,5,7,0,35,27.3,72,2,260
2012,5,8,1,35.1,27.5,72,2,260
2012,5,9,0,35.3,27.6,69,3,250
2012,5,10,1.5,34.6,26.1,75,4,270
2012,5,11,1,34.7,27.4,74,2,120
2012,5,12,1.5,34.9,26.6,73,3,120
2012,5,13,3,35.2,25.8,78,2,140
2012,5,14,0,35.3,26.8,75,3,70
2012,5,15,0,35.8,27.6,75,2,120
2012,5,16,0,34.7,26.9,70,2,220
2012,5,17,0,33.5,27.7,77,2,220
2012,5,18,0,33.2,27.1,80,2,260
2012,5,19,2.5,36.7,25.3,74,3,120
2012,5,20,1,35.4,26.1,78,2,40
2012,5,21,1.5,33.7,25.6,79,3,250
2012,5,22,0,33.2,26.3,80,3,270
2012,5,23,20.5,34.1,25.7,76,3,260
2012,5,24,0,32.3,27.4,78,3,270
2012,5,25,4.5,32.8,27.1,83,4,260
2012,5,26,0,32.8,27.2,80,3,260
2012,5,27,0,33.9,26.8,76,2,260
2012,5,28,9,32.6,27.4,73,2,280
2012,5,29,8,32.4,27.6,82,2,260
2012,5,30,3,31.7,25.8,88,2,290
2012,5,31,49.5,32.8,24.8,87,2,280
2012,6,1,11.5,32.6,26,88,4,260
2012,6,2,7.5,30.5,24.8,94,6,250
2012,6,3,0.5,31.4,25.8,84,4,250
2012,6,4,-999,30.7,26.5,90,3,260
2012,6,5,0.5,32.4,26.7,83,3,260
2012,6,6,0,33.6,26.5,78,4,260
2012,6,7,-999,31.1,25.9,89,2,280
2012,6,8,0,31.4,25.6,85,3,240
2012,6,9,0,32.2,26.8,77,4,250
2012,6,10,0,32.3,27.2,81,4,260
2012,6,11,0,32.2,26.4,83,5,250
2012,6,12,-999,32.4,26.1,83,5,250
2012,6,13,-999,28.8,24.7,90,3,280
2012,6,14,-999,31.4,24.1,83,4,240
2012,6,15,-999,31.1,24.3,83,3,240
2012,6,16,-999,32.1,24.2,87,4,250
2012,6,17,-999,30.1,24.1,90,4,250
2012,6,18,0,33.3,25.7,70,4,240
2012,6,19,0,33.9,25.9,60,3,240
2012,6,20,0,35.1,26.4,66,3,260
2012,6,21,0,33,27.1,74,4,270
2012,6,22,0,31.8,25.8,81,4,260
2012,6,23,0,32.4,26.1,74,3,260
2012,6,24,0,31.8,26.3,78,4,260
2012,6,25,-999,30.6,25.4,81,2,260
2012,6,26,-999,30.2,24.6,83,2,250
2012,6,27,-999,30.1,25,83,4,230
2012,6,28,-999,30.5,25.2,86,3,240
2012,6,29,0,32,25.8,75,2,260
2012,6,30,-999,31.3,23.8,85,2,170
2012,7,1,-999,32.3,24.6,79,2,320
2012,7,2,-999,30.2,24.2,89,2,160
2012,7,3,-999,26.5,24.2,100,3,320
2012,7,4,-999,28.8,23.9,76,2,80
2012,7,5,-999,30.8,24.3,87,1,80
2012,7,6,-999,30.7,24.7,90,2,280
2012,7,7,0,33.4,26.5,76,2,130
2012,7,8,0,34.5,26.5,73,2,140
2012,7,9,-999,33.3,25.9,79,2,230
2012,7,10,-999,31.3,24.4,85,2,300
2012,7,11,-999,31.3,25.9,84,2,270
2012,7,12,0,31.6,26.2,80,3,260
2012,7,13,-999,31.9,25,86,2,300
2012,7,14,-999,32.5,25.7,82,2,350
2012,7,15,-999,32.5,27.7,76,2,300
2012,7,16,0,34.1,25.8,80,3,260
2012,7,17,-999,31.8,25.9,82,4,240
2012,7,18,-999,30.8,25.8,85,3,260
2012,7,19,-999,30.5,24,88,3,220
2012,7,20,-999,27,23.8,96,3,250
2012,7,21,-999,25.3,23.1,97,2,210
2012,7,22,-999,27.6,24.3,95,2,130
2012,7,23,-999,33.1,24.9,76,3,220
2012,7,24,-999,32.1,25.9,79,3,250
2012,7,25,-999,31.2,25.3,87,3,220
2012,7,26,-999,30.8,25.7,88,3,260
2012,7,27,-999,31.5,25.3,86,3,260
2012,7,28,-999,30.4,24.7,88,4,260
2012,7,29,-999,27.4,24.4,96,5,230
2012,7,30,-999,28.2,24.3,92,7,260
2012,7,31,-999,30,24.6,88,8,250
2012,8,1,-999,30.5,24.5,86,7,240
2012,8,2,-999,31.3,25.1,86,5,230
2012,8,3,-999,30.4,25.3,86,5,240
2012,8,4,-999,28.8,20.9,94,4,250
2012,8,5,-999,28.9,25.4,86,4,220
2012,8,6,-999,27.1,22.8,96,2,240
2012,8,7,-999,26.5,22.8,-999,3,340
2012,8,8,-999,27.2,23.6,98,2,290
2012,8,9,-999,30.4,25.1,86,3,260
2012,8,10,-999,30.7,23.8,85,3,260
2012,8,11,-999,30.6,25.4,83,4,250
2012,8,12,-999,30.1,24.7,84,4,260
2012,8,13,-999,27.7,24.4,93,3,250
2012,8,14,-999,26.9,24.9,94,6,250
2012,8,15,-999,27.7,24,94,4,240
2012,8,16,-999,31.9,24.9,81,3,220
2012,8,17,0,31.2,25.3,79,3,270
2012,8,18,0,30.3,26.1,85,3,260
2012,8,19,-999,28.8,24.7,89,5,260
2012,8,20,-999,28.4,24.1,91,4,260
2012,8,21,0,30.3,25,86,4,240
2012,8,22,0,30.3,25.9,81,4,240
2012,8,23,0,31.2,26.3,76,5,240
2012,8,24,0,29.1,26.4,84,3,240
2012,8,25,0,30.1,25.7,81,3,250
2012,8,26,0,31.3,24.8,75,6,210
2012,8,27,-999,30.4,25,81,4,230
2012,8,28,-999,31.1,26.3,82,3,280
2012,8,29,-999,30.5,23.7,87,3,270
2012,8,30,0,31.2,25.5,75,3,260
2012,8,31,0,31.2,24.8,80,3,260
2012,9,1,14.5,32.6,23.8,80,2,130
2012,9,2,29,30.1,25.2,83,1,160
2012,9,3,29,31.5,24.8,87,2,260
2012,9,4,59.5,31.7,23.6,82,2,270
2012,9,5,0,29.4,25,86,2,300
2012,9,6,11.5,32.2,25.5,80,2,300
2012,9,7,6,31.9,25.3,85,2,290
2012,9,8,4.5,34.2,25.7,79,2,120
2012,9,9,3.5,33.3,26.3,80,2,120
2012,9,10,11.5,33.7,25.1,78,2,220
2012,9,11,4,29.5,25.7,88,2,270
2012,9,12,0,29.9,25.5,81,3,260
2012,9,13,13,30.1,24.5,81,2,210
2012,9,14,97,28.4,24.1,90,2,210
2012,9,15,31,28.8,24.6,94,2,130
2012,9,16,37.5,28,24.6,98,1,100
2012,9,17,13,30.4,23.7,87,3,270
2012,9,18,2,29.6,25.1,91,2,270
2012,9,19,52.5,31.2,24.6,85,2,310
2012,9,20,0,30.4,25.4,88,1,270
2012,9,21,0,30.4,25.7,83,1,120
2012,9,22,15.5,30.9,25.2,95,2,280
2012,9,23,0.5,31.6,25.5,84,2,280
2012,9,24,0,31.3,26.6,82,2,210
2012,9,25,0.5,31.6,27.9,85,4,240
2012,9,26,0,31.1,27.1,83,4,260
2012,9,27,2.5,32.3,26,83,5,240
2012,9,28,15,30.4,24.5,87,5,250
2012,9,29,9,27.8,25,91,2,250
2012,9,30,10,30.2,24.3,79,3,260
2012,10,1,18.5,30,23.1,86,2,290
2012,10,2,43,27.5,24.4,91,2,120
2012,10,3,58,27.2,21.6,98,2,130
2012,10,4,1,30.4,23.5,83,2,120
2012,10,5,13.5,30,25.1,75,2,290
2012,10,6,0,31.3,25.5,75,2,130
2012,10,7,18,32.2,23.6,75,2,140
2012,10,8,0,31.6,25.6,80,3,280
2012,10,9,6.5,30.6,26.2,82,3,280
2012,10,10,0,30.6,25.7,84,2,170
2012,10,11,0,30.6,24.9,74,2,270
2012,10,12,0,31.1,25.7,79,3,290
2012,10,13,0,30.6,24.8,82,2,230
2012,10,14,0,30.7,26,63,3,10
2012,10,15,0,30.6,25.1,79,3,260
2012,10,16,0,31.2,24.7,73,2,250
2012,10,17,0,31.3,25.2,71,2,300
2012,10,18,0,33.6,25,70,3,120
2012,10,19,0,32.8,25.1,70,3,110
2012,10,20,0,33.5,25.8,63,3,90
2012,10,21,0,32.4,24.2,75,3,70
2012,10,22,0,33.7,23.4,64,3,80
2012,10,23,0,33.5,25.7,59,3,40
2012,10,24,11.5,31.9,24.1,77,3,80
2012,10,25,107,27.4,23.7,96,4,90
2012,10,26,1.5,31.5,24.8,84,2,130
2012,10,27,0,33.3,23.3,77,2,100
2012,10,28,0,30.6,23.2,79,2,110
2012,10,29,0,32.4,23.3,67,3,110
2012,10,30,0,30.9,24,71,2,120
2012,10,31,0,32.6,23.6,67,3,120
2012,11,1,0,32.7,23.5,67,3,120
2012,11,2,0,32.5,24.1,65,3,120
2012,11,3,0,33.3,25.2,72,3,130
2012,11,4,1.5,32.7,25,76,2,120
2012,11,5,0,32.9,24.4,73,2,120
2012,11,6,0,33.5,25.4,69,2,120
2012,11,7,0,32.8,25.2,74,3,110
2012,11,8,1,33,25.3,83,3,80
2012,11,9,0,31.9,25.2,77,2,70
2012,11,10,0,33.3,25.3,71,3,120
2012,11,11,0,33.7,25,68,2,110
2012,11,12,3.5,30.2,25,85,2,110
2012,11,13,0,30.7,24.8,79,3,120
2012,11,14,0,32.7,25.3,78,3,110
2012,11,15,0,31.7,26.8,80,2,110
2012,11,16,0,31.5,24.5,74,3,100
2012,11,17,0,32.9,24.5,67,2,100
2012,11,18,0,32.6,26,68,2,110
2012,11,19,1,32.9,25.7,77,2,110
2012,11,20,0,33.7,25.8,72,2,300
2012,11,21,0,33.2,24.3,67,3,120
2012,11,22,0,32,24.6,72,3,120
2012,11,23,0,33.1,24.5,66,2,140
2012,11,24,0,33.6,25.4,67,3,110
2012,11,25,0,33.3,23.9,63,4,110
2012,11,26,0,32.1,24.3,69,2,140
2012,11,27,0,33.6,25.3,63,3,120
2012,11,28,0,32.6,22.2,71,3,110
2012,11,29,0,32.4,22.7,63,3,110
2012,11,30,0,32.7,24,64,3,120
2012,12,1,0,32.9,24.8,65,3,120
2012,12,2,0,29.1,24.5,86,1,300
2012,12,3,0,31.8,24.5,77,2,120
2012,12,4,1.5,31.6,24.9,76,2,110
2012,12,5,0,31.3,24.9,75,2,90
2012,12,6,0,32.7,24.2,86,2,120
2012,12,7,0,33,25.9,62,2,140
2012,12,8,0,33,24.7,72,2,260
2012,12,9,0,31.6,24.9,82,3,250
2012,12,10,0,31.9,24.4,74,2,250
2012,12,11,0,32.3,24.5,72,2,130
2012,12,12,0,31.7,25.8,70,3,90
2012,12,13,0,32.3,24.7,64,3,110
2012,12,14,0,32.9,26.1,68,2,100
2012,12,15,0,32.2,25.8,75,3,80
2012,12,16,1.5,32,24.3,81,2,110
2012,12,17,0,32.7,24.6,73,3,100
2012,12,18,0,33.9,23.4,65,3,70
2012,12,19,0,32.9,24.5,61,3,90
2012,12,20,0,33.2,24.6,64,3,110
2012,12,21,0,31.9,24.6,73,3,100
2012,12,22,0,31.9,24.9,68,4,110
2012,12,23,0,31,24.5,62,3,80
2012,12,24,0,30.3,24,63,3,80
2012,12,25,0,32.5,24.7,72,3,100
2012,12,26,9,28.8,23.9,84,2,30
2012,12,27,1,30.8,23.4,84,3,110
2012,12,28,0,31.2,24.7,83,2,130
2012,12,29,1.5,31.1,24.7,85,2,100
2012,12,30,0,32.1,24.4,88,2,130
2012,12,31,0,30.4,24.9,70,2,120
2013,1,1,1.5,29.4,23.4,80,2,70
2013,1,2,0,32.7,24.9,68,3,110
2013,1,3,5,31,24.2,79,3,30
2013,1,4,0,31.8,24.7,76,3,100
2013,1,5,1,33.3,24.1,76,2,130
2013,1,6,0,32.5,25,69,3,120
2013,1,7,3,31,24.7,85,2,120
2013,1,8,0,31.5,24.8,76,3,110
2013,1,9,0,31.9,22.4,75,2,110
2013,1,10,0,31.4,24.6,65,3,80
2013,1,11,17.5,28.2,23.5,89,2,340
2013,1,12,23.5,27.7,23.5,96,2,280
2013,1,13,0,30.4,24.3,79,5,10
2013,1,14,0,28.7,23.9,72,4,100
2013,1,15,0,29,24.1,61,4,100
2013,1,16,0,28.4,22,69,2,120
2013,1,17,0,29.4,24,64,3,80
2013,1,18,0,29.1,24.4,63,3,110
2013,1,19,0,29.8,22.7,68,4,110
2013,1,20,0,29.8,20.8,64,3,110
2013,1,21,2,28.6,22.7,79,2,130
2013,1,22,0,28.3,22.5,78,3,110
2013,1,23,0,28.6,20.5,70,3,120
2013,1,24,0,30,21.4,66,2,140
2013,1,25,0,29.4,24.1,74,2,130
2013,1,26,0,29.1,22.9,75,2,130
2013,1,27,0,30.7,24.2,72,2,140
2013,1,28,0,30.3,22.5,68,3,110
2013,1,29,0,31.2,22.6,66,3,100
2013,1,30,0,30.7,22.2,60,3,80
2013,1,31,0,30.3,24.6,69,2,30
2013,2,1,0,32.9,25.3,70,3,110
2013,2,2,0,31.1,24.1,73,4,100
2013,2,3,0,31.9,23.1,67,3,90
2013,2,4,0,32.1,22.8,65,4,110
2013,2,5,0,31.7,22.5,67,3,130
2013,2,6,0,30.8,24.5,76,3,120
2013,2,7,0,32.9,24.2,69,3,140
2013,2,8,0,33,23.1,69,2,140
2013,2,9,0,29.6,23.5,76,2,130
2013,2,10,0,32.7,22.2,69,3,110
2013,2,11,3,31.5,23.8,71,3,80
2013,2,12,0,31.5,23.7,74,3,100
2013,2,13,0,31.8,23.8,72,4,110
2013,2,14,1,32.7,23.7,71,3,110
2013,2,15,0,31.2,23.3,76,3,110
2013,2,16,0,33.2,25.5,59,4,110
2013,2,17,0,32.3,22.6,62,4,100
2013,2,18,0,33.5,23.4,61,3,120
2013,2,19,0,33,25.7,59,3,80
2013,2,20,0,31.5,25.8,57,4,80
2013,2,21,23,32.4,24.1,76,3,90
2013,2,22,49,26.5,23.5,100,2,20
2013,2,23,0,32.7,24.4,71,4,110
2013,2,24,0,32.4,25.3,68,4,100
2013,2,25,0,31.8,25.2,71,4,90
2013,2,26,0,31.4,24.1,73,3,110
2013,2,27,0,32.3,25.1,67,4,110
2013,2,28,0,33.2,23.4,68,4,110
2013,3,1,0,32.3,22.7,63,4,170
2013,3,2,0,32.6,23.4,62,3,110
2013,3,3,1.5,28.6,23.6,85,2,140
2013,3,4,0,29.5,23.8,67,3,110
2013,3,5,0,31,23.4,60,3,110
2013,3,6,0,30.9,22.7,67,3,110
2013,3,7,0,30.2,24.9,69,2,120
2013,3,8,0,30.5,23.4,68,4,120
2013,3,9,0,32.6,25.3,67,3,130
2013,3,10,0,33.9,23.8,75,2,140
2013,3,11,0,33.6,24.6,71,3,110
2013,3,12,0,33.7,24.4,65,3,130
2013,3,13,5,34.2,25.6,72,3,180
2013,3,14,0,33.4,25.1,72,3,120
2013,3,15,0,32,24.5,66,3,100
2013,3,16,0,31.2,23.5,71,3,110
2013,3,17,0,32.9,24.7,64,4,120
2013,3,18,0,34.2,25.2,62,3,120
2013,3,19,0,34,23.5,62,4,120
2013,3,20,0,33.3,24.1,62,4,130
2013,3,21,0,33.9,25.5,63,3,120
2013,3,22,5.5,30.9,25.4,83,2,90
2013,3,23,0,34.4,27,72,4,120
2013,3,24,0,34.5,25.3,72,2,110
2013,3,25,15,33.1,25.6,72,3,120
2013,3,26,0,33.9,25.1,62,3,110
2013,3,27,0,34.5,24.4,62,2,110
2013,3,28,0,33.6,25.7,66,4,120
2013,3,29,0,34.6,26.3,64,4,110
2013,3,30,0,33.5,26.6,63,4,110
2013,3,31,0,34.5,26.6,60,3,130
2013,4,1,1,34.7,25.3,63,4,120
2013,4,2,0,33.5,24.5,72,3,110
2013,4,3,0,34,26.4,62,3,130
2013,4,4,0,34.8,25.6,61,3,120
2013,4,5,0,35.6,27.2,73,3,250
2013,4,6,0,33.6,25.8,77,4,250
2013,4,7,0,34.8,27.6,62,3,260
2013,4,8,0,35.8,26.8,65,3,120
2013,4,9,0,33.8,26.6,64,3,110
2013,4,10,0,34.9,27.4,64,4,130
2013,4,11,0,34.3,24.3,61,4,110
2013,4,12,0,34.9,25.7,59,4,110
2013,4,13,0,34.3,25.9,61,3,120
2013,4,14,0,35.9,28,62,3,130
2013,4,15,0,36.2,25.1,63,3,140
2013,4,16,0,36.3,26.8,60,3,130
2013,4,17,0,35.7,26.9,60,3,120
2013,4,18,0,36.7,28.1,62,3,130
2013,4,19,0,37.2,27.4,60,3,120
2013,4,20,0,36.4,28.9,68,3,140
2013,4,21,0,36.1,26,63,4,120
2013,4,22,0,34.1,28.1,68,4,120
2013,4,23,0,35.2,25.9,63,4,120
2013,4,24,0,36.3,28.2,57,2,130
2013,4,25,0,38,28.2,60,3,260
2013,4,26,17,35.5,24.8,71,3,290
2013,4,27,16.5,36.9,23.2,68,2,130
2013,4,28,0,35.9,26.3,60,3,110
2013,4,29,0,36.3,26.8,56,3,130
2013,4,30,0,36.8,27.6,59,2,120
2013,5,1,0,34.7,28,68,3,260
2013,5,2,0,35.7,27.3,66,2,150
2013,5,3,5,36.8,27.1,67,2,210
2013,5,4,0,35.9,26.9,66,3,110
2013,5,5,0,36,26.6,52,3,110
2013,5,6,0,35.6,27.4,58,3,110
2013,5,7,0,35.8,28.2,62,3,120
2013,5,8,0,36.2,28.1,62,3,120
2013,5,9,0,35.2,27.2,65,3,130
2013,5,10,33,36.4,24.3,70,2,130
2013,5,11,0,33,27.5,78,3,290
2013,5,12,0,33.6,27.7,76,2,170
2013,5,13,1,32.1,26.5,87,2,140
2013,5,14,9,33.6,25.6,88,2,140
2013,5,15,0,33.8,23.8,70,2,120
2013,5,16,0,34.2,27.7,75,2,250
2013,5,17,0,33.6,27.8,74,3,270
2013,5,18,0,33.3,27.8,74,3,240
2013,5,19,0,32.9,27.9,76,3,260
2013,5,20,0,33.3,27.6,76,2,260
2013,5,21,0,33.7,27.2,81,2,210
2013,5,22,0,34.6,27.5,74,2,220
2013,5,23,5,37,26.5,66,2,20
2013,5,24,0,36.8,26.4,67,2,140
2013,5,25,6,35,26.4,78,2,270
2013,5,26,3.5,34.9,25.1,80,2,270
2013,5,27,0,34.1,26.4,74,2,360
2013,5,28,0,35.9,27.5,80,2,120
2013,5,29,0,35.2,26.5,66,3,110
2013,5,30,5.5,30.1,25.4,76,1,110
2013,5,31,0,35.1,26.5,64,2,120
2013,6,1,0,35.1,28.3,68,2,150
2013,6,2,-1,35.1,22.3,76,2,150
2013,6,3,0,35.9,27.2,70,3,150
2013,6,4,0,35.7,26.5,63,3,120
2013,6,5,0,35.5,26.6,68,2,120
2013,6,6,0,35.6,26.7,65,2,140
2013,6,7,37.5,35,24.4,72,2,270
2013,6,8,-1,33.2,27,77,4,220
2013,6,9,0.5,33,26.4,79,4,250
2013,6,10,1,32.9,26.5,77,3,260
2013,6,11,38,32.8,25.4,87,2,270
2013,6,12,2,33.5,26,84,2,110
2013,6,13,33,33.1,25.2,89,1,130
2013,6,14,-1,33.3,25.5,84,2,90
2013,6,15,0,34.2,27,72,3,120
2013,6,16,-999,34.7,25.3,78,2,220
2013,6,17,50.5,31.5,25.3,88,3,260
2013,6,18,22.5,31.1,24.7,92,3,220
2013,6,19,10.5,32.5,25.6,87,3,130
2013,6,20,-1,34.5,25.7,78,3,130
2013,6,21,17,31.9,25.6,84,2,130
2013,6,22,5,32.7,25,79,2,120
2013,6,23,2,33.6,25.7,81,2,130
2013,6,24,0,32.9,26.9,73,2,120
2013,6,25,0,35.1,27.3,67,2,110
2013,6,26,0,33.5,27.8,71,2,120
2013,6,27,0.5,32.5,26.7,76,3,260
2013,6,28,0,32.8,27.4,76,2,260
2013,6,29,36,32.5,24.2,82,4,360
2013,6,30,-999,31.6,25.7,86,2,130
2013,7,1,-999,34.2,26.1,76,2,130
2013,7,2,0,34.5,25.7,71,2,120
2013,7,3,8,30,24.1,86,2,100
2013,7,4,26.5,33.7,24.4,74,3,110
2013,7,5,0.5,33.3,25.9,77,2,120
2013,7,6,0,33.5,26.1,70,3,110
2013,7,7,-999,33.3,25.6,76,2,140
2013,7,8,0,33.6,25.7,68,2,130
2013,7,9,2,32.3,25.5,77,2,220
2013,7,10,13,31.8,25.3,81,2,280
2013,7,11,-1,32,26.1,75,2,260
2013,7,12,0.5,31.5,26.2,84,4,250
2013,7,13,8,30.3,25.9,94,1,260
2013,7,14,2,33.4,25.8,81,2,240
2013,7,15,0.5,30.1,26.2,91,2,270
2013,7,16,16,31,23.7,82,3,250
2013,7,17,9.5,30.4,25.5,88,1,250
2013,7,18,0,34.2,26.9,76,3,140
2013,7,19,7.5,34.9,24.5,77,2,100
2013,7,20,0,33.2,26.5,76,2,130
2013,7,21,1,33.1,25.7,72,3,120
2013,7,22,0.5,32,26,77,3,120
2013,7,23,19.5,32.5,23.4,96,2,120
2013,7,24,-1,30.9,24.6,82,2,260
2013,7,25,0,31.8,26.5,78,3,160
2013,7,26,13.5,34.1,24.4,80,2,120
2013,7,27,-1,33,24.8,79,2,240
2013,7,28,13.5,31.1,24.4,89,2,290
2013,7,29,2,30.1,25.5,90,2,310
2013,7,30,1,31,25.5,84,3,100
2013,7,31,11.5,30.3,24,89,2,130
2013,8,1,3.5,32.4,24.1,88,2,90
2013,8,2,-1,32.9,26,76,2,130
2013,8,3,5.5,32,24.6,79,2,250
2013,8,4,7.5,31.3,24.6,98,3,100
2013,8,5,16,33,23.9,77,4,90
2013,8,6,0.5,29.1,25,89,2,140
2013,8,7,0,32.9,25.8,76,2,130
2013,8,8,0.5,32.4,25.9,79,2,270
2013,8,9,4.5,30.3,25,88,1,120
2013,8,10,-1,33.1,25.2,80,2,270
2013,8,11,38.5,30,25,87,4,270
2013,8,12,42,29.6,24.1,98,3,210
2013,8,13,-1,32,26,71,2,220
2013,8,14,-1,32.3,26.9,74,2,270
2013,8,15,0,31.9,27.1,77,4,260
2013,8,16,0,31.5,27.3,78,5,270
2013,8,17,24,30.4,24.4,93,2,240
2013,8,18,249,28.6,23.5,96,3,210
2013,8,19,326.5,26,23.2,66,2,240
2013,8,20,128.5,26.5,23.5,100,2,220
2013,8,21,33,26.7,24,98,4,220
2013,8,22,7,30.1,24.2,91,3,260
2013,8,23,4,30.7,24.1,94,3,260
2013,8,24,26,29.9,24.3,88,3,260
2013,8,25,6,29.2,24.8,93,2,270
2013,8,26,3.5,27.8,25,92,3,230
2013,8,27,0.5,31.9,25,86,2,230
2013,8,28,0,31.9,25.8,83,3,270
2013,8,29,0,32.8,25.5,75,3,270
2013,8,30,0,32.1,26.2,79,3,260
2013,8,31,0,32,26.5,83,3,260
2013,9,1,0,33.9,26.3,79,2,270
2013,9,2,0,35.2,27.5,69,2,140
2013,9,3,6.5,32.8,24.7,77,3,260
2013,9,4,0.5,30.9,25.9,84,2,300
2013,9,5,4.5,31.3,24.8,91,1,260
2013,9,6,-1,31.7,25.5,97,2,300
2013,9,7,19.5,31.6,24.3,86,2,300
2013,9,8,4.5,31.3,25.6,91,2,70
2013,9,9,0.5,32.4,25.6,89,2,90
2013,9,10,11.5,33.3,25,85,2,130
2013,9,11,6,30.3,25.7,88,2,260
2013,9,12,38.5,28.5,25.1,96,2,230
2013,9,13,-1,29.6,25.5,91,4,260
2013,9,14,13.5,29.5,24.5,94,4,260
2013,9,15,99,28.8,23.5,99,2,270
2013,9,16,35,29,23.7,94,2,250
2013,9,17,40.5,30.3,23.5,91,2,270
2013,9,18,8,30.3,24.1,89,4,260
2013,9,19,1,29.5,25.8,95,6,250
2013,9,20,7.5,30.2,25.6,87,9,250
2013,9,21,41.5,29.2,24.8,91,6,250
2013,9,22,166,25.8,23.9,-999,3,230
2013,9,23,49.5,26.3,23.5,-999,1,320
2013,9,24,3,28.5,24.5,96,2,250
2013,9,25,32.5,29.5,23.9,91,2,270
2013,9,26,4,29.6,24.9,95,2,130
2013,9,27,25.5,29.4,24.8,93,2,110
2013,9,28,35.5,32.4,24.3,82,2,120
2013,9,29,2.5,32.6,25.7,86,3,260
2013,9,30,55.5,31.1,24.1,84,2,220
2013,10,1,24,30,24.9,90,2,260
2013,10,2,27.5,30.4,25,86,4,260
2013,10,3,0,30.4,26.6,87,4,250
2013,10,4,7,31.4,26,75,3,260
2013,10,5,0,30.7,25.5,76,3,260
2013,10,6,0,30.2,25.5,74,3,250
2013,10,7,2.5,30.6,25.4,77,3,260
2013,10,8,0,29.6,25.3,79,3,330
2013,10,9,0,30.2,25.8,80,2,250
2013,10,10,71.5,31.2,22.7,88,3,260
2013,10,11,85.5,28,24.4,-999,5,140
2013,10,12,15,30.1,24.6,93,2,140
2013,10,13,5,32.3,24.9,84,2,280
2013,10,14,0,30.7,25,84,3,260
2013,10,15,0.8,29.9,24.6,89,3,260
2013,10,16,31.5,29.8,23.9,97,2,160
2013,10,17,0,30.5,23.1,78,2,120
2013,10,18,0,30.4,24.6,72,2,170
2013,10,19,0.5,30.3,24.6,81,1,130
2013,10,20,0,31.1,24.6,75,2,280
2013,10,21,0,30.8,25.5,76,2,270
2013,10,22,4,31.6,24.7,79,2,140
2013,10,23,0.5,31.7,25,70,2,140
2013,10,24,2.5,30,25.6,75,3,10
2013,10,25,0,30.5,25.3,74,3,270
2013,10,26,0,30.5,25.2,72,3,120
2013,10,27,0,30.3,24.6,67,2,120
2013,10,28,0,31.7,23.8,70,3,90
2013,10,29,0,31.3,24.4,68,2,120
2013,10,30,0,30.4,24.5,71,2,280
2013,10,31,0,30.2,25.9,86,3,150
2013,11,1,0,33.5,24.9,81,3,140
2013,11,2,0,32.4,25.1,79,2,120
2013,11,3,0,32.1,25.4,83,2,320
2013,11,4,2.5,31.4,25.4,88,2,270
2013,11,5,9.5,28.9,24.8,90,2,80
2013,11,6,0.5,32.9,24.4,71,2,110
2013,11,7,2,32.2,24.4,74,3,10
2013,11,8,49,28.8,23.8,90,6,90
2013,11,9,2.5,31.4,25.5,88,4,110
2013,11,10,0,32.5,25.3,74,3,120
2013,11,11,1.5,32.5,24.1,86,2,110
2013,11,12,1,29.7,24.9,84,2,120
2013,11,13,15,29.1,24.6,88,2,110
2013,11,14,0,33.2,26.4,79,3,110
2013,11,15,0,32.6,25.1,71,3,110
2013,11,16,0,32.8,24.1,69,3,110
2013,11,17,0,32.8,23.2,65,3,130
2013,11,18,0,31.4,26.2,71,3,40
2013,11,19,0,32,24.4,71,2,90
2013,11,20,0,31.5,24.8,77,3,120
2013,11,21,0,32,24.8,75,3,110
2013,11,22,0.5,29.9,25.4,83,2,140
2013,11,23,3,29.9,24.7,85,2,100
2013,11,24,10,31.7,24.4,84,2,100
2013,11,25,0,33.3,25.5,80,2,130
2013,11,26,0,32.2,25,77,2,110
2013,11,27,2,32.3,25.1,81,2,130
2013,11,28,0,32.2,26,81,2,270
2013,11,29,0,29.8,24.7,74,2,80
2013,11,30,0,28.9,24.6,90,2,120
2013,12,1,3,29.2,23.3,86,1,70
2013,12,2,3,30.8,24.5,78,2,270
2013,12,3,0,29.7,25.1,76,1,40
2013,12,4,1,29.7,24.7,80,2,130
2013,12,5,0,30.8,25,73,2,100
2013,12,6,0,30.2,24.9,69,2,120
2013,12,7,0,31.5,23.7,71,2,80
2013,12,8,3,33.9,24.4,76,1,140
2013,12,9,4.5,31.2,25.1,87,2,270
2013,12,10,0,32.6,24,81,2,120
2013,12,11,0,32.6,26,76,2,120
2013,12,12,0,31.5,25.4,79,1,110
2013,12,13,0,32.5,25,74,3,100
2013,12,14,7,33.2,24.9,73,3,110
2013,12,15,1,32.7,25.1,81,3,110
2013,12,16,4.5,31.5,25.2,88,2,110
2013,12,17,0,33.3,26,78,2,130
2013,12,18,0,30.2,25.4,86,3,10
2013,12,19,0,29.7,26.1,85,2,110
2013,12,20,8.5,29.8,24.9,91,2,180
2013,12,21,0,31.2,25.1,84,2,270
2013,12,22,0,31.5,24.6,79,2,100
2013,12,23,0,31.8,24.6,77,2,80
2013,12,24,0,31.4,25.3,82,2,120
2013,12,25,0,32.8,26,79,2,130
2013,12,26,2.5,31.7,25.3,82,4,10
2013,12,27,-1,28.9,24.7,80,3,20
2013,12,28,0,31.3,23.2,71,2,120
2013,12,29,0,31.2,23,72,2,130
2013,12,30,0,31.9,22.9,73,3,290
2013,12,31,0,31.6,21.8,70,2,100
2014,1,1,0,31.6,22.8,65,3,120
2014,1,2,0,31.9,21.7,64,2,130
2014,1,3,0,31,22.9,72,2,120
2014,1,4,0,30,23.1,75,2,300
2014,1,5,0,31.4,24.2,73,3,120
2014,1,6,0,30.4,24.1,74,3,110
2014,1,7,0,30.3,23.1,72,2,110
2014,1,8,0,31.2,23.5,69,3,110
2014,1,9,0,31.7,23.6,64,3,110
2014,1,10,0,28.8,22.1,64,4,110
2014,1,11,0,30.2,22.2,59,3,90
2014,1,12,0,30.6,24.2,64,3,120
2014,1,13,0,29.7,24.3,63,3,20
2014,1,14,0,28.8,22,68,2,270
2014,1,15,0,29.3,21.4,67,2,240
2014,1,16,0,30,23.1,56,3,100
2014,1,17,0,29.1,22.5,65,2,140
2014,1,18,0,28.3,22,58,3,90
2014,1,19,0,28.1,20.5,63,4,80
2014,1,20,0,27.4,22.7,69,2,120
2014,1,21,0,26.8,22.7,68,2,280
2014,1,22,0,28.5,22.2,67,2,280
2014,1,23,0,28.7,22.2,63,3,120
2014,1,24,0,28.4,19.4,62,4,110
2014,1,25,0,29.5,18.8,58,3,120
2014,1,26,-1,28.9,21.5,65,2,300
2014,1,27,0,28.8,21.2,68,2,280
2014,1,28,0,30.2,21.5,62,2,120
2014,1,29,0,30.7,22.8,65,3,120
2014,1,30,-1,28.2,20.6,71,2,90
2014,1,31,0,30.1,23.1,58,3,80
2014,2,1,0.5,31,24.5,72,3,140
2014,2,2,0,32.5,23.8,73,3,110
2014,2,3,0,29.8,23.2,81,2,270
2014,2,4,0,32.7,23.2,74,2,130
2014,2,5,0,32.9,23.6,71,3,130
2014,2,6,0,32.6,22.7,69,3,130
2014,2,7,0,32.7,24,66,3,120
2014,2,8,0,34.2,24.7,66,3,120
2014,2,9,0,32.7,24.4,66,3,130
2014,2,10,0,32.7,25.2,70,3,300
2014,2,11,0,30,22.8,73,2,120
2014,2,12,0,30.9,21.6,65,3,110
2014,2,13,0,31,21.4,63,3,120
2014,2,14,0,30.9,22.2,63,3,120
2014,2,15,0,29.6,22.6,63,3,120
2014,2,16,0,30.5,22.2,66,4,110
2014,2,17,0,31.4,24.8,64,4,110
2014,2,18,0,32.2,21.9,62,3,130
2014,2,19,0,31.2,23.4,68,3,130
2014,2,20,0,32.3,23.2,61,3,120
2014,2,21,0,29.3,22,61,3,100
2014,2,22,0,29.7,22.8,62,3,120
2014,2,23,0,29.2,21.1,66,3,120
2014,2,24,0,30.7,21.8,61,3,120
2014,2,25,1.5,30.8,21.8,70,2,140
2014,2,26,1,29,21.3,75,2,120
2014,2,27,0,32.4,22.2,61,3,110
2014,2,28,0,31.7,21.7,63,3,130
2014,3,1,0,32.1,21.7,60,3,130
2014,3,2,0,32.9,23.7,66,2,140
2014,3,3,0,32.2,22.7,64,3,120
2014,3,4,0,33,24.3,61,3,120
2014,3,5,0,31.8,23.4,68,3,120
2014,3,6,-1,32.7,23.4,60,3,120
2014,3,7,0.5,29.5,22.3,73,3,130
2014,3,8,0,31.3,22.3,65,3,120
2014,3,9,0,32.8,24.3,66,3,120
2014,3,10,1.5,32.4,23.1,69,3,110
2014,3,11,-1,30.3,23.8,73,4,100
2014,3,12,0,32.5,23.3,61,4,110
2014,3,13,0,33.7,22.3,61,3,130
2014,3,14,0,34,26.3,61,4,120
2014,3,15,0,32.9,25.6,63,4,110
2014,3,16,0,32.7,26,60,5,110
2014,3,17,0,32.2,22.6,60,4,100
2014,3,18,0,32.9,23,60,4,120
2014,3,19,0,33,22.6,58,3,110
2014,3,20,0,33.6,21.9,58,2,120
2014,3,21,0,33.9,25,66,3,110
2014,3,22,0,32.8,24.2,60,3,100
2014,3,23,0,32.9,26.1,52,4,100
2014,3,24,5,30.3,24.5,86,2,80
2014,3,25,-1,32.4,25.2,76,4,110
2014,3,26,0,33.4,25.4,69,3,120
2014,3,27,0,32.5,26.4,68,4,110
2014,3,28,0,33.6,25.3,63,4,120
2014,3,29,0,35,26.9,67,3,130
2014,3,30,0,34.3,25.2,59,4,120
2014,3,31,0,34.3,24.6,60,4,120
2014,4,1,0,35.5,26,62,2,120
2014,4,2,0,35.2,24.7,64,3,110
2014,4,3,0,35.7,26.7,57,3,120
2014,4,4,0,36.2,25.9,56,3,110
2014,4,5,0,34.6,24.8,56,3,120
2014,4,6,0,33.9,25.3,62,4,120
2014,4,7,0,33.9,25.8,59,4,120
2014,4,8,0,33.8,26,61,3,120
2014,4,9,0,34.7,26.4,61,3,120
2014,4,10,0,34.4,25.3,61,4,120
2014,4,11,0,33.8,26.5,65,3,130
2014,4,12,0,33.8,25,61,3,130
2014,4,13,0,34.6,27.1,57,2,140
2014,4,14,0,33.8,26.5,57,3,140
2014,4,15,0,33.8,25.7,59,3,110
2014,4,16,0,32.1,25.2,61,3,120
2014,4,17,0,34.8,26.4,58,3,130
2014,4,18,0,34.9,26.6,61,3,130
2014,4,19,0,36.1,27.3,61,3,130
2014,4,20,0,34.2,25.7,64,3,130
2014,4,21,0,34.9,26.1,59,3,130
2014,4,22,0,35,26.7,62,3,130
2014,4,23,0,35.6,26.5,58,3,130
2014,4,24,0,35.4,27.8,65,3,130
2014,4,25,0,36.9,26.8,64,3,260
2014,4,26,0,37.2,26.7,62,3,130
2014,4,27,0,36,28,60,3,160
2014,4,28,0,34.7,27.6,65,2,270
2014,4,29,0,37.3,27.2,53,2,110
2014,4,30,0,36.8,26.7,58,3,130
2014,5,1,0,37.5,27.5,63,2,220
2014,5,2,-1,36.8,27.3,61,3,120
2014,5,3,0,36.5,27.3,57,3,120
2014,5,4,0,35.9,26.4,60,3,120
2014,5,5,0,36.5,28.6,58,3,130
2014,5,6,0,36,25.7,54,3,130
2014,5,7,0,36.1,27.1,55,3,130
2014,5,8,0,37.5,29,60,3,130
2014,5,9,-1,36.6,27.2,70,2,110
2014,5,10,-1,35.2,26.8,66,3,110
2014,5,11,0,37.4,28.7,55,3,120
2014,5,12,0,37.2,27.8,56,4,120
2014,5,13,0,35.9,27.1,52,3,120
2014,5,14,0,36.4,27.9,64,3,240
2014,5,15,0,35,28.5,66,3,280
2014,5,16,0,36.2,29.1,63,3,120
2014,5,17,0,37.3,27.1,56,3,120
2014,5,18,0,38.2,29.1,53,3,110
2014,5,19,0,37.2,28.9,56,4,130
2014,5,20,-999,37.9,25.4,61,3,100
2014,5,21,63.5,35.7,22.5,68,2,220
2014,5,22,0,37,27.3,65,2,130
2014,5,23,-1,37.3,25.3,64,2,280
2014,5,24,0,36.2,27.9,58,3,110
2014,5,25,0,35.7,26.4,63,2,290
2014,5,26,0,36.6,24.1,71,3,110
2014,5,27,1,34.2,27.3,71,2,280
2014,5,28,-1,33.8,28.3,75,2,260
2014,5,29,-1,34.1,27.7,77,2,330
2014,5,30,0,36.7,27.9,68,2,110
2014,5,31,-1,35.7,27.8,66,3,130
2014,6,1,0,37.3,28.3,62,2,140
2014,6,2,0,35.9,29.2,69,3,140
2014,6,3,0,33.6,28.3,74,3,280
2014,6,4,9,33.2,26.6,81,3,270
2014,6,5,3,33,27.4,75,1,210
2014,6,6,0.5,33.9,26.7,73,3,260
2014,6,7,0,32.7,28,75,4,260
2014,6,8,-1,34.1,27.4,75,4,260
2014,6,9,23,33.5,24.1,78,3,260
2014,6,10,9,31.1,25.9,98,3,260
2014,6,11,7,33.1,25.9,91,2,230
2014,6,12,13,31.8,24.4,87,3,210
2014,6,13,0,31.1,26.5,78,3,230
2014,6,14,-1,32.7,26.6,77,3,260
2014,6,15,0,32.5,26.7,80,4,260
2014,6,16,1,32.1,27.2,87,2,260
2014,6,17,6,32.7,26.4,84,3,270
2014,6,18,16.5,30.5,24.6,89,3,230
2014,6,19,10,31,25.2,89,3,260
2014,6,20,1,31.7,26.3,79,4,240
2014,6,21,-1,33.6,26.4,73,4,260
2014,6,22,0,32,26.4,77,4,260
2014,6,23,7,31.8,25.3,77,4,260
2014,6,24,0,32.7,26.7,76,3,260
2014,6,25,12.5,32.4,26.5,85,3,260
2014,6,26,71.5,30.2,24.1,93,2,270
2014,6,27,1,30.2,26.1,87,4,260
2014,6,28,0,32.8,26.9,79,3,260
2014,6,29,0.5,32.2,26.3,79,3,250
2014,6,30,2,32.3,25.7,80,3,260
2014,7,1,-1,31.2,26.6,88,2,250
2014,7,2,11.5,32,25.7,84,3,280
2014,7,3,100,32.4,23.7,83,4,250
2014,7,4,22,30.1,23.9,92,3,260
2014,7,5,0.5,31.7,26.3,85,3,230
2014,7,6,18,31.3,25.5,87,5,260
2014,7,7,0.5,30.7,25.4,95,4,250
2014,7,8,1,29.6,25.9,91,3,250
2014,7,9,10,30.2,25.8,87,2,120
2014,7,10,3,31.4,25.3,90,3,260
2014,7,11,6.5,34.3,26.6,-999,2,270
2014,7,12,0,35,27.3,-999,3,120
2014,7,13,-1,35.6,25.9,-999,2,270
2014,7,14,0.5,33.3,25.1,-999,3,300
2014,7,15,78.5,31,23.4,-999,6,310
2014,7,16,22,28.3,24,98,4,140
2014,7,17,13.5,29.8,24.5,100,2,260
2014,7,18,0.5,31.4,26.5,84,3,260
2014,7,19,2.5,29.9,25.3,86,3,310
2014,7,20,2,30.7,26.3,91,4,230
2014,7,21,4,29.4,25.4,95,3,230
2014,7,22,9.5,28.1,24.1,95,4,230
2014,7,23,20.5,30.6,23.9,92,3,250
2014,7,24,2,31.2,25.5,88,3,270
2014,7,25,-1,30.7,25.1,89,3,270
2014,7,26,11,30.6,24.9,89,3,260
2014,7,27,1,30.6,25.1,84,4,250
2014,7,28,14,29.6,25.1,95,3,260
2014,7,29,7,30.2,25.1,92,3,250
2014,7,30,15.5,30.8,25.4,92,4,230
2014,7,31,3.5,30.4,26.2,91,4,250
2014,8,1,13.5,30.6,25.2,90,4,240
2014,8,2,7,30.9,24.6,91,5,260
2014,8,3,18.5,30.5,23.6,93,4,250
2014,8,4,51,30.9,23.8,93,4,250
2014,8,5,20.5,27.5,23.8,100,3,250
2014,8,6,-1,31,26.1,90,5,240
2014,8,7,0,31.7,26.9,82,6,250
2014,8,8,0,31.1,26.2,83,6,260
2014,8,9,0,31.3,26.7,83,6,260
2014,8,10,0,31.1,26.7,-999,5,260
2014,8,11,0,30.7,26.4,-999,5,260
2014,8,12,0,30.7,25.3,-999,4,260
2014,8,13,0,31.8,25.7,-999,4,260
2014,8,14,1.5,32.4,26.9,-999,3,220
2014,8,15,0,32,26.9,-999,4,360
2014,8,16,19.5,31.7,25.2,84,3,300
2014,8,17,3,29.7,24.4,90,4,260
2014,8,18,-1,30,26,84,2,260
2014,8,19,0.5,35.2,25.9,71,2,30
2014,8,20,2.5,31,29.2,78,2,320
2014,8,21,7,32.3,25.2,90,2,280
2014,8,22,0,30.5,25.6,77,1,60
2014,8,23,0.5,31.1,25.9,85,2,260
2014,8,24,3,32.2,26.4,76,4,260
2014,8,25,57.5,31.6,24.5,88,3,260
2014,8,26,9.5,29.5,25,100,1,10
2014,8,27,1.5,33.4,25.9,78,2,130
2014,8,28,5.5,27.6,24.1,94,2,10
2014,8,29,14.5,29.6,25,93,2,100
2014,8,30,5.5,33,25.1,82,2,100
2014,8,31,2,33.8,24.1,90,2,120
2014,9,1,4.5,31.4,24.6,84,2,90
2014,9,2,-1,29,25.1,92,2,270
2014,9,3,27.5,30.9,24.1,93,2,230
2014,9,4,6.5,28.4,25,96,1,90
2014,9,5,1,33.4,25.7,81,3,110
2014,9,6,1,32.9,26.6,74,3,250
2014,9,7,0,31.4,25.9,72,4,260
2014,9,8,-1,31,25.8,84,2,110
2014,9,9,20,30.3,24.7,95,2,190
2014,9,10,9,30.1,24.6,86,2,260
2014,9,11,0,31.7,25.9,74,3,270
2014,9,12,0.5,31.7,27.4,81,4,260
2014,9,13,60,29.1,24.6,92,5,250
2014,9,14,61.5,27.6,23.9,97,6,240
2014,9,15,0.5,31.3,24.7,88,2,190
2014,9,16,2.5,31.3,25.2,79,3,270
2014,9,17,21,31.9,23.5,87,3,270
2014,9,18,90,30.5,24.8,92,3,300
2014,9,19,82.5,28.6,23.6,98,5,220
2014,9,20,0,30.3,25.7,85,4,230
2014,9,21,4,31.1,25.9,83,4,260
2014,9,22,0,30.7,25.6,92,3,260
2014,9,23,0,31.5,26.5,88,3,270
2014,9,24,12.5,32.2,25.7,84,2,270
2014,9,25,12.5,30,25.2,98,1,10
2014,9,26,2.5,32,25.3,89,1,100
2014,9,27,-1,32.9,26.5,73,2,110
2014,9,28,-1,32.2,26.5,81,2,280
2014,9,29,4.5,32,25.2,79,3,280
2014,9,30,0.5,31.8,24.6,78,2,280
2014,10,1,26,32.5,23.7,85,2,290
2014,10,2,60,31.7,24,85,2,290
2014,10,3,-1,31.7,26.1,85,3,290
2014,10,4,64,32.5,24.3,90,2,120
2014,10,5,-1,33.1,25.6,75,3,130
2014,10,6,10,32.2,24.9,79,2,300
2014,10,7,19,31.8,23.8,87,2,280
2014,10,8,-1,29.3,25.2,91,1,190
2014,10,9,-1,31.6,25.7,85,2,270
2014,10,10,0,31.8,26.2,85,2,300
2014,10,11,-1,32.6,25.1,85,2,160
2014,10,12,6,33.4,25.1,80,2,10
2014,10,13,1.5,31.9,25.9,81,2,110
2014,10,14,58.5,31.9,24.2,82,2,120
2014,10,15,2,30.7,24.4,87,2,80
2014,10,16,-1,32.1,25,67,2,100
2014,10,17,7.5,30.8,24.3,81,2,120
2014,10,18,-1,29.6,24.9,95,2,10
2014,10,19,0,33.9,25.6,69,2,120
2014,10,20,-1,31.9,25.6,83,2,130
2014,10,21,-1,33,26,83,2,120
2014,10,22,-1,32.5,25.2,79,2,110
2014,10,23,2,30.4,23.5,85,2,110
2014,10,24,0,32,23.8,74,2,140
2014,10,25,0,33.4,25.9,72,3,120
2014,10,26,-1,33,25.5,74,2,90
2014,10,27,0.5,30.7,24.7,75,3,130
2014,10,28,2.5,33.1,25.2,81,2,100
2014,10,29,5,28.5,24.1,98,1,20
2014,10,30,0,31.6,25,74,2,130
2014,10,31,-1,32.1,25.8,71,2,50
2014,11,1,0,33.4,24.7,85,2,160
2014,11,2,6.5,31.8,25.2,81,2,280
2014,11,3,1,33.3,25.5,72,3,130
2014,11,4,1,29.6,24.6,81,3,110
2014,11,5,-1,31.3,25.1,72,3,120
2014,11,6,-1,30.7,22.6,68,2,130
2014,11,7,0,31.9,23,63,3,90
2014,11,8,3.5,32.2,24,73,2,110
2014,11,9,0,32.2,24.8,74,2,110
2014,11,10,0,31.7,24.1,69,2,120
2014,11,11,-1,31.6,24.2,80,2,140
2014,11,12,0,32.7,24,69,3,120
2014,11,13,0,33.3,24.3,60,2,80
2014,11,14,1.5,32.8,24.8,67,3,110
2014,11,15,3.5,27.7,24.6,96,2,310
2014,11,16,0,33.1,25.4,80,2,140
2014,11,17,0,31.7,25.7,79,2,140
2014,11,18,0,33.5,26,72,3,130
2014,11,19,-1,31.6,25.4,76,2,120
2014,11,20,0,32.1,25.6,68,2,110
2014,11,21,0,32.1,25.6,71,2,110
2014,11,22,0,32.8,25.3,76,2,120
2014,11,23,0,34.2,20.2,73,3,100
2014,11,24,0,31.7,25.1,75,2,110
2014,11,25,0,31.6,25.6,76,2,120
2014,11,26,3,33.3,25.5,84,2,110
2014,11,27,9,30.2,25.2,85,3,110
2014,11,28,1.5,32.5,25.7,79,4,110
2014,11,29,3,30.5,25.2,89,2,120
2014,11,30,1,29.6,25,87,2,130
2014,12,1,-1,31.2,24.8,83,3,110
2014,12,2,2.5,31.2,23.6,81,3,100
2014,12,3,0,32.6,25.5,70,3,110
2014,12,4,-1,31.4,26.1,77,2,280
2014,12,5,0,30.7,24.8,78,2,110
2014,12,6,0,30.5,23.7,60,3,20
2014,12,7,-1,29.2,25.2,59,5,30
2014,12,8,44,26.3,23.3,84,4,360
2014,12,9,9,28.3,25,96,3,110
2014,12,10,0,31.7,24.3,76,3,110
2014,12,11,0,32.3,24.4,76,2,110
2014,12,12,-1,31.3,25.5,78,2,290
2014,12,13,3,30.1,24.4,96,2,20
2014,12,14,-1,31,24.4,72,2,80
2014,12,15,3,28.4,25,94,2,310
2014,12,16,3,30.9,25.4,94,2,90
2014,12,17,-1,29.7,24,71,3,80
2014,12,18,0,30.7,23.2,65,3,80
2014,12,19,0,29.5,23.8,75,2,130
2014,12,20,0.5,29.4,23.8,80,2,300
2014,12,21,-1,29.9,25.2,78,2,190
2014,12,22,0,30.3,24.5,69,3,30
2014,12,23,25,32,23.9,67,3,90
2014,12,24,30,26.8,23.3,99,2,320
2014,12,25,-1,30.7,24.6,74,2,30
2014,12,26,0,31.6,23.9,71,2,90
2014,12,27,0,31.2,23.1,70,3,100
2014,12,28,0,30.4,22.7,74,2,110
2014,12,29,0,29.2,23.4,72,2,260
2014,12,30,0,27.4,24.1,72,2,30
2014,12,31,0.5,27.7,23.3,74,2,40
2015,1,1,12.5,26.3,21.6,87,2,280
2015,1,2,0,29.6,22,71,4,90
2015,1,3,0,29.8,22.2,73,3,120
2015,1,4,0,29.5,22.7,79,2,120
2015,1,5,0,30.2,20.1,78,3,110
2015,1,6,0,30.2,22.8,74,3,130
2015,1,7,0,29.3,23,71,2,110
2015,1,8,-1,30.6,23,63,4,80
2015,1,9,-1,29.2,21.3,73,3,110
2015,1,10,0,29.3,20.8,65,3,110
2015,1,11,0,30,22.1,63,3,70
2015,1,12,0,31.1,22.8,67,3,110
2015,1,13,0,30.4,22.9,67,3,110
2015,1,14,0,28.2,22.2,78,2,70
2015,1,15,0,30.6,22.5,74,2,140
2015,1,16,-1,29.2,21.6,72,2,110
2015,1,17,-1,28.7,23.5,62,4,40
2015,1,18,12.5,24.4,20.1,86,3,330
2015,1,19,0,28.7,23,78,3,120
2015,1,20,0,30.9,23.4,74,2,140
2015,1,21,0,30.8,24.3,80,4,10
2015,1,22,0,29.8,23.9,77,3,300
2015,1,23,0,29.5,23.5,65,4,120
2015,1,24,0,28.3,21.6,62,3,110
2015,1,25,0,31,21.9,67,3,120
2015,1,26,0,30.4,21.2,72,3,120
2015,1,27,0,30.2,23.2,73,2,130
2015,1,28,0,30.9,23.4,74,2,130
2015,1,29,0,29.5,21.9,84,2,120
2015,1,30,0,30.9,21.6,72,2,120
2015,1,31,0,30.7,22,56,4,80
2015,2,1,0,29,20.8,61,3,100
2015,2,2,0,30.3,21.2,58,3,90
2015,2,3,0,31.1,21.2,61,3,110
2015,2,4,0,30.6,21.9,59,3,110
2015,2,5,0,30.2,21.9,67,2,120
2015,2,6,0,29.4,23,68,2,150
2015,2,7,0,31.6,22.1,68,2,150
2015,2,8,0,30.6,22.3,78,3,270
2015,2,9,0,31,22.2,67,3,140
2015,2,10,0,30,22.2,72,3,130
2015,2,11,-1,29.2,22.6,81,2,160
2015,2,12,-1,30.6,24.1,83,3,280
2015,2,13,-1,29.5,23.8,74,2,190
2015,2,14,0.5,31,23.7,76,3,110
2015,2,15,0,31.1,24.7,75,3,110
2015,2,16,0,30.8,22.2,67,4,120
2015,2,17,0,31.4,24.5,63,4,130
2015,2,18,0,31,23.2,67,4,110
2015,2,19,0,29.4,24.3,69,3,110
2015,2,20,0,29.7,22.8,68,4,110
2015,2,21,0,30.6,23.1,65,4,120
2015,2,22,0,30.4,19.8,62,4,110
2015,2,23,0,30.4,22.4,57,4,120
2015,2,24,0,31.8,23.6,60,3,120
2015,2,25,0,31.6,23.8,67,3,120
2015,2,26,0,32.7,23.7,65,3,120
2015,2,27,0,32.5,23.5,63,4,110
2015,2,28,0,33,22.2,64,4,110
2015,3,1,0,32.7,22.2,52,3,130
2015,3,2,0,33.2,21.6,55,4,110
2015,3,3,0,32.1,22,59,3,120
2015,3,4,0,33.2,22.1,63,3,140
2015,3,5,-1,31.7,23.6,66,3,130
2015,3,6,-1,33.3,23,66,3,120
2015,3,7,0,32.6,24.5,64,5,110
2015,3,8,0,32.5,21.4,56,4,130
2015,3,9,0,32.5,22.1,61,3,130
2015,3,10,0,31.2,22.1,59,4,120
2015,3,11,2,27.7,23.4,86,2,110
2015,3,12,0,31.7,24,72,4,120
2015,3,13,0,31.6,21.8,65,3,110
2015,3,14,0,32,24.5,64,4,120
2015,3,15,0,32.4,23.3,63,4,120
2015,3,16,0,30.7,22.5,65,4,120
2015,3,17,0,31.8,20.3,55,3,110
2015,3,18,0,32.8,23.6,57,2,140
2015,3,19,0,32.9,23.7,62,2,140
2015,3,20,-1,32.8,25,65,3,150
2015,3,21,-1,32.5,24.8,76,3,160
2015,3,22,4.5,32.1,24.5,83,3,120
2015,3,23,-1,30.5,23.6,78,3,60
2015,3,24,-1,32.3,23.2,66,4,110
2015,3,25,0.5,32.5,24.6,61,4,90
2015,3,26,0,33,24.7,62,4,100
2015,3,27,0,33.2,25.2,64,4,120
2015,3,28,0,32.6,25.7,61,5,100
2015,3,29,0,33,25.7,61,5,110
2015,3,30,0,33.1,25,60,5,120
2015,3,31,0,34.2,25.6,60,4,120
2015,4,1,0,33.9,26.5,67,4,120
2015,4,2,0,33.4,23.5,63,4,120
2015,4,3,0,34.5,24,62,3,130
2015,4,4,0,33.9,27.3,64,3,270
2015,4,5,-1,31.8,26.9,75,3,130
2015,4,6,0,35.8,25.2,61,4,120
2015,4,7,0,34,24.5,57,4,120
2015,4,8,0,33.8,24.6,57,4,120
2015,4,9,0,33.6,23.7,58,3,120
2015,4,10,0,33.4,24.5,59,4,120
2015,4,11,0,33.8,23.4,60,4,120
2015,4,12,0,34.6,25.5,58,3,130
2015,4,13,0,34.8,26.5,61,3,10
2015,4,14,0,34.5,26,62,4,120
2015,4,15,0,33.9,25,64,3,120
2015,4,16,0,35.2,26.9,64,3,110
2015,4,17,0,35.1,27.3,55,4,110
2015,4,18,0,34.8,27,63,4,120
2015,4,19,0,37,27.9,68,3,120
2015,4,20,0,34.6,27.5,68,3,220
2015,4,21,0,35.4,25.8,68,2,120
2015,4,22,0,34.9,27.5,59,4,100
2015,4,23,0,34.8,23.2,61,4,110
2015,4,24,0,34.7,26.9,59,3,120
2015,4,25,0,34.6,25.2,59,4,110
2015,4,26,0,35.1,24.9,59,4,110
2015,4,27,0,35.4,27,58,4,120
2015,4,28,0,36,27.4,59,3,130
2015,4,29,0,37.1,27.1,60,3,160
2015,4,30,0,35,27.6,66,3,270
2015,5,1,0,36.6,27,56,3,120
2015,5,2,0,36.4,27.7,57,3,130
2015,5,3,0,34.7,27.2,69,3,130
2015,5,4,0,35.7,26.1,65,3,130
2015,5,5,0,36.8,28.3,59,3,120
2015,5,6,0,36.3,26.8,60,2,260
2015,5,7,-1,35.7,26.4,65,2,270
2015,5,8,0,36.2,27.2,63,3,10
2015,5,9,2,34.1,26,72,3,160
2015,5,10,0,33,27.4,78,5,240
2015,5,11,0,34,27.3,71,3,260
2015,5,12,0,37,26.5,61,3,100
2015,5,13,0,35.4,25.7,57,4,110
2015,5,14,0,35.7,26.8,56,3,120
2015,5,15,0,35,26.4,59,3,120
2015,5,16,0,36.5,27.7,56,3,120
2015,5,17,0,36.2,24.5,55,3,130
2015,5,18,0,36.3,27.9,58,3,160
2015,5,19,0,34.1,27.2,68,3,170
2015,5,20,0,34.1,28,72,4,260
2015,5,21,0,34.7,28.2,71,4,260
2015,5,22,0,35.3,27.5,73,3,250
2015,5,23,3,32.9,27.4,80,3,250
2015,5,24,0,34.3,27.7,77,4,250
2015,5,25,0,34.5,27.9,70,3,250
2015,5,26,0.5,34.4,27,70,3,250
2015,5,27,5,32.8,27.1,66,3,200
2015,5,28,0,34.7,27.1,68,3,250
2015,5,29,0,34.6,27.4,66,3,300
2015,5,30,22,34.9,25.4,77,3,260
2015,5,31,0,35.1,26.9,68,2,100
2015,6,1,0,36.3,27.2,58,3,120
2015,6,2,0,36.7,28.6,57,3,120
2015,6,3,0.5,35.8,24.9,63,3,270
2015,6,4,-1,34.9,26.4,64,3,120
2015,6,5,0,34.7,27.4,64,3,110
2015,6,6,0,36.3,27.1,62,3,120
2015,6,7,0,34.7,27.4,71,2,140
2015,6,8,-1,36.2,26.7,67,2,110
2015,6,9,8,36.2,26.6,78,2,130
2015,6,10,0,34.7,28.1,72,3,110
2015,6,11,0,34.9,27.8,65,3,110
2015,6,12,0,36,26.2,60,3,100
2015,6,13,0,35.9,27.6,61,3,110
2015,6,14,0,35.9,27.3,56,3,110
2015,6,15,3,36.3,27.6,61,3,120
2015,6,16,-1,34.9,27.1,64,3,120
2015,6,17,3.5,36.4,26.5,69,2,120
2015,6,18,4.5,34.4,25.1,78,2,70
2015,6,19,-1,34.8,26.8,78,2,220
2015,6,20,18,32.8,25.9,84,2,190
2015,6,21,2,31.1,26.3,89,2,280
2015,6,22,9,34.9,24.8,70,3,250
2015,6,23,1,32.4,26.1,83,3,250
2015,6,24,0,33,27.5,76,3,250
2015,6,25,0,33.2,27.3,73,4,260
2015,6,26,-1,32.8,27.4,74,3,260
2015,6,27,-1,33.3,27,72,2,280
2015,6,28,9,33.4,24.8,77,4,240
2015,6,29,31.5,32.7,24.3,79,4,240
2015,6,30,1,33.5,27.1,78,3,240
2015,7,1,0,32.8,26.3,78,4,220
2015,7,2,-1,32.3,27,78,4,260
2015,7,3,0.5,32.4,27.6,75,4,260
2015,7,4,4.5,31.7,25.7,87,5,220
2015,7,5,71.5,27.5,23.1,97,3,240
2015,7,6,26,29.5,23.6,96,2,320
2015,7,7,22.5,31.9,25.2,92,4,250
2015,7,8,52.5,30.8,24.5,98,2,200
2015,7,9,30,28.2,24.8,98,3,200
2015,7,10,17,29.2,24.1,90,3,220
2015,7,11,0.5,32.4,25.9,85,4,220
2015,7,12,7.5,32.5,25.8,79,4,230
2015,7,13,0,32,27.8,74,5,230
2015,7,14,0,30.2,26.6,74,5,230
2015,7,15,-1,29,26.6,73,4,230
2015,7,16,-1,31.2,26.8,79,4,240
2015,7,17,-1,31.4,27.4,75,2,230
2015,7,18,0,32.3,27.6,73,2,230
2015,7,19,0,33.2,27.2,75,3,130
2015,7,20,-1,35.8,26,69,2,120
2015,7,21,0,33.5,27.1,64,2,140
2015,7,22,14.5,31.5,23.9,80,3,270
2015,7,23,0,31,26.4,81,4,260
2015,7,24,-1,30.7,26.2,79,3,260
2015,7,25,37,31.9,23.3,86,3,260
2015,7,26,13.5,32.2,24.7,78,2,340
2015,7,27,-1,33,24.6,81,2,360
2015,7,28,-1,34.5,25.7,72,2,140
2015,7,29,-1,32.6,25.4,72,2,300
2015,7,30,-1,32,25.8,74,2,290
2015,7,31,-1,33.8,24.9,64,2,110
2015,8,1,0.5,32.9,25.8,70,2,290
2015,8,2,0,32.7,26.4,74,3,120
2015,8,3,0,34.9,26.5,71,2,220
2015,8,4,24.5,32.7,23.2,77,3,280
2015,8,5,25,32.1,23.9,82,3,250
2015,8,6,2,31.7,26.2,85,4,250
2015,8,7,0,32.5,27.4,78,5,260
2015,8,8,-1,31.7,27.1,79,3,220
2015,8,9,20,29.6,25.1,92,2,210
2015,8,10,0.5,31.4,26.1,87,3,260
2015,8,11,0,31.9,26.9,80,3,250
2015,8,12,15,30.1,25,90,1,210
2015,8,13,2,32.7,24.7,83,2,300
2015,8,14,0,34.1,26.7,79,2,260
2015,8,15,2,33.4,27.6,77,3,10
2015,8,16,0,32.8,27.2,73,3,280
2015,8,17,2,32.8,26.2,77,3,310
2015,8,18,3.5,33.3,25.6,72,3,300
2015,8,19,-1,32.4,26.6,73,4,300
2015,8,20,19.5,29.8,24.1,91,8,250
2015,8,21,57.5,30.9,23.5,96,6,250
2015,8,22,7.5,29.8,25.1,93,5,220
2015,8,23,3.5,30.2,25.1,87,3,220
2015,8,24,7,29.2,24.7,97,2,250
2015,8,25,0.5,32,25.3,88,2,270
2015,8,26,0,31.6,26.3,79,3,270
2015,8,27,8,31.7,25,76,3,270
2015,8,28,9,32.1,24.8,87,2,210
2015,8,29,3.5,31.1,25.6,92,2,260
2015,8,30,46,32.2,23.8,83,3,270
2015,8,31,0,31,27,76,3,280
2015,9,1,-1,31.8,27.1,78,2,290
2015,9,2,2.5,32.2,26.3,79,2,310
2015,9,3,1.5,34.7,26.8,78,3,110
2015,9,4,4,32.8,24.5,75,2,130
2015,9,5,17.5,32.5,23.8,83,2,260
2015,9,6,4.5,31.9,24.8,87,3,260
2015,9,7,0,32,25.9,85,3,250
2015,9,8,54,34.5,25.1,86,3,90
2015,9,9,11.5,31.5,25.2,88,3,260
2015,9,10,14,30.4,24.7,95,3,260
2015,9,11,1,30.1,25.3,89,2,170
2015,9,12,39,34.6,25.2,82,3,90
2015,9,13,2,32.5,25.4,93,2,80
2015,9,14,5,31.7,24.9,87,2,280
2015,9,15,-1,32.3,25.5,82,2,270
2015,9,16,1,31.5,25.3,89,2,10
2015,9,17,3,32.2,25.6,89,2,70
2015,9,18,30.5,33.1,23.9,79,2,300
2015,9,19,0,33.9,25.8,79,2,110
2015,9,20,12,33.8,23.4,81,2,270
2015,9,21,4.5,33.5,25.1,84,2,240
2015,9,22,5,32.5,24,83,3,140
2015,9,23,7.5,31.4,26,87,3,260
2015,9,24,6.5,32.3,26,86,3,230
2015,9,25,31.5,32.1,24.9,81,3,270
2015,9,26,2.5,32,26.4,84,3,220
2015,9,27,2,31.3,25.8,89,5,250
2015,9,28,-1,31.2,25.1,90,4,250
2015,9,29,-1,31.9,26.1,89,2,220
2015,9,30,5.5,33.9,25.8,82,2,320
2015,10,1,48,30.2,24.5,95,3,220
2015,10,2,0.5,28.8,24.8,93,2,200
2015,10,3,0,33.8,26.3,75,2,120
2015,10,4,26,31,24.4,95,2,350
2015,10,5,3.5,32.9,25.6,81,2,120
2015,10,6,0,31.4,25.9,86,2,100
2015,10,7,11,32.7,25.7,80,2,130
2015,10,8,18.5,31.8,24,81,2,280
2015,10,9,-1,31.9,26.7,75,3,260
2015,10,10,0,32.6,27.2,70,3,10
2015,10,11,27.5,32.8,26.1,77,2,240
2015,10,12,29,33,23.9,84,2,10
2015,10,13,1.5,32.8,25.9,83,2,120
2015,10,14,0.5,30.2,25.6,89,2,360
2015,10,15,0,31.9,26.6,71,2,20
2015,10,16,0.5,30,27,78,2,360
2015,10,17,18.5,28.8,26.7,96,5,260
2015,10,18,26.5,28.6,25.6,93,11,250
2015,10,19,9.5,30,23.8,91,8,250
2015,10,20,0,30.6,26.4,77,7,260
2015,10,21,0,32.2,25.3,74,5,270
2015,10,22,0,30.7,25.4,88,4,240
2015,10,23,0,30.9,25,80,2,220
2015,10,24,0,31.9,25.9,74,2,300
2015,10,25,0,33.6,25.3,74,2,120
2015,10,26,0,34.4,26.8,68,2,130
2015,10,27,0,33.1,25.7,71,2,120
2015,10,28,0,33.2,25,64,3,110
2015,10,29,0,32.8,24.2,63,2,80
2015,10,30,0,33.9,26.2,67,3,90
2015,10,31,0.5,32.8,26,70,2,100
2015,11,1,0,30.9,25.5,78,2,280
2015,11,2,1,32.9,25.2,76,3,110
2015,11,3,0,33.2,25.2,73,3,100
2015,11,4,2,33.8,25.8,73,3,110
2015,11,5,0,33.7,25.4,72,3,110
2015,11,6,0,33.5,25.5,67,3,110
2015,11,7,0,34.1,25.6,71,3,110
2015,11,8,0,34.2,26.3,66,3,110
2015,11,9,2,30.4,24.8,85,2,120
2015,11,10,0,34,25.2,68,3,110
2015,11,11,-1,33.6,26,70,3,110
2015,11,12,0,33.3,25.1,67,3,100
2015,11,13,0,33.2,25.4,68,2,120
2015,11,14,0,34,25.9,64,3,110
2015,11,15,-1,32.5,25.2,76,2,120
2015,11,16,-1,33.6,25,74,3,110
2015,11,17,6,34.1,25.5,64,3,110
2015,11,18,0.5,32.6,24.9,78,2,80
2015,11,19,0,34,24.3,62,3,100
2015,11,20,-1,33.5,25.6,64,3,80
2015,11,21,-1,34.2,25.8,65,2,70
2015,11,22,0,34,25.6,70,2,100
2015,11,23,-1,31.8,23.9,75,2,80
2015,11,24,1,31.6,26,72,2,120
2015,11,25,0,33.4,25.2,68,2,120
2015,11,26,0,32.2,24.7,64,2,60
2015,11,27,0,33.4,25.4,66,3,110
2015,11,28,1.5,32.4,25.8,74,2,110
2015,11,29,-1,33.6,25.3,73,3,90
2015,11,30,-1,33.2,25.8,71,2,120
2015,12,1,-1,31.3,24,79,2,110
2015,12,2,0,33.1,23.9,69,2,100
2015,12,3,0,33.4,24.7,64,3,110
2015,12,4,1,33.8,24.4,60,3,80
2015,12,5,1.5,31.9,25.3,87,3,100
2015,12,6,0,32.2,25.5,70,3,120
2015,12,7,0,33.9,25.7,69,3,120
2015,12,8,0,33.2,25.7,70,4,100
2015,12,9,-1,32.7,25.6,69,3,100
2015,12,10,0,33.8,25.3,70,2,120
2015,12,11,0,31.9,25.5,72,2,130
2015,12,12,0,32.1,25.2,70,2,120
2015,12,13,0,32.4,25.5,70,2,300
2015,12,14,21,30.8,24.9,78,3,360
2015,12,15,125.5,27.7,24.5,99,5,10
2015,12,16,52,28.2,22.1,98,3,10
2015,12,17,-1,28.9,24.1,78,2,20
2015,12,18,18.5,28.9,23.4,84,3,40
2015,12,19,68.5,27.1,22.4,100,2,20
2015,12,20,0.5,31.5,23.7,87,3,100
2015,12,21,0.5,32.9,25.2,74,3,110
2015,12,22,0,31.9,23.9,75,3,110
2015,12,23,0,32.1,24,71,3,110
2015,12,24,0,32.5,23.5,70,1,110
2015,12,25,0,32.2,23.1,70,3,110
2015,12,26,0,31.3,22.8,70,2,120
2015,12,27,0,31.4,22,72,2,120
2015,12,28,0,31.8,22.2,71,3,120
2015,12,29,0,31.5,23.5,67,2,100
2015,12,30,0,32.1,23.8,68,2,100
2015,12,31,5.5,28.5,23.5,88,1,30
2016,1,1,0.5,30.9,24.4,82,3,110
2016,1,2,-1,31.5,24,80,3,90
2016,1,3,0,32.3,23.7,70,3,110
2016,1,4,0,32.2,23.9,70,2,120
2016,1,5,0,32,23,70,3,120
2016,1,6,-1,31.1,25.5,72,2,120
2016,1,7,-1,32,23.8,71,2,120
2016,1,8,0,31.7,23.9,70,2,20
2016,1,9,0,31.6,23.8,75,3,110
2016,1,10,0,31.8,23.6,68,3,120
2016,1,11,0,32.5,26,68,3,10
2016,1,12,0,32.9,23.6,65,2,130
2016,1,13,0,30.5,24.8,70,2,130
2016,1,14,0,32.2,24.5,73,2,130
2016,1,15,0,32.3,24,72,3,130
2016,1,16,0,31.9,26,69,3,110
2016,1,17,0,32.3,24.7,69,2,110
2016,1,18,0,31.3,25.4,75,3,120
2016,1,19,-1,32.3,24.6,72,4,120
2016,1,20,0,32,24.8,66,4,110
2016,1,21,0,32,24.6,67,3,110
2016,1,22,0,32,24.2,76,2,120
2016,1,23,0,32.9,25.2,70,2,110
2016,1,24,0,30.8,25.2,68,3,100
2016,1,25,-1,31.2,24.3,60,4,100
2016,1,26,-1,29.6,22.9,62,4,90
2016,1,27,0,30.5,24.4,68,3,100
2016,1,28,0,32,24.3,65,3,110
2016,1,29,-1,32,24.9,75,2,130
2016,1,30,0,32.2,26,77,3,120
2016,1,31,0,32.4,24.7,68,3,100
2016,2,1,0,33.8,23.2,65,3,120
2016,2,2,0,32.8,24.4,62,3,110
2016,2,3,0,30.4,25.1,70,3,120
2016,2,4,0,31.5,25.9,78,3,110
2016,2,5,14,32.1,24.3,80,3,10
2016,2,6,5.5,26,23.5,98,2,350
2016,2,7,0,29.4,22.2,71,2,90
2016,2,8,0,29.7,22.7,65,3,100
2016,2,9,-1,30,24,72,3,100
2016,2,10,0,31.7,22.7,67,4,100
2016,2,11,0,31.7,25.2,64,5,110
2016,2,12,0,31.4,24.5,65,4,120
2016,2,13,0,32.9,23,67,2,130
2016,2,14,0,32.5,24.3,70,2,140
2016,2,15,-1,30.9,25.3,67,3,120
2016,2,16,0,31.7,23.2,65,3,110
2016,2,17,0,31.2,22.7,67,3,120
2016,2,18,-1,30.9,23.2,68,3,120
2016,2,19,0,31.6,23.8,65,3,120
2016,2,20,0,32.3,23.2,64,2,120
2016,2,21,0,32.6,23.2,65,4,110
2016,2,22,0,33,23.9,67,3,130
2016,2,23,0,32.9,23.4,59,3,100
2016,2,24,0,33.4,24.1,61,3,90
2016,2,25,-1,32.4,23.5,60,4,80
2016,2,26,1,31,23.5,78,2,70
2016,2,27,0,33,26,55,3,100
2016,2,28,-1,31,24.9,70,2,130
2016,2,29,0,31.8,24.8,74,3,120
2016,3,1,0,32,25.5,65,3,220
2016,3,2,-1,30,24.8,64,2,60
2016,3,3,0,32.1,22.6,72,2,120
2016,3,4,-1,29.5,24.5,81,2,300
2016,3,5,0,34.6,25.1,76,2,130
2016,3,6,0,34.7,25.5,80,2,260
2016,3,7,0,35.5,26.9,69,3,130
2016,3,8,0,34.4,24.8,64,3,130
2016,3,9,0,34.6,26.9,62,3,130
2016,3,10,0,34.8,26.5,66,3,130
2016,3,11,0,34.3,26.4,70,3,120
2016,3,12,0,33.8,24.1,64,4,110
2016,3,13,0,33.8,24.8,58,3,130
2016,3,14,0,33.4,25.5,63,2,220
2016,3,15,0,32.3,24.8,66,3,120
2016,3,16,0,34.7,26.8,62,3,110
2016,3,17,0,34,25.2,65,4,100
2016,3,18,0,34.2,24.8,65,4,110
2016,3,19,0,34.4,24.5,58,3,130
2016,3,20,0,34.4,25.3,59,3,130
2016,3,21,0,34.4,24.2,61,4,120
2016,3,22,0,34.2,25.1,62,4,120
2016,3,23,0,35,25.7,61,3,120
2016,3,24,0,36.2,26.8,60,2,160
2016,3,25,0,35.1,25.5,58,4,10
2016,3,26,0,33.3,25.6,64,4,10
2016,3,27,-1,33.5,24.2,66,3,120
2016,3,28,-1,32.3,24,65,3,120
2016,3,29,0,32.5,25.5,65,4,100
2016,3,30,0,33.6,25.6,64,4,110
2016,3,31,0,32.9,26.8,64,3,110
2016,4,1,-1,35,26.7,66,4,120
2016,4,2,0,35.4,25,68,4,100
2016,4,3,0,34.5,24.7,59,4,130
2016,4,4,0,34.5,26.7,57,3,120
2016,4,5,0.5,34.9,25.8,63,4,120
2016,4,6,0,34.5,27.1,58,4,100
2016,4,7,0,35,26.1,59,3,110
2016,4,8,0,34.9,27.4,59,4,110
2016,4,9,0,34.6,25.8,59,4,130
2016,4,10,0,36.2,26.1,57,3,110
2016,4,11,0,36.8,27.3,60,3,110
2016,4,12,0,36.7,27.7,63,2,110
2016,4,13,0,35,28,73,2,220
2016,4,14,0,37.6,28.8,69,2,270
2016,4,15,0,36.7,27.9,61,3,120
2016,4,16,0,36.6,26.8,63,4,120
2016,4,17,0,35.6,26.4,59,4,110
2016,4,18,0,35.8,28.1,58,3,130
2016,4,19,0,35,27.6,61,4,110
2016,4,20,0,35,27.1,60,4,110
2016,4,21,0,35.5,26.9,58,4,120
2016,4,22,0,35.8,26.1,58,3,130
2016,4,23,0,35.8,26.5,55,4,120
2016,4,24,0,36.3,27.8,58,3,120
2016,4,25,0,35.8,27.9,59,4,130
2016,4,26,0,35.3,25.4,55,3,120
2016,4,27,9,35.7,25.6,62,2,160
2016,4,28,0,35.4,28.1,69,2,270
2016,4,29,2.5,35.4,27.3,74,2,290
2016,4,30,0,36.5,27.6,66,2,140
2016,5,1,0,37.3,27.6,58,3,120
2016,5,2,0,36.5,28.3,58,4,120
2016,5,3,0,36.7,27.7,59,3,120
2016,5,4,0,36.1,26.5,57,4,120
2016,5,5,0,35.3,27.6,60,4,110
2016,5,6,0,35.8,27.1,59,4,120
2016,5,7,0,35.9,27,60,4,110
2016,5,8,0,35.8,28.4,58,4,110
2016,5,9,0,36.3,28.3,59,4,120
2016,5,10,0,37.3,28.3,57,3,150
2016,5,11,-1,37.8,28.9,59,3,130
2016,5,12,2,35.6,27,67,3,110
2016,5,13,0,35.9,27,58,3,120
2016,5,14,-1,36,28.4,60,4,110
2016,5,15,0,35.4,28.7,60,4,110
2016,5,16,3.5,36.3,26.1,61,3,130
2016,5,17,15,35.7,27.1,75,2,130
2016,5,18,7.5,36.3,25.4,75,2,50
2016,5,19,2,35.1,27.9,70,2,90
2016,5,20,2.5,33,27.2,85,2,80
2016,5,21,-1,34.9,27.3,74,3,110
2016,5,22,0.5,34.1,27.6,78,2,130
2016,5,23,-1,33.6,27.6,79,2,260
2016,5,24,-1,33.4,27.8,77,2,260
2016,5,25,6.5,35,25.6,88,2,240
2016,5,26,-1,34.5,27.8,77,2,160
2016,5,27,-1,35.6,26.8,78,3,120
2016,5,28,-1,35.6,27.7,79,2,130
2016,5,29,2.5,34.6,26.8,81,2,280
2016,5,30,0,35.8,27.8,71,2,140
2016,5,31,5,34.3,26.9,83,2,280
2016,6,1,5,32.2,25.1,85,3,260
2016,6,2,5.5,33.3,25.8,88,3,250
2016,6,3,0,33,27.9,82,4,260
2016,6,4,0,33.5,28.2,76,4,280
2016,6,5,-1,34.5,27.2,72,3,240
2016,6,6,17.5,33.5,25.3,80,3,260
2016,6,7,6.5,32.5,25.5,83,3,260
2016,6,8,0.5,31.6,26,86,3,260
2016,6,9,-1,32.1,26.5,84,2,270
2016,6,10,15.5,32.9,25,86,2,260
2016,6,11,1,34.3,27,86,2,260
2016,6,12,2,34,25.2,81,1,240
2016,6,13,-1,32.5,27.2,83,3,250
2016,6,14,0.5,32.6,27.7,77,3,250
2016,6,15,7,35.5,26.9,80,2,250
2016,6,16,0,33.1,27.8,78,1,310
2016,6,17,-1,34.7,26.1,69,2,110
2016,6,18,1.5,35.4,26.6,71,3,110
2016,6,19,0.5,35.1,27.6,72,3,110
2016,6,20,0,34.5,26.4,72,3,110
2016,6,21,0,35.1,27,70,2,110
2016,6,22,4,32.3,26.3,77,2,280
2016,6,23,0.5,34.3,27,76,2,110
2016,6,24,9,34.5,25.7,83,2,110
2016,6,25,0,34.8,27.4,72,2,150
2016,6,26,14,33.6,25,92,1,130
2016,6,27,20.5,32.7,25.1,94,1,100
2016,6,28,0.5,35.1,26.7,78,2,110
2016,6,29,10,32.6,24.3,80,2,120
2016,6,30,3,32,26.2,80,1,120
2016,7,1,0,35,26.4,74,2,130
2016,7,2,0,35,26.4,69,1,240
2016,7,3,14,31.7,24.4,88,1,80
2016,7,4,10.5,34.4,24.1,82,1,130
2016,7,5,8.5,31.5,25.1,90,2,130
2016,7,6,-1,31.7,25.7,84,3,220
2016,7,7,79,30.9,24,90,5,240
2016,7,8,41.5,28.3,23.4,100,3,230
2016,7,9,10.5,31.4,24.6,89,3,210
2016,7,10,8.5,32.2,24.5,90,3,260
2016,7,11,20.5,31.6,24.3,100,2,100
2016,7,12,-1,32.4,25.8,89,2,260
2016,7,13,5.5,32.4,26.1,87,2,220
2016,7,14,5.5,32.6,26.8,90,2,290
2016,7,15,0,35.7,27.4,71,2,260
2016,7,16,0,33.8,26.3,82,2,260
2016,7,17,0,35.1,27.2,76,2,250
2016,7,18,0,35.9,27.5,69,2,290
2016,7,19,0.5,33.7,26.4,72,2,260
2016,7,20,0,34.4,26.9,71,2,100
2016,7,21,47.5,35.7,22.4,72,2,120
2016,7,22,4.5,32.2,24.9,80,3,270
2016,7,23,0,32.7,25.4,77,2,280
2016,7,24,-1,33.4,25.7,82,2,70
2016,7,25,-1,33.3,27.3,84,2,260
2016,7,26,0,36.4,27.8,71,1,110
2016,7,27,0,35.5,26.2,75,2,330
2016,7,28,2,33.6,26.7,75,2,190
2016,7,29,1,32.5,26.7,86,2,270
2016,7,30,-1,30.9,26.9,90,3,220
2016,7,31,8.5,31,24.3,94,3,220
2016,8,1,0.5,32.2,27,88,2,260
2016,8,2,7.5,31.1,25.2,95,1,270
2016,8,3,5,34.8,25.8,77,2,260
2016,8,4,0,32.5,27,81,2,280
2016,8,5,11,32.2,24.1,87,3,230
2016,8,6,-999,33,24.6,85,4,250
2016,8,7,-999,32,25,79,5,250
2016,8,8,-999,28.5,24.9,96,4,230
2016,8,9,92,27,24.3,100,3,250
2016,8,10,4,28.7,25.2,100,2,230
2016,8,11,3,30.6,25.7,94,3,250
2016,8,12,59,30,24.7,98,3,260
2016,8,13,34,28.5,23.7,100,1,170
2016,8,14,0.5,31.4,27.4,88,4,240
2016,8,15,2.5,32.5,27.1,89,4,240
2016,8,16,0.5,31.5,26.6,94,4,240
2016,8,17,-1,33.3,26.9,84,4,230
2016,8,18,0.5,33.2,27.2,86,3,260
2016,8,19,19.5,31.7,26.6,95,5,260
2016,8,20,9.5,30.6,25.7,99,2,260
2016,8,21,1,31,25.6,96,2,210
2016,8,22,-1,34.2,26.8,77,2,130
2016,8,23,1.5,32.2,26.5,85,3,220
2016,8,24,-1,32,26.4,88,4,260
2016,8,25,9,30.8,24.9,96,4,250
2016,8,26,39,31.8,25,93,4,260
2016,8,27,12,31.5,25,95,4,260
2016,8,28,1,31.9,26.2,99,3,290
2016,8,29,13,30.9,25.1,90,4,260
2016,8,30,25,31.3,24.5,93,4,250
2016,8,31,0,32.1,26.9,86,5,260
2016,9,1,5,31.1,26.2,90,3,260
2016,9,2,0.5,31.7,26.6,87,5,260
2016,9,3,0,32.4,27.5,88,4,260
2016,9,4,8,31.9,24.8,97,2,250
2016,9,5,-1,31.7,26.4,88,4,260
2016,9,6,0,33.4,27,81,2,250
2016,9,7,17.5,32.8,25.5,89,3,250
2016,9,8,6,33.4,25.6,89,2,20
2016,9,9,2.5,32,25.7,90,2,310
2016,9,10,3,34.5,25.2,78,3,160
2016,9,11,0.5,34.1,26.8,74,3,120
2016,9,12,1,32.5,26,88,2,290
2016,9,13,-1,31.7,26.2,83,4,270
2016,9,14,10.5,31.5,25.7,94,3,250
2016,9,15,0,31,25.5,94,3,220
2016,9,16,0,31.6,26.8,90,2,260
2016,9,17,-1,32.2,26.1,85,2,250
2016,9,18,0,32.1,26.8,87,3,260
2016,9,19,10.5,31.8,24.7,92,3,250
2016,9,20,1.5,31.2,25.5,94,1,80
2016,9,21,0,31.7,26.4,92,2,320
2016,9,22,0,30.9,26.1,89,2,250
2016,9,23,13,32.9,25.4,85,2,10
2016,9,24,1.5,31.7,26.3,90,1,290
2016,9,25,5.5,32.1,25.5,93,2,80
2016,9,26,0,31.6,26.4,87,4,260
2016,9,27,32,31.8,25,89,3,240
2016,9,28,14,28.8,24.1,99,2,230
2016,9,29,3.5,29,24.6,95,2,290
2016,9,30,1,31,24.7,95,2,190
2016,10,1,1.5,32.2,26.1,84,3,260
2016,10,2,4.5,32.5,25.9,86,3,220
2016,10,3,1.5,31.1,25.9,95,3,260
2016,10,4,10.5,30.3,24.3,98,2,260
2016,10,5,-1,30.1,25.2,90,2,150
2016,10,6,27.5,31.1,24.2,87,2,140
2016,10,7,-1,32.4,26.9,82,2,130
2016,10,8,-1,31.2,26.2,97,3,250
2016,10,9,-1,31.4,26.7,88,3,150
2016,10,10,61.5,31.2,23.8,92,2,40
2016,10,11,2,32.8,24.9,88,2,130
2016,10,12,-1,32.4,25,86,2,260
2016,10,13,2.5,30.3,24.1,98,1,150
2016,10,14,0,31,27.4,88,4,360
2016,10,15,23.5,30.1,24.5,92,5,250
2016,10,16,11.5,30.6,25.1,95,2,140
2016,10,17,2.5,31.5,25.8,97,1,110
2016,10,18,-1,33.2,27.3,80,3,300
2016,10,19,-1,30.7,27.9,86,6,250
2016,10,20,-1,31.6,26.5,81,3,220
2016,10,21,-1,33,27.1,91,3,120
2016,10,22,0,34.2,26.9,78,3,120
2016,10,23,0,34.7,26.9,71,3,120
2016,10,24,-1,33.8,25.3,70,3,120
2016,10,25,-1,33.8,26.6,62,3,120
2016,10,26,1,31.6,26,82,2,50
2016,10,27,0,33.1,27,77,2,100
2016,10,28,0,34.1,25.6,67,2,100
2016,10,29,0,34.6,25.5,69,2,70
2016,10,30,0,33.7,24.9,72,2,110
2016,10,31,16.5,33.9,23.1,66,3,80
2016,11,1,1.5,32.1,25.2,84,2,90
2016,11,2,17.5,30,24.9,97,1,320
2016,11,3,1,32.5,24.9,91,1,120
2016,11,4,13.5,27,24.4,100,1,140
2016,11,5,0,32.5,25.4,84,2,130
2016,11,6,-1,32,25.2,82,3,130
2016,11,7,0,32.3,24.2,67,3,120
2016,11,8,0,32.7,23.1,62,3,110
2016,11,9,0,32.4,23.9,64,2,90
2016,11,10,-1,30.5,25.4,67,2,100
2016,11,11,-1,31.1,24,89,2,100
2016,11,12,0,32.4,25.6,81,2,110
2016,11,13,-1,32.4,25.5,65,2,40
2016,11,14,-1,32.5,26.4,72,2,90
2016,11,15,30,26.7,24.3,100,1,120
2016,11,16,2,33.1,24.9,86,2,110
2016,11,17,0,34.1,26.4,79,3,110
2016,11,18,8,32.7,24.9,79,3,120
2016,11,19,4,32.2,25.3,93,2,110
2016,11,20,0,32.9,24.7,76,3,110
2016,11,21,0,33.6,24,75,3,100
2016,11,22,4,33.5,24.2,73,2,110
2016,11,23,0,32.9,24.3,73,3,120
2016,11,24,-1,31.1,24.3,72,2,10
2016,11,25,11,27.1,23.8,94,2,70
2016,11,26,5.5,29.8,24.5,98,2,110
2016,11,27,0,32.5,25.9,86,2,120
2016,11,28,0,33.3,25.9,76,3,110
2016,11,29,-1,33,24.5,80,3,110
2016,11,30,0,32.9,25.3,71,3,110
2016,12,1,-1,31.4,24.3,77,2,70
2016,12,2,5,30.7,24.3,87,1,120
2016,12,3,-1,32,24.2,74,2,70
2016,12,4,1,33.2,24.5,76,2,80
2016,12,5,1,32.9,24.6,89,2,120
2016,12,6,0,32.6,26.5,67,3,10
2016,12,7,6,30.4,24.3,83,2,10
2016,12,8,0,31.6,25.8,83,2,120
2016,12,9,0,32.5,26.4,75,3,120
2016,12,10,1.5,32,25.7,82,2,150
2016,12,11,-1,31.2,25.2,78,2,120
2016,12,12,30,31.4,24.4,87,2,360
2016,12,13,-1,29,25.3,98,2,180
2016,12,14,-1,31.9,25.9,88,2,120
2016,12,15,3.5,28.9,24.4,91,2,300
2016,12,16,0.5,28.5,23.8,90,2,120
2016,12,17,0,29.5,24.2,76,3,110
2016,12,18,5.5,28,25,96,2,80
2016,12,19,0.5,32.4,24.9,72,2,80
2016,12,20,0,32.8,24.9,73,3,110
2016,12,21,0,32.5,22.7,69,3,100
2016,12,22,0,33.1,24.2,64,2,120
2016,12,23,0,32.9,25.1,60,3,90
2016,12,24,0,32.8,26.6,61,4,10
2016,12,25,2,32.5,24.4,58,5,20
2016,12,26,8,29.6,23.3,95,3,100
2016,12,27,0,33.9,26.6,82,2,120
2016,12,28,0,33,26.2,80,2,120
2016,12,29,0,32.6,25.8,74,3,110
2016,12,30,0,32.7,25.4,71,3,120
2016,12,31,5.5,31.2,24.4,79,2,10
2017,1,1,0,31.9,23.6,72,3,80
2017,1,2,0,31,24.6,63,2,70
2017,1,3,0,32.5,25.2,61,3,80
2017,1,4,-1,31.3,24.2,65,2,100
2017,1,5,0.5,29.7,22.8,85,2,110
2017,1,6,0,32.2,22.8,62,3,110
2017,1,7,0,31.9,21.9,68,3,100
2017,1,8,0,29.6,22.8,73,2,110
2017,1,9,0,31.4,25.5,68,2,100
2017,1,10,25,28.2,24.5,94,2,90
2017,1,11,-1,28.9,24,83,2,80
2017,1,12,0,29.8,23.1,87,2,100
2017,1,13,0,32.1,24.5,78,2,130
2017,1,14,-1,30.1,24.2,81,2,130
2017,1,15,-1,29.6,25,77,2,280
2017,1,16,0,28.8,23.5,69,3,110
2017,1,17,0,30.4,24.4,67,4,110
2017,1,18,0,31.2,23.2,60,3,100
2017,1,19,0,30.3,23.4,68,2,120
2017,1,20,0,29.6,23.3,71,2,110
2017,1,21,0,31.5,23.3,60,3,100
2017,1,22,3.5,30.4,24,79,2,70
2017,1,23,5,30,22.5,83,4,90
2017,1,24,4,28.4,22.8,87,3,90
2017,1,25,-1,29.9,23.6,80,3,90
2017,1,26,0.5,29.1,22.7,90,2,100
2017,1,27,0,29.7,22,71,2,100
2017,1,28,-1,29.7,23,86,3,100
2017,1,29,0,31,24.4,70,3,10
2017,1,30,0,31.6,25.3,84,2,260
2017,1,31,0.5,31.6,24.8,85,2,260
2017,2,1,8,32.6,24.3,85,2,120
2017,2,2,3,29.8,23.9,96,2,100
2017,2,3,-1,30.1,21.9,76,3,110
2017,2,4,0,30.2,22.6,73,3,110
2017,2,5,0,31.5,23.1,69,2,140
2017,2,6,-1,29.3,23.5,64,3,100
2017,2,7,0,32.1,23.5,61,3,90
2017,2,8,0,29.8,22.9,73,2,270
2017,2,9,-1,30.9,23.9,74,3,120
2017,2,10,0,30.6,23,68,2,110
2017,2,11,-1,30,23.5,60,4,80
2017,2,12,0,28.6,22.5,66,3,120
2017,2,13,-1,27.5,20.9,68,3,100
2017,2,14,0,29.3,21.1,56,4,60
2017,2,15,0,29.8,21.1,56,3,70
2017,2,16,0,30.4,22.5,69,3,110
2017,2,17,0,29.8,24.5,76,2,120
2017,2,18,20.5,28.5,23.6,95,1,70
2017,2,19,-1,27.6,23.4,90,3,130
2017,2,20,0,31.5,25.7,79,4,110
2017,2,21,0,32.7,23.2,67,4,110
2017,2,22,0,32.5,23.5,67,3,110
2017,2,23,0,32.4,25.4,69,2,130
2017,2,24,0,32.9,24.8,69,3,110
2017,2,25,0,32.6,25.2,69,3,120
2017,2,26,0,32,25.5,73,3,110
2017,2,27,0,32.6,24.4,70,4,110
2017,2,28,-1,31.9,23.9,73,4,100
2017,3,1,0,32,24.7,69,2,130
2017,3,2,0.5,30.3,25,76,2,110
2017,3,3,1.5,30.1,23.6,80,2,110
2017,3,4,-1,29.5,23.3,77,3,80
2017,3,5,0,31.9,22,70,4,120
2017,3,6,0,32.8,22.6,66,2,130
2017,3,7,0,32.6,23.4,64,2,120
2017,3,8,0,32.5,23.3,65,3,120
2017,3,9,0,30.6,22.2,65,4,110
2017,3,10,0,32.4,22.7,61,3,120
2017,3,11,0,33.4,23.4,65,3,110
2017,3,12,0,34,25,61,3,110
2017,3,13,0,33.3,26.4,69,2,140
2017,3,14,-1,34.4,24.7,71,2,120
2017,3,15,-1,32.4,25.2,69,3,110
2017,3,16,0,32.7,25.2,64,4,110
2017,3,17,0,32.5,24.1,64,5,100
2017,3,18,0,32.5,22.9,60,4,110
2017,3,19,0,32.3,23,61,3,110
2017,3,20,0,32.4,24,63,3,120
2017,3,21,1.5,31.5,24.6,72,1,190
2017,3,22,0,34.8,25.8,76,2,130
2017,3,23,0,35.4,27.1,70,2,120
2017,3,24,0,34.7,25.5,64,3,130
2017,3,25,0,35.2,24.6,65,3,120
2017,3,26,0,34.9,25.3,61,3,120
2017,3,27,0,32.9,26,63,3,100
2017,3,28,0,32.3,25.8,64,4,110
2017,3,29,0,33.4,25.5,64,3,110
2017,3,30,0,33.5,25.3,60,4,120
2017,3,31,0,34.3,25.2,61,2,120
2017,4,1,2,33.4,25.7,69,3,100
2017,4,2,-1,31.8,25.2,68,4,100
2017,4,3,0,32.4,23,62,4,100
2017,4,4,0,30.9,23.2,63,4,110
2017,4,5,0,32,23.5,61,3,120
2017,4,6,0,32.9,25.5,63,3,120
2017,4,7,0,34.5,26.7,63,4,120
2017,4,8,0,34.7,27.7,71,4,110
2017,4,9,0,35.6,26.6,66,3,120
2017,4,10,0,37,27.6,63,3,150
2017,4,11,0,34.6,27.2,68,3,260
2017,4,12,0,35,24.6,61,3,120
2017,4,13,0,35,24.3,58,3,110
2017,4,14,0,34.8,26.8,59,4,120
2017,4,15,-1,35,25.8,60,3,120
2017,4,16,4.5,33.4,25.7,96,3,100
2017,4,17,1,35,26.6,77,3,110
2017,4,18,0,34,26.7,76,3,250
2017,4,19,1.5,33.7,27.1,76,3,260
2017,4,20,6.5,36.4,26.2,74,2,90
2017,4,21,0,36.7,28.2,71,3,200
2017,4,22,9,33.7,25.7,76,3,260
2017,4,23,13,33.5,23.5,76,3,270
2017,4,24,0,35.2,26.5,67,3,120
2017,4,25,0,35,25.9,61,3,120
2017,4,26,0,35.6,27.5,66,2,150
2017,4,27,0.5,34.8,27.2,69,4,10
2017,4,28,-1,34.2,26.4,71,3,270
2017,4,29,0,34.7,27.5,74,2,170
2017,4,30,0,33.5,26.8,76,2,140
2017,5,1,0,35.9,27.1,67,3,120
2017,5,2,0,36,27.8,63,2,110
2017,5,3,1.5,36,26.2,68,2,80
2017,5,4,0,36.5,27.1,62,3,100
2017,5,5,0,35.5,27.6,58,3,110
2017,5,6,0,36,27.3,61,3,110
2017,5,7,0,35.5,27,58,3,100
2017,5,8,0,35.5,27.3,59,4,120
2017,5,9,0,36.1,27.6,61,3,130
2017,5,10,0,35.8,28.1,62,4,110
2017,5,11,0,35.9,27.8,63,3,110
2017,5,12,0,35.8,28.2,59,3,110
2017,5,13,0,36.4,28.2,59,3,120
2017,5,14,0,34.3,28,63,3,120
2017,5,15,0,36.2,26.9,60,3,130
2017,5,16,0,35.2,28.3,71,3,260
2017,5,17,-1,34.1,27.2,75,2,220
2017,5,18,-1,35.3,27.9,77,2,250
2017,5,19,14.5,36.3,25.9,81,2,120
2017,5,20,0,33.3,27.9,81,3,270
2017,5,21,1,33.4,27,82,4,280
2017,5,22,2.5,33.5,26.8,82,3,280
2017,5,23,0.5,32.7,27.8,89,3,280
2017,5,24,19.5,32.2,26,93,3,280
2017,5,25,1.5,30.6,26.8,97,2,280
2017,5,26,15,32.5,26,90,2,280
2017,5,27,8,34.3,26.3,95,2,70
2017,5,28,1,35,26,81,3,250
2017,5,29,-1,36.5,27.1,75,2,120
2017,5,30,5,36.4,25.2,80,2,100
2017,5,31,0,33.7,27.8,77,2,280
2017,6,1,0,33.7,27.6,77,3,280
2017,6,2,-1,33.3,27.6,85,5,260
2017,6,3,0,33.3,27.6,81,4,220
2017,6,4,0,33.3,27.4,77,4,260
2017,6,5,-1,32.5,27.3,84,2,140
2017,6,6,0,35.4,27.5,71,2,130
2017,6,7,17.5,34.1,24.8,83,2,70
2017,6,8,0.5,35.1,27.3,70,3,110
2017,6,9,24.5,34.1,25.4,92,2,80
2017,6,10,1,30.3,25.4,97,2,110
2017,6,11,-999,32.8,24.4,98,2,50
2017,6,12,0,34.9,27,76,2,130
2017,6,13,0,35.9,28.1,67,2,120
2017,6,14,-1,36.3,27.8,76,2,120
2017,6,15,1,34,25.1,81,2,260
2017,6,16,0,33.5,27.3,68,2,260
2017,6,17,-1,33.5,27.4,78,3,260
2017,6,18,-1,34.8,27.5,72,2,260
2017,6,19,-1,35.3,26.9,75,2,260
2017,6,20,20.5,34.8,25,84,2,80
2017,6,21,7.5,34.3,25.9,89,1,250
2017,6,22,33,32.5,23.3,88,2,180
2017,6,23,-1,31.2,27.3,93,2,270
2017,6,24,12.5,33.3,24.4,85,1,270
2017,6,25,0,35.9,26.5,68,2,40
2017,6,26,12.5,35.1,25,77,2,310
2017,6,27,1.5,33,26,91,1,100
2017,6,28,3,32.6,25,80,2,150
2017,6,29,28.5,34.3,24.1,83,1,110
2017,6,30,5.5,35.6,25.8,80,2,100
2017,7,1,-1,35.3,26.7,80,2,130
2017,7,2,28,33.6,23.8,87,2,70
2017,7,3,15,33.4,24.8,89,1,120
2017,7,4,1.5,32.2,26.3,84,1,160
2017,7,5,32,33.6,24.3,85,1,80
2017,7,6,0,35.1,26.6,76,1,130
2017,7,7,-1,34.9,27,73,2,110
2017,7,8,1.5,34,25.3,83,1,120
2017,7,9,-1,32.4,27.6,78,2,100
2017,7,10,-1,33.9,26.2,79,2,120
2017,7,11,2,33,25.7,85,2,90
2017,7,12,-1,32.8,25.5,85,1,190
2017,7,13,2.5,33.2,25.2,90,2,120
2017,7,14,10,32,25.1,92,2,130
2017,7,15,25.5,32.2,24.7,87,2,110
2017,7,16,0.5,32,25.8,90,2,120
2017,7,17,0.5,34.7,26.6,76,3,120
2017,7,18,-1,31.9,25.7,80,2,110
2017,7,19,3,30.6,25,81,3,90
2017,7,20,7,30.5,25.1,98,2,100
2017,7,21,18.5,31.9,24.6,90,3,220
2017,7,22,6.5,30.9,24.4,91,3,260
2017,7,23,0,31.3,26.3,88,2,260
2017,7,24,-1,31.6,25.9,87,3,220
2017,7,25,13.5,31.8,24.3,83,3,240
2017,7,26,40,28.8,24.5,100,2,230
2017,7,27,46.5,29.7,24.5,97,3,230
2017,7,28,14,30.5,26.1,98,4,230
2017,7,29,-1,32.4,27.3,85,5,230
2017,7,30,4.5,31.7,26.9,93,5,240
2017,7,31,-1,31.6,27.3,91,5,250
2017,8,1,2,31.8,27.6,92,6,250
2017,8,2,63,29.2,24.7,100,2,230
2017,8,3,-1,30,25.8,95,3,260
2017,8,4,-1,31.1,26.1,86,3,260
2017,8,5,-1,31.9,26.4,84,4,260
2017,8,6,0,31.7,26.8,88,4,260
2017,8,7,0,32.3,26.8,86,3,260
2017,8,8,0.5,32.5,26.4,89,2,280
2017,8,9,0,32.8,27.3,89,3,210
2017,8,10,0,32.5,27.8,79,4,280
2017,8,11,-1,33.5,27.7,77,2,260
2017,8,12,-1,33.8,26.4,80,3,110
2017,8,13,0,33.3,26.6,73,2,10
2017,8,14,0,32.5,26.5,82,2,60
2017,8,15,0,36.5,28.1,76,2,200
2017,8,16,0,33.8,26.1,79,2,100
2017,8,17,0,35.4,27.5,66,3,110
2017,8,18,12.5,33.8,25.3,79,2,310
2017,8,19,84,31.5,23.7,92,2,240
2017,8,20,14.5,31.3,25.4,88,4,270
2017,8,21,29,28.9,24.1,99,3,220
2017,8,22,5.5,31.8,25.4,94,3,250
2017,8,23,-1,34.3,26,79,3,240
2017,8,24,-1,30.2,25.2,92,3,260
2017,8,25,38.5,28.9,24,96,3,220
2017,8,26,9.5,33.1,24.6,89,2,80
2017,8,27,0.5,34.5,26,80,2,220
2017,8,28,9,34.3,23.3,85,2,20
2017,8,29,25.5,32.2,25.5,90,2,280
2017,8,30,0.5,32.4,26.1,86,3,200
2017,8,31,4,32,25.9,93,4,250
2017,9,1,6,33,25.5,84,4,220
2017,9,2,0,32,26.4,94,4,250
2017,9,3,0,33.3,27,88,4,260
2017,9,4,11.5,32,24.6,90,3,260
2017,9,5,36.5,29.3,23.2,94,2,250
2017,9,6,0,31.7,26.2,86,3,260
2017,9,7,0,33.6,27.6,69,3,310
2017,9,8,0,35.6,26.5,67,2,140
2017,9,9,-1,34.3,27.1,77,2,130
2017,9,10,10,33.3,26.4,77,2,270
2017,9,11,111.5,28.6,24.1,100,3,220
2017,9,12,52.5,29.5,24.9,100,4,130
2017,9,13,1.5,33.4,26.1,92,2,130
2017,9,14,16,33.7,25.8,95,1,190
2017,9,15,0,32.1,27.3,88,3,340
2017,9,16,-1,32.5,27.7,77,3,10
2017,9,17,1,33,25.8,88,3,90
2017,9,18,-1,33,26.4,93,2,120
2017,9,19,4,34.9,26.1,94,2,70
2017,9,20,0.5,31.9,26,92,2,130
2017,9,21,0,34.9,26.7,81,2,230
2017,9,22,40.5,32,24.4,89,2,160
2017,9,23,0.5,29.8,26,92,2,230
2017,9,24,0,33.8,26.8,79,3,120
2017,9,25,2.5,31.8,25.9,90,2,10
2017,9,26,18,32.1,25.2,100,2,90
2017,9,27,0.5,33.1,27,93,2,240
2017,9,28,0.5,31.3,26.1,94,3,250
2017,9,29,5.5,30.8,25,93,2,50
2017,9,30,5,33,25.5,89,2,120
2017,10,1,0.5,30.6,26.4,93,1,30
2017,10,2,4,30.8,24.9,100,1,240
2017,10,3,-1,32.2,25.2,84,1,300
2017,10,4,16.5,32.2,24.8,84,2,260
2017,10,5,2.5,30.9,25.4,94,2,90
2017,10,6,0,33.5,26.2,87,2,100
2017,10,7,8,31.7,24.9,90,2,250
2017,10,8,0,28.7,25.8,100,1,100
2017,10,9,-1,28.6,25.8,98,1,130
2017,10,10,6,32.7,25.4,87,2,260
2017,10,11,-1,31.6,26.4,92,2,270
2017,10,12,3,31.4,26.6,97,3,250
2017,10,13,68.5,32,25.7,99,3,140
2017,10,14,11.5,30.9,25.9,100,2,130
2017,10,15,-1,30.8,25.9,92,2,280
2017,10,16,1,33.5,25.6,84,3,110
2017,10,17,10.5,33,26.1,85,2,110
2017,10,18,0,32.2,25.3,85,2,250
2017,10,19,0,30.8,25,85,2,300
2017,10,20,-1,31.6,26.9,88,3,220
2017,10,21,-1,31.2,26.9,96,4,260
2017,10,22,0,32.7,27.3,87,4,260
2017,10,23,-1,32.5,25.9,84,3,120
2017,10,24,0,31.7,24.7,71,3,90
2017,10,25,-1,32.1,24.7,76,2,130
2017,10,26,-1,31.5,25.8,82,2,160
2017,10,27,0,31,26.6,82,2,260
2017,10,28,24,31.7,24.3,82,2,280
2017,10,29,1.5,32.1,24.7,84,2,120
2017,10,30,8,31.9,25.2,96,1,70
2017,10,31,29,28.6,23.5,96,3,360
2017,11,1,23,26,23.5,100,2,10
2017,11,2,1.5,30,24.9,94,2,100
2017,11,3,0.5,32.9,25,87,3,100
2017,11,4,5.5,27.8,24.7,100,1,250
2017,11,5,-1,29.9,25.2,99,2,10
2017,11,6,-1,33.9,25.4,83,3,100
2017,11,7,0,33,24.8,72,3,110
2017,11,8,-1,33.9,25.7,77,2,110
2017,11,9,66.5,28.5,23.6,95,4,110
2017,11,10,2,32,25.3,92,2,130
2017,11,11,0,33.2,25.2,87,2,120
2017,11,12,0,32.6,25.4,80,2,110
2017,11,13,-1,32.9,26.3,79,3,120
2017,11,14,0,33.1,25.3,84,2,110
2017,11,15,0,33.9,25.4,77,2,130
2017,11,16,0.5,33,25.5,81,2,110
2017,11,17,0.5,31.2,24.7,90,2,80
2017,11,18,0,33.6,26.2,81,2,110
2017,11,19,0,33.4,25.7,82,3,120
2017,11,20,0,33,25,83,3,110
2017,11,21,0.5,33,24.8,77,2,110
2017,11,22,-1,33.8,25.4,87,2,80
2017,11,23,2,33.4,25,75,3,100
2017,11,24,9.5,31.7,25.1,92,3,100
2017,11,25,1,32.8,25.6,91,2,100
2017,11,26,0.5,33.5,25.2,74,3,80
2017,11,27,0,33.6,25,69,3,100
2017,11,28,-1,33.5,25.8,69,3,110
2017,11,29,0.5,33.7,26,74,3,100
2017,11,30,0.5,31.6,25.2,92,2,110
2017,12,1,0,32.9,25.4,79,3,100
2017,12,2,0,33.7,25.6,80,3,110
2017,12,3,0,33.9,25.9,81,2,120
2017,12,4,-1,31.8,25,81,2,120
2017,12,5,-1,30.9,25.1,86,2,130
2017,12,6,0,31.9,25.8,78,2,120
2017,12,7,7.5,31.1,24.6,89,2,330
2017,12,8,4,30.2,25.3,100,2,290
2017,12,9,-1,30.6,25.5,90,2,160
2017,12,10,5.5,30.9,25.6,92,2,280
2017,12,11,3.5,29.9,24.3,98,2,140
2017,12,12,1.5,30.1,24.6,93,2,90
2017,12,13,0,30.9,25.4,84,2,80
2017,12,14,-1,30.7,23.5,74,2,110
2017,12,15,0,30.5,22.1,62,2,90
2017,12,16,0,27.7,24.9,59,4,350
2017,12,17,4.5,28.8,23.5,71,5,10
2017,12,18,9.5,27,23.4,100,2,360
2017,12,19,18.5,29.5,23.8,100,2,360
2017,12,20,1.5,32,24.7,89,2,60
2017,12,21,-1,31.2,24.4,83,3,20
2017,12,22,-1,29.9,25.1,78,3,20
2017,12,23,2.5,29.9,24.4,98,2,70
2017,12,24,0,33,24.4,83,3,70
2017,12,25,0.5,33.3,24.8,71,3,70
2017,12,26,1,30.3,24.9,95,2,280
2017,12,27,1.5,28.3,24.6,100,2,70
2017,12,28,0,31.2,24.7,76,3,70
2017,12,29,0,29.6,23.7,76,3,70
2017,12,30,0,29.5,22.8,75,3,70
2017,12,31,0,30.6,23,67,2,60
2018,1,1,0,30.2,24.2,70,3,70
2018,1,2,0,29.4,24.2,68,4,70
2018,1,3,0,30.4,24.4,75,2,70
2018,1,4,0,30.9,25,81,3,60
2018,1,5,0,32.1,26.7,78,4,60
2018,1,6,0,32.2,24.9,67,3,60
2018,1,7,0,32,24.5,84,2,50
2018,1,8,0,32.5,25.1,85,2,40
2018,1,9,0,33,24.9,77,3,60
2018,1,10,0,31.8,25.6,79,2,70
2018,1,11,0,29.4,24.7,66,2,70
2018,1,12,0,29.8,23.3,61,3,70
2018,1,13,0,30.4,23.1,61,4,70
2018,1,14,0,30.4,23.2,72,2,70
2018,1,15,0,31.9,24.3,64,2,70
2018,1,16,10.5,30.5,23.8,81,2,70
2018,1,17,-1,29.2,24.3,92,2,60
2018,1,18,2,33,24.4,82,2,60
2018,1,19,0,30.8,24.6,75,3,70
2018,1,20,0,32.9,24.2,72,2,70
2018,1,21,-1,31.5,24.5,80,2,50
2018,1,22,-1,32.1,24.2,85,2,60
2018,1,23,-1,31.8,23.6,77,2,50
2018,1,24,1.5,28.7,24,92,2,70
2018,1,25,0,32.5,24,77,3,60
2018,1,26,8,32,23.9,82,2,280
2018,1,27,2.5,27.5,24.7,99,2,70
2018,1,28,-1,28.4,23.6,86,3,70
2018,1,29,0,31.4,24.7,76,2,60
2018,1,30,0.5,31.2,24.1,77,2,70
2018,1,31,0,28.7,23.3,86,2,60
2018,2,1,0,31.2,24.7,82,3,60
2018,2,2,0,30.6,23.8,75,2,280
2018,2,3,-1,30.8,23.1,75,2,70
2018,2,4,0,29.9,24,73,3,10
2018,2,5,0,29.2,22.9,79,4,10
2018,2,6,0,29.6,22.4,72,2,70
2018,2,7,0,29.2,23.2,81,2,300
2018,2,8,0,28.4,21.5,77,2,290
2018,2,9,-1,30.1,24.8,76,2,310
2018,2,10,-1,30,24.8,82,1,290
2018,2,11,-1,30.4,25.7,89,2,60
2018,2,12,0,30.9,25.1,78,2,60
2018,2,13,0,31.4,23.9,68,3,70
2018,2,14,0,29.2,25.2,81,1,280
2018,2,15,0,32.9,24.8,79,3,60
2018,2,16,0,33.2,26,79,2,60
2018,2,17,0,33.5,24.3,73,3,60
2018,2,18,0,33.1,23.1,72,3,70
2018,2,19,0,33.3,24.1,61,3,60
2018,2,20,0,33.3,25.8,67,3,60
2018,2,21,0,33.1,26.2,69,3,60
2018,2,22,0,33.5,23.1,66,3,60
2018,2,23,0,32.7,23.1,64,4,60
2018,2,24,0,33.7,24.8,59,3,70
2018,2,25,0,32.8,24.4,65,2,60
2018,2,26,0,33.9,25.8,71,3,60
2018,2,27,-1,31.8,24.5,80,3,70
2018,2,28,0,33.9,25.8,76,2,50
2018,3,1,0,33.9,26.8,72,4,70
2018,3,2,0,33.7,25.7,69,4,110
2018,3,3,0,33.7,25.6,72,3,110
2018,3,4,0,34.2,26.1,68,5,110
2018,3,5,0,33.6,26.5,65,4,110
2018,3,6,0,34.3,25.3,68,4,110
2018,3,7,0,33.8,26,70,3,110
2018,3,8,10.5,31.9,22.7,79,2,110
2018,3,9,-1,30.2,23.8,88,3,130
2018,3,10,0,31,23.3,69,4,80
2018,3,11,0,31.5,22.7,63,4,100
2018,3,12,0,31.8,23.4,68,3,110
2018,3,13,0,32.7,25,67,4,110
2018,3,14,0,32.9,23.7,61,3,130
2018,3,15,0,33.2,25.4,63,3,130
2018,3,16,0,33.7,25.8,70,3,110
2018,3,17,0,33.5,26.1,68,4,110
2018,3,18,0,33.8,24.1,69,4,120
2018,3,19,0,33.5,24.1,69,3,120
2018,3,20,0,34.8,25.9,64,3,120
2018,3,21,17,33.3,23.2,75,3,280
2018,3,22,0,30.6,24.9,74,3,100
2018,3,23,0,30.7,24.7,63,5,80
2018,3,24,0,31.1,22.4,59,4,100
2018,3,25,0,31.4,23.2,60,4,110
2018,3,26,0,31.7,24.7,64,3,100
2018,3,27,0,31.1,23,71,2,130
2018,3,28,0,33.3,25.3,70,3,130
2018,3,29,1,32.9,24.1,68,2,130
2018,3,30,-1,32.5,23.6,75,2,10
2018,3,31,0,31.1,24.6,74,3,110
2018,4,1,0,32.3,24.4,64,3,120
2018,4,2,0,33.5,25.5,69,3,110
2018,4,3,0,32.8,25.4,71,3,110
2018,4,4,-1,31.4,26.2,72,4,110
2018,4,5,-1,31.5,23.8,70,3,100
2018,4,6,0,33.8,25.6,61,4,130
2018,4,7,-1,34,24.7,62,4,100
2018,4,8,-1,33.4,25.4,63,4,70
2018,4,9,0,33,25.1,71,3,110
2018,4,10,0,34.9,26.1,70,4,110
2018,4,11,0,34.5,27.2,67,4,110
2018,4,12,0,34.7,26.3,68,4,100
2018,4,13,0,34.9,26.9,69,4,110
2018,4,14,0,34.7,27.4,66,5,110
2018,4,15,0,35.4,26.9,62,4,120
2018,4,16,0,35.1,26.5,62,4,110
2018,4,17,0,35.1,25.8,55,4,130
2018,4,18,0,34.1,24.5,63,4,110
2018,4,19,0,35,26,59,4,120
2018,4,20,0,35.1,26.6,61,4,110
2018,4,21,0,35.5,27.2,66,3,140
2018,4,22,0,34.8,26.7,66,4,100
2018,4,23,0,35.2,26.5,62,4,110
2018,4,24,0,36,27.4,60,3,230
2018,4,25,0,35.2,27.3,65,3,140
2018,4,26,0,36,26,61,4,110
2018,4,27,0,35.7,27.3,58,4,110
2018,4,28,0,35.9,26.8,62,4,310
2018,4,29,0,35.7,28.1,65,3,110
2018,4,30,0,36.3,27.1,61,3,110
2018,5,1,0,35.6,27.4,64,4,110
2018,5,2,0,36.3,26.6,61,4,110
2018,5,3,0,36.2,28,60,4,110
2018,5,4,0,34.8,27.7,62,4,110
2018,5,5,0,30.5,26.1,79,3,110
2018,5,6,0,36.1,27.4,67,3,110
2018,5,7,0,36.8,27.6,63,3,120
2018,5,8,2.5,35.7,25.4,79,4,110
2018,5,9,0,36.7,26.9,63,3,120
2018,5,10,0,35.5,26.1,61,3,110
2018,5,11,0,35.4,25.9,65,3,110
2018,5,12,0,36.3,26.7,65,3,120
2018,5,13,0,36,27.9,62,3,130
2018,5,14,0,36.8,29.4,57,4,100
2018,5,15,-1,36.4,27.7,67,3,120
2018,5,16,0,36.5,27.2,70,4,110
2018,5,17,0,36.8,27.1,59,3,130
2018,5,18,0,36.4,28,60,4,130
2018,5,19,-1,36,27.4,60,4,110
2018,5,20,0,36.4,27.4,60,3,110
2018,5,21,0,36.5,26.8,64,3,110
2018,5,22,0,37,27,65,2,130
2018,5,23,-1,36.9,28.2,60,4,110
2018,5,24,0,36.4,27.6,62,4,110
2018,5,25,1,37.1,27.1,72,3,90
2018,5,26,0,37.2,26.5,62,3,90
2018,5,27,0,37.2,28.8,64,3,100
2018,5,28,0,37.2,27.9,60,3,130
2018,5,29,0,36.1,28.1,59,4,110
2018,5,30,0.5,35.8,28.2,64,3,110
2018,5,31,0,35.5,28.4,71,3,110
2018,6,1,0,37.3,28.4,64,4,120
2018,6,2,0.5,34.9,25.4,79,3,130
2018,6,3,-1,32.6,27.7,73,3,250
2018,6,4,0,36.2,28.6,70,3,220
2018,6,5,6,34.6,25.5,79,2,240
2018,6,6,47,32.7,23.6,95,2,210
2018,6,7,-1,31.5,26.4,96,3,230
2018,6,8,36.5,31.1,25.2,95,5,230
2018,6,9,116.5,28.2,24,100,3,230
2018,6,10,22.5,27.1,24.3,100,3,230
2018,6,11,73.5,30.4,24.4,100,4,220
2018,6,12,25,27.5,24.9,100,3,220
2018,6,13,74,28.4,24,100,3,220
2018,6,14,-1,31.8,26,93,3,220
2018,6,15,6,32.2,24.5,87,3,230
2018,6,16,2,31.4,24.6,95,4,240
2018,6,17,-1,31.9,26.3,85,4,230
2018,6,18,0,32.3,27.2,84,4,260
2018,6,19,0,33.2,26.9,80,4,260
2018,6,20,10.5,31.9,25,94,3,270
2018,6,21,36.5,31.1,24,93,3,240
2018,6,22,1,30.8,25.4,96,3,280
2018,6,23,12,34.6,25.7,86,3,110
2018,6,24,-1,33.2,26.6,88,2,270
2018,6,25,10.5,30.9,24.9,95,2,240
2018,6,26,6.5,29.9,25.2,100,2,50
2018,6,27,0.5,33.6,25.7,92,2,230
2018,6,28,0,31.6,26.5,88,3,250
2018,6,29,0,31.9,27,87,5,250
2018,6,30,2.5,30.6,25.7,96,4,250
2018,7,1,0.5,30.9,25.3,97,4,230
2018,7,2,4,30.7,25.1,97,4,250
2018,7,3,0,31.7,26.2,90,5,260
2018,7,4,4.5,31.5,25.6,95,4,260
2018,7,5,0,31.4,26.5,92,4,250
2018,7,6,28,33.7,25.7,96,2,270
2018,7,7,5,31.8,25.1,100,2,60
2018,7,8,5,31.1,25.1,100,2,140
2018,7,9,23,31.7,24.5,100,2,120
2018,7,10,4,30.9,26,98,3,230
2018,7,11,1.5,30.2,25.9,99,3,230
2018,7,12,1,30.5,25.5,97,3,240
2018,7,13,52,32,24.2,92,2,110
2018,7,14,27,32.2,24.8,90,3,210
2018,7,15,26.5,29.5,24.8,99,4,230
2018,7,16,20.5,29.5,24.8,100,4,220
2018,7,17,110.5,27,24.3,100,3,230
2018,7,18,24.5,29.9,24.3,97,4,260
2018,7,19,95,30.2,24.7,100,3,260
2018,7,20,15,30,24.8,97,4,220
2018,7,21,22.5,31.2,24.3,93,5,220
2018,7,22,-999,26.7,24.3,100,4,240
2018,7,23,-999,29.1,25,98,3,260
2018,7,24,-999,29.3,24.5,100,3,250
2018,7,25,0,30,25.5,98,3,250
2018,7,26,-999,29.6,24.6,95,2,210
2018,7,27,-999,28.6,25.2,100,2,220
2018,7,28,-999,30.1,24.4,100,2,230
2018,7,29,0,30.9,26,97,4,250
2018,7,30,0,30.7,26.2,96,4,250
2018,7,31,0,30.9,26.6,94,4,220
2018,8,1,12,31.4,25.6,84,4,230
2018,8,2,0,30.6,26.4,88,4,230
2018,8,3,2,30.1,25.6,80,3,230
2018,8,4,26.5,31.8,24.7,87,2,250
2018,8,5,0.5,31.1,26,92,2,260
2018,8,6,-999,31.1,25.3,95,2,270
2018,8,7,-999,31.8,25.4,89,2,230
2018,8,8,-999,32,25.3,83,3,230
2018,8,9,-999,31,24.7,87,4,240
2018,8,10,-999,29.2,26.4,98,5,230
2018,8,11,63.5,27.8,23.1,98,5,230
2018,8,12,35,29.2,24.7,100,6,230
2018,8,13,25,30.1,24.9,97,6,230
2018,8,14,1,31.6,24.5,92,4,230
2018,8,15,1.5,31.9,26,86,6,250
2018,8,16,114.5,31.7,23.5,92,5,260
2018,8,17,6,30.6,24.1,97,4,250
2018,8,18,-1,28.5,24.9,100,4,220
2018,8,19,15.5,30.5,24.6,100,4,220
2018,8,20,5,30.8,25.4,94,5,230
2018,8,21,-1,31.3,25.9,96,5,230
2018,8,22,1.5,31.1,25.6,90,5,230
2018,8,23,0,31.4,27,91,6,230
2018,8,24,-1,31,27.4,91,7,240
2018,8,25,-1,31.2,27.2,93,5,220
2018,8,26,0,30.4,26.1,92,3,220
2018,8,27,0,32.2,26.5,84,3,270
2018,8,28,0,32.2,25.8,79,3,270
2018,8,29,0,32.2,26.5,74,2,240
2018,8,30,1,31.5,25.7,85,2,280
2018,8,31,40,30.7,24.3,95,2,10
2018,9,1,2,31,25.5,98,2,220
2018,9,2,2,30.9,24.9,100,3,240
2018,9,3,-1,31.4,24.9,92,3,230
2018,9,4,9.5,30.2,24.9,95,4,250
2018,9,5,0,30.5,26.1,94,2,260
2018,9,6,30.5,31.7,24.5,97,2,110
2018,9,7,6,29.4,24.6,97,3,230
2018,9,8,0,30.9,25.8,95,4,250
2018,9,9,0,31.3,25.8,95,3,250
2018,9,10,1,31.3,25.9,95,3,240
2018,9,11,1,30.7,25.9,95,3,250
2018,9,12,3,31.1,26.1,95,3,250
2018,9,13,20,32.2,25.2,90,3,280
2018,9,14,38,29.4,24.1,99,7,230
2018,9,15,7,29.5,25.1,98,4,220
2018,9,16,2.5,31.1,25.5,97,2,100
2018,9,17,-1,31.6,25.3,92,1,40
2018,9,18,0,33.1,26.4,79,2,90
2018,9,19,15,31.9,26,87,2,120
2018,9,20,25,32.9,23.9,87,3,100
2018,9,21,3,33.1,25.1,95,2,30
2018,9,22,-1,32.4,26,80,2,280
2018,9,23,20.5,32.4,24.8,81,2,280
2018,9,24,0,31.8,26.8,87,3,230
2018,9,25,0,32.1,27.4,84,5,250
2018,9,26,49,31.6,24.8,90,3,260
2018,9,27,-1,31.2,26.8,94,4,230
2018,9,28,0,31,26.4,95,3,230
2018,9,29,-1,31.2,25.6,92,4,250
2018,9,30,0,31.5,26.2,94,3,220
2018,10,1,0,32.2,27.2,81,3,280
2018,10,2,31,32.5,23.3,89,1,40
2018,10,3,15.5,33.1,23.7,80,2,110
2018,10,4,0,30.9,26,90,3,220
2018,10,5,0,30.8,25,80,2,220
2018,10,6,0,31.3,26.1,79,2,180
2018,10,7,0,33.7,26.4,79,2,110
2018,10,8,-1,33.3,25.9,75,2,110
2018,10,9,0,34,26.8,75,2,130
2018,10,10,-1,34.2,26.1,72,2,110
2018,10,11,0,34,26.7,73,3,100
2018,10,12,0,34.7,26.1,69,3,110
2018,10,13,0,34.1,27.5,71,3,120
2018,10,14,1,33.7,25.8,84,2,80
2018,10,15,0.5,33,25.1,86,1,160
2018,10,16,-1,33.7,26.3,85,2,50
2018,10,17,3,32.9,25.6,85,2,280
2018,10,18,0,33.9,24.6,73,3,110
2018,10,19,0,33.8,25.9,68,3,110
2018,10,20,4,32.5,25.2,75,2,30
2018,10,21,-1,32.1,25.7,78,2,30
2018,10,22,0,32.9,24.3,69,3,110
2018,10,23,0,33,25.2,67,3,100
2018,10,24,2,31.6,24.7,72,2,100
2018,10,25,0,33.8,25.5,66,2,100
2018,10,26,-1,33.7,26,64,2,130
2018,10,27,0,32.3,26.6,70,2,80
2018,10,28,0.5,32.5,24.8,70,3,150
2018,10,29,-1,30.3,25.1,62,4,270
2018,10,30,23,29,25.3,98,4,160
2018,10,31,-1,33,26.2,85,3,140
2018,11,1,0,34.5,27.1,71,3,110
2018,11,2,0,34.1,25.9,74,3,100
2018,11,3,0,34.4,25.7,74,3,110
2018,11,4,0,34.6,25.5,62,3,90
2018,11,5,-1,33.6,26.3,63,3,60
2018,11,6,-1,33.6,25.9,71,3,100
2018,11,7,4.5,32.6,25,75,3,60
2018,11,8,4,33.7,24.3,63,3,70
2018,11,9,0.5,30.9,25.7,80,3,110
2018,11,10,-1,32.2,24.1,68,3,60
2018,11,11,0,33.5,24.9,64,3,90
2018,11,12,0,31.9,25.5,68,3,130
2018,11,13,0,31.9,24.4,71,3,90
2018,11,14,-1,33,25.3,64,3,110
2018,11,15,0,33.9,24.1,68,4,180
2018,11,16,0,33.3,24.9,64,3,110
2018,11,17,0,32.6,24.6,63,2,130
2018,11,18,-1,32.4,25.3,67,2,100
2018,11,19,0,31.4,25.4,68,4,100
2018,11,20,-1,31.4,27.1,61,3,20
2018,11,21,2,29.8,25.3,90,1,30
2018,11,22,0.5,31.9,25.4,89,2,110
2018,11,23,-1,32.8,24.6,78,2,120
2018,11,24,-1,32.8,25,71,3,110
2018,11,25,-1,32,24.2,74,3,110
2018,11,26,0,33.3,23.8,68,3,120
2018,11,27,0,33,25.3,68,3,110
2018,11,28,0,31.3,24.9,76,2,120
2018,11,29,0,33.6,24.8,67,2,120
2018,11,30,0,32,24.5,70,3,90
2018,12,1,-1,33.1,25.7,66,2,90
2018,12,2,0,32.5,24.2,70,3,100
2018,12,3,0.5,33.9,24.8,59,3,100
2018,12,4,-1,31.6,25.4,78,2,100
2018,12,5,0.5,32.9,23.7,82,2,100
2018,12,6,0,33.5,24.6,67,3,100
2018,12,7,-1,33.8,24.9,68,3,120
2018,12,8,0,33.7,24.8,64,3,80
2018,12,9,-1,32.3,24.2,70,3,80
2018,12,10,0,32.1,25.1,66,5,130
2018,12,11,0,32.8,24.6,74,3,120
2018,12,12,0,34,24.6,63,4,70
2018,12,13,2,29.7,24.2,88,2,50
2018,12,14,13,29.5,24,100,2,360
2018,12,15,-1,32.1,24.3,78,3,20
2018,12,16,-1,30.5,24.9,79,2,10
2018,12,17,0,30.4,23.4,75,2,120
2018,12,18,0,32.4,25.3,65,3,100
2018,12,19,0,31.9,23.3,68,3,110
2018,12,20,0,29.6,23.3,70,2,100
2018,12,21,2,30.8,25.1,83,2,10
2018,12,22,-1,32.1,25.4,81,2,120
2018,12,23,44.5,25.4,23.6,94,1,340
2018,12,24,5.5,27.9,24.2,90,1,20
2018,12,25,0,31.8,25,76,2,120
2018,12,26,0,31.4,25,77,2,100
2018,12,27,-1,30.8,25.8,76,2,140
2018,12,28,19.5,29.1,23.7,84,2,10
2018,12,29,6,25.3,23.7,86,2,330
2018,12,30,15.5,27.8,23,87,2,230
2018,12,31,29,25.1,23.2,95,1,330
2019,1,1,7,31.6,24,82,3,100
2019,1,2,0,32,25,71,3,100
2019,1,3,0,32.3,25,73,4,90
2019,1,4,0,32.8,24.8,65,3,90
2019,1,5,0,32.4,24.8,69,3,100
2019,1,6,0,30.9,23.8,72,3,80
2019,1,7,0,31.6,24,65,3,100
2019,1,8,0,31.3,25,64,3,90
2019,1,9,0,31.3,25,67,3,90
2019,1,10,-1,31.3,25,66,3,40
2019,1,11,-1,31.6,23.8,71,3,100
2019,1,12,0,32.3,25.9,67,3,80
2019,1,13,-1,31.5,25.1,70,2,100
2019,1,14,0,32.4,24.6,58,4,100
2019,1,15,-1,31.8,24.4,66,4,100
2019,1,16,0,32.4,23.6,67,3,100
2019,1,17,0,30.9,24.4,65,2,100
2019,1,18,0,31.4,23.5,63,4,100
2019,1,19,0,32.8,24.8,60,3,90
2019,1,20,0,31.4,24.9,65,3,80
2019,1,21,0,30,24.6,64,2,20
2019,1,22,-1,30.6,25,68,2,110
2019,1,23,0,29.5,25,69,2,50
2019,1,24,0,30,25,71,3,100
2019,1,25,-1,30.1,24.2,72,3,110
2019,1,26,-1,28.3,23.6,72,3,110
2019,1,27,0,28.2,22.7,65,4,90
2019,1,28,0,28.3,23.2,70,4,70
2019,1,29,0,29.8,23.2,64,4,90
2019,1,30,0,30.1,23.6,69,3,100
2019,1,31,0,28.9,23.9,75,3,120
2019,2,1,-1,28.8,24.2,68,4,100
2019,2,2,0,30.7,23.3,68,3,100
2019,2,3,-1,30.9,23.8,70,3,100
2019,2,4,0,30.3,23.2,70,4,100
2019,2,5,0,31,23.2,68,3,130
2019,2,6,0,31.1,23,65,4,130
2019,2,7,0,31.8,23.6,62,3,120
2019,2,8,0,32.1,24.1,66,3,110
2019,2,9,0,31.8,25.2,59,3,110
2019,2,10,-1,29.9,24.9,72,4,90
2019,2,11,0,32.8,24.4,61,5,90
2019,2,12,-1,30.7,24.4,62,4,60
2019,2,13,-1,28.9,23.2,73,2,110
2019,2,14,0,32,23.2,61,4,100
2019,2,15,0,32.3,24.1,62,4,110
2019,2,16,0,31.4,24.1,65,4,120
2019,2,17,0,31.7,24.8,66,4,120
2019,2,18,0,31.8,24.2,64,5,90
2019,2,19,0,31.9,24.2,64,4,270
2019,2,20,0,32.1,24,58,4,100
2019,2,21,0,31.9,24,59,3,130
2019,2,22,0,31.5,24.6,64,3,110
2019,2,23,0,32.5,23.9,63,3,110
2019,2,24,0,31.5,24.2,65,3,120
2019,2,25,0,33.2,24.4,62,3,110
2019,2,26,0,29.9,24,67,4,110
2019,2,27,0,31.1,24.1,62,4,100
2019,2,28,-1,32.7,23.6,64,3,100
2019,3,1,0,31.8,24.2,65,4,110
2019,3,2,0,30.9,23.6,59,3,110
2019,3,3,0,32.1,25,61,2,120
2019,3,4,0,33.3,25.9,62,4,110
2019,3,5,0,32.8,25.3,66,4,110
2019,3,6,0,33.8,26,62,3,120
2019,3,7,0,32.1,26,65,4,130
2019,3,8,0,33.3,25.1,61,4,110
2019,3,9,0,32.7,23.7,65,3,110
2019,3,10,0,32.6,24.3,58,2,180
2019,3,11,0,32.8,25.4,65,3,230
2019,3,12,0,33.8,26.1,66,3,100
2019,3,13,0,33.5,25.7,54,4,130
2019,3,14,0,34.7,26.4,59,3,110
2019,3,15,1.5,32.6,24.2,63,3,100
2019,3,16,0,33.8,25.3,65,4,100
2019,3,17,-1,32,25.6,64,4,100
2019,3,18,0,33,25.5,60,4,100
2019,3,19,0,34.2,25.3,62,4,90
2019,3,20,0,34,25.5,59,5,110
2019,3,21,0,33.5,25.9,59,4,110
2019,3,22,0,35.2,25.5,62,4,120
2019,3,23,0,33.8,26.3,58,4,110
2019,3,24,0,32.4,25.1,58,5,90
2019,3,25,0,33.5,24.7,56,4,110
2019,3,26,0,36.2,26.4,57,4,110
2019,3,27,0,34.5,26.1,57,4,110
2019,3,28,0,34,26.6,63,3,120
2019,3,29,0,33.8,25.9,63,3,50
2019,3,30,0,34.8,25.9,62,4,110
2019,3,31,0,33.6,26.4,58,5,100
2019,4,1,0,34.8,26.1,62,5,110
2019,4,2,0,34.9,26.4,58,4,100
2019,4,3,0,33.9,26.2,57,4,120
2019,4,4,0,34.6,27,59,4,100
2019,4,5,0,34.9,27.2,64,4,140
2019,4,6,0,36.4,27.2,59,3,120
2019,4,7,0,34.9,27.9,65,3,100
2019,4,8,0,35.9,27.8,58,4,110
2019,4,9,12,35.2,24.4,68,4,110
2019,4,10,0,36.4,27.2,63,4,120
2019,4,11,0,33.8,27.4,64,3,130
2019,4,12,0,36.7,28,66,3,120
2019,4,13,0,36.3,28,62,4,110
2019,4,14,0,35.7,28,57,4,110
2019,4,15,0,35.6,27.2,58,3,120
2019,4,16,0,36.3,27.5,58,3,120
2019,4,17,0,36.4,28.8,66,4,90
2019,4,18,2,37.2,28.1,65,3,120
2019,4,19,0,36.3,27.4,57,3,130
2019,4,20,0,35.3,27,56,4,130
2019,4,21,0,35.8,28.6,60,3,110
2019,4,22,0,35.1,27.8,58,5,100
2019,4,23,0,34.8,27.8,58,5,100
2019,4,24,0,36.2,27.5,61,5,100
2019,4,25,0,35.8,27.2,58,4,110
2019,4,26,0,34.8,27.2,58,5,110
2019,4,27,0,35.2,26.5,58,5,90
2019,4,28,0,35.4,26.5,62,4,100
2019,4,29,0,34.1,27,61,4,100
2019,4,30,0,35.4,27.8,63,3,120
2019,5,1,0,35.2,28,69,4,220
2019,5,2,24,35.3,27,68,3,160
2019,5,3,0,35.5,28.6,66,4,260
2019,5,4,0,34.1,27.7,68,4,220
2019,5,5,0,34.3,28,69,5,250
2019,5,6,-1,31.2,26.9,79,5,250
2019,5,7,-1,32.1,27,79,4,210
2019,5,8,21.5,34.8,25.2,79,3,250
2019,5,9,4.5,34.2,26.7,77,4,240
2019,5,10,0,34,27,73,4,250
2019,5,11,0,33.8,27.1,74,3,220
2019,5,12,9.5,34,24.9,78,2,140
2019,5,13,-1,35.4,27.7,73,3,110
2019,5,14,0,35.7,28.3,66,3,110
2019,5,15,5.5,35.4,26.4,75,3,100
2019,5,16,3.5,36.4,28,66,3,220
2019,5,17,-1,33.2,28,78,3,220
2019,5,18,4,33.6,25.2,73,4,250
2019,5,19,0,35,28.9,72,4,230
2019,5,20,0,34.2,28.9,71,4,250
2019,5,21,25,34.8,24.9,74,3,250
2019,5,22,0.5,35.2,27.2,69,3,280
2019,5,23,0,33.6,27.9,75,3,260
2019,5,24,0,35.2,27.9,73,2,110
2019,5,25,0,33.7,27.8,74,2,120
2019,5,26,43.5,34.8,25.2,77,3,120
2019,5,27,0.5,34.8,27,77,2,70
2019,5,28,-1,34.6,27.8,68,2,100
2019,5,29,-1,36.2,28,64,2,130
2019,5,30,0,36.1,28,69,3,100
2019,5,31,-1,35.2,29.1,67,3,110
2019,6,1,-1,35.6,28.9,68,3,120
2019,6,2,0,35.5,28.9,64,4,120
2019,6,3,0,35.9,29.2,63,3,110
2019,6,4,0,36.2,29.1,64,3,100
2019,6,5,0,36.3,28,65,3,100
2019,6,6,0,35.6,28.5,66,4,100
2019,6,7,0,35.1,27.8,66,4,100
2019,6,8,0,36.2,29,63,3,110
2019,6,9,30,36.2,27.7,73,3,80
2019,6,10,8.5,33,27.2,79,2,220
2019,6,11,-1,34.3,26.7,72,4,250
2019,6,12,0,34.5,28,73,3,260
2019,6,13,9,35.2,27,74,4,270
2019,6,14,-1,34.8,26.7,72,5,250
2019,6,15,-1,34.1,27.2,73,3,260
2019,6,16,2,34.8,27.8,72,3,220
2019,6,17,15,35.4,26.7,73,3,90
2019,6,18,0,36.3,28.8,63,4,120
2019,6,19,0,34.5,29,63,3,90
2019,6,20,0.5,36.6,27.9,65,2,120
2019,6,21,-1,35.2,28.4,68,3,160
2019,6,22,-1,35.4,28.2,73,3,280
2019,6,23,-999,34.8,23.8,74,4,250
2019,6,24,-999,32.9,23.6,79,4,260
2019,6,25,-999,33.3,25.9,79,3,250
2019,6,26,0.5,32.6,26.2,77,3,240
2019,6,27,-999,30.8,26,84,3,230
2019,6,28,13.5,31.8,24.9,86,3,240
2019,6,29,20,30.6,25,84,3,230
2019,6,30,10.5,32,25.2,81,4,230
2019,7,1,20.5,29.7,24.9,89,2,200
2019,7,2,0.5,31.4,26.8,77,3,200
2019,7,3,0,34.1,27.2,67,3,280
2019,7,4,0,35.2,27.4,66,3,230
2019,7,5,0,34,27.7,70,2,270
2019,7,6,-1,32.2,27,72,2,240
2019,7,7,23,32.3,27,77,3,240
2019,7,8,-1,33.1,27,74,3,250
2019,7,9,0,32.8,27.2,74,4,250
2019,7,10,-1,33.4,27,72,4,260
2019,7,11,0,34.2,27.9,72,3,270
2019,7,12,0,34.3,27.4,74,2,270
2019,7,13,11,32.7,23.4,72,3,290
2019,7,14,8.5,33,25.5,79,3,250
2019,7,15,28,30.1,24.8,84,2,220
2019,7,16,13,29.1,24,88,5,240
2019,7,17,14.5,28.4,25.6,87,4,240
2019,7,18,6,31.2,25.8,86,4,240
2019,7,19,-1,32.4,27,74,3,260
2019,7,20,0,32.4,27.8,75,3,270
2019,7,21,-1,31.6,26.9,77,3,320
2019,7,22,4,33.2,26.1,80,2,260
2019,7,23,1,31.3,26.2,77,3,260
2019,7,24,0.5,32.4,27.2,74,3,240
2019,7,25,-1,31.6,26.9,75,3,240
2019,7,26,0,31.6,27.4,74,3,260
2019,7,27,-1,31.6,25.8,79,2,260
2019,7,28,10.5,29.8,26,82,2,250
2019,7,29,6.5,33.8,25.2,73,2,270
2019,7,30,5.5,32.8,24.8,79,3,240
2019,7,31,6.5,32.9,26.2,76,2,100
2019,8,1,30.5,32.4,25,82,4,280
2019,8,2,176.5,26.5,24,98,4,240
2019,8,3,30,27.5,24.4,95,3,240
2019,8,4,7,28.8,25.8,87,3,230
2019,8,5,27.5,30.5,25.3,86,4,260
2019,8,6,4.5,31.1,26,86,4,220
2019,8,7,7,28.8,26.2,85,3,220
2019,8,8,38.8,30.8,25.5,89,5,240
2019,8,9,19,28.2,25,95,5,230
2019,8,10,1,31.4,26.9,78,5,240
2019,8,11,-1,31,27.7,74,7,250
2019,8,12,16,30.8,26.1,80,7,250
2019,8,13,0,30.8,28.1,76,5,250
2019,8,14,0,31.6,27.1,78,5,260
2019,8,15,0,30.6,27,80,4,260
2019,8,16,-1,32,26.7,78,4,260
2019,8,17,0,31.7,28,82,5,260
2019,8,18,-1,32.2,27.6,80,5,260
2019,8,19,-1,31.9,27.7,79,4,260
2019,8,20,4.5,32.1,25.5,79,6,260
2019,8,21,4,31.1,25.5,84,4,260
2019,8,22,-1,30.8,25.8,81,6,260
2019,8,23,19,30,24.5,86,6,250
2019,8,24,66.5,30.8,24.6,86,3,280
2019,8,25,12,30.9,24.9,89,2,260
2019,8,26,35.5,30.7,24.3,89,3,60
2019,8,27,0.5,29.3,25.1,85,2,280
2019,8,28,-1,32.6,26.2,78,3,270
2019,8,29,0.5,30.3,25.2,83,3,260
2019,8,30,-1,30.1,26.1,84,4,260
2019,8,31,9,30.6,24.1,85,3,250
2019,9,1,11.5,32.8,25.1,84,2,110
2019,9,2,3.5,30.4,24.7,84,3,250
2019,9,3,9.5,31.6,24.1,83,3,90
2019,9,4,0,31.8,27,73,4,230
2019,9,5,0,32,27.5,74,5,260
2019,9,6,2,32.7,25.7,75,5,240
2019,9,7,0,32,27.3,79,4,230
2019,9,8,20,32,25.3,82,4,270
2019,9,9,20,31.2,24.1,86,4,270
2019,9,10,-1,28.3,25.3,82,2,290
2019,9,11,7,29.8,24.3,84,3,270
2019,9,12,16,26.9,24.5,88,2,270
2019,9,13,4.5,30.8,25,82,2,160
2019,9,14,7,32.6,24.3,87,2,210
2019,9,15,61.5,29.7,24.5,86,4,240
2019,9,16,32.5,27.5,24.7,94,3,260
2019,9,17,2,30.5,25.5,85,3,220
2019,9,18,17.5,31.1,24.2,83,5,240
2019,9,19,20,30.2,24.5,91,4,250
2019,9,20,22,29.6,24.5,90,4,220
2019,9,21,3,29.6,24.1,84,3,250
2019,9,22,0,31.2,25.6,80,2,260
2019,9,23,0,32.6,26.4,78,2,270
2019,9,24,4.5,33.3,25.2,76,2,120
2019,9,25,0,33.8,25.4,67,2,130
2019,9,26,15,32.5,26.7,77,2,220
2019,9,27,5,32.3,24.1,74,2,280
2019,9,28,10,33.2,26.8,75,3,250
2019,9,29,1.5,31.8,26.4,79,5,260
2019,9,30,0,31.2,26.6,83,3,260
2019,10,1,0,31.7,26.7,79,4,270
2019,10,2,11,31.7,23.5,82,2,70
2019,10,3,0,32,25.2,71,3,280
2019,10,4,2.5,31.8,25.1,79,2,280
2019,10,5,0,31.3,25.3,78,2,260
2019,10,6,0,33.8,25.8,69,2,110
2019,10,7,-1,34.8,25.8,71,2,90
2019,10,8,-1,33.5,26.6,65,2,110
2019,10,9,0,33,25.2,69,3,120
2019,10,10,0,32.8,26.1,72,2,280
2019,10,11,4,31.5,24.8,77,3,90
2019,10,12,4,33.8,25.2,73,2,70
2019,10,13,0,33.4,25.2,67,3,110
2019,10,14,0,34.2,24.9,64,3,90
2019,10,15,-1,33.9,25.9,63,2,90
2019,10,16,-1,33.6,25.8,68,2,120
2019,10,17,0,33.2,26.5,68,2,120
2019,10,18,0,33,26,71,2,130
2019,10,19,1,32.3,26.1,74,2,110
2019,10,20,0,33.1,26.1,76,2,130
2019,10,21,0,32.8,25.8,69,2,120
2019,10,22,0,33.8,26.6,64,2,120
2019,10,23,0,34.8,26.1,64,2,120
2019,10,24,-1,33.7,26.1,67,3,110
2019,10,25,-1,34.4,25.9,64,2,130
2019,10,26,0,33.1,25.1,71,2,100
2019,10,27,1.5,34.6,24.8,68,3,60
2019,10,28,0.5,30.6,25.9,80,2,110
2019,10,29,-1,32.2,26,75,2,80
2019,10,30,0,33,25.4,75,2,110
2019,10,31,8,32.6,25.3,74,2,130
2019,11,1,36.5,30.3,24.6,91,1,200
2019,11,2,-1,32.7,25.8,79,2,90
2019,11,3,-1,32.9,26.6,76,2,110
2019,11,4,0,31.9,26.6,77,3,280
2019,11,5,15,33.2,24.9,79,2,230
2019,11,6,6,31.7,24.2,88,2,90
2019,11,7,1,31.9,25.8,78,2,110
2019,11,8,0,32.8,25.6,76,2,120
2019,11,9,0,33.1,26,79,2,100
2019,11,10,0,31,26.2,77,2,310
2019,11,11,0,31.3,25.8,75,2,280
2019,11,12,2,30.3,24.4,75,2,110
2019,11,13,0,30.2,25.7,67,2,100
2019,11,14,0,30.3,25.5,73,2,130
2019,11,15,6,31.3,25.7,75,2,280
2019,11,16,5,31.7,25.4,78,2,270
2019,11,17,0,30.9,26.8,81,3,280
2019,11,18,0,31.1,26.1,79,4,260
2019,11,19,0,32.2,26.8,74,2,290
2019,11,20,-1,31.2,25.8,76,2,220
2019,11,21,1,29.6,25.8,78,2,310
2019,11,22,-1,30.4,25.4,83,2,10
2019,11,23,-1,30.5,25.6,79,2,90
2019,11,24,-1,31.9,24.9,77,2,110
2019,11,25,-1,32.1,26.2,71,2,20
2019,11,26,-1,32.9,24.5,71,2,70
2019,11,27,4.5,33.4,25.1,74,2,120
2019,11,28,-1,33.6,26.3,65,3,70
2019,11,29,0,32.3,22.6,68,2,120
2019,11,30,0,31.6,24.1,59,3,80
2019,12,1,0,31.7,24.9,63,4,10
2019,12,2,-1,30.5,26.3,69,4,360
2019,12,3,50.5,28.7,23.1,80,6,20
2019,12,4,0,32.7,25.3,74,3,110
2019,12,5,0,31.3,25.5,79,2,150
2019,12,6,0,30.8,25.5,78,4,290
2019,12,7,0,31.2,25.4,74,2,220
2019,12,8,0,31.7,24,67,3,90
2019,12,9,0,31.4,23.9,66,2,100
2019,12,10,0,29.9,25.1,71,2,130
2019,12,11,0,31.2,25.5,72,2,100
2019,12,12,0,31.8,24.1,73,2,110
2019,12,13,2,32.9,23.7,70,2,110
2019,12,14,-1,32.4,24.6,73,2,110
2019,12,15,-1,33.2,25.8,70,3,90
2019,12,16,0,33.3,24,68,3,110
2019,12,17,0,32.9,23.3,67,2,100
2019,12,18,0,33.3,24.6,64,3,100
2019,12,19,0,32.7,24.6,73,2,120
2019,12,20,0,32.9,25.2,69,2,100
2019,12,21,0,32.4,24.1,70,2,110
2019,12,22,0,33,23.7,67,2,40
2019,12,23,-1,30.8,22.9,74,2,110
2019,12,24,0,33.4,25.6,60,3,80
2019,12,25,66,29.5,24.1,83,2,40
2019,12,26,0,32,24.7,81,2,110
2019,12,27,0,32.8,25.6,72,2,120
2019,12,28,0,32.1,24.6,73,3,100
2019,12,29,0,31.4,24.8,69,3,110
2019,12,30,0,32.4,25,68,3,110
2019,12,31,0.5,32.4,24.7,74,3,70
2020,1,1,0.5,29.1,24.1,83,2,250
2020,1,2,0,31.7,23.9,65,4,90
2020,1,3,0,32.2,23.8,62,4,80
2020,1,4,-1,32.3,24.2,67,3,100
2020,1,5,0,31.2,25.4,64,4,110
2020,1,6,0,32.4,24.3,63,3,120
2020,1,7,3.5,31,23.9,73,3,120
2020,1,8,0,31.4,23.8,73,3,90
2020,1,9,0,31.6,23.3,68,3,100
2020,1,10,-1,29.6,23.7,75,2,100
2020,1,11,0,32.1,23.4,70,2,130
2020,1,12,14,31.1,24.4,76,2,160
2020,1,13,-1,29.5,24.2,80,2,120
2020,1,14,0,30.4,24,74,2,110
2020,1,15,0,30.8,24.1,71,2,110
2020,1,16,0,32.5,24.9,67,2,140
2020,1,17,0,31.5,25.3,76,2,360
2020,1,18,0,31.2,24.3,76,2,120
2020,1,19,0,31.2,23.7,73,2,120
2020,1,20,0,30.9,23.4,70,3,110
2020,1,21,0,31.3,22.4,65,4,110
2020,1,22,0,31.8,22.8,65,4,100
2020,1,23,0,31.6,24.9,61,3,110
2020,1,24,3.5,27.7,23.5,84,2,280
2020,1,25,-1,30.1,24.8,79,2,110
2020,1,26,0,31.8,25.5,79,3,250
2020,1,27,0,32.2,24.1,74,3,290
2020,1,28,0,32.8,23.2,70,2,250
2020,1,29,0,31,24.3,68,4,10
2020,1,30,0,30.3,22,65,4,10
2020,1,31,0,28.9,22.2,70,2,110
2020,2,1,0,30.9,21.3,65,3,90
2020,2,2,-1,28.5,22.1,69,3,110
2020,2,3,-1,28.4,20.2,67,3,100
2020,2,4,0,30.9,21.9,65,3,120
2020,2,5,0,32.1,24.7,67,2,90
2020,2,6,-1,30.4,25,72,2,110
2020,2,7,22.5,29.5,24.4,88,2,10
2020,2,8,2,31.8,24.9,80,2,120
2020,2,9,0,29.3,23.5,70,3,110
2020,2,10,0,29.9,22.8,64,4,100
2020,2,11,0,31.1,20.6,64,3,100
2020,2,12,0,31.4,22.5,62,3,120
2020,2,13,2.5,29.6,22.6,78,3,120
2020,2,14,0,32.2,24.5,66,3,110
2020,2,15,0,32.1,23.3,67,4,100
2020,2,16,0,32.8,23.4,64,2,130
2020,2,17,-1,31.3,24.8,74,3,110
2020,2,18,0,31.9,23,61,3,90
2020,2,19,0,31.9,22.5,62,3,90
2020,2,20,0,30.4,22.1,56,4,70
2020,2,21,0,32.8,22.7,58,4,80
2020,2,22,0,33.1,23.2,57,4,90
2020,2,23,0,32.2,24.1,69,4,100
2020,2,24,-1,32.2,24.8,68,3,110
2020,2,25,0,32,22.6,64,3,100
2020,2,26,0.5,32.5,23.2,69,3,120
2020,2,27,0,33.1,23.1,61,3,120
2020,2,28,0,33.6,25.3,61,3,110
2020,2,29,0,32.8,25.4,61,4,110
2020,3,1,0,32.5,22.7,65,3,120
2020,3,2,0,32.7,23,60,5,110
2020,3,3,0,33.2,23.5,64,4,120
2020,3,4,0,31.8,23.6,69,3,110
2020,3,5,0,33.1,24.5,67,2,130
2020,3,6,0,33.7,24.9,62,2,120
2020,3,7,0,34.8,26.4,68,3,130
2020,3,8,-1,35.5,27.1,69,2,110
2020,3,9,0,35.3,26.6,70,3,260
2020,3,10,17.5,33.7,24.6,74,3,260
2020,3,11,0.5,33.9,26.5,68,4,110
2020,3,12,0,33.6,24.6,60,3,100
2020,3,13,0,34.4,25.2,60,3,120
2020,3,14,0,34.2,26.1,63,3,120
2020,3,15,0,33.5,26.5,64,3,120
2020,3,16,0,30.1,25.6,71,4,120
2020,3,17,0,37,25.7,68,4,120
2020,3,18,0,33.1,23.3,62,3,120
2020,3,19,0,33.7,26.2,62,3,130
2020,3,20,0,34.2,24.4,64,3,120
2020,3,21,0,34.7,26.5,59,3,120
2020,3,22,0,35.2,26.2,60,3,130
2020,3,23,0,34.5,24.4,61,4,130
2020,3,24,0,34.3,26.2,62,4,120
2020,3,25,0,33.5,24,59,4,100
2020,3,26,0,34.3,25.4,57,4,110
2020,3,27,0,34.1,25.5,65,4,110
2020,3,28,0,35,26,60,3,120
2020,3,29,0,34.6,27.4,61,4,110
2020,3,30,0,34.5,25,60,3,100
2020,3,31,0,35.4,24.7,60,3,120
2020,4,1,0,35.2,26.2,61,3,120
2020,4,2,0,34.2,23.4,61,4,110
2020,4,3,0,34.9,23.8,60,3,120
2020,4,4,0,34.6,23.2,59,4,120
2020,4,5,0,34.4,24.4,57,4,120
2020,4,6,0,34.7,25.8,59,3,120
2020,4,7,-1,35.3,27.3,63,3,260
2020,4,8,0,35.6,26.6,65,3,280
2020,4,9,0,34.5,25.7,65,2,130
2020,4,10,0,34.3,25.9,66,3,120
2020,4,11,0,33.8,26.5,66,3,130
2020,4,12,0,32.6,26.2,77,4,20
2020,4,13,-1,34.1,27,69,3,120
2020,4,14,0,32.2,24.9,67,3,120
2020,4,15,0,35.1,26.1,67,3,140
2020,4,16,0,36.2,27.2,65,3,120
2020,4,17,0.5,35.2,27.9,64,3,120
2020,4,18,0,36.1,27.2,64,3,110
2020,4,19,0,36.1,25.9,62,3,120
2020,4,20,0,36.1,28,63,3,120
2020,4,21,0,36.2,27.6,57,3,130
2020,4,22,0,35.7,28.6,60,3,130
2020,4,23,0,35.7,28.2,65,4,120
2020,4,24,0,35.5,26.1,60,4,130
2020,4,25,0,36,27.6,62,3,100
2020,4,26,0,35,26.9,64,3,120
2020,4,27,0,34.7,27.5,64,3,120
2020,4,28,0,35.4,26,61,4,120
2020,4,29,0,35.4,27.4,62,4,120
2020,4,30,0,35.2,26.3,62,3,120
2020,5,1,0,35.5,26,60,3,100
2020,5,2,0,36.4,28.1,54,3,130
2020,5,3,-1,32.5,27.3,69,2,100
2020,5,4,0,36.9,28.9,66,3,120
2020,5,5,0,37.4,29.2,64,4,120
2020,5,6,82,37,25.4,68,3,250
2020,5,7,0,35.8,29.4,68,4,120
2020,5,8,0,37.1,29.2,61,3,130
2020,5,9,-1,36.4,26,69,2,250
2020,5,10,6.5,36,25.3,67,2,70
2020,5,11,0,36.6,28.3,62,3,120
2020,5,12,0,36.8,28.4,66,2,140
2020,5,13,0,36.8,27.9,62,2,110
2020,5,14,-1,33.1,26.9,77,3,10
2020,5,15,65.5,29.7,24.8,88,5,80
2020,5,16,0,33.6,26.3,80,2,300
2020,5,17,-1,35.3,28,71,2,220
2020,5,18,-1,34.1,28,77,2,130
2020,5,19,8.5,32.8,25.7,83,1,150
2020,5,20,0,35,28.2,75,2,260
2020,5,21,0,36.3,28.6,75,2,230
2020,5,22,3,35.2,27.9,77,2,250
2020,5,23,23,33.6,25.3,80,3,280
2020,5,24,0,33.2,27.2,71,4,330
2020,5,25,-1,34.4,28.1,74,3,250
2020,5,26,-1,34.4,26.8,77,2,130
2020,5,27,8,36.2,24.3,73,3,260
2020,5,28,-1,35.4,26,81,2,260
2020,5,29,24.5,36,25.4,72,2,90
2020,5,30,0.5,34.5,27.1,73,2,110
2020,5,31,0,35.1,26.3,59,3,120
2020,6,1,0,34.8,25.3,64,3,120
2020,6,2,-1,36.1,28.4,67,2,180
2020,6,3,0,34.4,28.5,70,3,170
2020,6,4,2.5,34.9,27.7,74,3,90
2020,6,5,0,36.3,28.4,64,3,110
2020,6,6,0,36.7,27.5,57,3,120
2020,6,7,0,36.5,28.4,63,3,260
2020,6,8,0,34.8,27.1,66,3,110
2020,6,9,0,36.5,27.8,63,2,360
2020,6,10,31,32.6,25.2,85,2,160
2020,6,11,9,31.8,25,87,3,210
2020,6,12,0.5,31.1,25.7,75,2,230
2020,6,13,-1,34.2,27.6,73,3,120
2020,6,14,-1,34.8,26.7,73,3,120
2020,6,15,-1,33.2,26.9,75,2,100
2020,6,16,0,35,28.2,64,3,100
2020,6,17,0,35.9,27.4,68,3,110
2020,6,18,-1,34.6,27.3,67,2,140
2020,6,19,11.5,31.2,25.5,86,2,240
2020,6,20,0,33.6,26.5,76,1,160
2020,6,21,6,35.5,25.3,74,2,110
2020,6,22,16,36.2,25.6,72,2,110
2020,6,23,-1,36.4,27.3,69,3,250
2020,6,24,8.5,35.6,26.1,76,2,120
2020,6,25,0,35.4,26.3,71,3,110
2020,6,26,1,34.4,25.8,70,3,120
2020,6,27,4,33.3,26.1,76,3,120
2020,6,28,4,31.7,25.6,84,2,110
2020,6,29,2.5,32.5,26.6,79,2,260
2020,6,30,0,33,27.8,74,6,270
2020,7,1,-999,-999,-999,-999,-999,-999
2020,7,2,-999,-999,-999,-999,-999,-999
2020,7,3,-999,-999,-999,-999,-999,-999
2020,7,4,-999,-999,-999,-999,-999,-999
2020,7,5,-999,-999,-999,-999,-999,-999
2020,7,6,-999,-999,-999,-999,-999,-999
2020,7,7,-999,-999,-999,-999,-999,-999
2020,7,8,-999,-999,-999,-999,-999,-999
2020,7,9,-999,-999,-999,-999,-999,-999
2020,7,10,-999,-999,-999,-999,-999,-999
2020,7,11,-999,-999,-999,-999,-999,-999
2020,7,12,-999,-999,-999,-999,-999,-999
2020,7,13,-999,-999,-999,-999,-999,-999
2020,7,14,-999,-999,-999,-999,-999,-999
2020,7,15,-999,-999,-999,-999,-999,-999
2020,7,16,-999,-999,-999,-999,-999,-999
2020,7,17,-999,-999,-999,-999,-999,-999
2020,7,18,-999,-999,-999,-999,-999,-999
2020,7,19,-999,-999,-999,-999,-999,-999
2020,7,20,-999,-999,-999,-999,-999,-999
2020,7,21,-999,-999,-999,-999,-999,-999
2020,7,22,-999,-999,-999,-999,-999,-999
2020,7,23,-999,-999,-999,-999,-999,-999
2020,7,24,-999,-999,-999,-999,-999,-999
2020,7,25,-999,-999,-999,-999,-999,-999
2020,7,26,-999,-999,-999,-999,-999,-999
2020,7,27,-999,-999,-999,-999,-999,-999
2020,7,28,-999,-999,-999,-999,-999,-999
2020,7,29,-999,-999,-999,-999,-999,-999
2020,7,30,-999,-999,-999,-999,-999,-999
2020,7,31,-999,-999,-999,-999,-999,-999
2020,8,1,-999,-999,-999,-999,-999,-999
2020,8,2,-999,-999,-999,-999,-999,-999
2020,8,3,-999,-999,-999,-999,-999,-999
2020,8,4,-999,-999,-999,-999,-999,-999
2020,8,5,-999,-999,-999,-999,-999,-999
2020,8,6,-999,-999,-999,-999,-999,-999
2020,8,7,-999,-999,-999,-999,-999,-999
2020,8,8,-999,-999,-999,-999,-999,-999
2020,8,9,-999,-999,-999,-999,-999,-999
2020,8,10,-999,-999,-999,-999,-999,-999
2020,8,11,-999,-999,-999,-999,-999,-999
2020,8,12,-999,-999,-999,-999,-999,-999
2020,8,13,-999,-999,-999,-999,-999,-999
2020,8,14,-999,-999,-999,-999,-999,-999
2020,8,15,-999,-999,-999,-999,-999,-999
2020,8,16,-999,-999,-999,-999,-999,-999
2020,8,17,-999,-999,-999,-999,-999,-999
2020,8,18,-999,-999,-999,-999,-999,-999
2020,8,19,-999,-999,-999,-999,-999,-999
2020,8,20,-999,-999,-999,-999,-999,-999
2020,8,21,-999,-999,-999,-999,-999,-999
2020,8,22,-999,-999,-999,-999,-999,-999
2020,8,23,-999,-999,-999,-999,-999,-999
2020,8,24,-999,-999,-999,-999,-999,-999
2020,8,25,-999,-999,-999,-999,-999,-999
2020,8,26,-999,-999,-999,-999,-999,-999
2020,8,27,-999,-999,-999,-999,-999,-999
2020,8,28,-999,-999,-999,-999,-999,-999
2020,8,29,-999,-999,-999,-999,-999,-999
2020,8,30,-999,-999,-999,-999,-999,-999
2020,8,31,-999,-999,-999,-999,-999,-999
2020,9,1,-999,-999,-999,-999,-999,-999
2020,9,2,-999,-999,-999,-999,-999,-999
2020,9,3,-999,-999,-999,-999,-999,-999
2020,9,4,-999,-999,-999,-999,-999,-999
2020,9,5,-999,-999,-999,-999,-999,-999
2020,9,6,-999,-999,-999,-999,-999,-999
2020,9,7,-1,33.3,26.3,78,3,270
2020,9,8,0,35.2,25.2,68,3,120
2020,9,9,1.5,33.6,26.9,75,2,120
2020,9,10,0,34.2,26.6,74,3,280
2020,9,11,6,33.8,26.8,79,2,60
2020,9,12,-1,30.6,25.8,79,1,140
2020,9,13,0,35.5,26.5,71,2,130
2020,9,14,10,33.6,25.4,74,3,10
2020,9,15,19.5,31,25.3,89,3,10
2020,9,16,-1,32,27.7,78,3,110
2020,9,17,0,30.4,26.1,78,2,130
2020,9,18,-1,32.8,26.5,73,2,90
2020,9,19,22.5,34.1,25.2,75,2,10
2020,9,20,1.5,33.5,26.8,75,2,300
2020,9,21,0,35.1,26.4,69,2,120
2020,9,22,13,33.9,24.2,78,2,220
2020,9,23,2,32.8,25.5,82,3,260
2020,9,24,20.5,32.6,24.9,79,2,280
2020,9,25,0.5,31.6,26.2,86,2,80
2020,9,26,0,34.3,26.5,79,1,100
2020,9,27,0,35.4,27.1,71,2,220
2020,9,28,-1,32.9,25.7,76,2,220
2020,9,29,0.5,32.7,26.3,80,3,260
2020,9,30,-1,33,26.9,78,3,90
2020,10,1,11.5,33.6,24.9,81,2,260
2020,10,2,8,33.3,26,80,2,270
2020,10,3,33,32.2,25.1,86,3,270
2020,10,4,4,35.2,26,75,2,100
2020,10,5,0,34.6,26.8,71,3,120
2020,10,6,1.5,34.1,25.8,74,2,110
2020,10,7,8,30.7,25.7,87,2,290
2020,10,8,1.5,29.4,25.7,86,2,120
2020,10,9,0.5,29.9,25.9,83,2,120
2020,10,10,18,31.8,25.1,87,3,250
2020,10,11,4.5,29.6,25.1,88,2,230
2020,10,12,15,32.7,25.3,89,1,80
2020,10,13,12.5,34.2,24.8,78,2,120
2020,10,14,42.5,28.3,24.2,93,3,20
2020,10,15,4.5,31.5,25.1,83,2,120
2020,10,16,0,34.1,26.1,74,2,130
2020,10,17,4.5,31.1,25.4,82,2,10
2020,10,18,-1,30,25.2,86,1,320
2020,10,19,0.5,33,26.8,71,2,80
2020,10,20,34,28.3,25.1,89,3,220
2020,10,21,3,32.3,25.7,80,3,140
2020,10,22,0.5,34.8,25.9,73,3,230
2020,10,23,2,31.6,25.7,79,3,290
2020,10,24,22.5,31.4,25.1,89,3,290
2020,10,25,32,30.4,24.9,87,5,330
2020,10,26,2,29.5,26.2,82,5,100
2020,10,27,-1,31.3,25.7,78,3,140
2020,10,28,3,33.3,24.9,78,2,80
2020,10,29,14,31.7,25.7,84,2,110
2020,10,30,0,33,26.4,74,2,30
2020,10,31,1.5,33.4,25.3,67,3,40
2020,11,1,26,27,23,87,5,360
2020,11,2,0,30.9,25.4,80,2,100
2020,11,3,0.5,33.6,25.5,77,2,150
2020,11,4,1,31.2,25.2,81,2,110
2020,11,5,-1,31.4,25.4,79,2,140
2020,11,6,0,33.3,25.8,75,2,130
2020,11,7,7.5,30.9,23.5,79,3,10
2020,11,8,0,33,22,77,3,110
2020,11,9,2,31.3,25.1,87,2,180
2020,11,10,30.5,30.3,25,87,2,200
2020,11,11,137.5,28.2,24,90,7,280
2020,11,12,37,28.3,24.3,89,4,120
2020,11,13,0,32.9,25.8,77,3,110
2020,11,14,0,32.9,25.8,74,3,110
2020,11,15,-1,32.2,25.3,79,2,110
2020,11,16,4,32.4,24,75,2,110
2020,11,17,0,32.7,24.8,77,2,130
2020,11,18,0,33.4,26.1,72,2,130
2020,11,19,0,32.6,25,75,2,110
2020,11,20,2,32.2,25,74,3,280
2020,11,21,0,33.5,24.3,71,3,110
2020,11,22,-1,33.1,24.8,63,3,80
2020,11,23,-1,33.5,23.8,68,3,70
2020,11,24,0,33.5,24.8,60,3,80
2020,11,25,-1,32.6,24.1,66,3,30
2020,11,26,7,32.9,24.5,65,3,40
2020,11,27,1.5,29.1,25,86,2,80
2020,11,28,2.5,31.5,24.8,83,2,10
2020,11,29,23.5,29.5,23.3,85,2,360
2020,11,30,0,31.9,23.5,69,4,50
2020,12,1,0,31.9,25.7,63,3,20
2020,12,2,-1,30.3,25.8,75,2,240
2020,12,3,-1,30.6,25.5,80,2,270
2020,12,4,-1,29,25.3,84,1,130
2020,12,5,6,31.7,25.1,77,2,130
2020,12,6,-1,31.9,26.4,79,2,100
2020,12,7,6,28.3,25.1,92,2,210
2020,12,8,1.5,32.5,25.2,82,3,110
2020,12,9,5.5,31.4,24.9,80,2,90
2020,12,10,6,28.6,24.5,91,1,30
2020,12,11,-1,33.4,25.9,76,2,130
2020,12,12,-1,32.3,26.1,77,2,120
2020,12,13,-1,31.5,24.8,77,2,130
2020,12,14,0,33,25.3,71,2,60
2020,12,15,-1,32.7,24.9,73,2,100
2020,12,16,-1,33,24,68,2,70
2020,12,17,2,31.6,24.6,83,2,100
2020,12,18,25.5,31.6,23.8,86,2,90
2020,12,19,20,27.6,24.1,92,2,10
2020,12,20,1.5,31.4,24.8,82,3,100
2020,12,21,-1,30.4,24.7,84,1,130
2020,12,22,0,31.9,24.9,75,2,120
2020,12,23,0,33.1,24.7,71,3,120
2020,12,24,0,32.6,23.9,74,2,130
2020,12,25,0,33.1,25.7,75,2,140
2020,12,26,24,31.6,24.3,86,2,60
2020,12,27,22,26,24,94,1,320
2020,12,28,0,31.5,26,81,2,110
2020,12,29,39.5,34.4,24.7,78,2,310
2020,12,30,0,32.1,26.2,76,2,10
2020,12,31,-1,30.4,23.9,64,3,90
2021,1,1,0,28.6,23.1,70,2,100
2021,1,2,0,31,24.8,69,3,10
2021,1,3,32.5,28.8,23.3,90,1,50
2021,1,4,0.5,32.4,24.6,78,2,110
2021,1,5,0.5,30.7,22.6,79,2,100
2021,1,6,-1,33.3,24.6,69,2,110
2021,1,7,-1,30.5,24.6,79,2,110
2021,1,8,0,30.4,25.4,73,2,120
2021,1,9,0,31,24.3,65,2,90
2021,1,10,0,30.2,22.7,62,3,90
2021,1,11,0,29,23.5,70,2,110
2021,1,12,0,28.6,21.9,68,2,360
2021,1,13,0,28.4,23.3,74,2,120
2021,1,14,0,31.2,25,74,2,140
2021,1,15,0,30.2,24.4,75,2,120
2021,1,16,-1,30.5,24.9,72,2,120
2021,1,17,-1,31.2,24.8,70,3,30
2021,1,18,0,30.2,24.7,74,2,30
2021,1,19,1,29,24,78,2,270
2021,1,20,29,28.2,24.3,89,2,10
2021,1,21,-1,31.5,25.7,82,2,130
2021,1,22,13,31.5,24.2,85,2,70
2021,1,23,0,30.3,25,84,2,290
2021,1,24,-1,32.7,25.3,75,2,120
2021,1,25,1,31.5,23.6,80,2,120
2021,1,26,-1,30.9,25.1,79,2,140
2021,1,27,6,29.5,24.1,83,2,280
2021,1,28,1.5,29.2,23.7,75,2,120
2021,1,29,0,29.7,23.2,60,4,80
2021,1,30,0,29.8,20.9,63,4,80
2021,1,31,0,30.4,22.5,67,3,90
2021,2,1,0,30.9,23.6,68,2,100
2021,2,2,0,30.9,23.4,70,3,90
2021,2,3,0,32.4,23.4,67,2,90
2021,2,4,0,31.8,24.5,64,3,90
2021,2,5,-1,32.5,25.2,67,2,110
2021,2,6,0,30.8,23.8,73,2,120
2021,2,7,0,33.4,24.2,66,2,110
2021,2,8,-1,32.2,23.9,65,3,70
2021,2,9,14,28.7,24.1,83,2,100
2021,2,10,6,30.7,23.9,80,2,100
2021,2,11,-1,30.6,25.4,80,3,10
2021,2,12,11,31,24,76,4,360
2021,2,13,0.5,27.7,23.5,84,2,130
2021,2,14,0,30.6,24.4,79,2,290
2021,2,15,0,31.4,23.5,71,3,120
2021,2,16,0,31.6,22.2,67,3,110
2021,2,17,0,32,24.2,65,3,120
2021,2,18,0,30.8,23.2,62,3,10
2021,2,19,0,29.6,21.6,58,3,90
2021,2,20,0,29.9,21.1,56,3,80
2021,2,21,1,28.9,23.3,70,2,280
2021,2,22,2,27,24.3,87,2,250
2021,2,23,-1,32.5,24.7,77,2,90
2021,2,24,0,33.9,24.7,71,3,120
2021,2,25,0,33.4,23.2,65,3,120
2021,2,26,0,34.3,25.8,67,2,130
2021,2,27,0,34.4,25.9,73,3,140
2021,2,28,0,33,25.3,70,3,120
2021,3,1,0,33.8,24.1,68,3,130
2021,3,2,13,34.1,25.7,70,2,100
2021,3,3,0,32.8,25.2,69,3,110
2021,3,4,0,32.5,25.1,69,4,120
2021,3,5,0,33.4,23.9,64,3,110
2021,3,6,0,33.3,24.5,62,3,100
2021,3,7,0,33.9,22.2,58,3,100
2021,3,8,0,33.7,25,60,3,90
2021,3,9,-1,32,23.3,67,3,90
2021,3,10,0,33.2,24.3,58,3,70
2021,3,11,-1,34.3,23.8,56,3,90
2021,3,12,3.5,32.6,23.9,72,3,60
2021,3,13,-1,30.1,25.2,78,2,110
2021,3,14,1.5,32,25.2,75,2,120
2021,3,15,11.5,32,25.2,78,2,70
2021,3,16,14.5,34.5,24.5,76,2,110
2021,3,17,0,35.4,27,69,2,110
2021,3,18,0,34.6,25.8,69,3,120
2021,3,19,0,34.3,26.4,70,2,90
2021,3,20,0,35,25.7,67,3,120
2021,3,21,-1,34.5,26.2,67,3,100
2021,3,22,-1,34.9,26.2,64,3,110
2021,3,23,0,33,25.5,62,3,80
2021,3,24,0,33.6,24.9,67,3,110
2021,3,25,0,34.5,24.4,65,3,110
2021,3,26,0,34.7,25.8,62,3,80
2021,3,27,0,34.6,25.7,65,3,120
2021,3,28,0,35.2,26.9,65,3,120
2021,3,29,0,34.8,25.5,63,3,140
2021,3,30,0,35.3,25.6,61,3,130
2021,3,31,0,34.7,25.5,66,3,120
2021,4,1,0,34.6,24.1,61,4,110
2021,4,2,0,34.4,23.8,59,4,120
2021,4,3,0,34.9,24.2,61,3,130
2021,4,4,0.5,34.2,25.2,64,3,110
2021,4,5,0.5,34.8,25.6,67,3,110
2021,4,6,0,34.8,25.3,64,3,120
2021,4,7,0,33.2,26.3,64,3,110
2021,4,8,0,33.4,26.7,61,3,130
2021,4,9,-1,33,25.3,65,3,120
2021,4,10,0,34.1,24.7,60,3,110
2021,4,11,0,35.1,24.7,59,3,120
2021,4,12,0,34.5,25.9,64,2,180
2021,4,13,0,33.5,27.2,71,2,120
2021,4,14,0,34.6,26.4,68,2,110
2021,4,15,0,33.8,26.2,72,2,130
2021,4,16,0,35.1,25.2,64,3,130
2021,4,17,0,33.9,26.1,66,2,180
2021,4,18,0,33.6,26.8,67,3,250
2021,4,19,1.5,34.3,26,66,4,250
2021,4,20,0,32.2,27.5,73,4,250
2021,4,21,0,32.7,27.6,73,5,270
2021,4,22,0.5,33.4,27.1,78,4,250
2021,4,23,0,33.4,26.3,72,4,20
2021,4,24,0,32.9,26.6,73,3,260
2021,4,25,0,32.7,26.2,67,4,260
2021,4,26,0,31.3,26.2,69,3,120
2021,4,27,0,32.2,24.3,70,3,120
2021,4,28,0,33.9,26.3,65,3,130
2021,4,29,0,33.9,27.5,69,3,260
2021,4,30,0,35.3,27.6,67,3,160
2021,5,1,0,35.8,26.4,63,3,150
2021,5,2,0,35.6,25.9,59,4,110
2021,5,3,-1,36,26.8,60,3,110
2021,5,4,0,35.1,27.2,70,4,110
2021,5,5,0,36,27.5,61,3,120
2021,5,6,0,35.8,27.2,61,3,80
2021,5,7,0,34.7,26.8,64,3,130
2021,5,8,0,35.9,27.2,65,3,120
2021,5,9,0,36.1,28,64,3,120
2021,5,10,0,35.5,28.1,66,3,120
2021,5,11,0,35.6,27.8,68,3,120
2021,5,12,0,35.8,28.6,62,4,110
2021,5,13,0,35.5,27.4,61,3,120
2021,5,14,0,36,28.7,62,4,110
2021,5,15,0,36.6,27.9,65,4,110
2021,5,16,0,36.1,27,62,4,110
2021,5,17,0,36.8,28.9,63,3,110
2021,5,18,0,34.7,28.7,68,4,110
2021,5,19,0,35.1,27.4,64,4,120
2021,5,20,0,35.9,28.3,66,3,130
2021,5,21,0,37.1,27.9,67,3,140
2021,5,22,0,36.2,28,73,3,250
2021,5,23,0,37.1,27.1,67,2,130
2021,5,24,0,36.7,27.6,67,2,20
2021,5,25,0,36.9,27.3,63,2,120
2021,5,26,-1,36.7,28.1,65,2,130
2021,5,27,0,37.3,28.2,63,3,120
2021,5,28,0,37.3,28.6,64,3,230
2021,5,29,0,38.6,28.6,61,3,260
2021,5,30,2,35,27.5,75,3,280
2021,5,31,4,38.2,26.3,67,3,250
2021,6,1,1.5,36.5,27.6,65,3,20
2021,6,2,34.5,30.8,25.5,84,4,80
2021,6,3,0,32.1,27.3,80,3,250
2021,6,4,2,34.5,26.4,74,3,270
2021,6,5,0,34.4,27.5,75,4,270
2021,6,6,0,32.4,27.8,73,3,250
2021,6,7,3,33.4,27.5,81,2,250
2021,6,8,-1,31.8,26.4,81,2,220
2021,6,9,11,29.3,24.8,87,2,270
2021,6,10,10,34.6,26,80,2,110
2021,6,11,9,33.9,25.2,84,2,170
2021,6,12,-1,33.7,25.7,77,3,130
2021,6,13,8.5,34.1,25.3,69,2,220
2021,6,14,0,32.6,26.8,75,4,260
2021,6,15,0,32.5,27.5,75,4,260
2021,6,16,0,33.7,27.8,74,4,260
2021,6,17,0,33.7,27.6,74,4,250
2021,6,18,-1,33.6,27.8,72,4,280
2021,6,19,0.5,33.4,27,74,5,260
2021,6,20,1,33,25.5,79,4,260
2021,6,21,0.5,31.4,25.9,81,4,260
2021,6,22,5.5,33,25.2,76,4,260
2021,6,23,8.5,32.6,26,76,4,270
2021,6,24,-1,32.6,27.4,76,3,260
2021,6,25,2.5,32.5,26.6,81,2,250
2021,6,26,0,33.3,27.4,75,3,270
2021,6,27,0,35.2,27.5,78,2,280
2021,6,28,6.5,35,25.2,81,3,250
2021,6,29,0,33,27.1,75,3,260
2021,6,30,0,33.5,27.9,74,3,260
2021,7,1,1.5,34.5,25.6,70,3,260
2021,7,2,0,33.6,26.9,70,3,270
2021,7,3,37.5,30.1,24.9,88,2,30
2021,7,4,3,33.5,25.9,84,2,90
2021,7,5,19,31.9,26.6,85,2,120
2021,7,6,42.5,32,23.4,82,2,290
2021,7,7,-1,35,27.6,69,2,130
2021,7,8,0,34.6,26.7,70,2,100
2021,7,9,0,33,26.8,70,3,110
2021,7,10,2.5,33.4,26.3,73,2,80
2021,7,11,0,33.8,28.1,73,2,120
2021,7,12,0,34,28.9,73,2,120
2021,7,13,1.5,33.9,25.9,72,2,140
2021,7,14,12,34.2,25.6,76,1,360
2021,7,15,19,32.3,24.5,85,2,250
2021,7,16,0.5,31.9,26.1,81,3,270
2021,7,17,-1,31,26.5,81,3,230
2021,7,18,3.5,31.4,25.8,78,4,230
2021,7,19,13.5,31,25.7,85,3,250
2021,7,20,22,31,25.7,89,4,260
2021,7,21,83.5,26.6,24,96,3,250
2021,7,22,126,29.2,24.2,96,3,240
2021,7,23,79,29.4,24.4,91,4,260
2021,7,24,51,28,24.7,93,3,240
2021,7,25,9.5,29.7,25.2,91,4,240
2021,7,26,3,32.8,26,80,7,250
2021,7,27,37.5,32.1,24.9,89,7,250
2021,7,28,35,29.6,25.1,95,5,250
2021,7,29,4,28.7,25.4,90,4,230
2021,7,30,4,33,26.4,79,4,250
2021,7,31,-1,32.2,27.3,81,5,270
2021,8,1,0,33.4,28.2,75,6,250
2021,8,2,4,33.2,26.6,79,6,250
2021,8,3,-1,32.1,27.4,76,5,250
2021,8,4,0,33.2,28.2,75,5,230
2021,8,5,3,33.1,27,78,4,230
2021,8,6,0,32.8,27.7,80,5,240
2021,8,7,0,32.6,27.2,79,4,230
2021,8,8,0,33,26.5,75,4,270
2021,8,9,3.5,31.9,24.8,79,4,260
2021,8,10,4.5,30.9,24.8,81,3,250
2021,8,11,-1,31.2,26,83,2,260
2021,8,12,0,32.5,27.4,76,2,300
2021,8,13,-1,35.9,26.9,67,2,110
2021,8,14,2.5,35.2,25.7,75,2,80
2021,8,15,1,31.2,25.9,85,1,100
2021,8,16,0,35,25.9,67,2,130
2021,8,17,-1,33.3,26.1,72,2,110
2021,8,18,10,34.4,25.2,79,3,250
2021,8,19,7,32.3,25.5,79,3,280
2021,8,20,-1,32.6,26.2,81,2,290
2021,8,21,-1,33.1,25.8,80,2,180
2021,8,22,20,32.9,25.2,81,2,80
2021,8,23,14,33.5,25.6,83,2,250
2021,8,24,8,30.2,24.1,89,2,210
2021,8,25,-1,32.9,26,75,2,350
2021,8,26,1,31.3,25.2,84,2,130
2021,8,27,0.5,33.4,26.3,78,2,50
2021,8,28,0.5,32,26.4,78,2,120
2021,8,29,0.5,33.7,25.7,77,2,110
2021,8,30,5,32.8,25.8,79,2,300
2021,8,31,-1,33.1,26.9,74,2,130
2021,9,1,39.5,33.3,23,81,2,130
2021,9,2,-1,32.2,25.7,77,3,270
2021,9,3,3.5,32.2,24.8,75,3,300
2021,9,4,0.5,31.9,26.7,77,3,260
2021,9,5,1,32.6,26.2,80,2,260
2021,9,6,12,32.8,25.3,83,2,360
2021,9,7,30.5,30,24.7,84,2,10
2021,9,8,59.5,29.5,24.5,94,3,80
2021,9,9,0,32.5,26.3,80,2,250
2021,9,10,18,31.1,24.7,86,3,190
2021,9,11,5,29.7,25,89,2,230
2021,9,12,6,31.3,25.3,89,2,360
2021,9,13,0.5,32.4,25.5,77,1,360
2021,9,14,0,35,26.1,73,2,120
2021,9,15,-1,34.5,26.2,73,2,60
2021,9,16,21,31.7,24.2,85,2,270
2021,9,17,0,33.5,26.3,77,2,70
2021,9,18,0.5,34.2,26.5,72,3,120
2021,9,19,4,28.1,25.6,88,1,360
2021,9,20,3,31.1,26,84,2,360
2021,9,21,0,34.1,27.1,76,3,110
2021,9,22,0,33.9,27.1,72,3,110
2021,9,23,0,34.6,26,67,3,120
2021,9,24,-1,34.8,26.3,70,3,110
2021,9,25,-1,33.7,26.9,71,2,110
2021,9,26,4.5,33.8,25.7,73,2,300
2021,9,27,0,31.9,26.8,82,2,130
2021,9,28,0,33.2,27.4,79,2,170
2021,9,29,22.5,32.5,25.2,81,3,260
2021,9,30,-1,31.9,26.4,81,2,200
2021,10,1,0,32.1,26.1,82,3,260
2021,10,2,1,33.4,26,79,2,120
2021,10,3,12.5,32.1,24.8,83,2,20
2021,10,4,7.5,31.2,25.2,87,2,40
2021,10,5,11.5,29.4,25.8,89,1,360
2021,10,6,0.5,30.8,25.4,83,2,90
2021,10,7,-1,32.2,24.7,81,2,70
2021,10,8,-1,31.9,27,80,2,280
2021,10,9,-1,32.1,26.6,83,3,240
2021,10,10,0,31.7,26.4,79,3,290
2021,10,11,15,32.7,24.5,84,6,260
2021,10,12,7.5,31.8,24.9,87,3,210
2021,10,13,4,30.8,26,87,2,360
2021,10,14,20,30.6,25.4,88,2,360
2021,10,15,4,33.2,25.4,83,2,140
2021,10,16,0,33.7,26.1,75,2,110
2021,10,17,-1,33.3,26,73,2,120
2021,10,18,-1,30.1,24.9,83,2,120
2021,10,19,0,34,25.3,66,2,110
2021,10,20,-1,34.4,26.1,77,2,120
2021,10,21,3.5,31.6,24.9,77,2,360
2021,10,22,-1,32.6,25.7,74,2,110
2021,10,23,4,32.4,24.9,80,2,130
2021,10,24,0.5,29,25.3,81,2,70
2021,10,25,39,28.2,24,86,2,110
2021,10,26,0.5,33.5,25.4,76,2,110
2021,10,27,-1,33.5,25.4,73,2,120
2021,10,28,-1,30.9,25.1,72,2,100
2021,10,29,0,34,24.8,64,3,70
2021,10,30,0,33.5,24.5,67,3,110
2021,10,31,1,34,24.8,65,3,110
2021,11,1,0,33.7,25.4,72,3,120
2021,11,2,0,33.9,24.9,63,3,70
2021,11,3,0,34.1,26.7,62,3,100
2021,11,4,0,34.3,27.7,63,3,10
2021,11,5,0,33.4,25.9,72,2,120
2021,11,6,0,34.4,26,70,2,120
2021,11,7,0.5,34.8,26.1,73,2,120
2021,11,8,0,33.7,26.2,77,2,110
2021,11,9,0,34.3,25.8,71,2,100
2021,11,10,0,31.5,25.1,70,2,120
2021,11,11,0,34.7,25.9,68,2,120
2021,11,12,15,33.1,25,71,2,120
2021,11,13,1,34,25.9,80,2,120
2021,11,14,0,32.6,26.2,70,3,120
2021,11,15,11.5,32,25.2,81,2,110
2021,11,16,-1,34.5,25.8,74,2,130
2021,11,17,0,33.9,25.7,74,2,120
2021,11,18,0,33.1,26.7,75,2,120
2021,11,19,0,33.2,26.2,75,2,150
2021,11,20,5,30.6,25,82,2,180
2021,11,21,3.5,32.3,25.7,83,2,360
2021,11,22,0,33.3,25.8,74,2,110
2021,11,23,1,32.1,25.6,72,2,100
2021,11,24,0.5,33.9,25.8,67,3,80
2021,11,25,0.5,32.7,26,75,2,120
2021,11,26,-1,30,25.7,83,2,110
2021,11,27,1.5,33,25.8,74,2,80
2021,11,28,4,28.2,25.1,86,1,70
2021,11,29,1,33.2,26.2,74,2,120
2021,11,30,3.5,32.6,26.7,78,2,360
2021,12,1,-1,31.4,25,73,2,100
2021,12,2,0,32.3,23.3,64,3,100
2021,12,3,0,32,22.8,63,3,100
2021,12,4,0,30.7,22.5,67,3,110
2021,12,5,0,31.1,22.3,65,2,90
2021,12,6,0,30.6,23,66,2,110
2021,12,7,-1,30.2,23.4,70,2,360
2021,12,8,0,31.9,25.1,62,3,90
2021,12,9,0,31.2,23.8,63,2,90
2021,12,10,0,32.7,24.4,65,3,80
2021,12,11,-1,29.4,25.1,73,2,100
2021,12,12,0,30.6,24.8,75,2,130
2021,12,13,0,31.2,24.8,70,3,110
2021,12,14,0,32,23.2,66,3,80
2021,12,15,0,30.3,23.6,69,3,20
2021,12,16,-1,32.3,26.3,66,4,30
2021,12,17,4,30.9,25.4,78,3,70
2021,12,18,41.5,32.7,23.5,80,3,10
2021,12,19,12,26.3,23.7,93,2,60
2021,12,20,0,32.7,25.1,79,2,120
2021,12,21,0,33.2,26.7,74,2,130
2021,12,22,3,31.5,25.1,84,1,360
2021,12,23,0,33,24.1,74,2,130
2021,12,24,-1,32.5,24.3,75,2,130
2021,12,25,0,33,24.7,70,2,290
2021,12,26,4.5,31.6,24,80,2,90
2021,12,27,-1,29.5,24.9,74,2,90
2021,12,28,-1,30.3,23.6,68,3,90
2021,12,29,0,31.1,24.1,66,3,70
2021,12,30,0,31.7,22.4,61,3,110
2021,12,31,0,31.4,23.4,62,3,70
2022,1,1,0,30.2,23.5,62,4,70
2022,1,2,0,29.5,22.4,64,3,110
2022,1,3,0,30.9,23.5,62,4,80
2022,1,4,0,31.3,23.2,66,3,110
2022,1,5,0,31.6,24.2,69,3,120
2022,1,6,0,30.1,22.3,69,3,100
2022,1,7,0,32.1,23.4,65,3,120
2022,1,8,0,31.5,24.2,72,2,130
2022,1,9,0,32.1,23.7,74,2,180
2022,1,10,0,31.9,25.1,75,2,260
2022,1,11,0,31.6,23.2,65,4,10
2022,1,12,-1,30.6,23.8,71,3,110
2022,1,13,0,29.2,22.7,72,3,100
2022,1,14,0,29.6,22.4,71,3,110
2022,1,15,0,30.1,21,69,3,80
2022,1,16,0,31.1,20.4,67,3,110
2022,1,17,0,31.2,21.3,66,2,120
2022,1,18,0,30.4,23.3,66,2,110
2022,1,19,-1,29.9,24.3,71,2,110
2022,1,20,0.5,31.4,24.3,75,2,120
2022,1,21,0,30.5,24.8,75,2,110
2022,1,22,0,32.5,24.6,70,3,110
2022,1,23,0,32.5,25.1,73,3,120
2022,1,24,-1,32.4,24,75,2,120
2022,1,25,0,33.1,25.5,61,2,80
2022,1,26,11,30.2,24.9,82,2,100
2022,1,27,0,32.8,25.8,76,3,110
2022,1,28,0,33.2,25.2,72,2,120
2022,1,29,0,32.9,25.8,78,3,260
2022,1,30,-1,31.5,25.3,80,4,270
2022,1,31,0,33.4,25.3,67,3,120
2022,2,1,0,32.2,23,67,3,120
2022,2,2,0,32.5,25.4,63,3,90
2022,2,3,0,30.6,23.8,73,2,100
2022,2,4,0,33,23.6,65,2,110
2022,2,5,0,32.1,25.9,62,4,110
2022,2,6,0,32.6,25.3,65,4,110
2022,2,7,0.5,32.7,24.5,75,2,120
2022,2,8,0,32.8,24.6,72,3,110
2022,2,9,0,33.2,23.4,65,3,120
2022,2,10,0,33.3,24.1,64,3,110
2022,2,11,0,32.9,23.8,68,3,110
2022,2,12,0,33.2,25.4,68,3,110
2022,2,13,1,32.3,24.7,74,3,110
2022,2,14,-1,31.7,25.1,76,2,110
2022,2,15,0,33.5,24.6,71,3,130
2022,2,16,0,32.8,24.8,69,3,130
2022,2,17,-1,31.7,24.4,75,3,120
2022,2,18,0,33.6,23.5,68,2,130
2022,2,19,0,33.3,25.6,68,3,120
2022,2,20,0,33.9,24.7,66,3,170
2022,2,21,-1,32.8,24.4,71,3,90
2022,2,22,18,30.4,24,87,2,110
2022,2,23,0,30.7,23.5,70,2,100
2022,2,24,0,33.5,24.9,64,3,120
2022,2,25,-1,33.1,24.8,67,3,110
2022,2,26,-1,33.3,24.3,65,3,70
2022,2,27,0,33.3,24.3,66,3,110
2022,2,28,0,33.7,24.7,60,3,110
2022,3,1,0,33.9,24.1,61,3,120
2022,3,2,0,34,24.4,64,3,130
2022,3,3,0,33.4,24.4,68,4,110
2022,3,4,0,32.9,24.1,69,3,120
2022,3,5,0,34.2,24.7,65,2,130
2022,3,6,0,33.8,23.9,66,3,130
2022,3,7,0,33.2,25.4,61,2,280
2022,3,8,0,32.9,26.4,64,3,100
2022,3,9,0,32.5,25.3,66,4,120
2022,3,10,-1,33.5,25.2,65,3,130
2022,3,11,0,34.6,26.5,71,2,130
2022,3,12,12.5,34.5,25,76,3,80
2022,3,13,0,32.5,26.1,75,3,110
2022,3,14,63.5,33.5,24.7,80,2,240
2022,3,15,0,34.7,25.9,71,2,140
2022,3,16,0,34.8,26,68,3,140
2022,3,17,0,35,26.3,67,3,130
2022,3,18,13,35.2,26.8,74,3,300
2022,3,19,0,35.7,26.3,69,3,120
2022,3,20,0,35,27.3,63,3,120
2022,3,21,0,33.9,26.4,66,3,110
2022,3,22,0,35.1,26.3,67,2,130
2022,3,23,4.5,35.1,25.2,68,3,130
2022,3,24,0,34.8,27.7,64,4,110
2022,3,25,0,34.8,26.9,63,3,120
2022,3,26,0,35.3,27.4,64,3,140
2022,3,27,0,34.5,25.6,66,3,100
2022,3,28,0,34.8,27,64,4,110
2022,3,29,0,34,27,67,4,100
2022,3,30,-1,34.6,26.3,65,3,120
2022,3,31,0,35.1,27.1,65,4,110
2022,4,1,3.5,34.2,24.7,72,3,90
2022,4,2,0,34.1,23.4,61,3,100
2022,4,3,0,33.7,24.2,61,3,120
2022,4,4,13.5,34.6,24.8,59,3,70
2022,4,5,30,27.6,23.9,94,2,70
2022,4,6,1,31.6,25.2,78,2,120
2022,4,7,0,33.6,25.9,71,2,100
2022,4,8,0.5,30.6,25.5,76,2,130
2022,4,9,2.5,33.5,25.2,70,2,120
2022,4,10,0,32.9,25.9,72,2,90
2022,4,11,-1,33.2,26.2,71,2,110
2022,4,12,4.5,30.9,25.8,79,2,260
2022,4,13,0,32,26.4,78,2,120
2022,4,14,0,32.7,26.5,71,4,270
2022,4,15,0,32.9,26.1,72,3,270
2022,4,16,-1,33.9,26.7,71,2,120
2022,4,17,-1,30.7,26.9,71,3,110
2022,4,18,0,33.9,24.3,63,4,110
2022,4,19,0,33.8,25.8,63,3,110
2022,4,20,0,33.5,26,66,3,120
2022,4,21,0,35.6,26.9,65,3,120
2022,4,22,0,34.9,26,64,3,110
2022,4,23,0,35,27,60,3,130
2022,4,24,-1,35.7,28.1,65,3,120
2022,4,25,0,34.2,26.9,69,4,120
2022,4,26,0,35.4,27.1,66,3,110
2022,4,27,4.5,35.6,26.2,65,3,120
2022,4,28,0,35.1,27.7,67,3,120
2022,4,29,0,35.5,27.5,66,3,120
2022,4,30,0,35.5,27.5,66,4,120
2022,5,1,0,35.1,27.8,62,4,120
2022,5,2,0,35,26.8,60,3,120
2022,5,3,0,35.1,26.2,63,3,110
2022,5,4,0,35.6,26.5,58,3,120
2022,5,5,0,36,25.8,60,3,110
2022,5,6,0,35.9,28.2,61,3,120
2022,5,7,0,35.6,27.6,63,3,120
2022,5,8,0,36,25.4,61,3,110
2022,5,9,0,35.2,25.7,61,4,110
2022,5,10,0,35.5,28,58,3,120
2022,5,11,0,36,27.7,60,3,120
2022,5,12,0,36,27.9,60,3,120
2022,5,13,4.5,36.9,28.5,66,2,120
2022,5,14,0,35.6,28.3,73,3,90
2022,5,15,59.5,35.7,24.2,84,2,110
2022,5,16,1,34.6,25.5,82,2,120
2022,5,17,8.5,32.6,25.5,83,2,130
2022,5,18,3,34.2,25.7,87,2,110
2022,5,19,8,33.8,25.6,86,2,110
2022,5,20,4.5,33.9,24.2,84,2,180
2022,5,21,0.5,32,26.2,76,2,270
2022,5,22,4,34.3,26,79,2,80
2022,5,23,10.5,34.5,25.6,83,2,140
2022,5,24,0,35.5,27,69,2,250
2022,5,25,0.5,35.1,26.5,78,1,180
2022,5,26,-1,34.2,26,74,3,100
2022,5,27,39,36.4,26.1,70,2,120
2022,5,28,13.5,29.7,25.3,85,2,210
2022,5,29,-1,32.6,26.4,78,3,270
2022,5,30,3,35.9,25.2,73,2,130
2022,5,31,7.5,32.4,24.6,77,2,130
2022,6,1,11.5,30.7,25.1,89,1,100
2022,6,2,-1,33.5,26.4,78,3,270
2022,6,3,0,32.9,27,75,3,260
2022,6,4,0,33.2,27,72,3,260
2022,6,5,3,35.5,27.2,74,3,170
2022,6,6,0,33,27.4,73,3,190
2022,6,7,15.5,32.4,26,76,3,260
2022,6,8,45,32.6,26.2,79,2,270
2022,6,9,0,35.3,27.7,69,2,110
2022,6,10,0,36.2,27,66,2,110
2022,6,11,0,35.6,27.7,69,2,160
2022,6,12,5.5,33,27.7,79,2,280
2022,6,13,26.5,36.2,25,76,3,260
2022,6,14,28,36.1,25.2,74,2,250
2022,6,15,0,35,27.1,76,2,80
2022,6,16,0,34.5,26.8,69,3,120
2022,6,17,0,36,28,64,3,120
2022,6,18,0,35.1,26.7,72,2,130
2022,6,19,20.5,35,23.8,78,2,90
2022,6,20,0,34.1,26.5,74,2,310
2022,6,21,0,33.4,26.4,70,2,120
2022,6,22,14,35.5,24.2,73,2,140
2022,6,23,-1,33,25.9,76,2,120
2022,6,24,0,32.6,26.9,74,2,220
2022,6,25,0,32.5,26.2,75,2,250
2022,6,26,3.5,33,26,81,2,210
2022,6,27,0,31.9,26.3,81,2,170
2022,6,28,31.5,32.4,24.6,83,2,130
2022,6,29,4.5,33.4,25.8,74,1,110
2022,6,30,1.5,34.2,25.5,73,3,130
2022,7,1,0.5,32.3,25.3,78,4,230
2022,7,2,0,33.4,27.1,73,2,120
2022,7,3,0,33.9,27.6,73,2,280
2022,7,4,3.5,34,25.9,80,2,30
2022,7,5,0.5,32.6,24.9,74,1,160
2022,7,6,11,33,26.5,81,2,320
2022,7,7,1,31.7,26,89,2,210
2022,7,8,2.5,31.9,27.3,81,2,120
2022,7,9,16,35,25.6,79,3,100
2022,7,10,0.5,35.2,26.6,74,2,130
2022,7,11,15.5,35.9,25.9,78,2,90
2022,7,12,7.5,31.2,26.6,85,2,260
2022,7,13,-1,31.7,26.6,79,3,270
2022,7,14,-1,32.8,26.7,82,3,260
2022,7,15,12,33.3,23.5,79,3,260
2022,7,16,18,33.4,23.7,84,3,30
2022,7,17,7,31.3,25.1,87,2,260
2022,7,18,1.5,32.9,26,85,2,80
2022,7,19,-1,34.5,27.8,76,3,120
2022,7,20,2.5,33.7,25.8,72,2,90
2022,7,21,1,30.3,25.4,83,2,130
2022,7,22,0,32.8,26.2,77,2,300
2022,7,23,0,34.2,27,79,2,230
2022,7,24,0,34.7,27.5,72,2,180
2022,7,25,9.5,33.6,26.1,77,2,120
2022,7,26,19.5,33.2,24.9,82,2,110
2022,7,27,0,32.6,27.2,80,4,250
2022,7,28,1.5,32.2,26.4,81,4,260
2022,7,29,1.5,31.1,26,86,3,230
2022,7,30,41.5,30.6,24.7,91,2,260
2022,7,31,6.5,31.4,25.5,89,2,300
2022,8,1,4.5,31.8,24.7,86,3,280
2022,8,2,0,32.3,26,84,1,260
2022,8,3,0.5,34.3,25.3,77,2,120
2022,8,4,13,32.9,24.2,83,2,120
2022,8,5,41.5,28.5,24.7,94,2,250
2022,8,6,16.5,29.6,25.3,86,2,250
2022,8,7,41.5,32.2,24.1,87,2,170
2022,8,8,6,29.7,24.5,91,2,110
2022,8,9,0.5,31,25.7,80,2,280
2022,8,10,0.5,32.6,26.4,76,2,270
2022,8,11,0,31.9,25.9,80,2,260
2022,8,12,-999,32.4,24.8,78,3,240
2022,8,13,-999,31.9,24.4,83,3,280
2022,8,14,-999,31.3,25.1,82,2,280
2022,8,15,-999,30.1,24.8,92,2,250
2022,8,16,0,32.2,25.9,79,3,270
2022,8,17,-999,31.5,25.7,78,3,260
2022,8,18,-999,31.1,25.4,85,2,280
2022,8,19,0,34.4,26.1,77,2,180
2022,8,20,0,34.4,25.8,79,2,240
2022,8,21,-999,32.2,27.5,78,3,280
2022,8,22,-999,30.9,24.4,81,6,250
2022,8,23,-999,28,24,93,3,240
2022,8,24,-999,29.6,25.3,87,1,80
2022,8,25,0,35.2,26.5,72,2,80
2022,8,26,-999,33,24.1,81,2,270
2022,8,27,-999,31.3,26.1,82,2,140
2022,8,28,26.5,34.2,25,83,2,260
2022,8,29,6,32.5,25.1,81,3,270
2022,8,30,8,32.3,26.1,84,2,210
2022,8,31,0.5,30.3,26,83,2,230
2022,9,1,36,31.9,25.7,82,5,250
2022,9,2,16.5,31.8,24,92,4,250
2022,9,3,44.5,30,24,94,3,280
2022,9,4,0.5,33,26,87,4,270
2022,9,5,0,31.5,26.4,80,3,260
2022,9,6,26,34.6,24.9,78,2,70
2022,9,7,0,35.3,27,71,2,120
2022,9,8,47,34.1,23.7,76,3,270
2022,9,9,17,33.3,24.7,83,2,260
2022,9,10,35.5,29.8,25,88,2,250
2022,9,11,0,31.3,26.1,83,4,230
2022,9,12,0,31.5,26.8,83,4,260
2022,9,13,1,31.7,26.2,81,4,260
2022,9,14,1,31,25.5,89,4,250
2022,9,15,0,31.7,25.4,84,3,240
2022,9,16,-1,31,24.9,80,4,260
2022,9,17,-1,31.1,26,79,4,260
2022,9,18,8,32.4,24.9,82,4,220
2022,9,19,34.5,29.3,24,92,2,220
2022,9,20,8.5,27.6,24.4,93,2,220
2022,9,21,0.5,32.8,25.5,81,4,230
2022,9,22,14.5,30.4,25.3,86,2,270
2022,9,23,20.5,32.7,25,84,3,240
2022,9,24,-1,32.4,27,77,2,290
2022,9,25,45,28.4,23.3,91,6,230
2022,9,26,35,33.2,25.9,86,3,110
2022,9,27,13.5,33.5,25.6,80,2,80
2022,9,28,43.5,32.8,25.4,80,2,250
2022,9,29,-1,31,26,81,2,350
2022,9,30,-1,32.2,26,74,2,130
2022,10,1,-1,33.5,26.2,67,3,120
2022,10,2,0.5,32.5,26.5,74,3,80
2022,10,3,3.5,30.1,26.2,87,1,330
2022,10,4,0,33,27.2,73,2,100
2022,10,5,0,31.6,26.8,74,2,100
2022,10,6,0,34.2,27.1,67,3,100
2022,10,7,1,34.4,24.4,74,3,100
2022,10,8,-1,32.4,26.7,73,2,100
2022,10,9,0,33.6,27,64,2,50
2022,10,10,0,33.2,27.3,67,3,260
2022,10,11,0,32.4,27,71,3,250
2022,10,12,-1,32.4,27.4,70,3,230
2022,10,13,0,32.9,26.4,76,2,20
2022,10,14,-1,33.4,27.8,73,4,260
2022,10,15,0,32.9,28.5,68,7,260
2022,10,16,2,31.2,26.1,77,5,250
2022,10,17,3,31.1,26.6,78,3,230
2022,10,18,10,31.1,25,77,2,240
2022,10,19,16,32,25.2,83,2,60
2022,10,20,0.5,31.8,25,78,2,30
2022,10,21,-1,33.6,26.8,77,2,100
2022,10,22,0,33.6,27,72,2,100
2022,10,23,1,33.1,26.3,73,2,110
2022,10,24,-1,32.6,27.1,72,2,90
2022,10,25,65,29.8,24,91,2,40
2022,10,26,0,31.6,26.2,69,2,20
2022,10,27,0,31.4,27,67,2,340
2022,10,28,32,29.9,25.2,77,4,330
2022,10,29,178,27.4,24.4,93,7,320
2022,10,30,6.5,30.2,25.2,82,4,130
2022,10,31,1,30.8,24.8,86,3,130
2022,11,1,8,30.1,25.2,83,2,240
2022,11,2,5.5,31.6,25.5,83,2,270
2022,11,3,0.5,32.8,25.5,81,2,120
2022,11,4,2,31.8,25.2,79,2,120
2022,11,5,13,31.1,25.4,75,2,290
2022,11,6,0,30.2,25.4,73,2,120
2022,11,7,-1,32.4,26.4,77,2,100
2022,11,8,0,30.8,25,75,2,120
2022,11,9,0,32.4,26,73,2,90
2022,11,10,4.5,33.8,25.9,80,2,100
2022,11,11,0,31.8,26.6,73,2,110
2022,11,12,7,30.1,25.8,79,2,30
2022,11,13,0,31.1,26.5,74,2,150
2022,11,14,0,33.5,26.8,70,3,110
2022,11,15,1,31.1,25.2,75,2,60
2022,11,16,9,33.4,25,74,3,100
2022,11,17,3,31.6,24.8,76,3,100
2022,11,18,3.5,31.2,25.3,83,2,80
2022,11,19,13.5,29,24.7,87,2,360
2022,11,20,10,31.5,25.2,78,3,100
2022,11,21,2.5,31.4,25.2,81,2,110
2022,11,22,-1,32.4,26.6,71,3,110
2022,11,23,0,32.6,27.2,71,3,100
2022,11,24,1,33,26,67,3,110
2022,11,25,-1,32.8,26,74,3,110
2022,11,26,0,32.2,25.6,68,2,110
2022,11,27,0,31.6,25.5,68,3,110
2022,11,28,0,31.2,26.6,69,2,80
2022,11,29,0,33.9,23,72,3,110
2022,11,30,5.5,31.3,25.2,75,3,100
2022,12,1,4.5,33.2,25.8,76,2,70
2022,12,2,-1,32.8,26.9,68,3,50
2022,12,3,-1,33,26.6,71,3,100
2022,12,4,-1,32.1,26.4,73,2,80
2022,12,5,0,30.8,25.6,74,2,110
2022,12,6,0,32.4,26.2,71,3,100
2022,12,7,0,33,26.2,68,2,110
2022,12,8,0.5,31.4,26.4,68,2,100
2022,12,9,3,28.3,25.4,86,2,100
2022,12,10,13.5,29.8,25,86,2,140
2022,12,11,0,30.4,25.4,78,2,270
2022,12,12,0,29.9,26.2,77,2,120
2022,12,13,0,32.1,26.8,73,2,100
2022,12,14,1.5,30,26.2,80,2,320
2022,12,15,8.5,33,25.5,84,2,100
2022,12,16,0,32.6,26.4,70,3,100
2022,12,17,21.5,29.9,25.3,78,2,270
2022,12,18,0.5,28.9,25.5,71,2,10
2022,12,19,-1,30.1,24.6,74,2,70
2022,12,20,6.5,28.6,24.7,86,2,20
2022,12,21,-1,29.9,24.8,76,3,10
2022,12,22,0,30.2,25.5,69,2,10
2022,12,23,0,30,25,61,3,90
2022,12,24,0,29.6,24.2,61,4,80
2022,12,25,0,28.4,24,63,5,70
2022,12,26,0,28.9,23.8,66,4,110
2022,12,27,0,28.5,23.7,72,3,110
2022,12,28,-1,30,24.6,69,2,110
2022,12,29,2.5,29.3,24.7,73,2,10
2022,12,30,0,31.4,24.9,73,2,120
2022,12,31,-1,28.9,25.4,76,2,130
2023,1,1,1.5,30.3,24.9,79,2,110
2023,1,2,13,30.6,24.7,77,2,30
2023,1,3,5.5,28.9,25,86,3,40
2023,1,4,22,29.2,24,80,2,350
2023,1,5,17,25.8,24.2,93,2,340
2023,1,6,7,29.4,24.8,86,3,100
2023,1,7,0,30.2,24.2,66,4,90
2023,1,8,-1,28.3,23.6,68,3,110
2023,1,9,0,28.9,23.9,70,2,100
2023,1,10,0,28.9,24.6,74,2,280
2023,1,11,0,31.6,24.6,68,2,90
2023,1,12,0,31.2,24.4,65,2,80
2023,1,13,0,30.4,24.8,75,2,110
2023,1,14,-1,29,24.4,78,2,130
2023,1,15,10.5,30,24.3,83,2,360
2023,1,16,0,30.2,25.1,72,3,70
2023,1,17,0,29.9,25.2,66,2,110
2023,1,18,5.5,29.6,25.1,74,2,270
2023,1,19,0,29.6,25.4,68,2,80
2023,1,20,0,30.2,24.7,71,3,110
2023,1,21,0.5,29.8,24.9,74,2,70
2023,1,22,0,30.9,24.7,70,3,100
2023,1,23,0,32.1,25.3,66,3,110
2023,1,24,0,33,25.2,58,4,80
2023,1,25,0,29.6,23.6,62,4,70
2023,1,26,0,30.8,24.9,68,3,110
2023,1,27,-1,28.4,23.8,70,2,40
2023,1,28,0,30,24,63,3,80
2023,1,29,0,29.3,23.4,66,3,90
2023,1,30,0,30.1,24.7,68,3,80
2023,1,31,0,30.4,23.8,68,3,100
2023,2,1,-1,31,25.3,67,3,130
2023,2,2,0,32.9,24.4,75,3,110
2023,2,3,0,31.8,24,68,3,120
2023,2,4,0,31.7,22.6,66,3,120
2023,2,5,-1,32,25.3,70,5,110
2023,2,6,0.5,32.2,24.4,75,2,110
2023,2,7,8,32.1,23.8,82,2,110
2023,2,8,0.5,32,23.2,76,3,120
2023,2,9,0,31.3,23.5,66,2,110
2023,2,10,0,33.3,22.7,65,3,110
2023,2,11,0,32.7,24,71,3,110
2023,2,12,0,33.5,23.1,66,3,100
2023,2,13,0,31.5,23.2,69,2,130
2023,2,14,0,32.3,22.8,67,2,120
2023,2,15,0,33.1,24.4,56,4,90
2023,2,16,0,32.2,22.7,59,4,90
2023,2,17,0,32.1,23.9,60,3,80
2023,2,18,1.5,31.1,23.4,64,4,20
2023,2,19,2,27.7,23.7,89,2,270
2023,2,20,1,32.4,25.3,88,2,120
2023,2,21,1.5,29.4,22.9,78,2,120
2023,2,22,0,31.2,24.1,69,2,300
2023,2,23,0,31.6,25.2,76,3,270
2023,2,24,0,32.6,25.4,71,2,300
2023,2,25,0,34.1,26.4,67,3,120
2023,2,26,0,33.3,25.6,62,4,80
2023,2,27,0,32.5,24.5,58,4,80
2023,2,28,0,31.9,23.4,63,2,140
2023,3,1,0,31.6,25,72,3,120
2023,3,2,0,31.7,22,64,3,100
2023,3,3,0,32.6,23.3,58,3,90
2023,3,4,0,32.1,22.6,65,2,110
2023,3,5,0,32.6,21.7,60,3,120
2023,3,6,0,32,22.4,59,3,90
2023,3,7,0,31.3,22.8,63,2,120
2023,3,8,0,31.4,23.1,67,2,120
2023,3,9,0,32.7,23.9,64,2,120
2023,3,10,1.5,32.1,22.1,72,3,120
2023,3,11,0,31.4,21.9,66,3,120
2023,3,12,-1,32.8,23.8,62,3,110
2023,3,13,-1,30.5,22.7,74,2,120
2023,3,14,0,32.5,23.8,64,3,120
2023,3,15,-1,33.4,24.4,68,3,120
2023,3,16,0,34,24.5,61,3,120
2023,3,17,0,32.8,24.2,66,3,120
2023,3,18,0,33.8,24.8,59,3,120
2023,3,19,0,33.7,25,59,3,120
2023,3,20,0,33.4,23.7,65,3,120
2023,3,21,0,33,24.7,63,3,130
2023,3,22,0,34.1,25.7,65,4,130
2023,3,23,0,35.2,26,63,3,120
2023,3,24,0,35.2,27.8,64,3,110
2023,3,25,0,35.1,26.1,65,3,120
2023,3,26,0,34.5,25.7,65,2,120
2023,3,27,0,34.4,25,62,3,120
2023,3,28,0,35.5,25.2,62,3,120
2023,3,29,0,34.3,24.7,63,3,130
2023,3,30,0,34.7,26.8,64,4,130
2023,3,31,0,34.7,25.9,67,3,120
2023,4,1,0,35.1,26.4,63,2,140
2023,4,2,0,35.1,26.8,66,2,120
2023,4,3,7.5,33.8,24.1,69,3,120
2023,4,4,0,31,25.4,70,3,120
2023,4,5,0,32.8,26,62,3,130
2023,4,6,0,34.4,26.3,60,3,130
2023,4,7,0,34.1,26.6,66,2,120
2023,4,8,0,35.7,27,79,3,110
2023,4,9,0,32.8,25,68,4,120
2023,4,10,-1,34.1,23.5,64,2,120
2023,4,11,0,33.3,26.3,72,2,200
2023,4,12,7.5,29.7,24.7,81,2,120
2023,4,13,66.5,27.9,23.2,92,3,260
2023,4,14,2,32.3,25.1,88,2,120
2023,4,15,0,32.9,26.4,79,2,280
2023,4,16,0,33,27.1,78,3,280
2023,4,17,0,35.3,26.8,71,2,120
2023,4,18,0,35.4,27.7,65,3,120
2023,4,19,-1,35.6,27.8,65,3,130
2023,4,20,0,36.2,27.9,67,3,120
2023,4,21,0,34.6,28.6,72,3,260
2023,4,22,4,35.9,25.8,63,2,110
2023,4,23,0,35.5,28.6,63,3,120
2023,4,24,14.5,33.5,25.3,72,2,140
2023,4,25,0,34.3,27.3,67,3,120
2023,4,26,0,34.8,27.1,63,3,120
2023,4,27,0,35,25.7,61,3,120
2023,4,28,0,35.5,26.3,61,3,130
2023,4,29,0,34.6,27.6,65,3,120
2023,4,30,0,36,26.6,80,3,120
2023,5,1,0,35.9,26.7,65,3,110
2023,5,2,0,36.2,27,59,3,110
2023,5,3,0,36.4,27.5,60,3,90
2023,5,4,2,34.5,27.3,69,3,110
2023,5,5,0,36.2,27.8,67,4,120
2023,5,6,0,35.5,28.3,68,3,120
2023,5,7,0,36.4,28.4,67,3,250
2023,5,8,0,37.4,26.4,67,3,310
2023,5,9,2,35.8,27.4,67,2,120
2023,5,10,0.5,34.5,26.5,74,2,80
2023,5,11,0,33.7,28.1,73,3,120
2023,5,12,0,34.2,27.7,72,2,120
2023,5,13,0,35.8,28.8,66,3,150
2023,5,14,3,34.1,27.4,77,3,230
2023,5,15,4,34.9,25.6,76,4,260
2023,5,16,1.5,32.9,26.1,83,3,220
2023,5,17,-1,32.9,28.3,78,3,190
2023,5,18,-1,33.6,27.7,76,3,280
2023,5,19,17.5,33.1,27.2,75,3,270
2023,5,20,33,31.8,24.6,81,2,260
2023,5,21,-1,33.6,27.7,77,3,270
2023,5,22,2.5,32.8,27.5,78,3,260
2023,5,23,0,33.4,27.1,78,6,260
2023,5,24,13,34.9,25.8,84,2,260
2023,5,25,47.5,33.9,24.1,79,2,280
2023,5,26,4,33.7,26.6,85,2,130
2023,5,27,-1,32.9,26.6,78,3,280
2023,5,28,0,32.9,29.2,73,6,260
2023,5,29,0,34.3,29.3,73,7,290
2023,5,30,2,33.2,26.9,78,6,250
2023,5,31,33.5,33,23,84,7,260
2023,6,1,8,32.4,23.8,77,5,250
2023,6,2,1,31.3,25.5,81,4,260
2023,6,3,0,31.9,26.8,71,3,260
2023,6,4,0.5,35.5,26.8,76,2,260
2023,6,5,0,35.8,28,71,2,120
2023,6,6,10,33,25.2,84,2,310
2023,6,7,5.5,33.6,26.9,90,2,280
2023,6,8,9.5,32.6,26.4,78,3,250
2023,6,9,-1,32.1,26.1,78,5,260
2023,6,10,48.5,31.4,24.7,83,3,250
2023,6,11,25,29.6,24.5,92,3,240
2023,6,12,6,31.9,25.2,90,2,220
2023,6,13,0,32.6,27.1,80,3,260
2023,6,14,-1,32.5,27.4,80,4,220
2023,6,15,19.5,32.6,26.2,83,3,270
2023,6,16,3.5,34.4,24.8,70,3,130
2023,6,17,0,35.6,26.9,62,3,110
2023,6,18,0,35.4,27.5,69,2,150
2023,6,19,18.5,35.2,25.8,77,3,70
2023,6,20,0,33.5,27.4,77,2,280
2023,6,21,0.5,34.4,27.7,72,2,260
2023,6,22,13.5,36.3,25.4,67,2,260
2023,6,23,0,35.5,27.4,67,2,110
2023,6,24,-1,34.7,27.1,74,3,110
2023,6,25,5,31.9,25.4,74,2,110
2023,6,26,1.5,33.3,26.5,81,2,80
2023,6,27,68.5,32,24.8,83,2,300
2023,6,28,17,34.3,25.8,78,2,130
2023,6,29,3,31.3,26.4,86,2,260
2023,6,30,0,31.8,27.1,92,3,260
2023,7,1,-1,35.8,27.3,74,2,110
2023,7,2,24,34.7,23.9,83,2,270
2023,7,3,0,35,27.7,73,3,120
2023,7,4,0,34.3,27,71,2,120
2023,7,5,0,35.6,28.8,66,3,120
2023,7,6,0,36.3,28.4,68,3,110
2023,7,7,0,35.5,27.1,68,2,290
2023,7,8,-1,35.4,27.4,67,2,110
2023,7,9,-1,34.9,27.3,75,2,210
2023,7,10,0,35.3,27.3,65,2,120
2023,7,11,4,34.5,26.2,71,2,280
2023,7,12,86,32.2,25.7,91,2,270
2023,7,13,32.5,27.4,25.4,91,3,230
2023,7,14,37.5,30.6,24.9,87,3,220
2023,7,15,28.5,31.2,24,75,3,230
2023,7,16,12,31.1,24.7,89,2,200
2023,7,17,0,33.2,26.6,75,2,240
2023,7,18,-1,32.7,26.4,79,2,290
2023,7,19,15.5,32.4,25.4,89,2,260
2023,7,20,-1,32.3,26.7,79,2,130
2023,7,21,0,34.7,27.5,75,2,230
2023,7,22,3,32,26.2,85,3,270
2023,7,23,5,32.2,25.2,81,4,260
2023,7,24,9.5,31.3,27,87,4,250
2023,7,25,33.5,32.1,25.4,84,8,260
2023,7,26,30,30.3,23.6,85,6,250
2023,7,27,34.5,31.1,25,85,4,230
2023,7,28,32,30.4,24,93,4,220
2023,7,29,74,30.6,24.3,89,2,260
2023,7,30,6.5,28.4,25.6,92,3,260
2023,7,31,34,30.7,25.4,96,3,260
2023,8,1,15.5,28.6,25.3,95,2,230
2023,8,2,25,30.6,25.4,98,3,230
2023,8,3,2,32,26.2,85,3,230
2023,8,4,0,32.6,26.9,80,3,220
2023,8,5,0,31.9,28,85,7,260
2023,8,6,-1,32.2,26.6,81,7,250
2023,8,7,33,32.4,26,85,7,250
2023,8,8,3.5,31.8,27.5,85,6,260
2023,8,9,-1,32.5,28.3,78,5,260
2023,8,10,0,32.8,27.7,79,5,260
2023,8,11,-1,32.2,27.1,80,5,260
2023,8,12,0,32.5,27.9,80,4,260
2023,8,13,11.5,32.8,27,81,4,230
2023,8,14,5.5,32.3,26.9,82,4,260
2023,8,15,0.5,32.3,27.1,80,5,250
2023,8,16,1,32.2,27.4,82,5,260
2023,8,17,-1,32.2,27.2,78,4,260
2023,8,18,0.5,32.7,26.9,80,4,260
2023,8,19,-1,32.6,27,74,3,230
2023,8,20,7.5,32.5,25.9,76,4,260
2023,8,21,33.5,31.8,26.7,81,4,260
2023,8,22,29,31.1,24.5,87,3,260
2023,8,23,61.5,32,24.9,81,3,240
2023,8,24,0,31.2,26.8,81,4,260
2023,8,25,0,32.3,28.3,78,6,250
2023,8,26,22.5,30.8,25.2,86,7,260
2023,8,27,3.5,29.2,25.8,90,6,260
2023,8,28,0,32.4,26.9,85,6,260
2023,8,29,3.5,30.3,26.8,84,6,240
2023,8,30,38,31.5,24.2,84,4,250
2023,8,31,32,30.8,25.7,91,3,250
2023,9,1,52.5,32.1,24.6,92,4,240
2023,9,2,49.5,31.9,25.9,89,4,250
2023,9,3,24.5,30.6,25.2,92,3,240
2023,9,4,10.5,30.2,25.4,91,3,250
2023,9,5,7,30.6,26.5,92,3,230
2023,9,6,0,32.8,27.2,80,3,280
2023,9,7,1,33.6,26.9,80,3,250
2023,9,8,3,33.6,25.4,79,3,270
2023,9,9,0,34,27.9,79,3,250
2023,9,10,1,32.1,26.8,79,3,260
2023,9,11,0,32,27.2,80,4,260
2023,9,12,4.5,31.7,25.1,86,2,280
2023,9,13,0,30.9,26.7,81,3,230
2023,9,14,0,31.5,26.4,84,3,260
2023,9,15,0.5,31,26.8,83,2,260
2023,9,16,1.5,35,27.3,76,2,160
2023,9,17,23.5,33.5,23.9,83,2,280
2023,9,18,0,33.7,27,73,2,300
2023,9,19,0,34.5,26.3,74,2,110
2023,9,20,0,35,27.8,75,2,110
2023,9,21,6,33.2,27.3,78,2,280
2023,9,22,12,30.4,25.6,90,1,200
2023,9,23,2.5,28.5,26.3,92,2,260
2023,9,24,0,33.2,27.2,77,1,140
2023,9,25,3.5,32.4,25.9,86,2,220
2023,9,26,15,32.4,22.7,82,3,260
2023,9,27,6.5,31.6,25.7,86,3,260
2023,9,28,41.5,35.3,23.9,77,2,260
2023,9,29,1,32.5,27.4,78,2,280
2023,9,30,0.5,32.1,27.6,85,4,250
2023,10,1,14,31.6,24.9,83,4,260
2023,10,2,25,31.1,25.8,87,5,240
2023,10,3,12,29.6,26.5,87,5,250
2023,10,4,-1,29.7,26.1,87,4,230
2023,10,5,11.5,31.5,24.1,93,3,260
2023,10,6,0,30.1,25.6,83,3,260
2023,10,7,0,31.5,25.8,81,3,290
2023,10,8,2,32,26.3,85,2,280
2023,10,9,2,34.5,26.6,85,2,90
2023,10,10,1,33.2,26,71,2,130
2023,10,11,17.5,32.4,25.3,83,2,210
2023,10,12,2.5,32.4,25.9,84,2,120
2023,10,13,2.5,33.5,25.9,79,2,120
2023,10,14,0.5,32.4,25.5,76,2,130
2023,10,15,0,33.8,27.5,72,3,120
2023,10,16,0,32.4,26.1,76,2,120
2023,10,17,9.5,33.1,26.2,79,2,110
2023,10,18,0.5,33.5,25.9,77,2,120
2023,10,19,1,29.7,25.2,92,1,180
2023,10,20,26.5,32.4,25.3,81,2,20
2023,10,21,-1,28.9,25.6,90,1,80
2023,10,22,1,31.1,25.2,84,2,270
2023,10,23,1,29.4,24.7,87,1,110
2023,10,24,17.5,31.1,24.8,87,1,300
2023,10,25,0,33.1,25.7,77,2,130
2023,10,26,0,33.6,26.4,74,2,130
2023,10,27,4.5,33.8,26,78,2,120
2023,10,28,0,33.8,25.8,73,2,120
2023,10,29,0,33.5,25.4,70,3,110
2023,10,30,0,34.3,26.3,64,3,100
2023,10,31,-1,33.8,26.9,61,4,60
2023,11,1,3.2,29.8,25.5,83,2,50
2023,11,2,3,32.1,26.6,83,2,200
2023,11,3,0,34.5,26.9,73,2,130
2023,11,4,0,34.2,26.6,74,2,130
2023,11,5,0,34.7,26.7,76,2,110
2023,11,6,2,34.8,26.1,73,2,110
2023,11,7,1.5,33,25.6,74,2,120
2023,11,8,0,32.4,27,79,2,120
2023,11,9,0,35,26.3,71,2,110
2023,11,10,0,34.1,26.2,70,3,110
2023,11,11,-1,32.3,26.1,75,2,50
2023,11,12,-1,33.7,26.4,72,3,120
2023,11,13,1.5,32.1,26.1,72,2,120
2023,11,14,-1,34.3,26.1,70,3,90
2023,11,15,1,30,25.1,82,2,70
2023,11,16,0,34.4,25.3,70,3,70
2023,11,17,0,33,25.5,65,3,30
2023,11,18,0,32.4,26.2,65,3,80
2023,11,19,0,32.4,24.1,65,2,100
2023,11,20,0,32.7,24.7,68,2,280
2023,11,21,0,32.2,24.7,67,2,100
2023,11,22,0,32.3,25.7,72,2,140
2023,11,23,1,32.2,26.6,78,2,130
2023,11,24,0.5,33.2,25.6,79,2,120
2023,11,25,2.5,30.3,23.7,86,2,60
2023,11,26,0.5,30.9,24.5,81,2,320
2023,11,27,-1,33.7,26.7,74,2,70
2023,11,28,2,33.4,26.1,75,3,110
2023,11,29,0,34,26.8,71,2,120
2023,11,30,0,34.7,26.8,67,3,80
2023,12,1,-1,33.6,26.6,67,3,90
2023,12,2,0,34.3,25.1,67,3,110
2023,12,3,1.5,30.9,24.9,81,2,100
2023,12,4,0,33.8,26.8,67,3,120
2023,12,5,0,33,26.4,73,2,140
2023,12,6,0,33.8,27.2,72,2,120
2023,12,7,-1,33,25.5,76,3,120
2023,12,8,0,33.5,25.1,70,3,120
2023,12,9,0,33.8,25.3,69,3,110
2023,12,10,0.5,34.6,25.1,76,2,110
2023,12,11,0.5,31.2,25.1,75,2,110
2023,12,12,0,33.4,25.2,69,2,110
2023,12,13,-1,34.1,25.2,68,3,110
2023,12,14,1.5,33,25.6,73,3,70
2023,12,15,11,30.5,24.6,86,2,350
2023,12,16,-1,32,25.3,78,2,110
2023,12,17,0.5,32.9,25.1,62,3,70
2023,12,18,2.5,31.9,25.2,81,2,90
2023,12,19,-1,31.5,26.5,77,2,110
2023,12,20,-1,33.1,26.1,73,2,110
2023,12,21,21.5,30.7,24.2,79,2,130
2023,12,22,1.5,29.2,24,77,3,10
2023,12,23,0,30.7,25.2,72,3,30
2023,12,24,0,31.9,25.4,74,2,120
2023,12,25,0,32.5,25.5,68,3,70
2023,12,26,0.5,30.7,24.9,82,2,130
2023,12,27,5.5,31.8,25.2,80,2,110
2023,12,28,0,32.1,24.7,78,2,110
2023,12,29,0.5,33,25.3,73,2,80
2023,12,30,-1,33.1,25.8,75,2,120
2023,12,31,0,32.8,25.2,72,3,120
2024,1,1,0,32.8,26,74,3,110
2024,1,2,0,32,25.6,78,2,130
2024,1,3,0,32.9,26.5,77,2,120
2024,1,4,0,33.5,25.8,70,3,110
2024,1,5,0,32,24.7,70,2,120
2024,1,6,0,31.9,26.3,69,3,110
2024,1,7,0,32.2,24.4,66,3,100
2024,1,8,0.5,32.3,25.3,72,3,120
2024,1,9,-1,32.9,25.8,82,2,130
2024,1,10,-1,32.2,25.3,74,3,280
2024,1,11,0,31.5,24.6,72,3,120
2024,1,12,0,30.7,25.1,67,3,120
2024,1,13,0,30.9,24.8,70,3,120
2024,1,14,0,31.5,24.2,70,3,120
2024,1,15,0,31.9,25,68,3,110
2024,1,16,0,31.6,25,62,4,100
2024,1,17,0,31,22.2,62,4,80
2024,1,18,0,31.1,25,67,2,140
2024,1,19,0,31.7,24,72,2,110
2024,1,20,0.5,29.9,24.4,78,2,150
2024,1,21,0,32.8,25.1,69,2,110
2024,1,22,-1,31.4,24.9,77,2,100
2024,1,23,0.5,32.1,24.5,77,3,140
2024,1,24,0,31.2,23.4,65,3,90
2024,1,25,0,30.4,23,70,3,90
2024,1,26,0,29.5,21.7,64,3,90
2024,1,27,-1,31.1,22.5,63,3,80
2024,1,28,0,29.7,22.5,66,3,80
2024,1,29,0,31.3,24,57,4,110
2024,1,30,0,31.7,23,66,3,120
2024,1,31,0,30.7,23.4,71,3,110
2024,2,1,-1,32.6,24.2,70,3,110
2024,2,2,0,32.2,23.2,71,3,110
2024,2,3,0,32.9,25.6,69,4,100
2024,2,4,0,33.1,24.4,67,3,130
2024,2,5,0,33.2,24.3,71,3,120
2024,2,6,0,34.3,23.1,70,3,120
2024,2,7,0,32.8,24.9,64,3,130
2024,2,8,0,33.2,24.9,67,2,290
2024,2,9,0,33,24.3,72,2,120
2024,2,10,0,32,23.4,67,3,130
2024,2,11,0,32.9,24.5,58,3,90
2024,2,12,0,31.7,23.3,60,4,100
2024,2,13,0,32.3,24.9,65,3,120
2024,2,14,0,32.8,24.6,68,3,110
2024,2,15,0,33.8,25.2,67,3,120
2024,2,16,0,32.5,25.1,65,3,110
2024,2,17,0,32.1,23.6,71,3,110
2024,2,18,0,33.1,24.6,64,3,120
2024,2,19,0,33.1,23.9,64,3,100
2024,2,20,0,32.8,25.2,64,4,110
2024,2,21,0,33.1,24.1,64,3,120
2024,2,22,0,33.5,24.9,70,4,120
2024,2,23,0,32.6,26,68,3,120
2024,2,24,-1,34,25.3,62,3,90
2024,2,25,0,32.4,25.4,70,4,110
2024,2,26,0,33.8,23,58,4,110
2024,2,27,0,32.8,22.9,59,4,110
2024,2,28,0,32.9,22.8,60,4,90
2024,2,29,0,33.2,24.1,64,3,120
2024,3,1,0,33.6,23.8,61,3,120
2024,3,2,0,32.5,23.2,63,4,120
2024,3,3,0,32.9,25.4,64,3,110
2024,3,4,0,32.7,26.8,69,3,140
2024,3,5,0,33.9,23.4,65,3,130
2024,3,6,0,35.9,25.9,56,2,110
2024,3,7,0,34.2,26.1,62,3,120
2024,3,8,0,33.1,25.9,64,3,120
2024,3,9,0,32.1,25.8,69,3,110
2024,3,10,0,33.1,25,61,3,110
2024,3,11,-1,32.3,25.5,68,2,150
2024,3,12,-1,32.7,26.9,71,3,120
2024,3,13,0,33.1,26,62,4,110
2024,3,14,-1,33.9,25.8,62,3,120
2024,3,15,-1,31,26.2,70,3,120
2024,3,16,0,33.9,26,65,4,120
2024,3,17,0,33.4,26.2,64,3,110
2024,3,18,0,33.8,24.2,58,3,110
2024,3,19,0,33.6,25.3,60,3,120
2024,3,20,-1,33.1,23.5,64,4,120
2024,3,21,-1,31.1,23.3,68,3,90
2024,3,22,-1,31.5,25.2,69,4,120
2024,3,23,-1,33.7,25.4,69,4,110
2024,3,24,0,34.3,26.8,62,4,110
2024,3,25,0,34,26.5,61,4,130
2024,3,26,-1,35,27.4,71,3,130
2024,3,27,-1,35.3,27.3,71,4,140
2024,3,28,11.5,35.8,26.4,67,3,120
2024,3,29,0,34.8,26.1,72,3,120
2024,3,30,0,35,24.3,65,4,120
2024,3,31,0,34.9,27.2,61,3,120
2024,4,1,0,35.7,27.6,62,4,120
2024,4,2,0,35.4,27.3,59,4,110
2024,4,3,0,35.3,27.1,58,4,130
2024,4,4,0,35.5,26.2,62,4,100
2024,4,5,-1,35,26.6,59,3,100
2024,4,6,0,34.3,25.8,65,3,110
2024,4,7,0,34.9,25.9,62,3,120
2024,4,8,0,35,26.2,64,3,140
2024,4,9,0,35,26.7,62,3,120
2024,4,10,0,34.6,27.5,76,4,110
2024,4,11,0,35.1,27.4,63,4,120
2024,4,12,0,35.4,25,61,4,130
2024,4,13,0,36.1,26.7,58,4,120
2024,4,14,0,35.8,27.8,62,3,140
2024,4,15,0,36.9,27.5,61,3,140
2024,4,16,0,36.2,27.2,60,3,130
2024,4,17,0,36.3,26.7,60,3,140
2024,4,18,0,38.2,28,56,3,120
2024,4,19,0,35.4,26.5,59,4,130
2024,4,20,0,36.4,28.3,57,3,120
2024,4,21,0,35.5,27.1,60,3,110
2024,4,22,0,36.7,28.5,59,3,120
2024,4,23,0,37.1,28.9,64,3,120
2024,4,24,0,37.9,29.8,62,3,130
2024,4,25,0,38.2,29.5,61,3,130
2024,4,26,0,38,27.3,58,3,120
2024,4,27,0,38.8,30.1,59,4,120
2024,4,28,0,38,29.8,63,4,120
2024,4,29,0,36.9,28.2,59,4,130
2024,4,30,0,37.4,28.3,61,3,120
2024,5,1,0,38,28.4,59,3,120
2024,5,2,0,36.6,28,55,4,110
2024,5,3,0,36.3,28,58,4,120
2024,5,4,0,36.6,26.8,57,4,120
2024,5,5,-1,36.6,28.6,58,4,130
2024,5,6,0,36.1,28.8,65,4,120
2024,5,7,0,36.4,27.6,58,3,120
2024,5,8,0,36.1,28.8,60,3,120
2024,5,9,0,37,28.9,61,3,120
2024,5,10,-1,35.6,28.7,64,3,120
2024,5,11,0,36.1,27.8,62,3,120
2024,5,12,0,37.5,29.8,61,3,130
2024,5,13,30.5,38.3,24.9,66,3,220
2024,5,14,0.5,36.4,29.4,67,2,110
2024,5,15,0,37.4,27.4,60,3,140
2024,5,16,0,37.7,29,59,3,120
2024,5,17,8.5,37.3,25.4,67,3,110
2024,5,18,-1,36.3,29.3,69,3,170
2024,5,19,36.5,35.2,24.4,81,1,110
2024,5,20,0,37.5,28.8,62,3,120
2024,5,21,0,37.2,29.5,60,3,130
2024,5,22,0,36.6,29.4,59,3,110
2024,5,23,0,36.8,30.1,60,3,110
2024,5,24,0,36.7,30,61,3,120
2024,5,25,40,32.1,25.6,79,3,360
2024,5,26,36.5,29.6,25.5,95,3,340
2024,5,27,2.5,33.2,26.5,80,5,260
2024,5,28,0,33.5,27.9,77,4,260
2024,5,29,34,34,26.7,100,3,80
2024,5,30,-1,35.8,28.5,70,2,100
2024,5,31,0,36.2,29.2,69,3,110
2024,6,1,0,36.9,29.5,64,3,110
2024,6,2,1,36,28.4,67,3,270
2024,6,3,0,34.5,29.3,72,4,260
2024,6,4,0,35.4,28.3,73,3,310
2024,6,5,39.5,32.9,25.5,81,2,320
2024,6,6,29,33.7,24.7,81,2,280
2024,6,7,3,33.1,26.6,84,3,260
2024,6,8,8.5,34.6,27.7,77,2,120
2024,6,9,-1,35.4,28,74,3,130
2024,6,10,-1,36.2,26.3,73,2,220
2024,6,11,0,33.8,28.5,74,3,230
2024,6,12,0,33.9,28.5,74,3,270
2024,6,13,0,34.2,28.7,74,3,270
2024,6,14,2,34.2,27,76,3,200
2024,6,15,42.5,35.7,25.8,81,2,290
2024,6,16,44,33,24.8,80,3,260
2024,6,17,8.5,35,27.2,78,2,130
2024,6,18,2.5,33.5,26.9,86,3,130
2024,6,19,12,35.6,26.6,80,2,120
2024,6,20,-1,34.4,28.2,76,3,120
2024,6,21,3.5,34.5,27.3,78,2,120
2024,6,22,8.5,33.9,27,82,2,110
2024,6,23,65.5,33.2,22.9,85,3,260
2024,6,24,11.5,33.1,25.5,85,2,110
2024,6,25,-1,34.2,27.5,70,3,100
2024,6,26,6,32.5,26.6,85,2,110
2024,6,27,0.5,34.4,28.7,71,3,100
2024,6,28,0,35,27.6,71,2,90
2024,6,29,0,34.9,28.5,72,2,110
2024,6,30,12.5,34.1,26,81,2,280
2024,7,1,0,33.8,28.3,75,2,110
2024,7,2,5,35.3,26.2,83,3,110
2024,7,3,0,35.1,27.7,71,3,130
2024,7,4,6,33.8,25.6,81,2,360
2024,7,5,15,30.8,26.6,85,2,290
2024,7,6,0.5,32.9,26.7,81,2,120
2024,7,7,0,34.6,26.9,70,3,120
2024,7,8,14,34.9,26.2,70,2,220
2024,7,9,16,34.1,26.3,80,2,150
2024,7,10,-1,33,27.1,83,2,160
2024,7,11,29.5,34.5,25.4,79,2,240
2024,7,12,-1,34.4,27,81,2,220
2024,7,13,0,33.7,28.2,72,3,120
2024,7,14,-1,33.8,27.9,76,3,110
2024,7,15,9.5,33.6,25.2,83,2,110
2024,7,16,-1,33.5,27.5,72,3,110
2024,7,17,2.5,33.3,26.7,79,2,220
2024,7,18,7,29.8,26.4,87,2,80
2024,7,19,52,33.7,25.8,83,3,120
2024,7,20,0,32.4,27.2,78,3,270
2024,7,21,19,31.9,23.9,86,4,260
2024,7,22,91.5,29.5,24.6,95,6,250
2024,7,23,179,28.8,24.7,96,5,240
2024,7,24,33,29.2,24.1,92,4,220
2024,7,25,-1,32.4,26.4,81,4,230
2024,7,26,-1,33.7,26.6,74,3,240
2024,7,27,-1,32.9,27.2,80,3,290
2024,7,28,20.5,30.8,25.1,88,2,250
2024,7,29,2,30.7,25.2,86,3,270
2024,7,30,0,32.6,26.1,80,3,260
2024,7,31,14.5,32.7,25.8,83,3,280
2024,8,1,0,33.1,26.8,82,3,260
2024,8,2,9,33,24.2,78,4,270
2024,8,3,2.5,32.5,25.8,78,3,280
2024,8,4,41.5,32.9,24.5,85,3,260
2024,8,5,-1,31.8,26.3,83,4,260
2024,8,6,0,31.8,26.9,79,4,250
2024,8,7,17,32.3,26.1,81,5,270
2024,8,8,3,32,26.2,86,5,260
2024,8,9,6.5,31.9,26.8,83,5,260
2024,8,10,11.5,32.1,25.9,92,4,260
2024,8,11,0.5,32.6,27.3,79,4,270
2024,8,12,2.5,32.9,27.2,77,5,260
2024,8,13,8,32.9,24.2,81,3,230
2024,8,14,0,32.6,27.8,81,4,260
2024,8,15,6,33.1,27.4,80,4,260
2024,8,16,0,33.8,27.9,77,3,250
2024,8,17,0,34.4,28.4,68,3,270
2024,8,18,2,33.8,27.3,78,3,280
2024,8,19,1,36.1,26.2,72,3,10
2024,8,20,1.5,35.9,27.4,76,2,260
2024,8,21,0.5,34.9,26.5,77,2,260
2024,8,22,18.5,33.9,26.4,81,2,270
2024,8,23,4,33.3,25.6,80,2,280
2024,8,24,1.5,31.8,26.6,82,2,60
2024,8,25,8,32.9,25.6,83,2,280
2024,8,26,13.5,31.9,25.6,87,3,220
2024,8,27,61.5,30.6,25.2,87,3,250
2024,8,28,21,29.6,24.8,98,1,260
2024,8,29,5,32.8,26.3,86,2,120
2024,8,30,5.5,33.3,26.5,83,2,260
2024,8,31,12.5,34.5,27.1,78,3,260
2024,9,1,66,32.5,24.3,88,4,250
2024,9,2,35,26.5,23.6,99,3,230
2024,9,3,29.5,30.7,24.8,96,3,230
2024,9,4,41.5,28.1,25,96,3,220
2024,9,5,47.5,28.9,24.2,96,2,110
2024,9,6,1,31.1,25.1,90,2,280
2024,9,7,0,33,25.4,83,2,120
2024,9,8,0,33.6,27.7,75,4,260
2024,9,9,0,30.6,26.8,81,3,300
2024,9,10,3.5,31.6,26.1,83,4,260
2024,9,11,0,32.2,26.7,85,4,260
2024,9,12,-1,32,27.5,82,4,260
2024,9,13,7,31.3,26.1,87,3,270
2024,9,14,8,31.3,26.2,85,3,270
2024,9,15,20.5,32.3,26,89,4,260
2024,9,16,1,31.4,26.7,87,4,260
2024,9,17,2,32,26.4,86,3,260
2024,9,18,17,30.7,25.4,89,2,100
2024,9,19,5.5,31.7,26,83,2,250
2024,9,20,0.5,31.8,26.6,81,3,90
2024,9,21,7.5,29.6,25.4,92,2,90
2024,9,22,12,32.4,25.4,91,2,260
2024,9,23,0,35.3,27.2,74,2,130
2024,9,24,1.5,35.1,27.2,73,2,110
2024,9,25,0,35.4,27.2,71,2,140
2024,9,26,-1,34.1,26.7,75,3,260
2024,9,27,0,33.7,28.4,74,3,20
2024,9,28,0,33.5,28.6,76,5,280
2024,9,29,10.5,32,25.9,84,6,250
2024,9,30,1,32.5,27,81,4,260
2024,10,1,0,32.1,26.2,82,3,260
2024,10,2,0,32.9,27.5,77,3,270
2024,10,3,0,33.4,27.5,77,2,270
2024,10,4,5,32.7,27,83,2,120
2024,10,5,15,32.4,24.9,80,2,290
2024,10,6,11,30,24.7,93,1,190
2024,10,7,0.5,31.2,25.8,84,2,120
2024,10,8,1,34.7,26.8,75,2,130
2024,10,9,-1,34.8,27,85,3,260
2024,10,10,0,34.3,26.9,82,2,230
2024,10,11,-1,34.5,26.3,83,2,110
2024,10,12,0,34.7,26.5,72,2,100
2024,10,13,0,34.7,27.6,70,2,80
2024,10,14,-1,32.9,26.5,80,3,70
2024,10,15,6.5,33.2,25.9,88,2,10
2024,10,16,0,33.9,26.2,72,2,120
2024,10,17,-1,33.1,26.8,70,2,280
2024,10,18,-1,32.8,27.1,76,2,110
2024,10,19,0,33,26.3,77,2,20
2024,10,20,24,34,25.3,76,2,50
2024,10,21,-1,32.6,26.7,76,2,140
2024,10,22,30.5,29.7,24.5,87,5,260
2024,10,23,16,27.7,25.4,88,6,220
2024,10,24,138.5,28.1,24.3,92,6,250
2024,10,25,0,32.9,24.8,75,3,230
2024,10,26,0.5,31.7,24.4,82,3,280
2024,10,27,0,30.7,26.8,78,4,260
2024,10,28,0,31.6,27.7,76,4,300
2024,10,29,-1,31.6,27.7,77,6,270
2024,10,30,2.5,29.8,26.3,89,6,260
2024,10,31,0.5,31.1,26.6,90,3,260
2024,11,1,0,33.1,26.2,83,2,260
2024,11,2,0,34.4,26.5,70,3,110
2024,11,3,0.5,33,25.5,77,2,120
2024,11,4,3,33,25.4,77,2,80
2024,11,5,12.5,33.6,25.2,76,2,100
2024,11,6,13,32,24,81,2,290
2024,11,7,0,31.9,26.2,82,3,270
2024,11,8,0,33.9,26.9,77,2,130
2024,11,9,0,34.2,26.7,70,2,140
2024,11,10,15,31.3,24.9,84,3,270
2024,11,11,0,30.7,26.8,83,3,250
2024,11,12,0,33,26.7,79,2,260
2024,11,13,1.5,32.3,27.2,84,2,280
2024,11,14,0,31.5,26.4,83,3,240
2024,11,15,0,34.4,26.5,73,2,140
2024,11,16,5.5,32.3,26.5,79,3,350
2024,11,17,3,29.3,26.7,88,3,260
2024,11,18,0,33.8,26.1,76,3,110
2024,11,19,0,34.1,25.3,69,3,110
2024,11,20,0,34.6,26.4,68,3,100
2024,11,21,0,33.8,25,66,3,80
2024,11,22,0,33.9,25.9,64,3,120
2024,11,23,0,33.4,26.2,68,3,90
2024,11,24,-1,33.4,25.6,70,3,80
2024,11,25,0,34.1,26.4,74,3,110
2024,11,26,0,34,25.2,64,3,130
2024,11,27,0,33.2,25.5,69,3,80
2024,11,28,0,34.3,27.4,66,2,100
2024,11,29,-1,30.9,25.7,74,3,10
2024,11,30,5.5,30.1,24.7,76,2,30
2024,12,1,5,27.2,24.7,94,1,210
2024,12,2,19.5,28.4,25.4,91,1,160
2024,12,3,0,32.1,26.8,85,2,120
2024,12,4,0,33.4,24.8,75,3,120
2024,12,5,-1,33.3,25.8,72,2,140
2024,12,6,4,33.7,25.7,70,2,130
2024,12,7,0,33,26.8,79,2,120
2024,12,8,3,32.5,26.4,81,2,110
2024,12,9,1.5,30.6,26,78,2,120
2024,12,10,6.5,29.7,24.6,86,2,110
2024,12,11,0,32.1,26.2,80,2,110
2024,12,12,-1,32.5,26.3,73,3,90
2024,12,13,-1,32.6,26.1,73,2,120
2024,12,14,0,33.7,27,71,3,120
2024,12,15,-1,27.1,24.8,75,3,90
2024,12,16,0,32.1,26.8,68,3,100
2024,12,17,1.5,30.1,25,77,2,40
2024,12,18,0,30.3,25.9,72,3,40
2024,12,19,0,31.8,25.3,66,2,100
2024,12,20,0,32.1,26.4,67,2,120
2024,12,21,-1,30.8,25.9,76,2,100
2024,12,22,0,31.6,25.4,68,4,120
2024,12,23,0,31,25.9,75,3,120
2024,12,24,15,29.4,24.5,94,2,150
2024,12,25,27,25.8,23.8,97,2,110
2024,12,26,-1,32.5,25.4,82,2,120
2024,12,27,2.5,32.5,25.1,75,2,110
2024,12,28,16,30.8,23.4,90,2,110
2024,12,29,10.5,30,24.4,81,2,60
2024,12,30,9.5,30.4,24.9,95,1,20
2024,12,31,0.5,33.1,25.9,80,2,110
