YEAR,MONTH,DAY,RAINFALL,TMAX,TMIN,RH,WIND_SPEED,WIND_DIRECTION
2010,1,1,0,24.6,17.5,87,6,70
2010,1,2,0,24.7,17.7,88,5,70
2010,1,3,0,24.6,17.8,90,2,140
2010,1,4,0,25.5,19,62,8,20
2010,1,5,0,25.4,19,88,3,20
2010,1,6,0,27,18.9,87,3,80
2010,1,7,0,23.6,18.5,91,3,40
2010,1,8,0,25.2,18.5,90,3,90
2010,1,9,0,25,18.6,89,3,70
2010,1,10,0,25.4,18.7,89,4,40
2010,1,11,0,27,20.6,93,1,90
2010,1,12,0,26.7,19.7,91,3,90
2010,1,13,0.6,23.3,17.5,87,6,60
2010,1,14,0,22,17.5,88,9,70
2010,1,15,0,22,17.5,89,6,70
2010,1,16,3.3,23.5,18.5,92,5,70
2010,1,17,5.2,21.6,19,99,8,70
2010,1,18,15,21.6,18.6,98,7,70
2010,1,19,8.3,21.6,19,99,7,80
2010,1,20,2,21.5,18.2,92,5,70
2010,1,21,0,23.5,17,90,5,70
2010,1,22,0,24.4,17.2,83,6,70
2010,1,23,0,22.7,17.8,89,6,70
2010,1,24,0,23.1,17,92,6,70
2010,1,25,6,24.5,19,96,5,90
2010,1,26,0,22,18,85,5,90
2010,1,27,0,23.2,19,86,5,60
2010,1,28,0,25.8,18.5,84,3,90
2010,1,29,0,24.9,18,88,3,90
2010,1,30,0,25.9,17.5,86,3,50
2010,1,31,0,24.8,18.4,92,5,110
2010,2,1,0,25,20.5,99,4,90
2010,2,2,0,26.5,21,85,4,40
2010,2,3,0,26,19.2,81,4,70
2010,2,4,0,27,18.3,88,4,110
2010,2,5,0,26,18.5,88,3,50
2010,2,6,0,25.5,18.6,88,3,80
2010,2,7,0,27.5,18.8,87,4,70
2010,2,8,0,27.2,19,89,3,80
2010,2,9,2.4,25.8,19.4,92,4,120
2010,2,10,0,25.6,19.1,89,5,110
2010,2,11,0,26.8,18.3,83,4,120
2010,2,12,0,27.5,17.5,80,4,70
2010,2,13,0,25.5,18.8,84,5,80
2010,2,14,0,27.2,18.8,82,4,60
2010,2,15,0,25.6,19.1,89,4,60
2010,2,16,0,27.2,18.5,84,4,70
2010,2,17,0,26.8,17.8,84,4,80
2010,2,18,0,27,18.2,79,4,60
2010,2,19,0,27.5,18.3,82,3,120
2010,2,20,0,28.6,19.5,82,2,140
2010,2,21,0,27,18,85,4,40
2010,2,22,0,27,19.5,85,3,110
2010,2,23,0,28,20.8,89,4,140
2010,2,24,0,27.5,19,89,3,40
2010,2,25,0,27.8,19.1,91,4,110
2010,2,26,0,28.8,18.1,86,4,90
2010,2,27,0,27.2,20.5,82,3,90
2010,2,28,0,26.8,18.7,87,2,70
2010,3,1,0,27,20,77,3,70
2010,3,2,0,29,20,85,3,120
2010,3,3,0,28,20,83,3,90
2010,3,4,0,29,19.5,82,3,60
2010,3,5,0,26.6,19.8,86,3,100
2010,3,6,0,29.2,20,87,3,90
2010,3,7,0,30,20.9,87,3,90
2010,3,8,0,28.5,20.5,84,3,90
2010,3,9,0,31.6,20,79,2,40
2010,3,10,1.6,29,19.8,83,4,50
2010,3,11,1.2,23.5,19.5,95,4,90
2010,3,12,5,24,20,97,3,110
2010,3,13,0,27.5,19.6,85,4,110
2010,3,14,0,28.4,20.3,83,4,110
2010,3,15,1.4,25,20,92,4,90
2010,3,16,0,27.5,19.5,78,4,60
2010,3,17,0,29,19.3,87,4,90
2010,3,18,1,26.3,19.8,89,5,90
2010,3,19,0,28,19,81,5,60
2010,3,20,0,28,18.5,80,4,70
2010,3,21,3.3,27.5,19,91,5,90
2010,3,22,0.1,27,20.5,96,4,90
2010,3,23,0,26.5,19,89,4,90
2010,3,24,0,29,19.5,82,3,90
2010,3,25,0.4,29,19.5,82,2,60
2010,3,26,0,24.8,19.6,91,4,70
2010,3,27,0,26.8,19.5,90,4,60
2010,3,28,2,26.5,19.2,88,6,40
2010,3,29,1.2,24.8,19.5,91,6,90
2010,3,30,0,26.5,17.5,83,5,20
2010,3,31,0,25.3,19.8,86,4,90
2010,4,1,0,26.5,19.6,82,3,70
2010,4,2,0,29,19.8,86,3,90
2010,4,3,0,28,19.7,85,4,90
2010,4,4,0,29.5,19.8,82,5,40
2010,4,5,0,28.5,21.5,80,2,90
2010,4,6,0,29,20,86,4,90
2010,4,7,0,31,20.5,79,4,90
2010,4,8,0,29,21,78,3,90
2010,4,9,0,31,19.2,82,3,60
2010,4,10,0,29.6,20.8,80,4,90
2010,4,11,0,29,19.8,80,5,110
2010,4,12,4.8,30,20.8,82,3,120
2010,4,13,0,28.5,20,88,4,90
2010,4,14,2,27,20.5,86,6,90
2010,4,15,0,29,20.6,81,5,70
2010,4,16,0,29,20.3,81,5,70
2010,4,17,2,28.5,19.3,89,6,90
2010,4,18,1.6,27.8,20.2,82,6,120
2010,4,19,0,29.5,21.3,82,3,120
2010,4,20,2.2,30,20,83,3,100
2010,4,21,0,30,20.5,87,4,100
2010,4,22,0,30.5,20.5,83,4,70
2010,4,23,0,31.5,20.5,84,3,110
2010,4,24,0,31.2,20.2,83,3,90
2010,4,25,0,27,20.3,85,4,90
2010,4,26,0,30.5,21.5,78,3,60
2010,4,27,0,31,21.5,83,3,120
2010,4,28,0,31,21.5,84,3,120
2010,4,29,1.3,31,22,86,4,110
2010,4,30,10.7,30.5,20.8,84,2,60
2010,5,1,0,30.8,21,84,2,90
2010,5,2,21.7,30.7,20.5,83,2,360
2010,5,3,2,30.2,20,85,2,10
2010,5,4,0,31,22,87,3,90
2010,5,5,0,31.5,22,82,3,140
2010,5,6,0,30.1,21,84,5,40
2010,5,7,0,31.2,21,79,4,40
2010,5,8,0,31.4,22.4,81,3,90
2010,5,9,0,32,22.4,83,2,90
2010,5,10,0,31.5,22.5,79,3,90
2010,5,11,0,30.5,21.5,81,3,40
2010,5,12,1.4,29,19,87,4,40
2010,5,13,0,31,20,84,4,40
2010,5,14,0,31,21.3,80,4,40
2010,5,15,0,31.5,21.5,78,3,120
2010,5,16,0,31.5,21.5,76,3,90
2010,5,17,0,30.5,21.5,82,3,40
2010,5,18,0,30.6,22,86,3,90
2010,5,19,0,31.5,22.7,88,3,110
2010,5,20,0,32,21,81,3,40
2010,5,21,0,32,20.5,84,3,40
2010,5,22,0,32,20.8,80,2,250
2010,5,23,0,31,21,83,2,250
2010,5,24,0,30.7,21.5,81,2,270
2010,5,25,0,33,22.5,76,2,320
2010,5,26,0,33,24,82,2,140
2010,5,27,2,31,20.2,86,3,40
2010,5,28,24.1,30.5,20,87,3,40
2010,5,29,0,31,20,84,2,270
2010,5,30,0,30.5,20,87,3,270
2010,5,31,10.2,31,22.5,86,4,220
2010,6,1,21.4,27.5,22.2,96,3,320
2010,6,2,4.4,27,20.5,93,4,320
2010,6,3,6.3,25,20,97,5,260
2010,6,4,6.4,27.2,21,92,5,220
2010,6,5,0,27.6,22.4,94,2,290
2010,6,6,0,26.1,22.4,95,3,310
2010,6,7,0,29,22,89,2,260
2010,6,8,0,31,22.3,84,1,270
2010,6,9,1,27,23,91,1,270
2010,6,10,0,27.5,21,92,2,290
2010,6,11,0,30.4,22.3,87,2,270
2010,6,12,0,30,22.8,84,1,320
2010,6,13,2.8,30.5,22,84,2,180
2010,6,14,37,29,21.5,91,1,220
2010,6,15,14,30.5,21.5,88,2,40
2010,6,16,6.6,30.5,22.4,87,4,90
2010,6,17,0,30,21.5,86,4,40
2010,6,18,1.8,30,21.4,88,2,90
2010,6,19,0,29.8,21.5,87,2,170
2010,6,20,0,29.5,21.4,87,2,70
2010,6,21,0,30,23,89,2,20
2010,6,22,3.6,28.5,21.7,93,1,20
2010,6,23,1,28.7,22.6,87,2,320
2010,6,24,2.3,24,21,96,3,270
2010,6,25,2.1,28,21,90,2,270
2010,6,26,6.7,26.5,21,96,2,290
2010,6,27,0,28.6,21.2,89,2,290
2010,6,28,0,30.3,22.5,86,2,20
2010,6,29,8,26.5,21.6,95,2,40
2010,6,30,6.8,27,22,98,3,180
2010,7,1,0,30,21,91,2,270
2010,7,2,4.3,29,22.1,87,2,170
2010,7,3,0,29.6,21.6,86,2,180
2010,7,4,17,30.6,22.3,85,2,310
2010,7,5,14.4,30.5,21,89,2,220
2010,7,6,0,30,22,85,2,270
2010,7,7,10.4,30,21.5,84,3,40
2010,7,8,0,28.5,21,87,3,40
2010,7,9,0,28.2,21,89,2,90
2010,7,10,7.4,28.5,20.5,89,2,290
2010,7,11,12.6,28.1,21.4,88,2,40
2010,7,12,0.1,29,22,90,2,20
2010,7,13,108.2,26.5,20,97,9,320
2010,7,14,0,25.5,21.5,95,3,90
2010,7,15,0,27.4,20.5,88,3,40
2010,7,16,0,26.5,20.5,93,1,40
2010,7,17,3.1,27.2,20.3,91,1,340
2010,7,18,9.1,23.5,20,94,2,290
2010,7,19,0.5,26.5,21.5,99,3,20
2010,7,20,46,28,19,93,2,20
2010,7,21,3,28,20.3,91,3,90
2010,7,22,2.1,27,20,93,2,40
2010,7,23,0,28,20,92,2,40
2010,7,24,1,25.5,20,92,2,70
2010,7,25,13.2,25,19.7,94,2,40
2010,7,26,2.6,27,21.5,92,1,90
2010,7,27,1.4,27.7,20.5,90,2,70
2010,7,28,7.6,27.7,20,89,2,140
2010,7,29,33,28,20,93,2,200
2010,7,30,5.4,29,21.4,88,2,90
2010,7,31,15.3,24.5,20.8,99,2,140
2010,8,1,0,28.5,21.5,86,2,340
2010,8,2,10.8,26,21.5,98,1,320
2010,8,3,19.6,25,21,96,2,340
2010,8,4,0,28,20.5,93,2,320
2010,8,5,66,26.5,20,94,2,320
2010,8,6,1.3,28,21.2,92,3,340
2010,8,7,8.8,25.8,20.5,95,3,240
2010,8,8,29.4,24,20.4,98,5,220
2010,8,9,0,25.6,21.5,94,2,320
2010,8,10,0,28,21.2,89,2,320
2010,8,11,4,25.5,19.5,93,2,180
2010,8,12,9.2,26.2,20.5,95,3,70
2010,8,13,14.1,27,20.5,94,2,110
2010,8,14,0,28.5,20.7,89,2,40
2010,8,15,0,28.4,20.6,89,2,10
2010,8,16,0,28,22,90,1,20
2010,8,17,13.2,24,20.5,94,3,90
2010,8,18,20.8,25.7,20.5,95,4,90
2010,8,19,2.2,27.8,20.2,94,3,340
2010,8,20,51,27,20.6,92,3,320
2010,8,21,0,27,20.3,95,3,290
2010,8,22,0,27.4,20.2,90,2,320
2010,8,23,2.2,28,21.5,87,2,320
2010,8,24,27,27.5,19,90,3,340
2010,8,25,2,27,20.5,58,4,340
2010,8,26,13.8,23.4,20,97,3,320
2010,8,27,5,27,20.8,93,4,220
2010,8,28,0,27.2,21,86,4,220
2010,8,29,3,26.4,20,90,4,240
2010,8,30,0,26,21.3,93,6,220
2010,8,31,7.7,25.5,20.3,98,5,290
2010,9,1,14.4,27.7,19.5,90,4,340
2010,9,2,57.3,24,20,97,5,320
2010,9,3,22.6,24.8,19.5,95,4,290
2010,9,4,0,27.4,21.5,87,2,290
2010,9,5,0,29.4,22.4,85,2,160
2010,9,6,0,28.1,22,91,2,120
2010,9,7,7,26.5,20,94,2,320
2010,9,8,0,28,21,92,2,320
2010,9,9,0,29,21,90,2,220
2010,9,10,0,29.5,21,91,2,40
2010,9,11,0,27.8,20.8,89,4,40
2010,9,12,3.1,26.2,20.5,88,3,40
2010,9,13,0.2,28.5,21,88,3,20
2010,9,14,0,28,21.4,89,4,40
2010,9,15,0,27.5,21.2,88,3,90
2010,9,16,11,29.5,20.8,86,2,90
2010,9,17,0,26,20.5,91,3,320
2010,9,18,0,27.9,20.5,88,4,290
2010,9,19,0,27.5,20.5,88,3,320
2010,9,20,40,29,21.5,89,2,20
2010,9,21,9.6,28.5,20,89,4,20
2010,9,22,14.4,28,21,92,3,40
2010,9,23,0,27.2,21,91,3,40
2010,9,24,0,28.2,20.6,83,2,40
2010,9,25,0,27.5,21.6,88,3,90
2010,9,26,0,28.5,21.8,86,3,90
2010,9,27,14.8,27.5,22.1,87,3,20
2010,9,28,0,26,21,91,4,70
2010,9,29,2.4,27,21.5,95,4,20
2010,9,30,26.2,24.5,20,94,4,40
2010,10,1,24.4,25,19,98,4,170
2010,10,2,5,25.5,20.5,95,4,170
2010,10,3,1,27.5,21.2,87,3,40
2010,10,4,0,27.5,21.8,88,3,20
2010,10,5,0,27.5,21,90,4,20
2010,10,6,0,26,19.3,92,4,40
2010,10,7,1,27.5,21,88,4,40
2010,10,8,0,27.6,21,91,3,90
2010,10,9,0,27.5,20.8,91,3,40
2010,10,10,1.6,27.6,20.9,90,3,80
2010,10,11,1.1,28,22,94,3,20
2010,10,12,24.4,23.7,19.6,94,4,70
2010,10,13,5.3,25,21,96,3,40
2010,10,14,0,26.8,20.8,94,3,40
2010,10,15,1.1,27,20,93,3,40
2010,10,16,3.3,27.5,19.8,92,3,350
2010,10,17,20.7,27,19.9,88,4,340
2010,10,18,86.2,27,21,97,6,220
2010,10,19,16,25,19.3,98,5,180
2010,10,20,2.2,25,21.7,96,5,200
2010,10,21,0,25.2,21,95,4,270
2010,10,22,7.1,24.2,20.4,97,4,320
2010,10,23,0,24.6,21,95,3,320
2010,10,24,2.4,27.8,20.6,74,1,320
2010,10,25,14,26.5,21,92,3,270
2010,10,26,6.6,26,20.3,95,2,180
2010,10,27,0.6,26.7,20.5,93,3,70
2010,10,28,0,25.5,19.2,90,4,20
2010,10,29,5.4,25,19.5,92,6,40
2010,10,30,4.1,24.5,19.8,91,7,40
2010,10,31,11.3,24.8,20,90,7,40
2010,11,1,24.7,23,20.7,96,5,70
2010,11,2,6.8,24.4,20.2,98,4,40
2010,11,3,3.6,27,20.5,92,4,70
2010,11,4,3,27.5,20,92,5,70
2010,11,5,38.3,26,19.8,96,4,40
2010,11,6,0,27.8,20,92,3,160
2010,11,7,0,27.2,20,92,3,170
2010,11,8,2,28.8,22,92,3,20
2010,11,9,55.6,27,20.5,92,3,70
2010,11,10,5,26,20.8,97,3,20
2010,11,11,0,26.3,20.6,94,3,40
2010,11,12,3.8,27,20,91,3,90
2010,11,13,0,27,20.2,90,3,90
2010,11,14,13.4,26,20,91,5,40
2010,11,15,7.6,26.5,20.2,90,6,20
2010,11,16,0.8,25,20.5,91,4,90
2010,11,17,4,25.2,21,91,5,40
2010,11,18,0,26,20,92,3,40
2010,11,19,0,27.5,25.7,87,4,40
2010,11,20,3.2,27,20.5,88,3,40
2010,11,21,0.6,25,20.2,93,4,90
2010,11,22,7.2,26,21.4,98,3,20
2010,11,23,85,27.5,19.3,91,3,360
2010,11,24,30,27,21,91,4,360
2010,11,25,0,25.8,19.5,93,5,40
2010,11,26,0.4,25.2,20.2,86,5,40
2010,11,27,3,22.8,19.2,95,6,40
2010,11,28,5.7,22.6,20.4,92,6,40
2010,11,29,7.8,23,21.5,94,5,90
2010,11,30,0,26.5,20.5,92,5,40
2010,12,1,7.2,26.5,20.5,88,5,70
2010,12,2,3.2,26,20.2,91,5,40
2010,12,3,39.2,24.3,20,93,6,90
2010,12,4,7.1,25.5,20,89,6,90
2010,12,5,0,25.7,20,90,4,90
2010,12,6,0,26.7,20.5,89,4,40
2010,12,7,0,26.5,20,89,5,20
2010,12,8,0,24.5,19,92,4,20
2010,12,9,0,23.5,18.8,92,6,20
2010,12,10,0,23,18.5,94,5,40
2010,12,11,0,23.8,18.3,89,5,40
2010,12,12,0,25,18.4,89,4,90
2010,12,13,0,27,21.5,92,3,20
2010,12,14,1,28,21.2,88,4,40
2010,12,15,1.6,26.5,20.7,92,4,40
2010,12,16,42.2,26,19.5,94,3,340
2010,12,17,3,25,19.4,95,4,40
2010,12,18,4.8,23.5,20,94,4,80
2010,12,19,18.4,23.5,20.5,98,5,40
2010,12,20,0,24,20,91,5,20
2010,12,21,0,25.5,19,94,4,90
2010,12,22,0,25.3,18,88,4,40
2010,12,23,0,24.5,19.5,88,5,40
2010,12,24,10.6,25.8,18.6,91,5,40
2010,12,25,5,22,18.3,99,5,40
2010,12,26,0,22.5,18.4,92,6,40
2010,12,27,0,23.5,19.5,90,5,20
2010,12,28,0,24.8,20.2,93,3,360
2010,12,29,9.6,23,19.3,98,5,40
2010,12,30,37,22.5,19,99,4,20
2010,12,31,0,23.5,18.5,92,5,40
2011,1,1,0,23.5,18,92,6,70
2011,1,2,0,22.8,17.7,74,6,40
2011,1,3,0,23.5,18,87,7,20
2011,1,4,0,22,17.2,81,6,20
2011,1,5,0,24,18.5,87,7,40
2011,1,6,0,24.5,18,91,5,40
2011,1,7,0,25.5,17.9,84,5,20
2011,1,8,4.1,24.2,18,84,5,40
2011,1,9,21.4,23,18.8,93,3,40
2011,1,10,8,24.8,19.2,94,6,20
2011,1,11,2.6,23,18,91,5,40
2011,1,12,0,24.5,20,94,4,70
2011,1,13,0,24.5,19,94,5,40
2011,1,14,0,24.5,19.4,94,3,360
2011,1,15,57.5,26.4,18.5,93,4,40
2011,1,16,0,22.5,16.8,90,7,40
2011,1,17,0,20.5,17,90,10,20
2011,1,18,1,21.7,18.5,90,7,40
2011,1,19,4,24.5,19.5,96,4,40
2011,1,20,0,26,19,92,3,40
2011,1,21,1.3,28,20.1,74,2,20
2011,1,22,3.8,25.5,20,91,4,80
2011,1,23,5.2,24.4,19.5,97,4,60
2011,1,24,8,24,18.8,97,6,80
2011,1,25,1,22.5,17.7,92,8,40
2011,1,26,1,23,19,92,6,40
2011,1,27,0,24,17.9,84,8,70
2011,1,28,0,24.2,17.8,84,7,40
2011,1,29,0,24.5,17.5,86,5,70
2011,1,30,4.1,24.1,17.6,85,4,70
2011,1,31,5,22.3,17.5,89,8,20
2011,2,1,0,20.8,16.5,88,8,40
2011,2,2,0,21.8,16.4,77,6,40
2011,2,3,0,23,17,86,4,20
2011,2,4,0,24.5,18,90,3,40
2011,2,5,0,23.1,17.7,90,5,70
2011,2,6,0,24,18.2,90,3,40
2011,2,7,1.8,24.8,19.8,96,5,90
2011,2,8,0,27,20.3,88,3,320
2011,2,9,5.2,27.5,20.5,92,3,70
2011,2,10,0,28.5,20.5,85,3,320
2011,2,11,0,29.5,19,86,2,40
2011,2,12,0,23,17.5,92,6,40
2011,2,13,0,22,18.3,89,5,40
2011,2,14,0,26.2,19.3,90,4,90
2011,2,15,0,24.5,19.8,90,6,20
2011,2,16,2,25,19.5,89,3,90
2011,2,17,0,28,19,86,4,40
2011,2,18,0,28,19,87,4,40
2011,2,19,0,27,18.3,78,4,90
2011,2,20,0,27,18.3,79,4,40
2011,2,21,0,27,19,82,3,90
2011,2,22,0,25,18.3,84,4,70
2011,2,23,0,23.5,17.5,89,5,40
2011,2,24,0,24.5,16.8,85,6,40
2011,2,25,0,25.2,17.8,90,6,40
2011,2,26,0,24,17.8,83,6,40
2011,2,27,0,24.5,18,88,6,40
2011,2,28,3.2,24.5,21,90,5,20
2011,3,1,52.8,25,18,92,4,90
2011,3,2,1,24.7,18.7,95,2,40
2011,3,3,0,25.2,18,89,5,40
2011,3,4,6.2,24.5,18,90,5,90
2011,3,5,32,22.7,18.2,94,5,70
2011,3,6,0,26,19.5,88,4,40
2011,3,7,30,25,20,89,3,20
2011,3,8,7,25,18.7,90,6,40
2011,3,9,2.4,23,19,93,6,40
2011,3,10,0,23,18,89,6,40
2011,3,11,0,23.5,18.3,85,6,40
2011,3,12,0,25,18,79,6,40
2011,3,13,0,26,20,83,6,40
2011,3,14,0,25,20,89,4,90
2011,3,15,0,25.5,18.5,86,6,40
2011,3,16,0,24,19,78,7,40
2011,3,17,0,24.5,18.6,90,8,40
2011,3,18,0,22.3,19,90,5,40
2011,3,19,0,24.6,19.5,86,6,40
2011,3,20,0,24.8,20,83,4,40
2011,3,21,0,27,21,88,5,70
2011,3,22,0,27.5,19,84,5,40
2011,3,23,1.4,26,19.5,80,7,70
2011,3,24,0,25.5,18.8,84,2,40
2011,3,25,0,24,18.5,86,6,40
2011,3,26,0,24.2,18.6,85,7,40
2011,3,27,0,24.3,18.7,88,6,40
2011,3,28,0.1,22.8,20.2,91,5,20
2011,3,29,3.6,25.2,18.5,92,5,90
2011,3,30,0.8,24.2,19.5,93,8,70
2011,3,31,0,24.5,18,90,6,40
2011,4,1,0,24,18,90,6,40
2011,4,2,0,25.3,18.8,88,4,70
2011,4,3,0,25.5,18.8,88,4,80
2011,4,4,0,26,19.2,89,4,90
2011,4,5,0,24,17.5,84,6,70
2011,4,6,0,22.7,18.5,88,5,70
2011,4,7,0,24,17.8,88,5,40
2011,4,8,3.6,26.2,18.4,77,4,40
2011,4,9,1.2,22.4,18.4,86,6,40
2011,4,10,0,25.7,18.3,82,5,40
2011,4,11,0,26.5,19.2,84,5,20
2011,4,12,0,25,19,74,7,20
2011,4,13,0,26.3,19.5,79,5,70
2011,4,14,0,26.5,17.6,84,5,40
2011,4,15,0,26.5,18.8,81,4,40
2011,4,16,0,29.5,19.8,82,2,40
2011,4,17,0,30.1,20.1,80,3,320
2011,4,18,0,30,20.8,81,2,270
2011,4,19,3.2,29.3,20,86,3,90
2011,4,20,2,23.5,19,93,6,70
2011,4,21,0,25,19.2,91,7,40
2011,4,22,0,27.5,19.4,86,4,90
2011,4,23,0,28.2,19.5,83,4,110
2011,4,24,0,27.1,19.6,85,5,40
2011,4,25,0,27,21.2,87,4,20
2011,4,26,0,30,20.5,86,3,140
2011,4,27,0,31,22,86,3,140
2011,4,28,0,29,20,85,5,70
2011,4,29,15.9,27,20,88,6,90
2011,4,30,0,25.1,19.7,92,6,90
2011,5,1,0,29.2,20,82,5,40
2011,5,2,0,27.5,22.2,88,4,90
2011,5,3,4.3,29,20.5,89,4,20
2011,5,4,0,28,20.5,86,5,40
2011,5,5,0,30,20.8,85,3,140
2011,5,6,0,29.5,21,82,4,360
2011,5,7,0.6,31.6,21.3,81,2,10
2011,5,8,143.4,23.6,15,99,5,320
2011,5,9,5.4,23,20.8,90,5,320
2011,5,10,0,27.5,21.3,92,4,320
2011,5,11,0,29.5,22.6,88,3,270
2011,5,12,11,29,21,92,3,40
2011,5,13,0,29.5,21.6,83,4,40
2011,5,14,0,28.6,21.4,86,4,80
2011,5,15,0,29,21,85,4,40
2011,5,16,0,30,22.5,85,3,320
2011,5,17,7,30.5,20,85,3,340
2011,5,18,20,30.5,21,86,3,110
2011,5,19,0,29.5,21.5,89,7,40
2011,5,20,0,29.5,21.5,86,3,40
2011,5,21,0,29,21.4,86,3,40
2011,5,22,0,30,21.5,84,3,20
2011,5,23,0,28.5,23,87,3,90
2011,5,24,1,28,20,94,2,90
2011,5,25,0.8,27,21.3,89,3,90
2011,5,26,17,27.5,22,92,5,320
2011,5,27,20.1,26,21,94,6,320
2011,5,28,1.2,26.5,21,94,4,320
2011,5,29,10,26,21,91,4,110
2011,5,30,1.2,28,22.5,92,3,220
2011,5,31,0,28,22,87,2,320
2011,6,1,0,30,22.5,86,3,160
2011,6,2,0,29.5,21.5,87,3,160
2011,6,3,0,29.5,21.5,84,3,90
2011,6,4,0,29,21.5,89,4,90
2011,6,5,0,29.3,21.8,88,5,90
2011,6,6,0,29.5,22.2,89,4,90
2011,6,7,18.6,29.5,21.5,87,3,40
2011,6,8,101,24,19.4,100,7,140
2011,6,9,5,24,21,97,4,110
2011,6,10,26.6,28,21,91,4,140
2011,6,11,9.2,24.5,19.8,91,3,120
2011,6,12,4.2,26.5,21.5,88,4,40
2011,6,13,1.6,27,22.5,88,3,90
2011,6,14,1,26.5,21.5,92,3,110
2011,6,15,0,26.3,20.8,92,3,140
2011,6,16,6,28.5,21,92,3,140
2011,6,17,14,28,20,88,3,90
2011,6,18,12.4,25.3,19.5,95,3,120
2011,6,19,26.6,22.1,20,98,4,240
2011,6,20,7,23,20.5,99,2,240
2011,6,21,11.8,27,20.5,92,2,320
2011,6,22,15.6,26.5,20.5,92,5,320
2011,6,23,163.1,22.5,20,99,8,320
2011,6,24,131.4,22.3,19.6,100,6,270
2011,6,25,13.9,22.8,19.4,96,4,340
2011,6,26,0,25.5,21.4,86,4,340
2011,6,27,0,27,21.5,87,2,320
2011,6,28,0,28,21.5,86,2,350
2011,6,29,0.6,27.5,20.5,89,3,350
2011,6,30,1,28,21,86,5,140
2011,7,1,1,28,20.8,91,3,40
2011,7,2,0,27,21,90,4,40
2011,7,3,0,27.5,20.8,86,4,90
2011,7,4,42.4,24.5,21,93,3,20
2011,7,5,3.6,26,21,95,2,290
2011,7,6,7.6,24.5,21,98,5,320
2011,7,7,7,24.2,20,95,5,290
2011,7,8,19.2,24.4,20,98,4,270
2011,7,9,18.8,22.3,20.3,99,5,340
2011,7,10,4.9,22,20,100,4,340
2011,7,11,8.8,23,21,96,3,320
2011,7,12,0,27,21,91,4,320
2011,7,13,0,27,21.3,88,4,340
2011,7,14,0,28,20.5,84,5,320
2011,7,15,0,29,20.5,86,3,320
2011,7,16,0,28,20.6,93,4,320
2011,7,17,0,26,20.5,90,6,320
2011,7,18,0,27.5,22.5,92,6,270
2011,7,19,0,27,22,93,5,320
2011,7,20,0,27,21.5,92,4,290
2011,7,21,0.6,27.5,21,92,4,20
2011,7,22,0,29,21.5,88,3,90
2011,7,23,2,27.5,21.5,90,3,40
2011,7,24,0,28.8,22.1,89,3,320
2011,7,25,35.8,23.5,21.5,99,6,320
2011,7,26,69,22.3,19,91,5,340
2011,7,27,14.4,23,17.5,99,5,220
2011,7,28,7.3,25,20,96,4,250
2011,7,29,21.4,24.3,20.3,93,6,320
2011,7,30,20.5,23.9,20,93,5,320
2011,7,31,20.2,24,20,94,3,320
2011,8,1,41.3,23,21,100,5,270
2011,8,2,42.2,23,19.5,100,6,320
2011,8,3,8.2,24,20.5,99,4,320
2011,8,4,0,27.3,21,93,5,320
2011,8,5,9.6,25,20,97,5,340
2011,8,6,12.3,22.6,20,98,4,320
2011,8,7,2,24.5,20.2,95,5,340
2011,8,8,0,26.3,21.5,93,4,320
2011,8,9,1.2,27,21,95,4,320
2011,8,10,3,26,22,94,2,320
2011,8,11,0,27.5,20,88,3,70
2011,8,12,3,28.5,20.3,86,4,90
2011,8,13,13.3,25.8,20,89,5,90
2011,8,14,53.7,25.2,20,91,4,70
2011,8,15,0,27,22,91,2,20
2011,8,16,0,27,21,90,3,20
2011,8,17,1.6,26.5,21,92,3,20
2011,8,18,10.1,25.2,20,93,4,40
2011,8,19,0.6,26.5,21.4,93,3,40
2011,8,20,2.2,25.8,21,93,3,40
2011,8,21,1,26.3,21,88,2,360
2011,8,22,20,28,21.5,97,4,320
2011,8,23,47,25.8,20,93,4,270
2011,8,24,8.8,26,21.4,97,4,320
2011,8,25,2.2,23.5,21,97,5,320
2011,8,26,35.3,24,20.8,96,7,320
2011,8,27,73.9,23.2,20.5,95,7,270
2011,8,28,17,25.8,20.5,94,7,280
2011,8,29,13.4,25,22,96,7,290
2011,8,30,0.2,25.5,20.7,95,6,290
2011,8,31,32.1,24.5,21,98,6,290
2011,9,1,13.6,23.5,20,94,7,320
2011,9,2,3.6,25.5,21.5,95,4,320
2011,9,3,11.2,26.6,21,96,3,320
2011,9,4,0,27,20.3,93,4,320
2011,9,5,0.4,26.5,21.5,95,3,320
2011,9,6,0.6,25,20.5,97,3,320
2011,9,7,10,25.5,21.3,96,4,320
2011,9,8,1.2,28.5,21.5,91,3,340
2011,9,9,58.6,27,21,93,3,110
2011,9,10,2.8,26,21.1,93,2,40
2011,9,11,0,27.8,21.2,89,3,340
2011,9,12,0,26.5,20.8,98,3,320
2011,9,13,1,27,20.5,96,5,320
2011,9,14,6.7,25,22,96,4,320
2011,9,15,6.9,24.8,21.3,96,5,320
2011,9,16,1,26,20.5,95,5,320
2011,9,17,4.3,26,21,93,5,320
2011,9,18,18.2,25,20.2,96,4,320
2011,9,19,3,25,21.5,96,3,320
2011,9,20,0,26,21.5,94,3,320
2011,9,21,7.4,26.3,21,94,3,320
2011,9,22,0,27,21,96,3,320
2011,9,23,5.6,27,20.5,94,4,270
2011,9,24,1,24.2,20.5,92,4,320
2011,9,25,9.8,26,20.5,89,4,320
2011,9,26,151.6,22.6,21,99,8,320
2011,9,27,194.5,22,19.5,100,7,250
2011,9,28,3.8,25.3,19.5,95,5,220
2011,9,29,0,26,21,88,5,320
2011,9,30,0,28.5,21,88,6,320
2011,10,1,34.5,23.5,20.3,94,6,320
2011,10,2,10.2,25.6,20.5,92,3,180
2011,10,3,12,28,21,90,9,360
2011,10,4,4.2,27,19.6,87,2,320
2011,10,5,1.2,27,19.5,91,3,20
2011,10,6,1.7,25,20,97,3,40
2011,10,7,67.1,26.5,20.3,90,3,360
2011,10,8,16.6,23.2,20,97,4,160
2011,10,9,1.5,24.6,20.5,100,4,160
2011,10,10,5,28,21,98,2,220
2011,10,11,1,26,20.5,95,3,40
2011,10,12,49.6,26.5,20.5,93,5,20
2011,10,13,10.1,23.5,20,99,4,140
2011,10,14,0,25.5,20.5,96,3,320
2011,10,15,0,26.7,21.5,92,4,320
2011,10,16,0.6,28,21.4,88,2,160
2011,10,17,0,27.5,22,88,3,20
2011,10,18,0,27,21,89,3,20
2011,10,19,0,27,21.8,92,4,110
2011,10,20,0,25.5,20.2,93,4,20
2011,10,21,0,27,20.5,87,3,10
2011,10,22,0,26.8,20.2,88,3,30
2011,10,23,5.2,26.5,20.2,90,3,40
2011,10,24,4.6,26.3,21.5,88,3,20
2011,10,25,0,27,19.8,85,5,20
2011,10,26,1.4,26.3,21,83,4,20
2011,10,27,1,25.5,19.5,89,6,20
2011,10,28,0,26,21.5,89,6,40
2011,10,29,0,27,20.4,81,5,20
2011,10,30,1.2,25.5,21,87,4,40
2011,10,31,0,25.2,21.5,89,5,20
2011,11,1,16.2,25,19.2,90,5,20
2011,11,2,13.7,24,20.5,94,5,90
2011,11,3,78,22.5,20,97,6,40
2011,11,4,35.6,24.5,20,99,5,40
2011,11,5,89.9,26,20,96,4,320
2011,11,6,0,25,20.3,93,3,290
2011,11,7,0,26,21.5,91,3,20
2011,11,8,1,27,21.5,91,3,140
2011,11,9,0.4,28,21,88,4,340
2011,11,10,0,29,21.8,88,3,340
2011,11,11,0,28.2,21.5,87,2,40
2011,11,12,0,27.5,21,87,4,40
2011,11,13,0.4,26,21,78,4,40
2011,11,14,41.8,25,20.8,90,7,90
2011,11,15,21.5,22.5,18.5,96,6,20
2011,11,16,1,25.5,21.3,95,4,110
2011,11,17,3.5,26,21.5,94,4,90
2011,11,18,0,25.3,20.5,91,4,90
2011,11,19,0,25.8,20.5,89,5,90
2011,11,20,0,26,20.5,90,6,40
2011,11,21,31.8,25.5,18.5,86,5,70
2011,11,22,10.8,24,21.5,89,7,20
2011,11,23,9.3,24.5,20.8,92,6,20
2011,11,24,5.5,24,21,85,8,20
2011,11,25,1.5,23.5,20.3,91,8,40
2011,11,26,2.2,24.5,19.5,89,6,40
2011,11,27,0,25.3,20.1,90,4,20
2011,11,28,0,26.6,18.8,84,3,70
2011,11,29,0,27,21,85,4,20
2011,11,30,0,27,21,90,5,70
2011,12,1,1,24.5,21,95,3,360
2011,12,2,5.8,27,20.5,90,3,330
2011,12,3,9.6,26.8,20.6,89,5,40
2011,12,4,118.5,23,20.5,95,6,90
2011,12,5,6.2,25.5,20.5,93,5,40
2011,12,6,26.4,24,17.8,94,5,90
2011,12,7,5.6,24,20,89,6,40
2011,12,8,31.2,25,21,95,5,20
2011,12,9,68.7,21.5,20.1,97,6,20
2011,12,10,9.4,24,20.4,99,4,40
2011,12,11,1.1,23.8,20.8,98,3,20
2011,12,12,0,26,21,89,4,40
2011,12,13,1.1,25.2,21,91,4,40
2011,12,14,5.1,25.8,20.3,90,5,90
2011,12,15,4,24.5,21,89,5,20
2011,12,16,8.8,24,20,89,7,40
2011,12,17,34.6,23,20,93,7,90
2011,12,18,2.6,23,20,94,5,40
2011,12,19,0,25,20.5,91,5,70
2011,12,20,0.2,25,20.3,90,5,70
2011,12,21,0.6,25,20.2,90,4,70
2011,12,22,0,25,20.8,89,4,20
2011,12,23,1.8,24,20,95,3,40
2011,12,24,1.2,22.2,18,95,7,40
2011,12,25,4.2,22,18.5,90,9,40
2011,12,26,2,21,18.8,92,9,40
2011,12,27,3.4,22,18.5,90,7,20
2011,12,28,0,26,20.3,88,4,40
2011,12,29,0.2,23.2,20,95,7,90
2011,12,30,1.8,24.7,20,91,5,90
2011,12,31,0,24,19.8,92,4,90
2012,1,1,0,24.7,19.5,89,4,20
2012,1,2,2,24.8,19,89,4,20
2012,1,3,18.4,24,19.3,95,4,90
2012,1,4,3,22.5,18.5,93,6,70
2012,1,5,0,24,20,89,5,20
2012,1,6,4.6,25,19.5,88,6,90
2012,1,7,0.1,23.5,19.5,91,7,40
2012,1,8,24.5,22,19.1,95,6,60
2012,1,9,0,24.2,20.3,85,5,40
2012,1,10,4.4,24.5,19.4,90,7,70
2012,1,11,0,24.5,18.7,77,6,70
2012,1,12,0,23.3,20,80,7,20
2012,1,13,0,24.5,20,84,9,20
2012,1,14,5,23.6,19.5,94,5,90
2012,1,15,0,24,20,92,3,80
2012,1,16,0,24.5,22,91,2,90
2012,1,17,0,24,19.3,94,4,40
2012,1,18,21.2,26.2,20.3,94,3,70
2012,1,19,0,26,21,93,3,20
2012,1,20,0,27,20,90,4,20
2012,1,21,0,25.5,19.4,89,5,40
2012,1,22,0,24.5,19.2,91,5,20
2012,1,23,0,24.7,19,85,6,40
2012,1,24,0,25,19.2,85,5,20
2012,1,25,0,25,18.8,89,5,40
2012,1,26,2.8,23,18,90,7,20
2012,1,27,0,24,19.1,88,7,90
2012,1,28,2,23.8,20,94,6,90
2012,1,29,0,26.5,19.8,89,4,40
2012,1,30,0,26,20,89,5,40
2012,1,31,10.2,24.1,19,96,4,40
2012,2,1,0,22,18.2,97,4,90
2012,2,2,0.2,25.5,19,91,5,20
2012,2,3,3.6,21,18,93,7,90
2012,2,4,3.2,21.2,18.3,88,7,90
2012,2,5,0,23.5,18.2,83,6,40
2012,2,6,0,24,18.6,81,3,40
2012,2,7,0,26,19.5,78,4,20
2012,2,8,0,24.2,18.4,88,4,40
2012,2,9,0,22,19.5,96,6,20
2012,2,10,0,23.1,19,91,6,20
2012,2,11,0,23.9,19,88,8,40
2012,2,12,19.1,22,18.5,89,8,70
2012,2,13,52.8,23.2,19,92,6,110
2012,2,14,0.8,22.5,19.5,92,5,90
2012,2,15,0.4,25.2,20,91,4,90
2012,2,16,10.6,26,20.5,95,5,90
2012,2,17,6.8,24.1,20,94,6,90
2012,2,18,1,22.5,18.7,96,4,20
2012,2,19,39,24.6,18.5,82,6,20
2012,2,20,37.4,22.2,20,95,5,20
2012,2,21,0,26.2,20.4,90,4,90
2012,2,22,0,26.3,21,87,3,70
2012,2,23,0,26.5,20,82,4,90
2012,2,24,0,27,19.2,86,4,90
2012,2,25,0,27,20,84,4,90
2012,2,26,0,27.1,20,83,5,40
2012,2,27,0,24,20,89,5,90
2012,2,28,0,27,20.5,84,4,90
2012,2,29,0,26.5,20,88,5,90
2012,3,1,5.4,26,20.8,97,6,90
2012,3,2,0,27,20.5,90,6,90
2012,3,3,0,25.7,20.5,85,7,90
2012,3,4,0,25.5,20,86,5,90
2012,3,5,0,25.8,20.5,83,5,90
2012,3,6,0,26,15,89,5,40
2012,3,7,0,26.5,18.5,90,4,40
2012,3,8,0,26.5,20,84,4,90
2012,3,9,0,26.5,16.4,78,5,20
2012,3,10,0.2,26.3,20,84,5,40
2012,3,11,0,24.5,19.5,86,5,80
2012,3,12,22,22.5,18.5,97,6,90
2012,3,13,1,25,15.5,89,4,90
2012,3,14,1,23.5,13.5,90,5,70
2012,3,15,0,25.1,21,86,5,90
2012,3,16,0.8,25.2,18.6,89,5,70
2012,3,17,0,25.6,19.5,86,5,80
2012,3,18,0,26.4,18.6,88,5,40
2012,3,19,0,24.5,19.5,89,3,20
2012,3,20,0,25.5,16,86,4,70
2012,3,21,0.8,25,15,86,6,70
2012,3,22,14.6,23,20.5,95,5,40
2012,3,23,1.2,28,20.8,90,3,40
2012,3,24,0,27.5,21,88,3,40
2012,3,25,0,25,20.5,91,6,20
2012,3,26,10.6,23,19.8,93,8,70
2012,3,27,0,22,13,87,7,40
2012,3,28,2.4,23,18.5,88,7,40
2012,3,29,57.2,22,20,98,5,90
2012,3,30,2,25.2,20.8,92,4,70
2012,3,31,36.4,24,20.3,94,5,70
2012,4,1,1.6,25.5,20.5,90,6,40
2012,4,2,0,25.3,20.7,90,5,90
2012,4,3,0,27,17,87,4,90
2012,4,4,1,26.5,19.5,88,4,110
2012,4,5,0,27,21.5,86,3,20
2012,4,6,0,28,20,86,3,80
2012,4,7,0,27,20.3,80,5,90
2012,4,8,0,27,19,82,5,90
2012,4,9,0,25.5,20.2,84,6,90
2012,4,10,0,27,16,86,5,90
2012,4,11,0,27,19.5,87,4,40
2012,4,12,0.4,27.5,21.8,93,3,20
2012,4,13,0,28,19.5,77,3,40
2012,4,14,0,27,19,82,5,40
2012,4,15,0,27.6,19.6,84,3,90
2012,4,16,0,29.5,20,77,3,90
2012,4,17,0,28.2,18,80,3,40
2012,4,18,0,27.2,16,70,3,70
2012,4,19,0,27,22.5,80,5,90
2012,4,20,0,27.8,20,79,4,180
2012,4,21,0,28,20.5,85,4,160
2012,4,22,0,28.2,21,85,5,90
2012,4,23,2.8,25,20.5,91,5,90
2012,4,24,0,28.1,16,82,4,40
2012,4,25,0,29.5,22,82,4,140
2012,4,26,3.6,30,22,86,3,90
2012,4,27,0,28,21,83,4,90
2012,4,28,0,29.1,21,82,5,40
2012,4,29,0,29,21,83,5,70
2012,4,30,0,28.5,21.4,81,4,70
2012,5,1,0,29,18.5,84,3,90
2012,5,2,12.2,30.5,18,84,3,340
2012,5,3,0,30.5,19,84,3,270
2012,5,4,12.2,29,19.6,95,3,340
2012,5,5,49.8,29.6,19.5,86,2,10
2012,5,6,1.4,29,22,85,1,180
2012,5,7,0,28.5,23,90,2,140
2012,5,8,1.2,30,18.5,87,3,320
2012,5,9,1.2,30.5,21.5,85,3,320
2012,5,10,10.8,30,22,88,3,180
2012,5,11,0,29,21.5,86,3,20
2012,5,12,2.2,27.5,22,85,3,90
2012,5,13,0.8,27.5,21.6,86,3,110
2012,5,14,6.2,28,21.6,89,4,150
2012,5,15,1.2,29,18,92,3,180
2012,5,16,0,28.5,18,88,3,140
2012,5,17,0,28.5,22.8,92,2,180
2012,5,18,0,29,21.5,89,3,30
2012,5,19,0,20,21.5,86,5,100
2012,5,20,64.2,30.5,21,87,3,330
2012,5,21,2.8,27.5,21,86,3,340
2012,5,22,11.2,29,15.5,92,4,320
2012,5,23,41.5,29.5,17,85,3,320
2012,5,24,1,28,22.5,92,2,320
2012,5,25,0,29,22,89,4,320
2012,5,26,0,28.5,21.1,89,3,320
2012,5,27,0.4,29.3,21.5,90,2,340
2012,5,28,0,29,21.5,92,3,20
2012,5,29,9,28.8,17,88,2,340
2012,5,30,3,28,16,93,3,40
2012,5,31,0,29,22.5,92,3,270
2012,6,1,55.8,28,21.5,93,5,270
2012,6,2,46.4,23.5,20,98,7,320
2012,6,3,1.8,25,21,94,6,320
2012,6,4,1.4,25,20.5,96,7,320
2012,6,5,37.8,29,16.5,91,3,320
2012,6,6,1.4,28.5,18,92,4,320
2012,6,7,31.2,28,21,94,4,320
2012,6,8,0,27,21,92,4,320
2012,6,9,0,29,22,87,3,320
2012,6,10,0,28,22.5,92,4,300
2012,6,11,5.4,27,21,94,5,320
2012,6,12,15.4,25.3,19,97,5,320
2012,6,13,5.4,24.5,15,98,5,290
2012,6,14,4.8,24.5,20.5,95,4,320
2012,6,15,5.2,25,20.5,94,6,320
2012,6,16,2.5,25.5,20.2,95,4,320
2012,6,17,18.9,24.5,20.5,79,5,270
2012,6,18,0,26,20.5,89,5,270
2012,6,19,0,27.5,19.5,84,4,270
2012,6,20,0,28.5,18,79,4,270
2012,6,21,0,29,21.8,85,5,320
2012,6,22,5.8,27.6,20.5,92,4,320
2012,6,23,0,29,21,84,3,320
2012,6,24,0.8,28.5,20.5,90,3,320
2012,6,25,8,27.2,20,96,2,320
2012,6,26,0.8,25.5,18,96,2,320
2012,6,27,20.9,26,18.5,95,3,320
2012,6,28,18.2,24,21,99,4,320
2012,6,29,5.6,26.1,20.5,90,3,180
2012,6,30,33.4,25,20.5,94,4,90
2012,7,1,5.5,27.5,20.5,86,4,20
2012,7,2,71.2,26.5,20,90,3,20
2012,7,3,64.5,26,18,98,3,320
2012,7,4,7.6,24.5,18,95,2,320
2012,7,5,3.6,28,21,90,2,320
2012,7,6,0.2,27.5,20,100,2,180
2012,7,7,0.4,29.5,20.5,88,4,60
2012,7,8,0.6,29.5,20.2,86,3,10
2012,7,9,0,28.5,20,91,3,40
2012,7,10,2.2,28,18.5,93,3,340
2012,7,11,18.3,27.5,17,85,3,320
2012,7,12,0,27,21.8,95,2,320
2012,7,13,3.6,28,21,91,3,320
2012,7,14,0,27.8,21,87,3,90
2012,7,15,0,27.8,21.8,88,3,180
2012,7,16,9.9,28.5,21.5,86,3,320
2012,7,17,11.5,28,21,93,3,340
2012,7,18,3.4,29,18,90,3,320
2012,7,19,37.9,26.5,21.3,92,5,320
2012,7,20,59.9,22,19,100,5,320
2012,7,21,69.6,21.5,18.5,-999,4,340
2012,7,22,29,22.5,19,100,4,220
2012,7,23,2.8,26.5,21,95,4,270
2012,7,24,0.8,28.5,18.5,91,3,320
2012,7,25,12,25.5,17,97,3,340
2012,7,26,17.8,27,21.5,95,3,320
2012,7,27,23.2,26,21,96,2,320
2012,7,28,98,26.8,21,92,2,320
2012,7,29,140.3,23.2,20.5,98,5,320
2012,7,30,53.2,22.5,20.3,98,8,320
2012,7,31,100.4,25,19.5,99,7,320
2012,8,1,28.4,23.5,17,-999,6,320
2012,8,2,40.8,23,21.5,100,6,320
2012,8,3,42,23.5,20.5,100,6,320
2012,8,4,27.8,22.5,20,-999,5,320
2012,8,5,87.8,23,19,-999,5,320
2012,8,6,156.4,21.8,18.5,100,4,320
2012,8,7,141.8,22,18,94,5,320
2012,8,8,73.4,23,17.5,-999,5,320
2012,8,9,14.4,23.5,21.5,98,3,320
2012,8,10,70.4,23.5,20,100,4,320
2012,8,11,0,25.5,20,97,3,320
2012,8,12,5.4,25.5,19,94,4,320
2012,8,13,19.8,22.5,18.5,100,5,320
2012,8,14,60.4,22,19.5,-999,5,320
2012,8,15,37.2,22.5,18,-999,5,250
2012,8,16,1,25,21.5,97,3,220
2012,8,17,0,28,21.3,82,3,320
2012,8,18,7.8,26,20.8,90,4,320
2012,8,19,11.1,25,20.5,91,5,320
2012,8,20,0,23.5,20.5,94,4,320
2012,8,21,8.4,25.5,19,95,3,320
2012,8,22,1,26,17.5,93,4,320
2012,8,23,11.3,25.5,21.5,96,3,320
2012,8,24,8.4,25,20.8,97,5,320
2012,8,25,16.4,25,20.5,95,6,320
2012,8,26,5.4,25.2,20.5,92,6,320
2012,8,27,6.6,25,20.5,93,4,320
2012,8,28,18.2,26,18,95,3,320
2012,8,29,36.2,25,19,97,4,320
2012,8,30,33.6,28,21,97,2,320
2012,8,31,64.4,28,20,100,2,320
2012,9,1,11.8,26,20,93,3,170
2012,9,2,0,25,20,94,2,320
2012,9,3,24,28,20.5,91,2,320
2012,9,4,21.6,27.5,19,96,3,320
2012,9,5,5.2,24,19.5,97,2,320
2012,9,6,0,27.5,22.1,94,2,360
2012,9,7,0,29,22,88,3,10
2012,9,8,7.2,26.5,21.5,91,4,40
2012,9,9,2,27.2,22,89,4,90
2012,9,10,3,27.5,21.5,88,4,70
2012,9,11,5,27,21.1,93,2,320
2012,9,12,3.8,26,19.5,98,2,320
2012,9,13,5.8,26.5,19.5,93,2,140
2012,9,14,63.2,24.5,20,-999,2,180
2012,9,15,33.7,24,20,99,2,220
2012,9,16,82.6,23.5,20,-999,4,320
2012,9,17,38.1,25.5,20.5,98,2,350
2012,9,18,30.8,27,19,99,3,40
2012,9,19,4.2,26.5,19,98,2,340
2012,9,20,7.8,27.5,21.5,99,2,180
2012,9,21,1,24,21,99,2,90
2012,9,22,9.2,26,21,91,2,320
2012,9,23,0,28,21,89,3,70
2012,9,24,0,27.3,21.5,88,3,320
2012,9,25,19.2,27.5,19.5,92,3,320
2012,9,26,0.2,25.5,20,96,3,320
2012,9,27,71.8,27.5,22,94,4,290
2012,9,28,23.4,24,20.5,99,5,320
2012,9,29,25.8,23,20,99,4,320
2012,9,30,20.2,24.5,20,93,3,320
2012,10,1,6.4,26,19,90,3,270
2012,10,2,11.6,25,19,94,3,270
2012,10,3,25.2,22.5,18,98,2,340
2012,10,4,3,26,20.2,94,3,360
2012,10,5,0,26.5,20.5,90,3,20
2012,10,6,1.2,25.5,20.2,90,3,40
2012,10,7,0,24.5,20,90,3,350
2012,10,8,22,26.5,20.2,91,3,20
2012,10,9,6.7,27,20.5,95,2,270
2012,10,10,12.8,26.2,19,94,3,360
2012,10,11,0,26,21.6,94,2,320
2012,10,12,0.6,28,21,87,2,320
2012,10,13,1,27.5,20.5,92,2,320
2012,10,14,0,27.5,20,87,2,320
2012,10,15,0,27.5,20,92,2,320
2012,10,16,0,27.1,19,89,2,320
2012,10,17,0,28,21,85,2,70
2012,10,18,0,27,20.6,86,3,20
2012,10,19,0,25,20.2,91,4,40
2012,10,20,0,25.3,20.1,87,6,40
2012,10,21,0,24.5,20.2,90,6,40
2012,10,22,0,26.8,20.5,84,6,40
2012,10,23,0,27,19.8,82,5,20
2012,10,24,27.4,24,18.5,92,6,70
2012,10,25,122.5,24,20.8,98,8,140
2012,10,26,48.4,26.5,20,96,6,180
2012,10,27,0,26,20,88,5,40
2012,10,28,0.4,26.4,19.5,91,6,40
2012,10,29,0,25.7,19,86,6,70
2012,10,30,3.4,25.5,19,91,5,20
2012,10,31,0,26.3,19.5,85,4,90
2012,11,1,0,26,20.2,87,4,90
2012,11,2,0,27,19.5,82,4,20
2012,11,3,0,25,19.6,94,4,20
2012,11,4,0,27,19.7,87,4,40
2012,11,5,0,26.5,19.5,84,5,90
2012,11,6,0,28,20,87,4,40
2012,11,7,0.8,25.7,19.5,92,4,70
2012,11,8,28,25,21,94,5,20
2012,11,9,6,24.5,20.5,94,5,80
2012,11,10,0,26,20.5,89,5,80
2012,11,11,0,26.4,20.5,88,5,40
2012,11,12,12.2,22.5,20,92,5,80
2012,11,13,2.4,23.5,18,95,5,40
2012,11,14,2.8,26.5,18.5,90,5,70
2012,11,15,0.6,26,21,92,4,70
2012,11,16,1.8,24.5,20,90,4,20
2012,11,17,0,26,19.8,86,3,40
2012,11,18,0,25.5,20,88,4,40
2012,11,19,3,25,20,91,4,40
2012,11,20,0,26.5,21,93,4,90
2012,11,21,0,26.4,18.5,89,4,70
2012,11,22,0,25.5,20.8,90,4,20
2012,11,23,0,27,20,80,4,40
2012,11,24,2,26.5,25.3,85,4,40
2012,11,25,0,25.2,19.5,84,5,70
2012,11,26,0,25.7,19.5,87,3,40
2012,11,27,0.8,27,19.5,85,4,40
2012,11,28,0,26,19,87,4,70
2012,11,29,0,26,18.7,84,3,20
2012,11,30,0,26.5,19,86,5,90
2012,12,1,0,26.5,19,83,3,90
2012,12,2,0,25,19.5,89,3,40
2012,12,3,0,25.5,19.5,89,4,90
2012,12,4,0,24,20,90,6,40
2012,12,5,4,23,20,95,4,70
2012,12,6,0,26,21,92,3,90
2012,12,7,0,28.5,20,89,4,20
2012,12,8,50.4,27.8,20.5,91,3,320
2012,12,9,0,27,20.5,90,3,320
2012,12,10,0,27.5,20,88,3,10
2012,12,11,0,27,19,90,3,20
2012,12,12,0.8,24,18.5,88,5,40
2012,12,13,0,23.5,19.3,90,8,20
2012,12,14,1.5,26,20.2,86,5,20
2012,12,15,0,24.5,20,90,6,40
2012,12,16,2,26,20,91,4,90
2012,12,17,0,25.2,20.3,91,5,90
2012,12,18,0,27.2,18,87,4,20
2012,12,19,0,24.5,18.5,80,6,40
2012,12,20,4.4,26,19.8,66,5,90
2012,12,21,5,24,19.5,94,5,70
2012,12,22,0,25,19,89,5,40
2012,12,23,1,22.5,18.5,83,6,40
2012,12,24,1,22.6,17.5,82,8,40
2012,12,25,9,23,18,93,7,70
2012,12,26,42.4,21.5,17,96,8,90
2012,12,27,16.5,22,19.9,96,6,90
2012,12,28,0,26.5,19.5,92,4,140
2012,12,29,14.4,25,19.3,94,5,90
2012,12,30,0,26,20,87,3,40
2012,12,31,0,28,19.8,94,4,20
2013,1,1,2,23,17.5,95,4,40
2013,1,2,1,25.5,19.5,89,5,40
2013,1,3,28.3,24,20.5,94,5,20
2013,1,4,5.4,24.5,20,94,6,20
2013,1,5,0.6,26,20.2,89,5,80
2013,1,6,2.2,25.5,20,87,4,40
2013,1,7,1.2,24.3,20,94,5,40
2013,1,8,4,24,19,85,5,40
2013,1,9,0,24.5,19,88,5,40
2013,1,10,0,23,17.8,81,7,40
2013,1,11,46,22,18,95,5,90
2013,1,12,3.2,24.5,19.8,93,3,40
2013,1,13,0,25.6,20,88,3,320
2013,1,14,0,22,18,89,6,40
2013,1,15,0,26,17,87,7,20
2013,1,16,0,22,17.5,87,9,40
2013,1,17,0,23,17,81,7,20
2013,1,18,0,21.5,16,88,9,40
2013,1,19,0,21.7,16.3,86,11,40
2013,1,20,0,22.5,16.4,78,7,40
2013,1,21,3.2,23.5,16.5,92,4,40
2013,1,22,0.5,23.5,17.5,94,4,40
2013,1,23,0.8,21.5,15,88,6,40
2013,1,24,0,25,17,78,4,20
2013,1,25,0,25.8,18.3,87,4,90
2013,1,26,0,22.5,19,91,3,70
2013,1,27,0,25,19,90,4,40
2013,1,28,0,24,18,92,6,70
2013,1,29,0.4,24.8,17,88,6,70
2013,1,30,0,22.5,15.3,77,7,40
2013,1,31,0,23,20,90,4,20
2013,2,1,0,26.5,19,87,4,80
2013,2,2,3.3,23,17.5,96,5,60
2013,2,3,0.3,24.6,18,82,6,40
2013,2,4,0,25,19.4,84,6,90
2013,2,5,0,25.3,19,84,4,20
2013,2,6,0,26,19,89,4,70
2013,2,7,0,26.5,18.5,88,3,40
2013,2,8,0,27.5,19,78,3,40
2013,2,9,0,24.5,19,89,3,40
2013,2,10,0,25.5,18.5,88,5,40
2013,2,11,4.4,25,20,84,5,90
2013,2,12,1.8,23.5,19,94,5,70
2013,2,13,3,23,18,90,6,90
2013,2,14,2.4,25,19,91,5,40
2013,2,15,0,26.2,18,90,4,40
2013,2,16,1,25,18,82,7,80
2013,2,17,0.2,24,18,86,6,40
2013,2,18,0,26,17.4,79,6,90
2013,2,19,0,24.5,17,83,7,40
2013,2,20,0.2,24,17,80,7,40
2013,2,21,32.8,22,17.5,96,6,40
2013,2,22,79.8,21.5,19,99,4,90
2013,2,23,0,25.5,19,89,7,90
2013,2,24,9,24,18.5,89,6,90
2013,2,25,15.5,23.5,20,95,6,20
2013,2,26,0,24,19.5,94,5,90
2013,2,27,0,26,18.5,88,4,70
2013,2,28,0,27,18.5,86,4,110
2013,3,1,0,26.5,19,82,4,90
2013,3,2,0,26.5,19,76,5,40
2013,3,3,0.6,24,18,91,5,40
2013,3,4,0,23.8,18.7,84,6,40
2013,3,5,0,23.5,17.5,81,8,20
2013,3,6,0,19.8,17.5,82,6,40
2013,3,7,0,23.5,18.1,88,4,40
2013,3,8,0,24,18.5,87,6,40
2013,3,9,0,26,19.5,86,6,70
2013,3,10,0,26.5,20,87,3,90
2013,3,11,0,28,21.2,87,3,20
2013,3,12,0,27.5,20.8,86,4,90
2013,3,13,0,28,20,84,3,140
2013,3,14,0,27.5,20,86,4,90
2013,3,15,2.2,26,19.6,90,4,90
2013,3,16,0,25.5,19.5,91,4,90
2013,3,17,0,26.5,19.5,88,4,40
2013,3,18,0,28.5,21,82,3,90
2013,3,19,0,27,18.5,86,5,90
2013,3,20,0,27,19,80,4,70
2013,3,21,10.4,27.5,20,84,4,40
2013,3,22,5.5,24.5,19.8,95,4,70
2013,3,23,2.4,27,20.5,89,4,90
2013,3,24,2.6,26.5,20.5,88,3,110
2013,3,25,0,28.5,21.5,53,3,20
2013,3,26,0,27,19,86,5,40
2013,3,27,0,28.5,20,78,3,40
2013,3,28,3.4,26.5,20.5,92,4,90
2013,3,29,0,28,20,84,5,40
2013,3,30,0,26.5,20,89,5,60
2013,3,31,0,28,20.2,81,4,40
2013,4,1,0,28,26.5,83,4,70
2013,4,2,0,27.5,19.4,89,4,70
2013,4,3,0,21,19.4,84,5,70
2013,4,4,0,28.5,20.5,81,4,160
2013,4,5,0,30,20.8,78,3,340
2013,4,6,0,29.5,20.6,83,3,320
2013,4,7,0,30.3,20.5,76,3,40
2013,4,8,0,29,22.1,85,3,90
2013,4,9,0,28,21.5,83,4,70
2013,4,10,0,28.5,20.5,82,4,40
2013,4,11,0,27.5,19.5,77,5,40
2013,4,12,0,28.5,20.5,75,4,40
2013,4,13,0,28.5,20,81,5,40
2013,4,14,0,29.2,21,81,3,40
2013,4,15,0,30,21,83,3,90
2013,4,16,0,30.3,21.4,76,3,70
2013,4,17,0,29.5,19.5,76,3,160
2013,4,18,0,31,20.5,83,3,160
2013,4,19,0,31,21.5,75,4,110
2013,4,20,0,30.5,21.5,80,3,90
2013,4,21,0,29.3,21,81,4,70
2013,4,22,0,28,22,81,4,40
2013,4,23,0,28,20,84,5,90
2013,4,24,0,30.2,20,79,4,90
2013,4,25,0,32.5,20,73,3,320
2013,4,26,7,31,21,92,3,20
2013,4,27,0,30,21.5,86,2,20
2013,4,28,0,30.5,21,81,4,40
2013,4,29,0,30.5,22,75,3,90
2013,4,30,0,31,22,76,3,180
2013,5,1,0,32.5,20.5,84,2,320
2013,5,2,0,31.5,20.5,77,3,90
2013,5,3,0,31,22.5,87,3,70
2013,5,4,0,30.5,22,77,4,70
2013,5,5,0,29.5,21.8,76,5,40
2013,5,6,0,30.5,24,80,4,20
2013,5,7,0,30.8,21.5,78,4,360
2013,5,8,0.6,30.5,20.5,83,5,70
2013,5,9,0,29.5,19,84,4,90
2013,5,10,0,30.5,21,82,3,90
2013,5,11,0,31.8,21,83,2,180
2013,5,12,0,30.5,21.5,84,2,180
2013,5,13,14.6,28,22.8,88,2,90
2013,5,14,3,28,20.5,87,3,140
2013,5,15,0,27.5,20.3,86,3,90
2013,5,16,0.4,29.5,22.5,85,2,160
2013,5,17,0,30.8,22,79,3,320
2013,5,18,0,30,22.2,82,3,320
2013,5,19,0,30,22.5,83,3,320
2013,5,20,0,29.9,23,88,2,320
2013,5,21,0,30.5,21.5,92,2,320
2013,5,22,29.4,31,18.5,84,4,180
2013,5,23,0,31,21.5,79,3,90
2013,5,24,0,31,21.5,80,3,180
2013,5,25,2.8,31,22,86,2,170
2013,5,26,37.2,29,19,86,3,160
2013,5,27,0,28,22.9,88,2,90
2013,5,28,0,30,21,80,4,70
2013,5,29,11.4,28.5,20.5,89,5,70
2013,5,30,15.2,24,19.9,91,4,40
2013,5,31,0,28.9,21,83,4,70
2013,6,1,0,29,21.2,81,3,80
2013,6,2,0,28.5,21.5,85,3,40
2013,6,3,0,30.5,23.2,85,2,180
2013,6,4,0,30,22,82,4,70
2013,6,5,0,29.5,21.7,81,3,40
2013,6,6,0,30.4,20.5,77,4,20
2013,6,7,19,30,21.5,86,2,320
2013,6,8,0,29,21,89,3,320
2013,6,9,21.6,30,21,92,3,320
2013,6,10,14.8,28.5,22.8,92,3,320
2013,6,11,15.8,29.5,22,90,2,320
2013,6,12,67.7,27.5,22,92,3,320
2013,6,13,41.8,27,20.5,96,3,160
2013,6,14,15.4,26,20.5,96,2,110
2013,6,15,0,27.5,22,89,3,40
2013,6,16,0,27.5,21.7,87,3,320
2013,6,17,8.8,29,22,92,2,320
2013,6,18,24.2,24.5,20,96,4,320
2013,6,19,10.4,25,19,96,4,320
2013,6,20,0,27.5,19.7,92,4,180
2013,6,21,6,27,20.5,96,4,180
2013,6,22,11.2,26.5,20.2,87,3,320
2013,6,23,16.2,27.5,20.5,87,3,40
2013,6,24,0,28.8,22.8,84,3,20
2013,6,25,0,30,21,83,4,70
2013,6,26,0,29.5,21.5,85,3,40
2013,6,27,19.4,29.5,20.7,89,3,180
2013,6,28,0,29,21,83,2,340
2013,6,29,92.4,26.5,19,88,8,110
2013,6,30,1.8,24.5,20,93,5,160
2013,7,1,0,26.5,22.8,90,3,90
2013,7,2,24,26.5,20.7,96,5,90
2013,7,3,8.2,26,21,95,4,90
2013,7,4,20.8,27,19,96,4,70
2013,7,5,4.4,27.5,19.5,89,4,90
2013,7,6,1.2,27.5,20,89,4,40
2013,7,7,0.8,25.5,20,91,4,40
2013,7,8,0,27,21.8,87,3,20
2013,7,9,11.6,28,19.5,82,2,90
2013,7,10,4,27.5,20.2,92,2,110
2013,7,11,0,29,21,86,3,320
2013,7,12,10.6,26,20.6,92,3,320
2013,7,13,5.2,26,20.8,91,3,320
2013,7,14,10.6,27,20.8,89,4,90
2013,7,15,0,27,22,93,2,20
2013,7,16,2,26,19,95,4,320
2013,7,17,0.8,28,20,91,3,140
2013,7,18,0,28,20.3,90,4,160
2013,7,19,3.2,27.5,21,93,3,90
2013,7,20,0.2,26.5,21,88,3,40
2013,7,21,12.6,26,20.6,90,4,40
2013,7,22,8.2,24.8,21.5,94,3,90
2013,7,23,34.8,27,18.5,94,3,90
2013,7,24,2.4,26.5,18.5,90,3,340
2013,7,25,0.8,28,20,87,3,290
2013,7,26,0,27.5,20.8,86,3,110
2013,7,27,0,26.5,20.9,88,3,340
2013,7,28,46.2,26.2,20,88,4,20
2013,7,29,15.2,27.5,21.5,96,4,90
2013,7,30,24.2,23.5,21,98,4,140
2013,7,31,11.8,25,20.5,96,3,140
2013,8,1,3.4,27,22,89,3,180
2013,8,2,3.4,29,21,82,3,170
2013,8,3,8.6,28.6,20.5,92,2,10
2013,8,4,19.4,26.5,20.5,90,5,40
2013,8,5,32.8,25,20.5,95,4,40
2013,8,6,2.6,24,20,95,3,70
2013,8,7,1,26,20,91,3,70
2013,8,8,10.6,27.7,19.9,84,3,20
2013,8,9,8.6,24.8,20,91,3,40
2013,8,10,0,27.5,20.5,87,4,160
2013,8,11,77.2,25.5,19.5,90,6,320
2013,8,12,38.2,22.5,20.8,97,4,180
2013,8,13,0,25.2,20.5,93,4,180
2013,8,14,0,28.5,20.2,81,3,320
2013,8,15,0,29,21.3,86,3,320
2013,8,16,0,27.1,21.5,89,6,320
2013,8,17,17.2,25,18.5,99,6,320
2013,8,18,127.4,23,19.5,100,5,320
2013,8,19,129.4,22.1,20.9,100,4,320
2013,8,20,96.5,24,18.5,100,5,320
2013,8,21,46,23,18.8,-999,5,270
2013,8,22,41.6,24,19,98,5,320
2013,8,23,11.6,24.5,20,96,4,320
2013,8,24,8.2,26.5,20,92,2,320
2013,8,25,20.4,25,20.5,98,2,320
2013,8,26,4.8,22.3,21,99,4,320
2013,8,27,6,25,20,92,5,320
2013,8,28,0,26.5,19,85,4,320
2013,8,29,0,28,21,83,4,320
2013,8,30,0,29,21,84,3,320
2013,8,31,0,27,20.7,85,3,320
2013,9,1,0,28.5,21,85,3,160
2013,9,2,0,29,23.8,80,2,90
2013,9,3,11,28.5,21,88,2,180
2013,9,4,8.4,27,21,92,3,180
2013,9,5,7,26.5,20,92,3,180
2013,9,6,0,28,20.6,86,3,20
2013,9,7,6,27,20.3,87,4,90
2013,9,8,18.6,25,20,91,3,20
2013,9,9,4,27.3,21.8,90,2,90
2013,9,10,28.2,26,19,95,3,90
2013,9,11,2.2,26.5,19,92,3,320
2013,9,12,14.7,24.5,19.9,97,3,180
2013,9,13,17.2,25,21,99,4,320
2013,9,14,16.2,24,20,97,4,320
2013,9,15,76.4,23,19.5,100,4,320
2013,9,16,26.2,24.2,21,100,3,320
2013,9,17,4,25,20,92,3,320
2013,9,18,8.2,25,18.4,97,4,320
2013,9,19,7.4,24.5,19,97,4,320
2013,9,20,25,24,19.3,95,6,320
2013,9,21,63.6,23.5,18.5,94,6,320
2013,9,22,80,23,18,97,5,320
2013,9,23,20.6,24,20.5,98,4,320
2013,9,24,31.2,24.8,19.5,95,4,320
2013,9,25,5.8,25.4,19,95,3,180
2013,9,26,5.2,25.3,19,98,2,340
2013,9,27,2.4,26.5,20.5,93,2,180
2013,9,28,43.8,26,20.5,98,3,110
2013,9,29,49.4,27.5,20.5,96,2,320
2013,9,30,0,26,22,93,2,320
2013,10,1,4.2,25,20,95,4,320
2013,10,2,34,26,20,94,4,320
2013,10,3,6.8,25.5,19,97,3,320
2013,10,4,0,28.5,19.5,89,3,320
2013,10,5,0,27.5,19,84,4,320
2013,10,6,0,26.5,19,84,4,320
2013,10,7,0,27,21.9,86,2,320
2013,10,8,0.2,27,20,92,3,320
2013,10,9,8.8,25.5,20.5,91,2,340
2013,10,10,21.2,28,20,89,4,340
2013,10,11,100,22,19,99,7,340
2013,10,12,9.9,25,20.5,92,3,320
2013,10,13,4,27.6,20.5,85,2,320
2013,10,14,1,26,20.2,95,5,320
2013,10,15,14.4,25,20,97,4,320
2013,10,16,25.6,25,18.5,95,4,40
2013,10,17,0,24.8,18.3,88,5,20
2013,10,18,0,24,18.5,86,5,20
2013,10,19,0,26,18.3,90,4,20
2013,10,20,0,28,18.5,85,4,20
2013,10,21,0,27.2,20.8,85,4,20
2013,10,22,5.8,28,19,87,3,20
2013,10,23,0,25.5,19.5,89,3,110
2013,10,24,0,26.9,19.4,87,2,180
2013,10,25,0.8,26.5,19.5,92,2,80
2013,10,26,0,23.4,19.5,90,5,40
2013,10,27,0,22,19,87,6,40
2013,10,28,0,25,20.2,87,6,20
2013,10,29,0,26,18.7,87,4,40
2013,10,30,0,24.5,19,88,3,340
2013,10,31,0,25,18.4,90,4,290
2013,11,1,19.5,28,19.5,91,3,40
2013,11,2,6.5,24.5,20.5,95,4,80
2013,11,3,6,25.6,20.5,94,1,80
2013,11,4,7.8,25,21.8,95,7,40
2013,11,5,47.4,24.5,19,95,6,40
2013,11,6,1.2,26,19.8,87,5,40
2013,11,7,24.4,25,19,86,6,40
2013,11,8,96.6,23.5,18,94,10,70
2013,11,9,55,24.5,18.5,92,6,160
2013,11,10,0,25.5,18.5,87,5,70
2013,11,11,18.3,24.5,21.2,95,7,90
2013,11,12,9.4,23,19.4,93,5,20
2013,11,13,18.2,23,20,96,5,90
2013,11,14,15,26.5,19.7,92,4,90
2013,11,15,0.6,26,19.5,89,6,90
2013,11,16,0,26,19.3,87,4,90
2013,11,17,0,26,18.8,82,5,40
2013,11,18,4,25,20.5,89,4,20
2013,11,19,4.8,22,19,93,6,40
2013,11,20,13,23.5,18.5,92,5,70
2013,11,21,2.2,24.5,18.5,94,6,90
2013,11,22,3,25,19,94,3,360
2013,11,23,16.8,24,18,90,5,90
2013,11,24,0,24.5,18.8,90,4,90
2013,11,25,0,28,21.8,90,3,20
2013,11,26,0,25.5,19.3,90,4,90
2013,11,27,2.4,27,19.5,88,4,90
2013,11,28,0,28,19.5,87,4,360
2013,11,29,0,24,19.3,85,6,40
2013,11,30,13.8,21.8,19,96,4,40
2013,12,1,1.5,22,19,92,4,40
2013,12,2,2.3,24,19,94,5,40
2013,12,3,0,23.5,19,96,4,40
2013,12,4,0,23.5,18,93,4,20
2013,12,5,0,23,19,91,4,20
2013,12,6,0,23.5,19,90,4,40
2013,12,7,0,23.5,19,94,5,40
2013,12,8,7.8,23.5,20,95,4,20
2013,12,9,0,27,21.8,95,2,180
2013,12,10,0,25.6,20,92,4,70
2013,12,11,2.6,26.5,20,92,4,40
2013,12,12,2.2,22.5,19,94,6,90
2013,12,13,1.2,25,19,90,6,90
2013,12,14,15.4,25.3,19,86,6,90
2013,12,15,2,25.2,18.5,90,4,90
2013,12,16,12,25,21.6,95,4,90
2013,12,17,0,27.5,18.5,89,3,140
2013,12,18,4.8,27.8,20.5,90,3,140
2013,12,19,0,25.3,19.5,94,4,40
2013,12,20,0.6,24.5,20,93,4,90
2013,12,21,3.2,26,20,95,3,20
2013,12,22,0,27,19.5,88,4,20
2013,12,23,0,25,20.8,93,4,90
2013,12,24,3.2,26,18,95,4,40
2013,12,25,0,26,20.5,90,3,40
2013,12,26,0,28,19.5,85,2,320
2013,12,27,5.6,23.8,19,96,3,20
2013,12,28,0,24,18.2,92,5,40
2013,12,29,0,24,18.5,91,5,40
2013,12,30,0,25,19.5,89,5,20
2013,12,31,0,26.2,18,88,4,40
2014,1,1,0,25.2,18.5,77,5,40
2014,1,2,0,24.5,17.2,77,4,70
2014,1,3,0,25.5,18,83,4,20
2014,1,4,0,28,18.5,87,4,20
2014,1,5,0,24.5,17.5,87,6,40
2014,1,6,-1,24,19.5,90,7,40
2014,1,7,0,23,19.5,88,5,40
2014,1,8,0,24.5,19,84,5,40
2014,1,9,0,24,18,80,7,40
2014,1,10,2.3,20,17,90,9,90
2014,1,11,0,21.7,16.8,64,6,40
2014,1,12,4,22.5,17,85,7,40
2014,1,13,0,21,18,89,5,20
2014,1,14,0,24,18.3,85,5,360
2014,1,15,0.4,24.5,15.5,89,6,40
2014,1,16,0,22,15.2,83,5,20
2014,1,17,0,21.3,16,88,4,40
2014,1,18,0,22,15.5,82,7,40
2014,1,19,0,19.5,15,83,8,40
2014,1,20,0,21,17,87,4,20
2014,1,21,0,22.5,16.9,89,5,360
2014,1,22,0,23,15.8,89,7,40
2014,1,23,0,21,15.3,82,7,40
2014,1,24,2.2,20.8,15.3,84,7,70
2014,1,25,0,22.3,15,77,5,40
2014,1,26,3,23,16,85,4,40
2014,1,27,0,24,16.2,86,5,40
2014,1,28,0,23,17,82,5,40
2014,1,29,-1,24.5,16.5,82,4,40
2014,1,30,-1,23,16,85,6,70
2014,1,31,0,22,17.5,79,4,40
2014,2,1,1.6,28.2,19,89,5,120
2014,2,2,0,27.5,19,82,3,170
2014,2,3,0,27.2,20.4,86,3,340
2014,2,4,0,27,18.5,87,3,40
2014,2,5,0,26.5,19.4,82,5,90
2014,2,6,0,26.5,18.5,73,4,70
2014,2,7,0,27.3,18.8,82,4,90
2014,2,8,0,28,19,82,5,90
2014,2,9,0,26.5,18.5,83,5,40
2014,2,10,0,28,19.2,81,4,90
2014,2,11,0,23.5,17.5,89,5,90
2014,2,12,0,23.7,16,88,5,70
2014,2,13,0,24.5,16,72,4,140
2014,2,14,0,25.3,17,82,4,90
2014,2,15,0,24.2,17.5,84,5,40
2014,2,16,0,23.7,18,95,6,80
2014,2,17,0,25,18,84,5,70
2014,2,18,0,25,17.5,82,4,20
2014,2,19,0,25.5,17,75,4,20
2014,2,20,0,27,17,77,6,40
2014,2,21,0,23.2,17,86,5,40
2014,2,22,0,22.8,17,81,6,40
2014,2,23,0,22,16.8,85,8,40
2014,2,24,0,22.5,18,78,8,40
2014,2,25,3,24,17.5,91,4,20
2014,2,26,0.2,23,17.5,85,4,40
2014,2,27,0,25.5,18,81,6,90
2014,2,28,0,25.5,17.8,80,4,40
2014,3,1,0,27.5,17.5,78,4,40
2014,3,2,0,27.6,17.5,78,4,40
2014,3,3,0,27,18.5,80,4,90
2014,3,4,0,28,18,76,3,110
2014,3,5,0,27,18,78,5,40
2014,3,6,3,26.5,18,79,4,40
2014,3,7,3.6,21,12,97,5,70
2014,3,8,0,24,18,88,5,70
2014,3,9,0,27,18,76,4,90
2014,3,10,5,26,19.8,85,5,20
2014,3,11,5.8,21.5,18.5,96,6,90
2014,3,12,0,25.5,18.5,86,4,90
2014,3,13,0,27.5,19.5,76,4,90
2014,3,14,0,28,17.8,82,5,40
2014,3,15,0,24.5,17.8,87,6,40
2014,3,16,0,25.5,17.9,82,5,40
2014,3,17,0,25,20,84,6,40
2014,3,18,0,27,18,73,6,90
2014,3,19,0,27.5,17.5,76,5,40
2014,3,20,0,28.2,19,73,4,110
2014,3,21,1.8,25,18.5,92,6,40
2014,3,22,0,23.5,18.5,85,7,40
2014,3,23,0,24,18.3,85,7,40
2014,3,24,11.4,24,19.5,93,7,70
2014,3,25,7.4,24,19.5,96,5,90
2014,3,26,0,26.5,19.5,87,4,90
2014,3,27,1.4,24.6,20,92,5,90
2014,3,28,0.4,27.5,20,82,4,90
2014,3,29,0,27.5,18,89,5,90
2014,3,30,0,27.7,18.2,94,4,40
2014,3,31,0,27,20,81,4,90
2014,4,1,0,30,20.5,78,3,180
2014,4,2,0,28.8,19.5,82,5,70
2014,4,3,0,28.6,19.5,81,4,110
2014,4,4,0,29,19.5,75,4,40
2014,4,5,0,28.1,20,73,4,40
2014,4,6,3,28.5,19,83,5,40
2014,4,7,0,28,21,78,5,40
2014,4,8,0,27,19.5,80,4,90
2014,4,9,0,29,19.5,83,3,90
2014,4,10,0,28.5,19.8,77,4,70
2014,4,11,-1,27.2,19.5,82,4,70
2014,4,12,0,27.3,19.7,82,5,20
2014,4,13,0,29,20,81,4,10
2014,4,14,0,30,21,81,4,20
2014,4,15,-1,26,20,76,5,40
2014,4,16,0,26.8,19.5,80,4,40
2014,4,17,0,29,20,79,4,40
2014,4,18,0,30,20,79,4,20
2014,4,19,0,31,20.5,83,3,40
2014,4,20,0,28.5,19.4,88,4,110
2014,4,21,0,29,20,76,5,20
2014,4,22,0,30.5,20,76,4,40
2014,4,23,0,32,20.3,82,4,40
2014,4,24,0,30,21,81,4,70
2014,4,25,0,32,21.3,80,4,90
2014,4,26,0,30,21,81,5,90
2014,4,27,0,30,21.5,79,4,90
2014,4,28,0.4,27.5,21.8,89,3,20
2014,4,29,0,30.5,21,81,4,140
2014,4,30,0,31,20,76,4,40
2014,5,1,0,32,21.5,76,4,70
2014,5,2,0,30.5,21.3,80,4,40
2014,5,3,0,30.5,21.3,77,4,40
2014,5,4,0,30,20.5,74,4,70
2014,5,5,0,30.5,21.5,79,5,90
2014,5,6,0,30.5,21,75,4,40
2014,5,7,0,31,22,74,4,40
2014,5,8,0,32.5,21,82,4,90
2014,5,9,0,30.5,21.5,87,4,90
2014,5,10,0,31.5,21,80,5,90
2014,5,11,0,31,21.5,79,4,70
2014,5,12,0,31,22.5,72,5,140
2014,5,13,0,31.5,21,74,4,140
2014,5,14,2,32.5,20.5,80,3,140
2014,5,15,0,33.5,22.3,76,3,160
2014,5,16,0,34,22,80,3,80
2014,5,17,0,32,21,75,3,130
2014,5,18,0,32.5,21,75,3,40
2014,5,19,0,31,22,75,3,90
2014,5,20,0,33,22.5,73,3,90
2014,5,21,0,33,22,80,3,140
2014,5,22,0,32.5,21.5,79,3,40
2014,5,23,0,31.7,22,75,5,90
2014,5,24,0,29,21.8,77,5,70
2014,5,25,0,30,21.7,78,5,90
2014,5,26,0,31.5,22,78,4,360
2014,5,27,0,30,21.4,82,3,320
2014,5,28,0,30.6,22.5,86,2,320
2014,5,29,44,32.5,19.5,79,2,360
2014,5,30,0,31,22,80,4,90
2014,5,31,0,31,21.8,79,5,90
2014,6,1,0,30.5,22,80,3,160
2014,6,2,8,32,22,80,3,320
2014,6,3,21,32,22.5,87,2,320
2014,6,4,3.2,30.6,21,82,3,320
2014,6,5,0,29,22,87,2,320
2014,6,6,3,31,20.5,81,3,320
2014,6,7,39.6,29.5,19,94,3,320
2014,6,8,7,31,21,87,3,320
2014,6,9,52,28,21,92,3,320
2014,6,10,4.6,26,21,96,4,320
2014,6,11,4.5,28,20.5,91,4,320
2014,6,12,14.8,26.5,20,93,3,320
2014,6,13,0,25.5,20.5,90,4,320
2014,6,14,2.2,29.5,21,85,5,340
2014,6,15,0,30,20.5,79,4,340
2014,6,16,4.8,29,22,94,4,320
2014,6,17,63.2,30,19,89,3,180
2014,6,18,9.8,28.5,19,96,3,320
2014,6,19,-1,28,21,92,3,320
2014,6,20,-1,26.5,20.4,93,4,320
2014,6,21,12.8,29.3,19.5,83,3,220
2014,6,22,3.4,28.5,19.6,90,3,320
2014,6,23,0,27.5,21.5,86,4,320
2014,6,24,0,29,22,84,3,320
2014,6,25,-1,28.5,21,87,3,320
2014,6,26,21,26,19.5,94,3,320
2014,6,27,2,25.6,19.5,92,3,320
2014,6,28,0,27,19.6,88,4,320
2014,6,29,0,29,22,86,3,320
2014,6,30,0,29,22,88,3,320
2014,7,1,3.4,28.2,21.5,94,3,320
2014,7,2,0,29.5,22.5,91,3,320
2014,7,3,5,28.5,20,87,3,320
2014,7,4,33.8,25.2,19.5,97,3,320
2014,7,5,30.4,26,20,98,4,320
2014,7,6,39.3,25.5,20,97,4,320
2014,7,7,10.2,24,21,98,5,320
2014,7,8,5.6,25.5,20,97,4,320
2014,7,9,10,25,21,97,3,320
2014,7,10,0.6,28.5,21,92,3,320
2014,7,11,0,28.5,18.5,89,4,180
2014,7,12,3.8,29.5,21,84,4,90
2014,7,13,0,29,21,83,4,90
2014,7,14,0,29,21,88,3,320
2014,7,15,133.7,27,20.5,93,7,340
2014,7,16,7.2,24,20,97,6,140
2014,7,17,5.8,26,20,91,4,320
2014,7,18,1.4,26,20,95,5,320
2014,7,19,7.2,25.4,19,96,4,320
2014,7,20,2.4,27,20.3,97,4,320
2014,7,21,25.3,24,21.5,97,5,320
2014,7,22,41.8,23.2,20,98,5,320
2014,7,23,39.7,23.5,19,100,7,320
2014,7,24,16,25,19.5,94,4,290
2014,7,25,0.8,25.6,19.5,94,4,320
2014,7,26,39.2,27,19.5,91,3,320
2014,7,27,4,26,19.7,89,4,320
2014,7,28,17,26,21,96,3,320
2014,7,29,3.6,25,21,93,4,320
2014,7,30,23,25,20.5,98,5,320
2014,7,31,17.2,23.5,19,97,7,290
2014,8,1,22.3,24.5,20,97,6,320
2014,8,2,30.9,23.8,19.5,97,5,320
2014,8,3,28.2,23,20,98,5,320
2014,8,4,71.5,24.5,20,98,7,320
2014,8,5,25,22.5,19,100,6,320
2014,8,6,0,25.5,21.3,94,5,320
2014,8,7,0,26.5,20.5,89,7,290
2014,8,8,0,26.5,19.8,92,7,320
2014,8,9,0,26,20,90,5,320
2014,8,10,0,27,20,89,5,320
2014,8,11,0,27,21,89,5,320
2014,8,12,0,27,21.5,89,5,320
2014,8,13,0,29.3,21.5,87,4,320
2014,8,14,4.1,30.5,20.8,82,3,320
2014,8,15,0,29.5,20,84,2,320
2014,8,16,2.8,28,20,92,3,320
2014,8,17,2.2,26.5,19.5,97,4,320
2014,8,18,0,27,21,91,3,320
2014,8,19,0,30.5,21.5,86,3,140
2014,8,20,0,29.8,21.5,83,3,140
2014,8,21,-1,30,19.4,81,4,70
2014,8,22,9.4,25.8,19.8,88,3,340
2014,8,23,2.4,29.5,19.7,83,4,320
2014,8,24,0,28.5,19.5,86,4,320
2014,8,25,28.4,25,20.5,93,3,320
2014,8,26,13.5,24,20.2,97,3,140
2014,8,27,1.4,27.5,20,89,5,90
2014,8,28,12.6,24,19,93,5,40
2014,8,29,55.4,26,19,78,3,40
2014,8,30,2.6,26,20.5,89,3,100
2014,8,31,0,28,20.3,89,3,360
2014,9,1,6,27,21.5,89,3,320
2014,9,2,2.4,25,20.5,92,3,360
2014,9,3,7,26.3,20.5,94,3,40
2014,9,4,4,24.5,20.2,96,3,40
2014,9,5,0,27.5,19.7,90,4,160
2014,9,6,1.8,27,19.5,88,4,320
2014,9,7,0,27.2,19,89,4,320
2014,9,8,20.8,28,20.5,93,3,320
2014,9,9,36.6,26,21,93,2,320
2014,9,10,2,26,19.5,95,4,290
2014,9,11,0,27,20.9,84,4,320
2014,9,12,0,27.5,21,93,4,320
2014,9,13,45.8,24.5,19,96,4,320
2014,9,14,155,21.5,19,100,8,320
2014,9,15,2.2,24.5,21,97,3,320
2014,9,16,0,27,20,88,3,320
2014,9,17,0,29.2,21.5,87,2,320
2014,9,18,141.2,27.9,20.5,92,4,320
2014,9,19,150.6,22.8,18,99,8,270
2014,9,20,0,25,18.5,90,7,270
2014,9,21,0,26,18.5,88,5,320
2014,9,22,0,26,20,91,3,320
2014,9,23,8.9,28.5,21.5,89,5,320
2014,9,24,0,29,20,86,3,360
2014,9,25,3,27.5,21,85,4,70
2014,9,26,2,28,20,89,4,40
2014,9,27,0,29.5,20.5,80,3,340
2014,9,28,18.4,29,20,89,2,350
2014,9,29,22.2,28,22,88,2,220
2014,9,30,1.8,27.4,20.5,92,2,360
2014,10,1,0,29,19.7,77,3,360
2014,10,2,13.6,27,20.2,90,3,320
2014,10,3,4.6,28.5,20.5,90,3,40
2014,10,4,1.6,27,19.8,92,3,90
2014,10,5,17.4,25.5,19.5,90,4,40
2014,10,6,2.8,26.3,21,92,2,340
2014,10,7,0,28.3,19.8,89,3,360
2014,10,8,3.6,26,20.2,91,3,320
2014,10,9,3.6,27,20.3,93,3,320
2014,10,10,2.2,28,20.5,94,2,340
2014,10,11,55,29,20,86,3,170
2014,10,12,0,26,20.5,88,3,40
2014,10,13,11,28,21,89,4,20
2014,10,14,65.4,27,20,92,5,40
2014,10,15,-1,24.6,19.8,87,4,30
2014,10,16,-1,25.5,19.7,86,4,20
2014,10,17,37.4,25,19.5,92,4,20
2014,10,18,0.2,24,18,92,5,40
2014,10,19,0,26.3,18.5,88,5,40
2014,10,20,0,27.6,20.5,90,2,30
2014,10,21,0,26.2,21,90,3,20
2014,10,22,0,28,21.5,89,3,20
2014,10,23,1.8,26.7,20,88,5,40
2014,10,24,2.6,26.5,20.5,87,4,40
2014,10,25,0,26.8,20,84,4,70
2014,10,26,23,24.8,19,88,5,70
2014,10,27,10.2,25,20,86,3,40
2014,10,28,13.6,25,21,92,4,20
2014,10,29,15.4,23,20.6,94,6,20
2014,10,30,7.4,24,20.4,83,5,40
2014,10,31,0.4,24.9,20.6,89,4,40
2014,11,1,1.8,26,20,90,4,40
2014,11,2,0,29,20,81,4,40
2014,11,3,4.6,27,20.5,87,2,30
2014,11,4,2.2,26.6,20.4,91,5,40
2014,11,5,0,25,20,91,5,40
2014,11,6,0,25,18.6,82,5,40
2014,11,7,0,25,20.2,83,5,40
2014,11,8,3.3,25.7,19,91,4,70
2014,11,9,1,25,19,84,5,40
2014,11,10,0,24.2,20.5,85,3,30
2014,11,11,0,25,20,88,4,20
2014,11,12,0,26.5,20,84,6,20
2014,11,13,0,25.5,19,90,6,40
2014,11,14,22,24,19.8,88,5,40
2014,11,15,3,25,19.3,96,4,40
2014,11,16,0,27.5,19.5,87,4,90
2014,11,17,0,28.2,21.2,89,2,30
2014,11,18,0,27,20.5,91,4,20
2014,11,19,32,26,20.5,96,6,40
2014,11,20,1,25.6,20,87,5,40
2014,11,21,0,26.5,20,89,4,40
2014,11,22,0,27,20,87,4,20
2014,11,23,0,26.8,20,85,5,20
2014,11,24,0.2,25.8,20.5,90,2,30
2014,11,25,2.4,26,21,91,4,30
2014,11,26,1,26,21,91,6,70
2014,11,27,21.8,25,17,94,6,70
2014,11,28,2.4,26,21.3,90,8,70
2014,11,29,9.1,26.5,20,90,5,90
2014,11,30,9.8,25,19.5,87,5,90
2014,12,1,4.8,23.2,20,92,5,30
2014,12,2,1.2,24.5,20,94,6,90
2014,12,3,1,25.5,20,87,6,40
2014,12,4,-1,28,20.5,88,4,40
2014,12,5,1.8,23.5,19.8,91,4,20
2014,12,6,0,23.5,18.5,86,7,20
2014,12,7,7.4,22,18,88,7,20
2014,12,8,126.5,22,19,96,10,30
2014,12,9,26.8,23,20.5,98,7,90
2014,12,10,0,26,20.6,92,5,90
2014,12,11,0,26,20.7,91,4,40
2014,12,12,-1,26.5,21,92,4,70
2014,12,13,5.4,24.4,20,93,6,70
2014,12,14,4.2,23,19,91,6,40
2014,12,15,2.2,24,19.4,93,4,30
2014,12,16,8.7,25,20.8,98,4,60
2014,12,17,1,23,19.7,96,9,40
2014,12,18,0.8,22.3,17,86,7,40
2014,12,19,0,22.4,19,90,5,40
2014,12,20,0,24.6,19,94,4,40
2014,12,21,1,24.5,19,92,5,40
2014,12,22,10.6,22.2,19.6,96,7,30
2014,12,23,34.2,22,20,96,9,70
2014,12,24,24.8,22.5,20,96,7,40
2014,12,25,3,22,19.5,89,5,20
2014,12,26,0.4,23,19,88,8,40
2014,12,27,0,23,18.3,86,7,70
2014,12,28,0,24.5,18.5,86,5,40
2014,12,29,-1,24,18.7,84,2,60
2014,12,30,-1,20.8,18.5,91,4,30
2014,12,31,0,21,15,88,6,40
2015,1,1,4.8,20.5,14.5,84,9,40
2015,1,2,0,23,17,83,8,40
2015,1,3,0,22.7,17,89,6,40
2015,1,4,0,24,18,90,5,40
2015,1,5,0,23.2,19.2,92,4,30
2015,1,6,0,23,18,88,4,90
2015,1,7,0,23,18,90,4,40
2015,1,8,3.4,22.9,18,85,7,70
2015,1,9,1.4,20.5,16.9,90,8,40
2015,1,10,0,22,16,85,8,40
2015,1,11,0,22.6,16.3,87,7,40
2015,1,12,0,22.8,18.8,80,7,30
2015,1,13,0,23.2,18.5,83,5,40
2015,1,14,0,23,19,89,5,40
2015,1,15,0,24,18.5,84,4,40
2015,1,16,0.4,23,17,85,5,40
2015,1,17,0,20.5,16.1,84,6,20
2015,1,18,62.2,19.5,16,91,6,320
2015,1,19,0,25.2,19,91,4,40
2015,1,20,0,24.5,20,90,4,40
2015,1,21,0,27,19,86,3,320
2015,1,22,0,24.5,16,95,5,160
2015,1,23,0,20.5,16.5,86,10,40
2015,1,24,0,21,15.5,85,8,40
2015,1,25,0,24,16,82,6,70
2015,1,26,0,24.9,16.5,85,5,90
2015,1,27,0,24.5,19.5,91,4,360
2015,1,28,0,25.5,19,90,3,20
2015,1,29,0,23.2,18.6,94,4,40
2015,1,30,0,25.5,18,85,6,40
2015,1,31,0.5,23,17,80,6,40
2015,2,1,0,22,16,85,8,70
2015,2,2,0,22.5,17.8,81,8,40
2015,2,3,0,23.5,18.2,88,6,40
2015,2,4,0,24,17,80,5,40
2015,2,5,0,25,17.4,86,3,70
2015,2,6,0,25.4,15,88,4,360
2015,2,7,0,25.5,17.3,88,3,40
2015,2,8,0,25.3,17.5,87,3,30
2015,2,9,0,26.8,19,83,5,20
2015,2,10,0,24.3,18.2,88,5,10
2015,2,11,-1,24,18,89,3,40
2015,2,12,1,26.3,19.5,90,4,40
2015,2,13,0,22.5,19,91,5,70
2015,2,14,3,22.5,17.7,94,6,70
2015,2,15,2.8,24.5,18,92,4,40
2015,2,16,0,25,19,91,4,90
2015,2,17,0,25.5,19.5,85,4,40
2015,2,18,2.8,24,18.5,85,6,90
2015,2,19,3.2,22.7,16.2,95,7,70
2015,2,20,0,21,15.5,92,6,70
2015,2,21,0,23,16.5,88,5,90
2015,2,22,0,25.2,18.3,88,4,70
2015,2,23,0,25,18.8,85,5,90
2015,2,24,0,26,18.7,86,5,90
2015,2,25,-1,24,18,91,5,40
2015,2,26,0,26.5,19,86,4,80
2015,2,27,0,26,19,84,6,80
2015,2,28,0,25.6,19,82,5,80
2015,3,1,0,27,19,77,6,40
2015,3,2,0,25.3,18,79,5,40
2015,3,3,0,25.8,18.8,89,4,90
2015,3,4,0,27,19.5,82,5,90
2015,3,5,0,25.3,18.9,86,6,90
2015,3,6,0,26.5,19,83,4,70
2015,3,7,0,27,19,79,5,70
2015,3,8,0,26,18.7,82,6,40
2015,3,9,0,26.4,18.5,80,4,110
2015,3,10,-1,25,17,79,6,90
2015,3,11,27.8,21,18.5,96,5,90
2015,3,12,0,25,18.6,85,4,90
2015,3,13,-1,24.5,18.5,84,4,40
2015,3,14,0,25.2,18.5,85,5,80
2015,3,15,0,25.5,18.5,86,6,70
2015,3,16,0.2,25.5,18,85,6,70
2015,3,17,0,25,17,81,4,70
2015,3,18,0,26,17,83,4,70
2015,3,19,0,28,18.4,86,4,20
2015,3,20,0,28.7,20,88,4,20
2015,3,21,1.2,27,19.5,91,5,70
2015,3,22,0,25,19.5,92,5,90
2015,3,23,3.2,25.3,19,90,5,70
2015,3,24,0,25.5,19.8,91,5,40
2015,3,25,2.8,24.5,18,90,6,40
2015,3,26,1.6,24.2,20,85,6,60
2015,3,27,0,26.5,19.3,81,5,40
2015,3,28,0,26,19,83,5,80
2015,3,29,0,26.5,19.5,82,5,90
2015,3,30,0,26.8,18.3,77,6,70
2015,3,31,0,28,20,81,5,70
2015,4,1,0,26.5,20.3,89,6,90
2015,4,2,0,27.5,19,87,5,90
2015,4,3,0,28,19.5,82,4,40
2015,4,4,0,28.9,20,86,4,320
2015,4,5,5.4,26.2,19.5,91,4,200
2015,4,6,0,28.1,21,84,5,40
2015,4,7,0,26.5,20,88,6,70
2015,4,8,0,26.5,20,81,6,40
2015,4,9,0,26,19.5,82,6,40
2015,4,10,0,26.5,19.5,80,5,40
2015,4,11,0,27.5,19.2,80,5,40
2015,4,12,0,27.5,19.5,81,4,70
2015,4,13,0,29.8,20.5,82,3,360
2015,4,14,0,28,19,89,4,90
2015,4,15,0,26.7,20.4,90,5,90
2015,4,16,3.6,28.9,20.8,88,4,70
2015,4,17,0,27.9,21.3,85,5,90
2015,4,18,0,28,20.5,82,5,90
2015,4,19,0,29.8,20.5,83,4,110
2015,4,20,0,32,22.5,77,2,180
2015,4,21,0,31,21,84,3,40
2015,4,22,0,28.5,20.6,83,5,40
2015,4,23,0,29,20.5,80,5,70
2015,4,24,0,29.2,20.5,79,4,40
2015,4,25,0,29,20.5,76,5,40
2015,4,26,0,28.5,20.3,82,5,70
2015,4,27,0,28.5,21,79,5,90
2015,4,28,0,30.5,21.5,85,4,140
2015,4,29,0,31,21.2,84,3,170
2015,4,30,0,31.2,20.7,88,3,360
2015,5,1,0,30.7,21,78,4,90
2015,5,2,0,30.3,21,82,4,70
2015,5,3,1.2,28.5,21.3,85,4,70
2015,5,4,0,28,21,88,3,180
2015,5,5,0,30.5,21.5,84,4,90
2015,5,6,0,31,21.5,78,3,350
2015,5,7,0,30.4,21,83,3,20
2015,5,8,0,31,21.5,77,3,360
2015,5,9,0,31.5,21.5,79,4,320
2015,5,10,0,28.5,21,84,4,320
2015,5,11,0,32.5,22,77,3,320
2015,5,12,0,31,21.9,82,5,90
2015,5,13,0,30.5,21,80,5,90
2015,5,14,0,30,20.8,80,4,20
2015,5,15,1.6,29,20.5,81,4,40
2015,5,16,0,30.5,21,75,4,80
2015,5,17,0,29.5,21,75,4,90
2015,5,18,0,31,22,74,3,180
2015,5,19,0,31.5,21.5,84,2,320
2015,5,20,0,32.2,22.2,74,3,320
2015,5,21,0,32.5,22.5,76,3,320
2015,5,22,0,32.6,22.5,79,3,320
2015,5,23,0,33,21.3,79,3,320
2015,5,24,0,30.5,21,85,3,320
2015,5,25,0,32.4,22,84,2,320
2015,5,26,4.6,30.5,22.5,92,3,320
2015,5,27,0,30.7,22,80,3,340
2015,5,28,0,31.5,22.5,78,2,340
2015,5,29,0,31.8,23,76,3,340
2015,5,30,1,32,22,77,3,220
2015,5,31,26,31.5,21.5,84,4,40
2015,6,1,0,30,21.5,79,4,20
2015,6,2,0,30.5,21,76,4,20
2015,6,3,3.4,31.4,21,90,3,180
2015,6,4,0,31,21.3,85,3,40
2015,6,5,0,29.5,22,89,4,70
2015,6,6,0,30.5,22,80,4,70
2015,6,7,0,30.5,22,82,4,90
2015,6,8,0,31.2,22,86,3,320
2015,6,9,7.2,31.5,21.5,89,4,320
2015,6,10,4,30,22,90,3,70
2015,6,11,0,30.4,20,84,4,70
2015,6,12,0,29.8,20.4,81,5,90
2015,6,13,0,30,21.5,77,5,40
2015,6,14,0,30,21.2,84,5,40
2015,6,15,3.2,30,21.8,90,4,90
2015,6,16,2,29,21.5,82,4,90
2015,6,17,0,31.3,22,85,3,180
2015,6,18,47.8,30,21.2,86,3,340
2015,6,19,0,29,22,90,3,90
2015,6,20,5.5,27.5,20.8,92,3,320
2015,6,21,0,27.5,20.5,87,3,320
2015,6,22,0,29.4,21,91,3,320
2015,6,23,0,29,21,94,3,320
2015,6,24,0,29.4,22.5,97,3,320
2015,6,25,0,29.4,22.4,98,3,320
2015,6,26,0,29,21.7,88,2,320
2015,6,27,15.2,29.2,21.5,90,2,90
2015,6,28,0,29.5,21.5,85,3,320
2015,6,29,5,29,21,94,2,320
2015,6,30,0,30,21.5,93,3,320
2015,7,1,4.8,30,20,90,4,340
2015,7,2,0.5,28.6,22.3,89,3,320
2015,7,3,14.8,28,18.5,91,3,320
2015,7,4,28.9,26,19,93,4,320
2015,7,5,41.2,23.2,18,95,6,320
2015,7,6,39,26,19,94,5,320
2015,7,7,17.2,26,21.5,95,5,320
2015,7,8,78.6,24,20.4,99,5,320
2015,7,9,56.8,22.5,17,99,4,220
2015,7,10,12,23,20.5,100,5,270
2015,7,11,8.8,25,17.5,96,4,200
2015,7,12,4,26,18,89,5,320
2015,7,13,0,26.6,21.5,93,6,320
2015,7,14,0,26,21,87,6,320
2015,7,15,6.5,27.3,20,98,6,320
2015,7,16,0,25,18,89,6,320
2015,7,17,0,26,19,86,5,320
2015,7,18,0,27,18,86,4,270
2015,7,19,0,29.5,19,81,3,170
2015,7,20,0,31.5,21,80,4,320
2015,7,21,0,29,21.5,91,3,320
2015,7,22,14.8,28.5,19.5,88,4,320
2015,7,23,53.8,28.8,20,98,4,320
2015,7,24,24,26.3,20,99,4,320
2015,7,25,13.6,27.2,17.5,92,3,320
2015,7,26,20,27,19,89,3,20
2015,7,27,33.3,28.4,20,94,3,40
2015,7,28,0,28,20.8,95,3,40
2015,7,29,0,28.1,20.5,95,4,40
2015,7,30,0,27.5,21.4,83,4,40
2015,7,31,0,29.5,20.6,75,4,40
2015,8,1,4.4,28,20.5,89,3,70
2015,8,2,0,27,20.8,88,4,40
2015,8,3,0,28.5,21,80,3,180
2015,8,4,10.4,27.5,21,89,3,320
2015,8,5,3,28.5,22,92,3,320
2015,8,6,31.8,27.5,21.5,94,2,320
2015,8,7,2.2,27.5,21,93,5,320
2015,8,8,1.6,24.7,19,96,4,290
2015,8,9,28.8,25.5,19.5,92,3,320
2015,8,10,1.5,26.5,21.2,92,2,320
2015,8,11,4,28,21.5,89,2,320
2015,8,12,22.6,27,21.6,89,2,320
2015,8,13,1.8,29.5,22,90,3,320
2015,8,14,1,30.5,22,96,3,320
2015,8,15,12.4,29,20.5,90,3,160
2015,8,16,2,29.3,20,88,3,160
2015,8,17,0.5,30,20.8,89,2,320
2015,8,18,10.3,29,22,92,3,320
2015,8,19,3,29.7,20,96,5,320
2015,8,20,43.5,23.5,15.5,99,8,320
2015,8,21,111,24,20,97,7,290
2015,8,22,11.8,23,17,98,7,290
2015,8,23,2.4,23.5,17.5,97,5,200
2015,8,24,11.8,24.5,19.4,94,5,340
2015,8,25,0,26.7,20.8,90,4,320
2015,8,26,0,28.5,21.6,95,3,320
2015,8,27,14,29,21,89,2,320
2015,8,28,21,28.5,21,89,3,320
2015,8,29,1.5,27.2,20.5,89,3,320
2015,8,30,1,27.4,19,87,3,320
2015,8,31,-1,28,21,81,3,340
2015,9,1,3.9,26.2,21,90,2,320
2015,9,2,0,27.5,21.9,89,4,40
2015,9,3,0,28.1,22,83,4,40
2015,9,4,0,26.8,22,89,2,110
2015,9,5,64.4,28,20.5,87,3,140
2015,9,6,3.6,27.7,19.8,86,3,320
2015,9,7,0,29.2,21.5,86,3,320
2015,9,8,0,29.3,21,86,3,320
2015,9,9,0,29,21.8,89,3,320
2015,9,10,17.6,27,20.2,95,3,320
2015,9,11,7.5,27,21.2,94,3,90
2015,9,12,0.5,27.5,20.5,88,3,330
2015,9,13,0,26.7,20,89,3,350
2015,9,14,6.3,27.8,20,94,3,320
2015,9,15,0,28.3,21,86,3,360
2015,9,16,17,27.7,20.9,86,2,90
2015,9,17,2.2,28.4,21.3,86,4,10
2015,9,18,0,28.4,21.5,84,3,30
2015,9,19,1.4,27.9,21,86,3,90
2015,9,20,0,27.5,21,85,3,100
2015,9,21,26,27.6,21,93,2,320
2015,9,22,52,28,20.8,93,2,180
2015,9,23,7.8,28,21.5,95,3,320
2015,9,24,0,28.4,21.6,87,4,320
2015,9,25,1.6,29,22,86,3,320
2015,9,26,47.4,28,20,88,4,320
2015,9,27,34.6,26,19.5,87,3,320
2015,9,28,20.8,25.5,20.5,95,3,320
2015,9,29,0,29,21.5,88,3,320
2015,9,30,5.6,28.4,20.7,85,3,330
2015,10,1,101.5,24.9,20.5,93,5,330
2015,10,2,1,23.5,20.4,94,3,120
2015,10,3,0,27,20,90,3,90
2015,10,4,32,26,20,92,3,20
2015,10,5,15,26.6,21.5,91,3,360
2015,10,6,0,28,21,88,4,40
2015,10,7,0,28,21.1,84,3,340
2015,10,8,8,28.2,21.5,91,3,320
2015,10,9,0,28.5,21.5,90,2,340
2015,10,10,0,28,21,87,3,270
2015,10,11,0,28.5,21.4,85,2,170
2015,10,12,16.9,27.9,21,85,2,30
2015,10,13,9.8,24.8,20.5,93,4,70
2015,10,14,2.7,25.4,20.5,95,3,20
2015,10,15,0,27.5,21,85,3,320
2015,10,16,9.8,25,20.5,88,4,320
2015,10,17,71.6,23.2,19,97,7,320
2015,10,18,57.2,24.3,21,96,9,320
2015,10,19,33.5,23.5,21,97,7,320
2015,10,20,0,25.5,21.5,88,6,320
2015,10,21,0,26,20,86,6,320
2015,10,22,0,26.2,20.2,92,5,320
2015,10,23,0,27,20.8,86,4,320
2015,10,24,0,28.3,20.5,85,3,270
2015,10,25,0,28.5,21.4,79,3,90
2015,10,26,0,28.2,21,81,3,40
2015,10,27,0,26,20.7,94,4,90
2015,10,28,0,26,20.5,82,4,20
2015,10,29,0,26.5,19.5,81,3,20
2015,10,30,0,26.9,20.3,82,5,70
2015,10,31,0,25.2,19,88,7,70
2015,11,1,1,24.1,20.5,84,6,40
2015,11,2,15.5,24.9,20,95,5,40
2015,11,3,-1,26.1,21,86,5,90
2015,11,4,2.8,26.4,21,86,5,40
2015,11,5,-1,26.5,21,87,5,70
2015,11,6,0,26.4,21.3,85,6,90
2015,11,7,0.4,26.5,19.5,86,5,90
2015,11,8,1.5,27,20,84,5,40
2015,11,9,11.8,24,21.5,94,5,70
2015,11,10,2,26.2,20.6,88,6,70
2015,11,11,2,26.5,20,89,6,40
2015,11,12,5.2,25,20.6,95,6,70
2015,11,13,0,26,20.5,90,4,40
2015,11,14,0,26,19.8,85,5,40
2015,11,15,1,26.2,20.1,87,5,40
2015,11,16,1.4,26,21.1,91,5,40
2015,11,17,5.4,31.5,21.5,84,6,40
2015,11,18,2.8,26.3,19.2,84,5,70
2015,11,19,0,26,21,78,6,40
2015,11,20,2.6,26,20.5,78,5,40
2015,11,21,0,26,19.5,81,5,40
2015,11,22,-1,26.8,20.4,85,4,70
2015,11,23,-1,25.4,21.1,88,3,40
2015,11,24,0,26.5,20.5,90,4,40
2015,11,25,0,26,20.6,86,5,40
2015,11,26,0,25.7,20.2,80,5,40
2015,11,27,4.6,25.5,19.4,91,5,80
2015,11,28,1,26,18.5,91,6,70
2015,11,29,0,25.8,20.4,87,6,40
2015,11,30,-1,25.6,20.9,87,4,40
2015,12,1,0.8,24,20.4,91,4,40
2015,12,2,0,26.5,19.5,83,4,20
2015,12,3,2.2,26.7,20,82,4,40
2015,12,4,12.2,26,20.5,83,6,40
2015,12,5,17.4,24.3,20,97,5,90
2015,12,6,0,27,21.1,88,4,60
2015,12,7,0.2,26,21,87,5,90
2015,12,8,0,26,20.8,89,6,90
2015,12,9,0.6,24.7,20.8,92,4,90
2015,12,10,0,26.8,20.4,89,3,110
2015,12,11,0,27.4,20.5,82,3,70
2015,12,12,0,26.2,19.7,88,4,40
2015,12,13,0.1,26,20.1,87,4,30
2015,12,14,19.6,25.4,20.5,91,6,360
2015,12,15,105.9,23,21,93,8,90
2015,12,16,54.6,23,19,99,6,170
2015,12,17,3.2,22,18.5,89,6,40
2015,12,18,46.4,22.5,20,96,5,40
2015,12,19,76.2,22.5,19,96,6,80
2015,12,20,6,23.2,19.5,96,5,90
2015,12,21,5.5,25.7,20,88,5,40
2015,12,22,0.5,22.8,20.2,89,6,40
2015,12,23,0,24.8,19.8,80,4,70
2015,12,24,0,26,19.4,83,5,40
2015,12,25,0,25,19.5,84,4,40
2015,12,26,0,23.8,19.5,85,4,60
2015,12,27,0,25.7,18.8,80,4,360
2015,12,28,0,24.8,19.2,78,5,90
2015,12,29,0,22,19,88,4,40
2015,12,30,0.8,24,19,83,5,40
2015,12,31,28.4,22,18.5,98,5,40
2016,1,1,6.5,21.5,19,97,6,40
2016,1,2,0,24.8,18,95,4,90
2016,1,3,0,25.6,19.5,87,5,90
2016,1,4,0,25.4,19,79,4,90
2016,1,5,0,25,19.8,78,4,40
2016,1,6,-1,24,19.5,88,3,40
2016,1,7,-1,24.4,19,83,4,30
2016,1,8,0,26.8,19,82,3,140
2016,1,9,0,25.7,18.5,87,4,40
2016,1,10,0,25.5,19.3,83,5,40
2016,1,11,0,26.9,21,83,3,140
2016,1,12,0,26,19.8,81,4,40
2016,1,13,0,26.5,19.6,86,4,360
2016,1,14,0,27,19.5,89,4,40
2016,1,15,0,26.5,19.1,84,3,40
2016,1,16,0,25.6,19,87,4,40
2016,1,17,0,26.7,20,83,3,320
2016,1,18,0,26.5,20.5,83,4,60
2016,1,19,-1,24.7,20.3,90,6,60
2016,1,20,0,24,19.5,88,9,80
2016,1,21,0,23.5,19.4,87,5,70
2016,1,22,0,25.4,19.4,87,3,90
2016,1,23,2.6,27.3,19,80,3,70
2016,1,24,-1,23,17.8,90,5,20
2016,1,25,-1,21.3,16.4,85,8,40
2016,1,26,0,20,18.1,86,8,40
2016,1,27,3.8,23,16,88,6,80
2016,1,28,1,23.5,19,93,7,40
2016,1,29,0,25.5,19.5,92,5,40
2016,1,30,0,27,19,88,5,40
2016,1,31,-1,24.9,20,83,7,40
2016,2,1,0,24.7,19.5,83,4,40
2016,2,2,0,25.3,20,78,5,70
2016,2,3,1.4,23,19.5,93,6,90
2016,2,4,0.2,24.3,20.3,96,4,90
2016,2,5,1,27.2,20,92,3,360
2016,2,6,9.6,22.5,18.7,94,3,20
2016,2,7,0,22.3,16.3,88,6,40
2016,2,8,-1,21.2,15,85,8,70
2016,2,9,-1,21.5,18,91,7,40
2016,2,10,0,24,19,92,6,80
2016,2,11,0,23.5,19,93,6,80
2016,2,12,0,24,17.5,83,5,80
2016,2,13,0,26.8,18,80,4,160
2016,2,14,0,27.3,19,78,3,70
2016,2,15,-1,24.5,19.5,85,5,40
2016,2,16,0,22.5,19,92,7,40
2016,2,17,0,23.3,19,86,5,40
2016,2,18,0,22.7,18.5,89,5,70
2016,2,19,-1,23.2,19.4,85,4,40
2016,2,20,0,26.5,18.7,81,5,160
2016,2,21,-1,24.5,19.3,86,6,40
2016,2,22,0,26,19.5,82,5,40
2016,2,23,0,27,19.5,80,5,70
2016,2,24,0,25,18.2,81,6,40
2016,2,25,9.2,24.5,18.5,90,7,40
2016,2,26,8.8,22,19,86,7,40
2016,2,27,0,25.3,18.5,78,5,40
2016,2,28,11.2,23.7,18.5,90,4,40
2016,2,29,0,25.2,18,84,6,40
2016,3,1,0,25,19,90,6,70
2016,3,2,0.5,22,18.5,91,5,40
2016,3,3,0,24,19,95,5,40
2016,3,4,7.5,24,20.2,95,3,40
2016,3,5,0,28,20.5,87,4,160
2016,3,6,0,28.7,20,83,3,170
2016,3,7,0,28.6,20.5,81,4,90
2016,3,8,0,28.4,21,83,4,90
2016,3,9,0,27.8,20.4,84,4,70
2016,3,10,0,28.2,20.3,81,4,90
2016,3,11,0,26.9,20.2,81,3,90
2016,3,12,0,26,20,85,5,90
2016,3,13,0,26.5,20,81,4,160
2016,3,14,0,28.4,20.5,77,3,180
2016,3,15,0,25,20,84,3,90
2016,3,16,0,28.2,20,76,4,70
2016,3,17,0.8,26.4,20.5,83,5,70
2016,3,18,0,25.6,19.9,86,4,70
2016,3,19,0,27.5,20,79,3,110
2016,3,20,0,27.8,19.2,78,4,90
2016,3,21,0,27.3,19.8,80,4,90
2016,3,22,0,27.5,21,81,4,90
2016,3,23,0,28,20.5,77,3,160
2016,3,24,0,31,20.6,75,3,10
2016,3,25,0,30,20,80,3,170
2016,3,26,0,27,20,82,3,20
2016,3,27,1,26,19.3,88,4,40
2016,3,28,0,23.5,18.5,89,6,40
2016,3,29,6.2,24,20,90,6,90
2016,3,30,-1,25.6,20,87,6,80
2016,3,31,-1,25,20,83,6,50
2016,4,1,3.8,26.8,20,85,5,70
2016,4,2,0,27.5,19.8,86,6,80
2016,4,3,0,27.5,19.1,81,4,60
2016,4,4,-1,27.5,21,77,5,60
2016,4,5,8,28,21,82,5,70
2016,4,6,0,29,20.5,85,4,40
2016,4,7,0,29.8,21,81,4,40
2016,4,8,0,29,20.6,81,5,40
2016,4,9,0,28,20.4,76,4,60
2016,4,10,0,29.4,20,68,3,90
2016,4,11,0,29.8,19.8,75,4,70
2016,4,12,0,31,22.9,76,3,180
2016,4,13,0,31.2,22.4,80,3,170
2016,4,14,0,30.8,21.9,83,3,350
2016,4,15,0,29.4,22.2,79,3,40
2016,4,16,0,29,21.5,80,4,90
2016,4,17,0,29,21,78,5,90
2016,4,18,2,29.5,22,76,4,90
2016,4,19,1.4,28,21.5,82,6,70
2016,4,20,0,29.5,20,80,6,40
2016,4,21,0,29.8,21,80,5,40
2016,4,22,0,30,21.5,78,4,40
2016,4,23,0,29,21,78,5,70
2016,4,24,0,29.7,21.7,77,4,60
2016,4,25,0,29,20.2,78,4,90
2016,4,26,0,28.4,21.5,82,4,40
2016,4,27,0,30.4,22,75,3,150
2016,4,28,5.2,29.2,22.9,82,2,350
2016,4,29,20.6,28.3,22.3,86,4,50
2016,4,30,0,29.2,22,81,3,70
2016,5,1,0,30.2,22.5,77,4,40
2016,5,2,0,29.8,20.2,77,4,90
2016,5,3,0,30,22,77,4,90
2016,5,4,0,31,20.6,74,4,160
2016,5,5,0,29,21.6,82,5,40
2016,5,6,2.8,28.5,21.3,85,5,50
2016,5,7,0,29,21,84,5,40
2016,5,8,0,29.5,21.9,76,4,40
2016,5,9,-1,29,21.8,82,4,40
2016,5,10,0,30.5,22,75,3,90
2016,5,11,0,31,22.7,72,3,140
2016,5,12,28.6,28.2,21.3,83,3,70
2016,5,13,0,28.2,21.5,78,4,40
2016,5,14,0,29.5,21.4,83,5,60
2016,5,15,1.2,29.3,22,85,4,70
2016,5,16,0,29,22,84,4,140
2016,5,17,-1,28.2,22.5,85,3,90
2016,5,18,6,29.5,21.5,83,3,40
2016,5,19,3.6,29.5,21,88,3,90
2016,5,20,3.8,28.5,22,90,2,90
2016,5,21,1,28,21.8,90,3,160
2016,5,22,11,29.5,21.8,85,2,300
2016,5,23,16,28.5,22,89,3,300
2016,5,24,63,27,22,94,3,320
2016,5,25,22.4,28.5,21.8,89,3,250
2016,5,26,12.6,29.2,21.4,87,3,190
2016,5,27,29,29.1,22,87,2,320
2016,5,28,5.6,30.2,22.3,86,3,70
2016,5,29,0,28.6,22.5,89,3,360
2016,5,30,0,29,22.5,84,3,90
2016,5,31,7,27.2,22,89,2,320
2016,6,1,0,27,21.5,93,3,320
2016,6,2,90,29,20,91,3,320
2016,6,3,0,29,22.5,90,3,320
2016,6,4,0,28.5,22.5,88,4,320
2016,6,5,0,30.7,22.5,82,3,310
2016,6,6,19,28,20.5,89,2,310
2016,6,7,3,26.8,22.2,90,3,320
2016,6,8,0.2,27,22,90,4,320
2016,6,9,-1,27,22,91,3,320
2016,6,10,-1,30,21.8,83,2,320
2016,6,11,4.5,30,22,84,3,350
2016,6,12,2.7,28.5,21.5,88,3,310
2016,6,13,9.2,26.5,22,89,2,320
2016,6,14,0,27.7,23,88,2,320
2016,6,15,27.6,31.5,21,87,3,190
2016,6,16,0,29.5,21,84,3,40
2016,6,17,1.4,28.5,19.5,87,4,40
2016,6,18,36.4,27.8,20.5,87,5,140
2016,6,19,2.5,28.5,22,87,5,60
2016,6,20,-1,27.2,22.1,88,4,60
2016,6,21,0,28,23,83,4,360
2016,6,22,14.3,27.4,21.5,88,3,70
2016,6,23,2.1,27.6,21.9,90,3,90
2016,6,24,0.6,27.8,21.3,89,4,90
2016,6,25,6.8,28.3,20.8,85,4,40
2016,6,26,29.8,27.5,20.5,92,3,70
2016,6,27,3.8,26.5,21.5,91,3,90
2016,6,28,0,28.2,22,90,4,90
2016,6,29,11,28,21,93,4,40
2016,6,30,0.8,26,21,92,3,40
2016,7,1,0,28.5,21.5,87,4,40
2016,7,2,0,28.3,21.5,88,3,320
2016,7,3,2.2,27,21.4,91,2,200
2016,7,4,0.2,26,21.5,89,2,60
2016,7,5,0,27,21.5,89,2,320
2016,7,6,7.8,27.2,20,91,4,310
2016,7,7,33.9,23.7,18.9,97,6,290
2016,7,8,45.2,22.4,19.2,99,5,290
2016,7,9,14.4,24.7,19.5,95,4,250
2016,7,10,30.5,27,20.5,90,3,210
2016,7,11,0,25,21.5,92,2,320
2016,7,12,0,27.5,21.8,86,3,320
2016,7,13,5.2,29,20.5,91,3,320
2016,7,14,0,29.6,20,88,3,160
2016,7,15,0,29.5,20,83,3,90
2016,7,16,2.6,30,20.5,85,3,80
2016,7,17,0,30,21,82,3,90
2016,7,18,0,29.5,22,81,3,160
2016,7,19,1,28.5,21.7,83,3,90
2016,7,20,0.2,26.6,19.2,89,6,70
2016,7,21,0,28.5,22.2,86,3,110
2016,7,22,45.6,29.1,21,82,2,320
2016,7,23,22.4,28.5,20.5,89,2,150
2016,7,24,20,29,21.2,85,3,180
2016,7,25,0,29.5,22.6,84,3,300
2016,7,26,0,30.2,23.2,80,3,180
2016,7,27,0,30,20.5,82,3,40
2016,7,28,0,28,21,82,2,170
2016,7,29,0,28.5,20.8,87,3,320
2016,7,30,0,27,20.5,91,3,320
2016,7,31,36.4,24.5,21,97,5,270
2016,8,1,3,27.8,21,91,3,320
2016,8,2,18.2,26.8,21.5,93,3,320
2016,8,3,9.2,28,21.5,90,4,320
2016,8,4,0,28.5,22.1,87,2,310
2016,8,5,0.4,28.4,21.5,88,3,330
2016,8,6,58.6,27.5,20,89,3,320
2016,8,7,4,24.5,21.2,95,4,330
2016,8,8,51.5,23,21,99,4,330
2016,8,9,31.6,22.5,20.5,98,5,320
2016,8,10,19.6,23,20,100,4,270
2016,8,11,5.4,24,20,98,5,320
2016,8,12,82.4,24,20,99,5,320
2016,8,13,49.2,24,19.5,99,3,320
2016,8,14,1.2,24.5,20.2,98,5,270
2016,8,15,49,24.5,22,95,6,300
2016,8,16,19,24,22.4,98,5,270
2016,8,17,0.4,26.2,22.3,90,6,320
2016,8,18,12.6,25.5,22.5,94,5,320
2016,8,19,38.6,25.3,21,96,7,320
2016,8,20,60.6,25.8,20,97,3,320
2016,8,21,7.1,27,21.5,94,2,360
2016,8,22,0,27,21.6,89,3,120
2016,8,23,5.1,25.8,21.8,94,3,320
2016,8,24,9.3,26.5,20,93,4,320
2016,8,25,8.7,25,20,98,5,320
2016,8,26,5,27,20,97,5,320
2016,8,27,20.8,25,20,98,4,320
2016,8,28,8.2,25,20.4,97,4,320
2016,8,29,4,25,21.5,92,5,290
2016,8,30,2.5,26,22,96,5,320
2016,8,31,-1,26,22,97,4,320
2016,9,1,0,25.1,21.5,99,5,310
2016,9,2,0,26.6,20.9,98,5,310
2016,9,3,-1,26.1,22.8,92,4,330
2016,9,4,32,26.5,20.4,97,4,300
2016,9,5,2.5,26.5,21.7,92,3,330
2016,9,6,0,29.5,22,87,2,320
2016,9,7,10.2,27.5,21.5,92,3,320
2016,9,8,0,29,21,87,2,40
2016,9,9,6.8,28,21,88,3,40
2016,9,10,5.2,28.5,20.5,84,4,90
2016,9,11,-1,28.2,20.8,84,3,20
2016,9,12,22.5,26.6,21.2,95,3,330
2016,9,13,2,25.8,21,92,5,320
2016,9,14,38,23.1,21.1,99,4,330
2016,9,15,3.2,26.5,20.8,96,3,300
2016,9,16,1.6,26.6,20.3,92,3,320
2016,9,17,42.3,27.5,20.2,90,3,320
2016,9,18,0,27,20.5,90,3,320
2016,9,19,26,27.5,20.7,94,3,320
2016,9,20,6.2,24.5,21.5,95,3,90
2016,9,21,0.4,28,20.5,90,5,40
2016,9,22,0,25.5,19,92,4,20
2016,9,23,0,27,19.5,90,2,320
2016,9,24,9.2,26.5,20,93,3,300
2016,9,25,36.6,27,21,93,2,320
2016,9,26,-1,26.5,22,94,3,330
2016,9,27,18,24.5,21,96,5,270
2016,9,28,9.4,22.3,20.4,97,5,320
2016,9,29,4,23.4,20.4,97,3,320
2016,9,30,-1,24.6,20.3,95,3,330
2016,10,1,13.8,28,20,90,2,330
2016,10,2,41.6,26.5,21.4,94,2,330
2016,10,3,3,25,21.5,96,3,320
2016,10,4,39,25.2,20.8,97,3,220
2016,10,5,0,26.5,19.2,92,3,40
2016,10,6,10.1,27,19,93,3,320
2016,10,7,1.2,26,19.7,95,3,170
2016,10,8,1.6,27.5,19.5,93,3,320
2016,10,9,9.9,26.3,21,93,2,330
2016,10,10,4.5,26.5,21,93,2,180
2016,10,11,1.5,27.3,20.6,90,2,90
2016,10,12,0,26.2,20.5,91,3,40
2016,10,13,7.2,24.8,20.2,92,4,30
2016,10,14,0,27.6,21.1,82,4,350
2016,10,15,101.5,24.8,19.7,92,7,320
2016,10,16,6.9,26,21.2,93,4,180
2016,10,17,16,26.5,21.8,95,2,360
2016,10,18,2,27.2,22,93,4,320
2016,10,19,3.2,24,19,97,6,320
2016,10,20,1.2,24,19.5,99,5,220
2016,10,21,0.5,28,20.5,93,3,170
2016,10,22,0,27.5,20,87,3,90
2016,10,23,0,27.5,21.4,88,3,100
2016,10,24,0,27.5,20.9,86,4,90
2016,10,25,6,27,20.8,85,3,80
2016,10,26,0.2,25.7,21.8,89,6,40
2016,10,27,0,25,21.5,91,5,40
2016,10,28,3.8,25.2,21.4,88,5,50
2016,10,29,0,26.5,20,83,4,90
2016,10,30,1.2,26,20.5,85,5,40
2016,10,31,12.5,26,19,81,5,40
2016,11,1,11.9,23.5,20.9,92,6,90
2016,11,2,47.5,24,20,89,6,40
2016,11,3,12.4,24.5,19.5,92,5,40
2016,11,4,26.8,23,19.2,96,3,20
2016,11,5,0,25.8,19,89,3,30
2016,11,6,0,26,20.4,88,4,40
2016,11,7,3,25.5,20,83,5,40
2016,11,8,0,24.5,19.1,85,4,60
2016,11,9,0.2,24,19.5,82,5,50
2016,11,10,0,24.6,19.2,84,5,40
2016,11,11,15.2,24,18.7,90,5,80
2016,11,12,0,25.5,18.8,87,4,20
2016,11,13,2,25,20.2,83,4,40
2016,11,14,2.9,25.8,21.2,87,5,40
2016,11,15,67.8,22.2,20.5,97,5,40
2016,11,16,1,25.5,19,93,5,40
2016,11,17,4.2,26,19.2,90,5,40
2016,11,18,12.2,25,19.2,97,7,40
2016,11,19,15.7,23.7,18.6,95,5,80
2016,11,20,0,25.3,20.5,92,5,60
2016,11,21,0,26.5,20.5,83,5,40
2016,11,22,10,26.5,20.5,86,5,70
2016,11,23,-1,25.2,19.9,83,6,40
2016,11,24,2.4,23.9,20.5,81,5,40
2016,11,25,17,22.1,16.6,96,9,70
2016,11,26,9.4,24.5,17.7,95,4,90
2016,11,27,0,24.8,21.3,94,3,100
2016,11,28,1,26.5,21,89,4,40
2016,11,29,13,25.5,20.5,91,4,40
2016,11,30,1.5,24,20,92,5,20
2016,12,1,2.5,25,20,88,4,20
2016,12,2,21.9,23.5,19,91,5,40
2016,12,3,2.4,25.3,18.8,82,5,10
2016,12,4,2.5,25.6,20.2,84,4,10
2016,12,5,13,24.5,20.5,90,5,40
2016,12,6,0,25,20.5,80,7,40
2016,12,7,12.8,22.8,19,94,6,350
2016,12,8,3.6,24.5,20.3,93,3,30
2016,12,9,0.4,24.2,20.4,95,3,40
2016,12,10,1.6,25.8,19.7,91,2,350
2016,12,11,11.5,24.5,20.5,94,3,10
2016,12,12,71.3,25,20.5,97,2,300
2016,12,13,5.8,23.2,21,97,2,360
2016,12,14,2.6,25,19,93,3,40
2016,12,15,49.8,23.5,19,95,5,40
2016,12,16,27.3,22,18,97,6,40
2016,12,17,4.7,22,18,90,6,20
2016,12,18,23.1,22,19,93,6,30
2016,12,19,-1,23.5,20.5,87,4,20
2016,12,20,1,25.2,21,88,5,50
2016,12,21,-1,24.2,20,87,6,30
2016,12,22,0,25.6,20.4,83,3,20
2016,12,23,0,24,20.5,76,7,20
2016,12,24,-1,24.5,20.5,83,5,10
2016,12,25,17,24.5,20.5,83,5,340
2016,12,26,50.3,22,21.6,97,5,70
2016,12,27,0,27.2,21.4,91,2,50
2016,12,28,0,27,19,91,3,350
2016,12,29,2.2,27.5,19.5,89,4,10
2016,12,30,8,24.6,18.5,91,4,30
2016,12,31,25.5,22.5,18.5,94,7,20
2017,1,1,3.7,22.5,18,93,7,20
2017,1,2,0,23.5,18,81,5,340
2017,1,3,1,24.3,20.3,81,4,320
2017,1,4,2,22.4,19.7,92,5,40
2017,1,5,0.2,22.4,19.4,91,5,40
2017,1,6,0,24.2,18,80,4,40
2017,1,7,0,24.5,17.9,80,3,350
2017,1,8,0,24,19,85,3,50
2017,1,9,2,24.5,19.5,86,4,20
2017,1,10,55.5,21.2,20,96,7,30
2017,1,11,14.9,22,18,97,6,40
2017,1,12,2.1,22.5,18,96,5,30
2017,1,13,0,25.5,18.5,89,2,310
2017,1,14,0,24.3,18,86,3,30
2017,1,15,1,23.8,19.6,92,4,20
2017,1,16,-1,20.8,19.8,86,7,20
2017,1,17,1,23,19.6,90,8,20
2017,1,18,0,22,18.3,79,5,20
2017,1,19,0,23.7,19,83,4,10
2017,1,20,0,24.1,19,82,5,10
2017,1,21,0,24.3,17.5,76,5,330
2017,1,22,52,23.1,19.8,93,4,10
2017,1,23,26.5,21.5,19,98,4,40
2017,1,24,16,20.7,18.8,97,5,40
2017,1,25,10.2,21,17,96,5,40
2017,1,26,12.8,21,16,97,4,20
2017,1,27,0.2,24,16,87,5,20
2017,1,28,6,22.5,16.5,94,5,40
2017,1,29,-1,22.5,19.5,93,3,30
2017,1,30,0,25.5,20.3,91,3,360
2017,1,31,6.5,24.2,20.4,96,3,20
2017,2,1,17.4,25.4,19.5,94,3,40
2017,2,2,5.4,23.3,18.6,93,5,30
2017,2,3,0.2,22.7,17,84,6,20
2017,2,4,0,22.7,17,83,4,340
2017,2,5,0,25.5,18.2,81,3,330
2017,2,6,-1,23,17,84,4,20
2017,2,7,0,25,17,77,5,20
2017,2,8,0,26,16.2,84,3,360
2017,2,9,0,23.8,17.5,90,3,350
2017,2,10,0,25,16.5,83,5,30
2017,2,11,1.3,21,15,92,5,10
2017,2,12,3.6,20.5,16.5,90,5,10
2017,2,13,6.8,18,15.3,90,5,20
2017,2,14,0,28.6,16,73,6,30
2017,2,15,0,21.4,16.5,75,5,20
2017,2,16,0,22.5,18,80,6,20
2017,2,17,0,23,17.5,95,4,30
2017,2,18,23.3,23,17.5,96,4,30
2017,2,19,8.5,21,18.3,95,4,20
2017,2,20,0,26.5,17.5,91,3,70
2017,2,21,0.5,26.5,17,83,5,30
2017,2,22,0,26,16.8,86,4,40
2017,2,23,0,26,18.5,85,3,10
2017,2,24,0,26,18,83,8,330
2017,2,25,0.2,25.5,17.7,84,3,60
2017,2,26,-1,23.7,19.2,92,3,20
2017,2,27,0.4,24,19.3,91,4,20
2017,2,28,0.4,23.9,19,90,5,20
2017,3,1,0,23.7,19.1,88,4,20
2017,3,2,2.2,23.8,17.5,89,3,50
2017,3,3,6.1,22.5,17.5,96,4,40
2017,3,4,-1,21.4,17,97,3,70
2017,3,5,0,25,18.8,85,3,60
2017,3,6,0,27.5,16.2,75,2,30
2017,3,7,0,26.5,17.4,81,4,10
2017,3,8,0,26.5,17,81,4,20
2017,3,9,0,24,18.9,84,4,40
2017,3,10,0,25.4,18.7,80,4,10
2017,3,11,0,26,18.8,78,3,350
2017,3,12,0,27,20,80,3,30
2017,3,13,0,27,18.9,76,2,360
2017,3,14,0,28.5,20.4,78,3,20
2017,3,15,0,23.7,19.3,85,6,30
2017,3,16,0,25.5,18.5,78,4,40
2017,3,17,0,24.5,18,85,5,40
2017,3,18,0,24.8,18.5,81,5,40
2017,3,19,0,24,19,85,4,30
2017,3,20,0.4,26,16.9,79,3,40
2017,3,21,3.7,23,17.5,96,3,350
2017,3,22,0,27.5,18,91,3,20
2017,3,23,0,28.5,20.5,86,2,30
2017,3,24,0,28,20.5,82,2,20
2017,3,25,0,28.8,20.2,79,2,10
2017,3,26,1.2,28,21,78,3,20
2017,3,27,3.2,25,19,91,5,40
2017,3,28,0.2,22.8,19.1,88,6,40
2017,3,29,0,25.5,19.6,84,4,20
2017,3,30,0,25,19.2,81,4,20
2017,3,31,0,27.5,19.6,78,2,280
2017,4,1,0.8,27.8,19.5,81,3,20
2017,4,2,0.8,22.5,18.5,90,6,20
2017,4,3,0,24,16,83,6,20
2017,4,4,0,24.5,16.1,82,4,10
2017,4,5,0,27,17.2,83,4,10
2017,4,6,0,25.3,18.5,83,4,20
2017,4,7,0,27.5,19.5,80,3,40
2017,4,8,14.5,26,21.5,94,2,40
2017,4,9,0,28,21,88,2,70
2017,4,10,0,29,21.6,78,2,100
2017,4,11,0,30.3,20.9,81,2,140
2017,4,12,0,28.4,20,74,3,70
2017,4,13,0,29,20,78,4,30
2017,4,14,0,28,19.5,79,4,30
2017,4,15,6.2,27,20,82,4,40
2017,4,16,18.4,25,21,93,3,40
2017,4,17,0,29.5,18.3,83,2,90
2017,4,18,0,32.5,19.4,82,2,290
2017,4,19,0,32.8,19.4,83,1,120
2017,4,20,0,31.5,20.5,83,2,20
2017,4,21,0,30,23,81,2,130
2017,4,22,0,34,22.2,80,2,270
2017,4,23,10.7,27,21.5,93,2,20
2017,4,24,0,28,21.3,80,2,40
2017,4,25,0,27.5,20.8,79,4,10
2017,4,26,0,29,22,78,2,100
2017,4,27,0.2,30,22.2,84,1,290
2017,4,28,0,32,22.3,83,2,90
2017,4,29,0,30.5,22,81,2,180
2017,4,30,0,30,19.3,91,1,90
2017,5,1,0,31,20.2,84,2,10
2017,5,2,0,31.5,22,84,3,10
2017,5,3,0,31,19.6,84,2,40
2017,5,4,0,30,21,94,3,80
2017,5,5,1.8,28.5,20.3,90,3,40
2017,5,6,-1,27.7,20.5,86,4,30
2017,5,7,0,29,21,94,4,40
2017,5,8,0,28.2,20.2,88,3,40
2017,5,9,0,30,22,82,3,20
2017,5,10,-1,28.5,21.5,81,5,40
2017,5,11,3.6,27.5,21.8,84,3,30
2017,5,12,0,29,21.5,79,3,10
2017,5,13,0,29.4,21,79,3,50
2017,5,14,0,27.5,22,80,3,40
2017,5,15,-1,28.7,22.2,81,2,100
2017,5,16,0,32,22,78,2,260
2017,5,17,0,30.5,20.4,89,2,320
2017,5,18,18.8,30,23,82,2,160
2017,5,19,0,31,20,86,2,100
2017,5,20,0,28.5,22.9,86,2,270
2017,5,21,2.8,29.5,21.5,85,3,290
2017,5,22,16.9,27.5,22.3,92,1,280
2017,5,23,0.2,29,22,90,2,290
2017,5,24,0.2,28.9,22.5,88,2,290
2017,5,25,0.2,26,22.8,96,2,280
2017,5,26,12,29,22,93,1,280
2017,5,27,11.5,30.5,22.6,88,1,280
2017,5,28,-1,29.5,22,82,2,60
2017,5,29,0,30.5,21,82,2,50
2017,5,30,7.4,31,21,85,2,60
2017,5,31,0,31,21,85,2,280
2017,6,1,0,31.5,23,82,2,280
2017,6,2,4,27.5,22.5,90,3,280
2017,6,3,33.8,28,22,92,2,280
2017,6,4,0,28.5,23,90,2,280
2017,6,5,0.5,30.5,21.8,91,1,280
2017,6,6,0,28.5,22.5,90,3,60
2017,6,7,10.6,29.1,21.5,93,3,70
2017,6,8,0.8,28,21.5,91,3,30
2017,6,9,46.1,27.5,21,93,3,20
2017,6,10,5,24,20.7,96,2,100
2017,6,11,0,29,22.2,91,1,300
2017,6,12,0,29,22.6,92,2,130
2017,6,13,0,29.5,22,94,3,330
2017,6,14,10.6,31,18,96,2,290
2017,6,15,0,31,20,87,2,140
2017,6,16,0,31.5,19,81,1,260
2017,6,17,0,31,20,82,2,270
2017,6,18,0,30,20.5,80,2,120
2017,6,19,0,31,21,94,2,80
2017,6,20,5.4,28,19,90,2,70
2017,6,21,0,28,19,90,2,130
2017,6,22,6.6,29,20,86,1,300
2017,6,23,0,30,21,93,2,290
2017,6,24,0,30.2,20.7,80,2,290
2017,6,25,0,30,21.5,81,2,140
2017,6,26,-1,30,21,81,2,90
2017,6,27,0.1,28.9,21.5,86,3,30
2017,6,28,0,27,20.6,86,2,70
2017,6,29,0.3,29,21,87,2,100
2017,6,30,0,29.7,21.3,82,2,350
2017,7,1,1.2,29,21,86,2,280
2017,7,2,1.6,29.5,21.6,82,2,140
2017,7,3,0.5,27,21.5,88,2,100
2017,7,4,0.2,25,20.6,100,2,110
2017,7,5,-1,28,20.9,88,1,110
2017,7,6,0,29.5,21.5,84,2,350
2017,7,7,0,28,21.3,85,2,300
2017,7,8,0,26.5,21,86,2,340
2017,7,9,4,25,21,88,2,40
2017,7,10,19,29,18,87,3,40
2017,7,11,22.1,30,18,92,3,40
2017,7,12,4,29,18,91,2,270
2017,7,13,6,28,18,92,1,80
2017,7,14,4,26.5,20.5,90,2,40
2017,7,15,0,27,21,93,2,100
2017,7,16,0.5,25.4,21.6,94,2,90
2017,7,17,4.6,28,21.5,87,3,20
2017,7,18,17.8,24.5,21,89,3,10
2017,7,19,14.4,24,20.6,91,3,20
2017,7,20,3.6,25.5,19,91,1,290
2017,7,21,39.8,27.5,18.8,90,2,270
2017,7,22,0,26.2,18.8,89,2,280
2017,7,23,0.5,25.5,21.5,91,2,280
2017,7,24,64,27.5,18,93,2,280
2017,7,25,9.5,26.5,17,93,3,270
2017,7,26,19.8,23.5,17,99,3,280
2017,7,27,19.2,24.5,21.5,98,4,280
2017,7,28,22.6,25,20.5,97,5,270
2017,7,29,6.4,26,20.3,92,4,240
2017,7,30,22,24.5,20.5,97,4,260
2017,7,31,6.6,25,22,97,4,270
2017,8,1,17.6,26.9,20.9,98,3,270
2017,8,2,46.6,23.6,19.5,98,3,290
2017,8,3,0,25.5,19,97,3,270
2017,8,4,2.9,26,19.5,94,2,290
2017,8,5,0,26.5,19,92,2,250
2017,8,6,0.5,28,22.2,94,2,280
2017,8,7,-1,29,20,90,2,290
2017,8,8,4.8,29.5,20,93,1,290
2017,8,9,0,29.6,20,89,2,280
2017,8,10,0,30,20,86,2,290
2017,8,11,0.8,31,21,86,1,300
2017,8,12,0,30.5,20,81,2,350
2017,8,13,0,27,22.1,81,2,90
2017,8,14,7.4,27,22.3,87,2,90
2017,8,15,0,30,22.8,81,2,110
2017,8,16,7.8,30,20.9,91,3,100
2017,8,17,0,29.5,22.7,81,3,340
2017,8,18,3.5,29,21,87,2,300
2017,8,19,24.1,27,20.3,92,2,290
2017,8,20,5,26.8,21.5,90,2,290
2017,8,21,37.2,23.5,19,99,4,270
2017,8,22,28.6,25,19,97,3,260
2017,8,23,13.7,29,19.3,92,2,290
2017,8,24,0.5,25,21,94,3,280
2017,8,25,62,23.2,20,97,3,180
2017,8,26,5,26.5,20,91,1,110
2017,8,27,5,29.3,21.3,86,2,290
2017,8,28,1.6,29,20.4,85,2,290
2017,8,29,44.4,26.1,21.7,92,1,290
2017,8,30,36.2,27,21.9,92,3,190
2017,8,31,16,24,20,98,4,260
2017,9,1,2.4,28,20,91,3,270
2017,9,2,1,27.5,20,90,3,280
2017,9,3,0,28.5,22.1,88,2,280
2017,9,4,2.1,27,19.5,96,2,280
2017,9,5,2,24,19,94,2,280
2017,9,6,0,29,20,90,2,270
2017,9,7,0,31,23,83,1,340
2017,9,8,0,30,21.5,81,2,330
2017,9,9,0,29.5,20.5,78,2,350
2017,9,10,2.6,29.5,20,87,2,300
2017,9,11,135.3,23.5,21,97,3,280
2017,9,12,85,23.2,20,98,5,120
2017,9,13,0,27,22,93,4,110
2017,9,14,2,29.5,20,89,2,120
2017,9,15,0,28.5,20.2,90,2,290
2017,9,16,8.5,30,20,78,2,280
2017,9,17,32.4,27,21,91,1,290
2017,9,18,0.5,29,19,92,2,110
2017,9,19,5.4,29,18,88,1,290
2017,9,20,14.8,28,17.5,94,2,290
2017,9,21,0,28.5,20,87,2,350
2017,9,22,7.4,28.5,20.5,89,2,120
2017,9,23,0,24.5,19.7,92,2,80
2017,9,24,0,27.5,20.7,83,2,300
2017,9,25,13.7,27,21.4,93,3,350
2017,9,26,4,25,21.3,94,2,70
2017,9,27,2,29,22,88,2,280
2017,9,28,0,27,20,93,2,280
2017,9,29,29.8,26,20,95,1,330
2017,9,30,6.4,26.3,19.5,94,3,30
2017,10,1,9.5,24.5,22,93,2,10
2017,10,2,8,26.5,18,91,2,20
2017,10,3,0,29,17.5,86,2,350
2017,10,4,53,28,18,90,2,280
2017,10,5,1.4,27,19.5,90,2,350
2017,10,6,0,27.5,19.7,88,2,330
2017,10,7,6,27,19.5,87,2,310
2017,10,8,19.6,22.8,20.2,97,2,300
2017,10,9,0,23.7,20.4,97,1,300
2017,10,10,44.7,26.2,21.2,97,2,360
2017,10,11,0,26.8,22,96,2,290
2017,10,12,29,26.9,19,97,2,280
2017,10,13,55,25,19,97,5,150
2017,10,14,3,24,19.3,97,3,170
2017,10,15,1.5,26,21.4,92,2,200
2017,10,16,18,27,17.5,94,3,40
2017,10,17,16,27,17.5,93,3,20
2017,10,18,0.8,28,17.5,86,3,20
2017,10,19,0,26,17.8,92,2,240
2017,10,20,2,29,18.5,90,2,260
2017,10,21,1.6,25.8,17.5,96,3,280
2017,10,22,1,29.3,18,85,2,250
2017,10,23,2.2,22.7,18,92,3,10
2017,10,24,0,25.2,17.5,81,4,10
2017,10,25,2.6,26,20,89,3,330
2017,10,26,0.5,25,21,92,1,90
2017,10,27,0,26,22,90,1,280
2017,10,28,0.5,27.5,18,91,1,40
2017,10,29,2.8,27,18,86,3,10
2017,10,30,6.8,26,16,92,4,10
2017,10,31,66,23,16,95,5,10
2017,11,1,98,22.5,17,100,5,40
2017,11,2,0.5,24,17.5,95,4,30
2017,11,3,4.4,26,17,90,4,20
2017,11,4,8.6,24.5,17.5,92,3,30
2017,11,5,7,24,18.2,97,4,40
2017,11,6,6.5,26,22.2,92,5,40
2017,11,7,-1,26,21.5,88,5,40
2017,11,8,3,26.5,21.3,85,4,30
2017,11,9,128.7,22.1,17.4,95,6,110
2017,11,10,-1,26,17.5,93,3,90
2017,11,11,0,27,17,90,3,40
2017,11,12,0,27,17.8,89,4,80
2017,11,13,0,27,18,92,5,80
2017,11,14,2,27,17.8,89,4,40
2017,11,15,0,29,17.8,87,4,40
2017,11,16,0.6,26,17.9,87,5,30
2017,11,17,11.6,24,17.5,90,5,60
2017,11,18,0,27.5,17.5,85,3,30
2017,11,19,1.5,27,21.3,94,3,40
2017,11,20,0.5,26,17.8,88,4,40
2017,11,21,0,25.9,17.5,86,4,40
2017,11,22,1.5,26.3,17.5,92,5,40
2017,11,23,13.2,24.8,17.5,85,7,40
2017,11,24,33.8,25.5,17,92,7,30
2017,11,25,4.6,26.3,17,91,5,40
2017,11,26,0.8,25,20.4,85,6,70
2017,11,27,7.4,25.5,17.8,88,7,40
2017,11,28,1.6,26.5,18,82,5,40
2017,11,29,5.6,26,18,90,4,40
2017,11,30,1,26,18,97,5,80
2017,12,1,14,26.5,18,91,6,80
2017,12,2,0,26.5,18.3,87,3,40
2017,12,3,1.8,26.5,19.8,89,4,30
2017,12,4,1.4,25.5,18.8,92,4,10
2017,12,5,1.6,22.6,18.2,95,5,40
2017,12,6,8.8,24.5,18.5,91,5,10
2017,12,7,16.5,24,19,97,2,350
2017,12,8,16.8,25.5,18.5,97,3,350
2017,12,9,11.5,25.7,18,92,2,350
2017,12,10,0.5,25.5,20.6,90,3,330
2017,12,11,5.1,23,17,97,3,10
2017,12,12,17,22,17,95,4,20
2017,12,13,1.2,24,16.2,86,4,10
2017,12,14,-1,23,19.5,90,4,330
2017,12,15,0,22.5,16.5,76,4,320
2017,12,16,0,24,15.8,80,2,290
2017,12,17,29,22.5,16.7,93,5,10
2017,12,18,17.6,22.5,17,97,3,350
2017,12,19,14.6,24.2,17.3,97,4,10
2017,12,20,11,23.6,16.8,87,6,20
2017,12,21,15.4,22.5,16.7,91,7,20
2017,12,22,12,22.5,17,91,5,10
2017,12,23,25.5,23.5,17,91,5,20
2017,12,24,-1,25.5,21.4,88,5,40
2017,12,25,4,26.5,17,84,4,40
2017,12,26,11.8,24,17.2,97,5,10
2017,12,27,17,22.5,16.5,96,6,10
2017,12,28,0.4,23,16.8,85,5,10
2017,12,29,0,22,16,84,4,10
2017,12,30,0,23,16,80,5,20
2017,12,31,0,23,19.2,86,4,340
2018,1,1,0.4,21.7,16,85,5,20
2018,1,2,1.4,22.2,15.2,86,8,10
2018,1,3,0.4,21.8,15.5,91,6,10
2018,1,4,-1,23,16.5,93,3,40
2018,1,5,0.8,25,17,93,4,50
2018,1,6,0,25.2,16.8,83,4,40
2018,1,7,3.5,25,21,92,3,360
2018,1,8,-1,26,16,92,3,20
2018,1,9,1.8,27,17.8,90,3,40
2018,1,10,1.4,27,16.2,90,3,10
2018,1,11,0,22,15,86,5,40
2018,1,12,0,21.5,15.1,82,6,10
2018,1,13,0,28.3,18,78,7,20
2018,1,14,-1,22,18.5,85,6,20
2018,1,15,0,23.5,17.8,80,5,20
2018,1,16,49.9,23.3,16.5,93,4,10
2018,1,17,1.6,22.2,17.1,84,5,360
2018,1,18,5.4,26,16.8,89,5,40
2018,1,19,0,23.5,18.7,81,5,20
2018,1,20,-1,24.5,20.2,84,4,10
2018,1,21,0.5,24.3,20.7,89,4,40
2018,1,22,1.5,24.2,16.8,91,3,20
2018,1,23,0,25,16.9,87,2,10
2018,1,24,1.6,23,16.2,94,4,20
2018,1,25,0,25,17,82,3,20
2018,1,26,40.6,26,16.7,88,3,20
2018,1,27,12,21.5,16,95,5,30
2018,1,28,0,22,16,93,3,20
2018,1,29,0,25.5,16.3,86,3,40
2018,1,30,-1,24,19.2,86,5,10
2018,1,31,1.6,22.4,16.7,96,3,40
2018,2,1,0,27.5,16,81,4,20
2018,2,2,0,25,16,84,2,10
2018,2,3,0,23.5,15.6,87,3,340
2018,2,4,0,24.5,19.8,85,3,340
2018,2,5,0,24.2,15,84,2,300
2018,2,6,0,24.5,15,86,2,350
2018,2,7,0,24,15.5,95,2,40
2018,2,8,0,24,14.8,83,2,280
2018,2,9,0,26,16,83,2,270
2018,2,10,0,25.5,17,91,1,290
2018,2,11,-1,26,20.3,90,3,20
2018,2,12,-1,24.5,16.2,89,6,340
2018,2,13,-1,20.9,15.9,88,6,20
2018,2,14,0.8,21.4,16.8,93,5,10
2018,2,15,0,27,17,87,3,20
2018,2,16,0,26.5,17.5,84,2,280
2018,2,17,0,28,17.4,81,3,10
2018,2,18,0,26,20,88,5,40
2018,2,19,0,27.5,17.3,81,3,10
2018,2,20,0,27.5,17.3,82,3,20
2018,2,21,0,28.5,17.2,83,4,20
2018,2,22,0,27,16.8,81,3,30
2018,2,23,0,26,17.5,80,4,30
2018,2,24,0,26.5,17.6,72,3,10
2018,2,25,0,24.5,19.9,86,3,340
2018,2,26,4.2,25.4,16.5,87,4,20
2018,2,27,16.4,23.2,16.5,96,4,40
2018,2,28,0,27,17.2,85,2,340
2018,3,1,0,27,17.5,86,4,80
2018,3,2,0,26,17.7,89,3,40
2018,3,3,0,27.5,18,87,3,40
2018,3,4,0,27,17.2,81,4,40
2018,3,5,0,29,17.2,76,3,40
2018,3,6,0,29.2,17.1,85,4,40
2018,3,7,3.2,27,17,90,3,10
2018,3,8,15.8,24.5,19,91,2,360
2018,3,9,-1,22.2,16.8,89,3,20
2018,3,10,0,23,16,84,5,10
2018,3,11,-1,22.5,19,85,5,30
2018,3,12,0,23.4,17.5,86,4,10
2018,3,13,0,25.1,17.4,82,4,10
2018,3,14,0,25.6,17.2,78,3,10
2018,3,15,0,27,17.6,84,2,340
2018,3,16,0,28.5,17.5,82,2,340
2018,3,17,0,27.5,17.4,81,3,30
2018,3,18,0,26.5,20,82,3,30
2018,3,19,0,29,17.5,76,3,280
2018,3,20,0,29.6,17.3,81,2,10
2018,3,21,0.4,29.3,17,84,2,40
2018,3,22,4.5,22,19,94,5,10
2018,3,23,-1,22.4,16.5,83,6,30
2018,3,24,0,23,16,74,6,10
2018,3,25,0,25.3,19.3,75,4,20
2018,3,26,0,25,16,79,3,20
2018,3,27,0,24.2,16.8,82,3,340
2018,3,28,-1,26.8,19,80,2,300
2018,3,29,2.4,27,15.7,81,2,90
2018,3,30,4.8,25.5,16.5,86,3,50
2018,3,31,0,23.5,15.5,89,3,20
2018,4,1,0,24.5,16,85,3,10
2018,4,2,0,27,16,83,2,30
2018,4,3,0,26.5,16.7,84,2,10
2018,4,4,1.8,25,16,90,3,20
2018,4,5,0.2,25,16.5,80,4,20
2018,4,6,0,28,17.5,73,3,10
2018,4,7,4,27,17,76,4,30
2018,4,8,-1,23.5,20.7,83,5,10
2018,4,9,-1,24.5,19.8,95,4,40
2018,4,10,0,28,18.5,85,3,40
2018,4,11,1,27.5,19,85,4,40
2018,4,12,-1,27.5,22.2,83,4,20
2018,4,13,-1,27,18.5,84,3,30
2018,4,14,0,27.5,19,80,3,30
2018,4,15,0,29,21.5,80,3,40
2018,4,16,0,29,18.6,79,4,20
2018,4,17,0,29.5,18,71,4,40
2018,4,18,-1,28.5,17.8,82,3,10
2018,4,19,0,28,18.2,78,3,330
2018,4,20,0,28,18.5,74,3,20
2018,4,21,0,30.5,19.8,76,3,10
2018,4,22,0,28.5,20,79,3,40
2018,4,23,0,29,20.4,79,3,30
2018,4,24,0,28.8,20.8,76,2,60
2018,4,25,0,29,20.2,80,3,40
2018,4,26,0,30.5,20,74,3,20
2018,4,27,0,30,20,71,3,40
2018,4,28,0,29,19.5,76,3,30
2018,4,29,0,29.5,22.5,76,3,30
2018,4,30,0,29.3,19.8,76,2,40
2018,5,1,0,29.3,20,83,3,20
2018,5,2,0,29.8,19,77,4,40
2018,5,3,0,29.2,19.5,78,3,10
2018,5,4,0,28.5,19,79,3,350
2018,5,5,2.1,25.5,19.5,89,3,30
2018,5,6,-1,29.5,22,79,3,40
2018,5,7,0,30,21.5,79,2,30
2018,5,8,0,30.9,19.2,73,2,120
2018,5,9,0.8,30.5,20,69,3,40
2018,5,10,0.3,29.5,20,82,2,10
2018,5,11,0,30,20,78,3,20
2018,5,12,0,30.5,20.5,74,2,20
2018,5,13,0,30,22.3,78,3,80
2018,5,14,0,30.8,20.5,76,3,350
2018,5,15,13,27.5,20,85,3,30
2018,5,16,18.8,28.3,19.5,86,3,20
2018,5,17,0,31,20,77,3,340
2018,5,18,0,30.5,20,76,3,20
2018,5,19,0,30.5,20.5,78,3,40
2018,5,20,0.5,28.5,23,84,3,40
2018,5,21,0,29.7,20.2,79,3,100
2018,5,22,0,30.2,20,72,2,50
2018,5,23,0,31,20,74,3,30
2018,5,24,0,29,23.1,79,2,40
2018,5,25,3.5,29.5,21,83,2,10
2018,5,26,0,30.8,21.3,78,2,40
2018,5,27,0,31.5,23,75,2,50
2018,5,28,0,31,20.5,79,3,110
2018,5,29,1,29,20.2,82,3,10
2018,5,30,4.6,27,20,87,3,10
2018,5,31,0.4,27,22.5,91,3,40
2018,6,1,0,30.5,21.5,80,3,340
2018,6,2,10,30,21,87,3,40
2018,6,3,0,28,21.5,80,2,280
2018,6,4,0,31,20.5,80,2,290
2018,6,5,0,31,19.5,85,2,120
2018,6,6,52.5,25,18.5,95,2,280
2018,6,7,-1,27,19,96,2,290
2018,6,8,7.9,25,18.5,97,2,280
2018,6,9,118.2,23.5,19,98,3,270
2018,6,10,57.9,23,21,100,4,270
2018,6,11,93.5,22.5,18.8,98,4,270
2018,6,12,29.8,23,18,98,3,270
2018,6,13,42.6,23,18,99,3,270
2018,6,14,0,25.5,19,94,3,280
2018,6,15,5.8,26.5,19,95,2,260
2018,6,16,4.8,26.5,19,91,3,260
2018,6,17,7.5,24.5,22.4,93,3,270
2018,6,18,0,26.8,19.2,86,3,280
2018,6,19,0,28.8,19.5,81,2,280
2018,6,20,38.4,26.9,18.5,91,3,280
2018,6,21,45.8,25.5,21.1,94,2,240
2018,6,22,26.7,28,20.5,94,2,30
2018,6,23,34.8,28.3,19.5,88,2,60
2018,6,24,10,29,18.5,90,1,100
2018,6,25,6.6,26.5,18,91,2,340
2018,6,26,11.4,24.5,18.2,95,2,40
2018,6,27,0,28,18.5,89,2,280
2018,6,28,0,28.5,19,88,2,260
2018,6,29,0,27.5,20,89,3,280
2018,6,30,9,25,19,93,2,280
2018,7,1,14.9,24.5,18.7,97,3,280
2018,7,2,8.2,27.5,18.8,93,3,270
2018,7,3,5.2,25.9,18.2,97,3,290
2018,7,4,2.8,26.2,18.4,91,2,290
2018,7,5,0,26.5,22,92,2,280
2018,7,6,-1,27.7,20,90,2,60
2018,7,7,85.8,28,20.5,90,2,130
2018,7,8,10.8,26.8,21.8,93,1,290
2018,7,9,17.6,27.5,17.5,91,2,280
2018,7,10,3.4,24.5,18,96,2,200
2018,7,11,5.1,24.5,18.2,97,2,270
2018,7,12,16.8,26,18.5,96,2,280
2018,7,13,11.6,28.5,19,89,2,280
2018,7,14,19.9,27.2,18.5,90,2,170
2018,7,15,20.2,23.7,21.9,98,3,270
2018,7,16,37.4,23.4,18,98,3,270
2018,7,17,133.4,22.6,21.7,98,3,260
2018,7,18,22.6,23.4,18.2,97,4,280
2018,7,19,98.9,24,17.5,98,4,280
2018,7,20,29,23.5,17.5,97,4,210
2018,7,21,64,24.2,17.5,97,4,250
2018,7,22,45.4,23.5,17.3,99,4,280
2018,7,23,0.5,23,18.5,98,3,280
2018,7,24,0,23.5,17.8,96,2,290
2018,7,25,25.8,26.5,17,97,2,290
2018,7,26,1,26.5,17,96,2,280
2018,7,27,16,24.5,17.8,96,2,280
2018,7,28,47.9,23.5,18,97,2,290
2018,7,29,59.6,25.7,22.3,98,2,270
2018,7,30,38.6,25.1,18.2,96,2,270
2018,7,31,38.7,26.4,19,96,2,270
2018,8,1,9.6,24.4,19,97,2,270
2018,8,2,2.8,26,17.9,96,3,290
2018,8,3,0,26,18.5,92,2,290
2018,8,4,3,28,20,87,1,290
2018,8,5,-1,27.5,21.3,93,2,200
2018,8,6,12,28.2,18,87,1,280
2018,8,7,1.5,26.5,17.8,93,3,280
2018,8,8,5.6,26,18,91,2,280
2018,8,9,8.5,25.8,18,93,3,270
2018,8,10,14,23.5,17.6,97,4,280
2018,8,11,107,23.2,17.4,99,5,240
2018,8,12,58.8,22.6,21.6,99,4,260
2018,8,13,28.5,23,17.9,97,4,260
2018,8,14,3.4,24,17,96,4,270
2018,8,15,10.8,24.6,17.1,89,5,270
2018,8,16,6.2,25.5,18,94,3,280
2018,8,17,7.6,25.2,18,94,3,290
2018,8,18,0,23.6,18.5,97,3,270
2018,8,19,23.3,23.5,21.3,97,3,280
2018,8,20,13,23.9,18.5,97,3,280
2018,8,21,0,24,17,97,4,230
2018,8,22,13,26,17,96,4,260
2018,8,23,0.5,25.5,17.2,92,4,250
2018,8,24,1.5,25,17.5,90,3,270
2018,8,25,11.4,24.8,18,96,3,220
2018,8,26,-1,24.3,22,93,3,280
2018,8,27,-1,28,20.8,86,2,290
2018,8,28,0,27.9,21.3,83,2,290
2018,8,29,0,28,17,80,2,290
2018,8,30,-1,27.5,17.5,89,2,290
2018,8,31,26.8,27.8,18,84,2,330
2018,9,1,1,27,19,86,2,320
2018,9,2,19.2,28,22,92,2,300
2018,9,3,18.4,26.5,20.5,94,2,290
2018,9,4,1,24.5,20.7,97,2,270
2018,9,5,33.2,25.3,21,96,2,290
2018,9,6,57,26,20.5,95,2,40
2018,9,7,6,25,19.5,96,2,270
2018,9,8,0,27,20.5,91,2,280
2018,9,9,0,26.8,21.8,91,3,290
2018,9,10,3.4,26.5,21.5,93,2,200
2018,9,11,5,25.3,21.2,93,2,280
2018,9,12,58.2,26.6,21,93,3,290
2018,9,13,1.2,27.9,22,90,4,290
2018,9,14,149.2,23,19,97,6,320
2018,9,15,40.5,24,19.5,97,4,190
2018,9,16,20.3,25.5,21.5,94,2,70
2018,9,17,-1,26,19,92,3,40
2018,9,18,0.7,27,21.4,85,4,20
2018,9,19,3.3,24.8,21.2,92,2,20
2018,9,20,56.3,25.8,19.7,92,3,40
2018,9,21,1.5,27.4,20.5,87,3,40
2018,9,22,0,27.7,20,81,2,10
2018,9,23,1,27.5,21.8,84,2,360
2018,9,24,1,27.4,22.3,84,2,310
2018,9,25,31,27.2,22.1,87,3,300
2018,9,26,9.7,25.6,21.6,89,3,300
2018,9,27,0,26.3,22,88,4,310
2018,9,28,0,26.5,21,89,2,300
2018,9,29,0,27.5,20.5,86,2,310
2018,9,30,0,27.6,22.4,83,3,300
2018,10,1,1,27.5,21.5,89,2,20
2018,10,2,0,26,21,88,2,350
2018,10,3,21.2,26.5,20.8,88,3,160
2018,10,4,0,27,20,89,2,300
2018,10,5,0,27.2,20,83,2,310
2018,10,6,0,29,20.5,83,2,340
2018,10,7,0,27.6,21.5,86,2,360
2018,10,8,0,28,21.9,82,3,20
2018,10,9,0,28,21.3,83,3,350
2018,10,10,0,27,22,82,4,70
2018,10,11,0,28,21,85,3,80
2018,10,12,0,27.5,20.5,86,4,350
2018,10,13,0,28.3,21,84,3,70
2018,10,14,0,27.5,22,89,2,40
2018,10,15,0,27.5,21.5,88,2,360
2018,10,16,0,27.5,21.5,83,2,20
2018,10,17,-1,28.5,21.4,83,3,40
2018,10,18,0,28,21.5,80,4,40
2018,10,19,0,27.5,21.6,82,4,40
2018,10,20,8.8,27,21.5,86,5,40
2018,10,21,0,26.5,20.5,83,4,40
2018,10,22,0,27,21.1,80,4,20
2018,10,23,0,26.4,21.4,84,4,10
2018,10,24,0,27.2,21.3,81,3,10
2018,10,25,0,27.2,21.5,83,4,40
2018,10,26,0,27,20,81,3,60
2018,10,27,-1,27.5,20.3,81,3,350
2018,10,28,0.3,27.2,19.9,83,2,330
2018,10,29,0,24.5,20,82,4,340
2018,10,30,34,23.5,21,98,5,180
2018,10,31,0,27.5,21.2,87,5,160
2018,11,1,0,28,22,85,3,40
2018,11,2,0,26.8,21,85,4,20
2018,11,3,0,27.2,20.5,86,3,40
2018,11,4,0,26.8,21.1,80,5,40
2018,11,5,2.1,25.6,21.1,82,6,20
2018,11,6,8.6,25.3,21.7,89,7,40
2018,11,7,0.8,25,21.2,88,5,40
2018,11,8,4.8,26,20.1,82,5,20
2018,11,9,5,24,19.5,88,6,40
2018,11,10,1.2,24.7,19.5,80,5,40
2018,11,11,0,25,20.5,80,4,30
2018,11,12,0,26.5,21,81,3,20
2018,11,13,0,26.5,21,86,4,40
2018,11,14,0,26.3,19.5,80,4,40
2018,11,15,0,26.1,20.9,79,6,70
2018,11,16,0,26.5,20.5,84,3,40
2018,11,17,0,27.3,20.3,79,2,40
2018,11,18,1.5,25.5,20.2,90,3,30
2018,11,19,4.4,26.5,20.5,80,4,30
2018,11,20,0.9,23.8,19.8,82,5,20
2018,11,21,7.2,22.8,20.2,91,6,20
2018,11,22,15.2,26.1,21,91,6,70
2018,11,23,9.5,24.7,19.9,92,3,40
2018,11,24,0,24.8,19.8,87,3,40
2018,11,25,2.3,23.6,20,93,4,30
2018,11,26,0,26.3,20,84,4,40
2018,11,27,0.6,24.5,20.2,86,4,40
2018,11,28,0,25,20,90,4,40
2018,11,29,0.4,26,20.5,87,5,40
2018,11,30,0,24.2,19.6,87,5,20
2018,12,1,5.1,24.5,19.8,84,4,40
2018,12,2,-1,24,20.6,88,4,40
2018,12,3,11,26,21.3,84,3,20
2018,12,4,10.8,24.1,22,91,5,40
2018,12,5,1.8,25,21.8,91,6,40
2018,12,6,0,25.5,21.4,84,6,70
2018,12,7,8,25.3,19.5,90,5,70
2018,12,8,0,26.2,19.6,81,5,40
2018,12,9,0,24.5,20.4,85,3,30
2018,12,10,0,25.9,21.2,86,4,40
2018,12,11,0,25.5,20.5,85,5,40
2018,12,12,2.3,25.5,20.6,80,6,20
2018,12,13,25.8,22.8,21,95,8,40
2018,12,14,33,23.4,19,94,6,50
2018,12,15,2,24,19.3,83,6,40
2018,12,16,2,23.3,20.2,92,4,30
2018,12,17,0,24.5,19.8,84,4,20
2018,12,18,3.6,24,19.5,83,7,10
2018,12,19,0.6,23.5,19.4,85,6,10
2018,12,20,0,23.5,20.1,88,4,10
2018,12,21,2,24.2,19.8,93,4,40
2018,12,22,23.2,24.5,20,91,5,40
2018,12,23,96,22,20.3,96,4,30
2018,12,24,11,22.4,20.5,96,4,40
2018,12,25,0,25.5,21,92,4,40
2018,12,26,0,24,20,92,3,350
2018,12,27,0,24.5,21,85,4,20
2018,12,28,62.2,22.7,18.8,92,5,40
2018,12,29,3.5,21.3,18.6,91,6,40
2018,12,30,19.6,21.5,19,96,4,40
2018,12,31,29.6,21.5,20.4,96,6,40
2019,1,1,26.6,22.3,19.5,98,7,70
2019,1,2,6.8,23.4,20,92,7,70
2019,1,3,8,23.8,20,95,6,40
2019,1,4,1,23.5,19.2,88,5,40
2019,1,5,0,24.3,19.5,91,4,40
2019,1,6,2,22.5,19.4,89,3,40
2019,1,7,-1,23.2,19.5,88,5,40
2019,1,8,0,23.8,19.8,87,6,40
2019,1,9,1,23.5,20,84,6,40
2019,1,10,1,23.5,20,86,6,40
2019,1,11,14,24,19.5,87,5,40
2019,1,12,0,25,19.6,86,3,40
2019,1,13,1.5,23,19.8,88,4,40
2019,1,14,0,24.5,19.4,82,5,40
2019,1,15,0.2,24.6,18.9,81,4,40
2019,1,16,0,24.6,19,83,5,20
2019,1,17,0,24.1,18.5,77,6,40
2019,1,18,0,24.3,18.5,80,5,30
2019,1,19,0,24.5,19,81,5,40
2019,1,20,0,24.8,20,76,4,40
2019,1,21,-1,23.3,19.8,85,3,360
2019,1,22,0,23.5,19.5,87,3,10
2019,1,23,0,22.5,20,88,4,20
2019,1,24,0,23,18.5,88,7,40
2019,1,25,0,22.4,18.3,87,7,40
2019,1,26,0,22,17.8,87,7,40
2019,1,27,4.5,22.5,17.4,85,5,40
2019,1,28,1.3,20.1,17.5,89,4,40
2019,1,29,-1,21.8,17.8,77,6,40
2019,1,30,-1,22.3,18.9,83,5,40
2019,1,31,0,23,17.6,90,5,40
2019,2,1,0,21.5,17.5,82,5,40
2019,2,2,2.4,21.8,17.6,89,6,40
2019,2,3,4.5,24.8,19.7,86,3,40
2019,2,4,-1,23.6,18.6,81,5,40
2019,2,5,0,25,18,82,4,40
2019,2,6,0,24.5,18,79,4,40
2019,2,7,0,24.8,18,75,4,40
2019,2,8,0,25.7,17.7,79,4,40
2019,2,9,0,26.5,17.8,79,4,40
2019,2,10,4.5,23.5,19.5,89,4,40
2019,2,11,-1,23.6,19,82,5,40
2019,2,12,3.7,22.8,19.1,87,6,30
2019,2,13,7.4,22.2,19.1,92,5,40
2019,2,14,0,24,16.9,70,6,40
2019,2,15,0,24.5,17.3,76,4,20
2019,2,16,0,25,16.7,75,4,40
2019,2,17,0,25.5,19,78,3,30
2019,2,18,0,24,18.9,78,4,40
2019,2,19,0,24.6,19.4,81,5,40
2019,2,20,0,24,18.8,77,5,40
2019,2,21,0,24.6,18,76,5,40
2019,2,22,0,25.1,17.3,82,4,20
2019,2,23,0,25.2,17,82,4,40
2019,2,24,0,25.8,18.5,79,3,40
2019,2,25,0,25.5,18.4,81,3,70
2019,2,26,0,24.5,17.6,80,4,40
2019,2,27,0.6,23.6,19.3,83,5,40
2019,2,28,0,24.7,18,86,5,40
2019,3,1,0,25.3,17.2,81,4,30
2019,3,2,0,25.2,17,76,4,40
2019,3,3,0,26.5,19,88,2,360
2019,3,4,0,27.5,20,79,4,40
2019,3,5,0,23.5,19.5,81,5,20
2019,3,6,0,26.8,19.6,78,4,40
2019,3,7,0,26.5,19.7,80,4,10
2019,3,8,0,26.2,19,74,4,40
2019,3,9,0,28,19.3,79,3,160
2019,3,10,0,27.7,19.5,76,2,150
2019,3,11,0,28.6,20,81,2,300
2019,3,12,0,28.8,20,85,4,30
2019,3,13,0,26.9,19.4,71,5,40
2019,3,14,1,28,20.2,79,4,40
2019,3,15,0,25.3,19,90,4,20
2019,3,16,0,26,20.3,82,5,40
2019,3,17,0,27.2,20.2,81,4,40
2019,3,18,0,26.5,19.8,79,4,40
2019,3,19,0,26,19.9,82,5,40
2019,3,20,0,26.5,19.6,74,6,60
2019,3,21,0,26.9,20,78,4,40
2019,3,22,0,27,20.3,76,4,350
2019,3,23,0,28,19.8,76,4,40
2019,3,24,0,26,20,72,3,40
2019,3,25,0,26.5,19.8,71,4,20
2019,3,26,0,27.6,20.7,69,5,40
2019,3,27,0,26.8,20.6,72,7,40
2019,3,28,0,26.2,20.5,84,3,40
2019,3,29,0,26.9,20.2,80,4,30
2019,3,30,0,28,20.3,80,3,40
2019,3,31,0,27.5,20.6,76,3,40
2019,4,1,0,27,19.3,82,4,40
2019,4,2,0,27.1,19.8,79,4,40
2019,4,3,0,27.8,20.2,76,4,40
2019,4,4,0,27.5,21,76,5,40
2019,4,5,0,28.5,21.3,80,4,10
2019,4,6,0,30,21,78,4,40
2019,4,7,0,30.4,20.5,77,2,40
2019,4,8,0.4,29,21.6,76,4,40
2019,4,9,1.6,27,22,88,4,40
2019,4,10,0,28.8,21.3,77,5,60
2019,4,11,0,27.5,22.5,86,3,110
2019,4,12,0,30.1,22,78,4,20
2019,4,13,0,30.2,22,82,3,40
2019,4,14,0,29.2,21.2,74,3,40
2019,4,15,0,29.2,21,74,3,150
2019,4,16,0,29.5,22.4,77,3,140
2019,4,17,0,32.3,23,73,3,320
2019,4,18,0,30.5,22.1,82,3,160
2019,4,19,0,30.2,22.5,77,4,160
2019,4,20,0,30.5,21.4,73,4,90
2019,4,21,0,31.2,22,80,2,120
2019,4,22,0,29.2,21.4,75,4,40
2019,4,23,0,28.2,22,74,4,40
2019,4,24,0,28.5,21,79,4,30
2019,4,25,0,29.5,21.5,72,5,30
2019,4,26,0,28.5,21.5,73,5,40
2019,4,27,0,29.5,20,73,5,20
2019,4,28,-1,29,21.9,82,3,40
2019,4,29,0,28,21.5,83,4,40
2019,4,30,0,29,22,75,3,120
2019,5,1,0,32,23,76,2,220
2019,5,2,0,31,22.7,82,2,170
2019,5,3,0,30.9,22.8,80,3,310
2019,5,4,0,29.5,20.7,83,3,310
2019,5,5,-1,29.7,22.6,87,2,300
2019,5,6,17.6,25,22,96,3,290
2019,5,7,5,26.5,22.5,96,3,290
2019,5,8,54,29,21.3,87,2,290
2019,5,9,39.5,29.2,21.4,89,3,320
2019,5,10,0,28,21.5,85,3,310
2019,5,11,0,28,22,94,2,320
2019,5,12,0,30.8,22.6,83,2,180
2019,5,13,10.8,29.8,23.1,90,2,180
2019,5,14,0,30.5,23.5,84,2,150
2019,5,15,13.8,31,22.9,80,4,30
2019,5,16,0,31,23,77,3,320
2019,5,17,0,29,23.5,84,2,320
2019,5,18,0,31,23.5,87,2,330
2019,5,19,0,30.5,23.4,82,3,310
2019,5,20,0,30.4,23,88,3,290
2019,5,21,6.8,29.5,23,82,3,290
2019,5,22,64.1,30.5,22,84,2,320
2019,5,23,65.7,29.4,21,84,3,320
2019,5,24,1.2,27.8,22,85,3,20
2019,5,25,0,27.5,22,84,3,40
2019,5,26,56.5,26.5,21,93,1,180
2019,5,27,2.9,28.6,22.6,84,2,310
2019,5,28,0,30,23,81,3,110
2019,5,29,2.6,28.4,22.9,81,2,40
2019,5,30,0,28.5,22.9,81,4,40
2019,5,31,0,27.4,22.4,84,4,30
2019,6,1,0,28.6,22.4,84,4,20
2019,6,2,0,29.3,23.2,79,2,40
2019,6,3,10.8,29.5,23,82,3,40
2019,6,4,2.8,28.5,23,85,3,40
2019,6,5,3.4,29,22.5,79,3,40
2019,6,6,0,28,22.9,86,4,60
2019,6,7,0,28,22.3,83,4,60
2019,6,8,0,29.5,22.7,82,4,20
2019,6,9,0,30.6,23.6,81,1,120
2019,6,10,6,30.2,22.5,86,2,320
2019,6,11,2.8,28.5,21.5,91,3,320
2019,6,12,0,28,22.5,89,2,320
2019,6,13,6.4,27.5,22.9,92,3,320
2019,6,14,19.4,27,21.5,94,4,320
2019,6,15,16.5,28,21.5,88,3,310
2019,6,16,-1,29.5,23,88,2,320
2019,6,17,0,29,23.4,85,3,120
2019,6,18,-1,28.8,22.9,79,4,50
2019,6,19,0,28,23,81,2,110
2019,6,20,0,29.9,23.5,84,2,140
2019,6,21,7.6,30.6,22.5,82,3,300
2019,6,22,0,30.5,22.5,87,3,300
2019,6,23,0,29.5,22.3,85,2,330
2019,6,24,-1,27.7,21.1,92,3,290
2019,6,25,111,29.4,21.5,86,2,290
2019,6,26,15.2,27.6,21.4,92,2,290
2019,6,27,21.4,25.6,21.2,97,4,300
2019,6,28,21,26.8,21.2,95,3,310
2019,6,29,14.7,25,21,94,3,300
2019,6,30,8.4,26,22,96,2,210
2019,7,1,27.8,24,21,97,3,210
2019,7,2,0.5,25,21.5,93,2,310
2019,7,3,1,28.6,22.6,74,2,320
2019,7,4,0,29,22.5,79,3,310
2019,7,5,0,27.5,21.5,88,3,320
2019,7,6,7.9,27.7,21.5,90,2,310
2019,7,7,11,29,22,89,2,300
2019,7,8,0,28.5,22.4,90,2,280
2019,7,9,0.2,26.8,22.5,87,3,290
2019,7,10,0,28,22.5,87,3,290
2019,7,11,-1,29,22.7,81,2,350
2019,7,12,0,29.5,21.5,78,3,320
2019,7,13,5.6,29.8,22,81,2,310
2019,7,14,19.4,28,21,89,2,300
2019,7,15,2.1,24.6,21.5,93,2,320
2019,7,16,38.2,23.5,20.5,97,4,320
2019,7,17,6.4,22.6,20.8,98,5,320
2019,7,18,27.1,23.5,21,99,4,320
2019,7,19,1.4,26.4,21.4,90,4,320
2019,7,20,0,28.2,21.5,88,3,300
2019,7,21,1.5,27.4,22,93,1,300
2019,7,22,4.8,28.2,22.5,91,2,190
2019,7,23,6.8,27,21.6,93,2,320
2019,7,24,48.8,27.4,21.5,90,1,280
2019,7,25,6.7,26.7,21.1,93,3,310
2019,7,26,5.2,26.6,20.5,92,3,320
2019,7,27,0,26.5,21,90,2,320
2019,7,28,29.8,25.5,20.6,96,2,330
2019,7,29,0.6,27,20.6,93,2,320
2019,7,30,21,26.5,20.5,90,3,320
2019,7,31,7.8,26.6,21.5,86,3,320
2019,8,1,47.8,26.5,21,93,4,320
2019,8,2,74.4,23.3,20,98,4,320
2019,8,3,23.3,22.3,20.5,97,4,310
2019,8,4,11.9,23.7,21.2,98,4,270
2019,8,5,45.8,24.5,21.7,97,4,290
2019,8,6,6.4,25,21.9,97,4,310
2019,8,7,15,22.9,21.1,98,6,270
2019,8,8,36.2,24.5,21.5,98,5,220
2019,8,9,86.4,23.4,19.9,97,5,210
2019,8,10,14.4,24.2,20.5,93,5,210
2019,8,11,0,24.8,22.1,93,6,290
2019,8,12,4.4,24.5,22.5,94,6,290
2019,8,13,0,24.5,22,94,4,260
2019,8,14,0,26,22.5,91,4,320
2019,8,15,0,24.8,22.3,94,4,290
2019,8,16,0,26.4,21,89,4,310
2019,8,17,0,26.5,21,92,3,290
2019,8,18,9,27.2,22.1,92,2,300
2019,8,19,-1,27,22.4,94,3,300
2019,8,20,1.2,26.7,22.4,93,4,290
2019,8,21,69.2,25.6,20.4,93,3,300
2019,8,22,19,24.2,20.5,97,4,300
2019,8,23,10.9,23.8,20.5,97,4,300
2019,8,24,40.5,23.5,20.1,97,3,300
2019,8,25,6.5,25.3,20.1,92,4,290
2019,8,26,24.2,27,20.5,94,2,290
2019,8,27,2.8,23.2,21.5,95,3,260
2019,8,28,0,26.5,21,93,3,220
2019,8,29,18.8,26.1,21,94,4,220
2019,8,30,2,24.9,20.9,95,3,300
2019,8,31,96.4,27,20.5,90,2,310
2019,9,1,26,26.5,20.1,95,1,180
2019,9,2,23.5,26.2,20.2,92,5,300
2019,9,3,38.9,25.6,20.8,92,3,320
2019,9,4,0,25.7,22,85,3,290
2019,9,5,0,26,22,86,4,230
2019,9,6,0,25.3,21,89,5,320
2019,9,7,0,25.6,21.3,91,4,310
2019,9,8,9,26.3,21.5,94,3,270
2019,9,9,1,25.5,20.5,93,3,280
2019,9,10,1.2,24.5,21.3,92,3,280
2019,9,11,2,25,20.6,93,2,280
2019,9,12,21.6,22,20.7,97,3,280
2019,9,13,3,25.5,21,93,2,350
2019,9,14,49.6,28.2,20.8,89,2,280
2019,9,15,55.6,23.5,20.8,98,3,280
2019,9,16,16.6,22.6,21.3,98,3,270
2019,9,17,10.4,23.4,20.7,97,3,190
2019,9,18,56.6,24,20.5,97,3,260
2019,9,19,111.4,23,20.1,99,3,290
2019,9,20,20,22.6,20.2,97,2,280
2019,9,21,0,23.5,19.8,92,3,270
2019,9,22,0,26.8,21,88,2,280
2019,9,23,0,27.6,21.5,90,2,300
2019,9,24,-1,26.5,21,90,2,10
2019,9,25,0,27.5,21,85,3,20
2019,9,26,0,28,21.8,87,2,60
2019,9,27,-1,27,21.5,90,2,330
2019,9,28,2.6,28.8,21.8,85,2,280
2019,9,29,3.5,26.5,22.1,93,3,280
2019,9,30,3,26,22,97,3,200
2019,10,1,0.8,26,22,93,2,290
2019,10,2,21,26.5,20.6,83,1,300
2019,10,3,0,27.6,20.5,85,1,300
2019,10,4,0.5,28.6,21,79,1,330
2019,10,5,0,28.8,21.5,86,2,120
2019,10,6,1,27.2,21.5,86,3,10
2019,10,7,0,27.5,21.2,78,3,20
2019,10,8,5,25.5,21.2,89,3,10
2019,10,9,2.6,25,21,89,2,10
2019,10,10,0,27.4,21.2,85,2,10
2019,10,11,0,27.5,21.3,89,1,310
2019,10,12,0,28,20.8,84,2,350
2019,10,13,0,26.5,21.2,84,3,40
2019,10,14,0,26.5,20.9,85,3,40
2019,10,15,0,27,21.2,79,3,10
2019,10,16,-1,26.5,21.5,79,3,10
2019,10,17,-1,27,21.8,84,2,30
2019,10,18,0,27.8,21.5,80,2,70
2019,10,19,2,27,21.2,86,2,20
2019,10,20,0,25.3,21.3,90,3,20
2019,10,21,0,27.3,21.5,85,3,20
2019,10,22,0,27.4,21.2,80,2,40
2019,10,23,0,28,21.5,82,3,10
2019,10,24,0,27,21.5,80,3,10
2019,10,25,0,26.9,21,87,3,40
2019,10,26,1,25,20.7,85,3,20
2019,10,27,3,25.4,21,86,4,30
2019,10,28,10.5,25,21.6,92,3,40
2019,10,29,1.6,24.6,21.6,89,3,20
2019,10,30,2.6,25.1,21.2,91,4,50
2019,10,31,22.7,25.5,21.4,89,3,340
2019,11,1,8.4,26,21,94,2,20
2019,11,2,-1,25.5,20.8,91,2,10
2019,11,3,0.5,26,22,91,2,90
2019,11,4,-1,27.6,21.5,90,2,280
2019,11,5,0,28,22,90,2,220
2019,11,6,10.8,26,20,92,2,90
2019,11,7,0.2,27,21,92,2,10
2019,11,8,0,26.3,21,91,2,80
2019,11,9,-1,28,21,88,2,110
2019,11,10,0,25.3,21,88,2,290
2019,11,11,1.9,27,20.8,93,3,340
2019,11,12,2,23.9,19.1,93,3,10
2019,11,13,0,24,20.5,83,3,330
2019,11,14,0,24.5,21.3,88,4,330
2019,11,15,-1,27.2,20.8,87,2,280
2019,11,16,19.8,28,21.5,91,1,290
2019,11,17,0.4,26.6,21.9,88,1,290
2019,11,18,0,25.9,22,90,2,290
2019,11,19,0,28,21.5,83,2,240
2019,11,20,24,26.7,21.5,92,2,220
2019,11,21,2.2,25,21.2,92,2,330
2019,11,22,1.6,24.8,21,92,2,40
2019,11,23,0,27,21,89,2,30
2019,11,24,2.5,25.7,21,91,3,20
2019,11,25,4.8,24,20.1,87,4,10
2019,11,26,1.2,24.4,21.4,88,5,30
2019,11,27,7.6,26.1,21.2,89,4,350
2019,11,28,0,24.5,20.9,83,5,20
2019,11,29,0.6,23.2,20.2,85,5,350
2019,11,30,0,24.5,20.2,81,4,10
2019,12,1,0,24.5,19.1,80,3,330
2019,12,2,12.3,24.6,20.1,87,4,320
2019,12,3,131.3,22,20.5,96,8,40
2019,12,4,4.4,25.4,21.6,92,3,40
2019,12,5,0,25.4,21.2,93,2,320
2019,12,6,4,27.5,20.5,89,2,340
2019,12,7,0,27.5,19.9,88,3,10
2019,12,8,0,23.5,19,84,4,10
2019,12,9,-1,22.7,19.5,92,3,360
2019,12,10,-1,23.8,20.2,89,2,340
2019,12,11,-1,23.8,20.6,93,2,20
2019,12,12,2.1,23,20.4,91,5,10
2019,12,13,3.6,24.6,20,85,3,20
2019,12,14,9.8,25.5,20.5,86,4,10
2019,12,15,2.5,25,21,92,5,40
2019,12,16,0,25,21,87,6,40
2019,12,17,0,25.4,20.5,84,4,40
2019,12,18,0,25.5,20.5,83,4,40
2019,12,19,-1,25.4,20.7,88,4,40
2019,12,20,-1,25.5,20.4,88,3,40
2019,12,21,0,26.3,20,87,3,40
2019,12,22,0,25.5,19.5,87,2,30
2019,12,23,-1,24.6,20.1,87,3,20
2019,12,24,2,25.4,20.5,76,5,10
2019,12,25,35.2,22.8,21,97,5,40
2019,12,26,0,24,20.5,96,1,80
2019,12,27,0,26.1,20.3,88,3,40
2019,12,28,0.5,25.2,20,90,4,40
2019,12,29,-1,24.5,20.2,84,4,30
2019,12,30,1.8,24,21,91,4,30
2019,12,31,9,23.5,20.5,88,5,20
2020,1,1,15.3,22.8,20.5,97,6,20
2020,1,2,1.2,23,20.3,83,7,10
2020,1,3,0,23.5,20.2,79,5,10
2020,1,4,6,23.3,19.1,87,5,10
2020,1,5,0.5,23,19.5,84,6,10
2020,1,6,0,23.8,19.8,75,4,20
2020,1,7,9,24.4,19.9,87,4,350
2020,1,8,1,24.5,19.3,91,5,10
2020,1,9,0,24,20,85,4,40
2020,1,10,2,24.9,19.8,91,3,30
2020,1,11,0,26,19.5,84,2,20
2020,1,12,0,26,19.8,84,2,320
2020,1,13,-1,25,20,88,3,10
2020,1,14,0,24,20.2,90,5,20
2020,1,15,0,23.5,20,89,5,20
2020,1,16,0,26.2,20.7,83,3,10
2020,1,17,0,25.4,20.5,91,2,340
2020,1,18,0,25.3,19.8,90,4,10
2020,1,19,-1,24,20,90,3,20
2020,1,20,0,23,19.5,90,4,40
2020,1,21,0,23.5,19.5,77,5,40
2020,1,22,0,24.2,19.5,73,3,20
2020,1,23,0.5,25.2,19.5,80,3,30
2020,1,24,19.6,23.5,19.4,91,4,40
2020,1,25,0,23.5,19.8,94,3,20
2020,1,26,0,26.7,20,90,2,250
2020,1,27,0,27.5,20,80,2,140
2020,1,28,0,27.4,19,78,1,110
2020,1,29,0,26.5,19.3,82,1,240
2020,1,30,4.6,25.2,17.8,90,3,120
2020,1,31,1.4,21.3,17.2,89,4,20
2020,2,1,0,22.5,17.2,86,3,10
2020,2,2,1.5,24,17,88,4,10
2020,2,3,0.5,19.9,17.5,84,4,40
2020,2,4,0,23.8,18.4,77,3,30
2020,2,5,1,23.8,19.4,86,3,10
2020,2,6,3.4,22.5,20.5,92,6,30
2020,2,7,18.6,23.9,20,95,4,60
2020,2,8,1,25.3,19.6,93,2,20
2020,2,9,0.5,22,18.5,89,4,360
2020,2,10,-1,21.5,18.3,84,6,30
2020,2,11,0,23,18,82,4,40
2020,2,12,0,24,18.5,82,4,40
2020,2,13,0,22,19.2,90,3,10
2020,2,14,0,24.5,19.5,84,4,30
2020,2,15,0,25.3,18.7,78,3,50
2020,2,16,0,26,19.8,82,3,30
2020,2,17,1.4,24,19,88,4,40
2020,2,18,0.4,22.3,18,87,6,20
2020,2,19,0,22.8,18,82,6,10
2020,2,20,-1,21.2,16.8,76,6,20
2020,2,21,-1,23.4,17.6,81,6,30
2020,2,22,-1,25,17,73,6,10
2020,2,23,22.1,22.5,19.5,89,5,20
2020,2,24,7.6,23.8,19.8,93,4,40
2020,2,25,1.6,24,19,85,3,40
2020,2,26,2.8,24,19.3,91,3,40
2020,2,27,0.8,23.6,19,80,4,10
2020,2,28,0,24,19.5,75,5,10
2020,2,29,0,25.5,19.5,75,4,20
2020,3,1,0,25.5,18.8,80,3,40
2020,3,2,0,24.8,19.6,79,4,30
2020,3,3,-1,25,19.5,82,4,30
2020,3,4,0,23.6,19,86,2,40
2020,3,5,0,27.6,19,80,3,340
2020,3,6,0,25.7,19.5,78,4,10
2020,3,7,0,28.4,20,82,2,10
2020,3,8,0,29,21.5,83,2,120
2020,3,9,0,29,22,87,2,90
2020,3,10,0,29.2,22.3,84,2,340
2020,3,11,0.4,27,20.5,91,4,40
2020,3,12,0,26,20.4,80,4,40
2020,3,13,0,27.1,20.2,69,3,10
2020,3,14,0,28,20,71,2,90
2020,3,15,-1,26,20.2,79,3,20
2020,3,16,4.5,21.6,19.3,94,5,20
2020,3,17,0.2,22.6,19.1,89,3,20
2020,3,18,0,26,19.2,79,3,20
2020,3,19,0,26.7,20,81,3,180
2020,3,20,0,26.9,20.5,84,3,50
2020,3,21,0,27.8,21,79,3,30
2020,3,22,0,28.8,21.5,75,3,20
2020,3,23,0,28.5,20,80,3,20
2020,3,24,0,28,20,81,3,20
2020,3,25,0,26,20.3,80,4,40
2020,3,26,0,27.5,21,77,4,20
2020,3,27,-1,27,21.3,79,3,50
2020,3,28,0,28.4,21.2,76,3,10
2020,3,29,0,27.5,21.1,77,3,40
2020,3,30,-1,28,20.7,78,4,40
2020,3,31,0,28.5,21,72,3,30
2020,4,1,0,28.5,21.4,80,3,30
2020,4,2,0,27,20,80,3,40
2020,4,3,0,28.1,20.5,68,3,10
2020,4,4,0,28.5,20,74,3,40
2020,4,5,0,28,20.5,73,3,30
2020,4,6,0,27.4,20.8,81,3,20
2020,4,7,0,30,20.8,72,2,120
2020,4,8,0,28.8,21.5,80,3,20
2020,4,9,0,27.8,21.5,81,2,10
2020,4,10,0,25.1,21.2,85,4,10
2020,4,11,0,26.5,21.8,84,2,30
2020,4,12,0,28,21,84,2,280
2020,4,13,17.2,24.7,20.2,91,3,20
2020,4,14,0,23.5,20.6,90,4,10
2020,4,15,0,28,21,86,2,100
2020,4,16,0,28.4,21.5,86,3,10
2020,4,17,1.4,27.4,21.8,83,3,10
2020,4,18,3,29,21.8,85,3,60
2020,4,19,0,28,22,84,3,20
2020,4,20,0,29.4,21.5,81,3,20
2020,4,21,0,29.5,22.5,79,3,20
2020,4,22,0,29.5,22.5,79,3,40
2020,4,23,0,29,21.7,83,3,20
2020,4,24,-1,29,21.5,78,3,40
2020,4,25,-1,28.9,21.5,78,3,20
2020,4,26,-1,28,21.7,84,3,30
2020,4,27,0,28.2,21.5,78,3,40
2020,4,28,0,29.3,21,75,3,80
2020,4,29,0,28,21.9,80,3,10
2020,4,30,0,28.5,21.6,80,3,30
2020,5,1,0,28.9,21.3,73,3,20
2020,5,2,1,29.5,22.2,75,3,350
2020,5,3,21.6,25.2,22.5,93,3,10
2020,5,4,0,29.6,23,85,3,70
2020,5,5,0,29.8,22.6,83,3,40
2020,5,6,0,31,23.5,80,2,20
2020,5,7,0,31.5,23,80,2,130
2020,5,8,0,31,22.6,78,3,40
2020,5,9,0,30.2,23,80,3,120
2020,5,10,0,30.5,23,76,2,20
2020,5,11,0,30.5,22.9,77,3,40
2020,5,12,0,30.6,22.5,78,2,100
2020,5,13,0,31.8,23,76,2,30
2020,5,14,5.3,29,22.4,86,4,20
2020,5,15,132.7,24,20.5,96,5,20
2020,5,16,4.7,29,22.5,90,2,210
2020,5,17,0,29,22.5,88,3,130
2020,5,18,0,28.5,23.5,87,2,290
2020,5,19,0,29.3,22.8,89,1,290
2020,5,20,0,30.5,23.5,85,2,50
2020,5,21,0,29.3,23,85,2,130
2020,5,22,4,30,24,85,2,290
2020,5,23,23,28.4,21.9,87,2,280
2020,5,24,0,28.5,23,81,2,280
2020,5,25,0,29.5,23.8,80,2,270
2020,5,26,0,29,22.2,81,2,140
2020,5,27,9.6,29,23,84,2,100
2020,5,28,2,29,22.5,88,4,140
2020,5,29,0,29.7,22.5,83,2,40
2020,5,30,0,29,22,85,2,30
2020,5,31,0,28.8,22.5,73,3,50
2020,6,1,0,28.2,22.5,82,3,60
2020,6,2,0,29.5,23,77,2,50
2020,6,3,0,29,23.1,83,2,150
2020,6,4,0,31,23.2,80,2,30
2020,6,5,0,30,22.8,78,3,10
2020,6,6,0,30.5,22.9,80,2,30
2020,6,7,0,30,22.8,83,2,60
2020,6,8,0,28.1,22.3,87,2,350
2020,6,9,0,29,22.2,80,2,340
2020,6,10,20.6,26,22,91,2,20
2020,6,11,24.4,27,21.8,87,2,140
2020,6,12,0,27,21.5,96,3,160
2020,6,13,0,27.5,22.5,90,2,80
2020,6,14,0,28.7,22,84,2,70
2020,6,15,0,27,22,83,2,20
2020,6,16,1.2,28.4,21.8,84,2,50
2020,6,17,1.8,28.8,22,81,3,10
2020,6,18,0,29.5,23,83,2,20
2020,6,19,61,26,21.5,95,2,120
2020,6,20,10,27.8,21.5,89,2,290
2020,6,21,1,28,21.3,84,2,280
2020,6,22,0,29.6,23,82,2,30
2020,6,23,0.5,30.5,22.7,89,3,70
2020,6,24,0,29.5,22.4,82,2,30
2020,6,25,3,29.5,21.4,81,3,350
2020,6,26,8.6,27,21.3,88,3,20
2020,6,27,15.7,26,21.5,90,2,40
2020,6,28,10.5,27,21.3,92,2,290
2020,6,29,0,27.5,22,90,2,290
2020,6,30,0.2,27.4,21.5,86,2,280
2020,7,1,0,29.6,22.5,77,2,210
2020,7,2,0.5,29.6,22,83,3,20
2020,7,3,2,27.7,22,84,2,50
2020,7,4,4.2,28,21.5,89,2,50
2020,7,5,0,29.5,22.5,82,2,120
2020,7,6,2.2,29,22.1,82,2,140
2020,7,7,0,28.5,22.5,84,3,20
2020,7,8,-1,28.5,22.6,82,1,80
2020,7,9,0,29.5,23.5,82,2,90
2020,7,10,0,29.8,23,83,2,20
2020,7,11,0.3,30,22.4,87,2,280
2020,7,12,18.7,28,22.4,87,2,280
2020,7,13,6.8,25,21.5,95,2,290
2020,7,14,0,30,22.5,81,2,290
2020,7,15,-1,29.6,22.9,84,2,10
2020,7,16,1,28.5,22.5,81,3,40
2020,7,17,0,29,22.4,85,3,40
2020,7,18,5.8,28.7,21.2,78,3,40
2020,7,19,7,26.5,21,90,2,40
2020,7,20,0,27.5,21.2,86,2,330
2020,7,21,16.4,28.5,21.5,84,2,10
2020,7,22,0.8,27.5,22.5,90,3,10
2020,7,23,5.7,29.3,22,86,2,30
2020,7,24,0,27.5,22.6,89,2,40
2020,7,25,0.6,29,21.5,83,2,310
2020,7,26,0,29.2,22,82,2,320
2020,7,27,0,29.5,22,86,2,20
2020,7,28,4.6,27.5,21.8,89,2,340
2020,7,29,65.4,25,21,99,2,210
2020,7,30,13.9,26.4,21.8,96,3,220
2020,7,31,1.2,27.5,22,93,2,110
2020,8,1,18.6,25.6,20.2,94,2,290
2020,8,2,-1,25.5,22.1,89,2,290
2020,8,3,-1,30,22.6,84,2,180
2020,8,4,3.2,29,22,85,3,10
2020,8,5,6.2,27,21.7,91,3,40
2020,8,6,30.9,25.5,20.2,94,4,10
2020,8,7,10.3,26.5,21,91,2,290
2020,8,8,2,24.6,21,92,2,290
2020,8,9,3,24.8,21.3,93,4,200
2020,8,10,1.8,27,21.9,90,2,280
2020,8,11,-1,27,22,85,2,90
2020,8,12,-1,24.8,21.1,89,3,20
2020,8,13,29.6,27.5,21.3,89,2,290
2020,8,14,17,27.3,21.1,92,1,280
2020,8,15,40,27,21,92,2,330
2020,8,16,25.6,27.5,21,90,2,300
2020,8,17,1.8,27,22,90,3,350
2020,8,18,0,29.3,21.8,89,3,350
2020,8,19,29.8,25.5,21,89,2,320
2020,8,20,12.2,26,21.3,93,2,340
2020,8,21,0,26,21.3,92,2,300
2020,8,22,0,29.7,21.6,84,2,320
2020,8,23,0,28,22.4,87,3,320
2020,8,24,0,28.3,23,88,2,250
2020,8,25,0.4,27.5,23,90,3,250
2020,8,26,0,28,22,90,3,250
2020,8,27,0,28.7,21.6,84,2,280
2020,8,28,0,26.7,21.8,90,2,300
2020,8,29,0,26.9,22.5,89,4,250
2020,8,30,6,24.5,20.9,93,4,250
2020,8,31,0,27.5,21.2,89,2,300
2020,9,1,0,27,21.6,87,3,280
2020,9,2,0,28.5,22.2,88,3,300
2020,9,3,4,29.5,22,85,2,220
2020,9,4,-1,30,22.7,86,2,300
2020,9,5,0.2,29.2,23,86,2,300
2020,9,6,7.6,28,22.3,88,2,300
2020,9,7,22,28.7,22.1,89,2,140
2020,9,8,0,28.8,22.5,83,2,40
2020,9,9,0,29,22,82,3,340
2020,9,10,32,30.4,22,84,1,40
2020,9,11,0.4,28.4,22.5,86,2,90
2020,9,12,1.7,25,21.5,85,1,40
2020,9,13,0,28.6,21.5,80,3,340
2020,9,14,21,29.8,21.6,83,2,360
2020,9,15,67.8,24.7,22,96,5,30
2020,9,16,4,24.5,21.8,98,4,140
2020,9,17,4,24,21.4,97,4,150
2020,9,18,16.6,25,21.8,93,2,20
2020,9,19,0,28.5,21.5,84,2,320
2020,9,20,0,28.5,21,86,2,350
2020,9,21,0,29,22,78,2,20
2020,9,22,0.4,27.5,22,86,2,320
2020,9,23,27.3,28.5,21.5,89,3,320
2020,9,24,22,28.3,22.2,90,2,340
2020,9,25,7.6,26.5,21.8,89,2,350
2020,9,26,1.4,28,22,87,2,340
2020,9,27,0,29.5,21.8,85,2,310
2020,9,28,0,30.6,21.8,82,2,300
2020,9,29,7.7,27.8,21.8,91,2,320
2020,9,30,0,27.9,22.4,89,2,280
2020,10,1,10,27.6,21.5,87,2,220
2020,10,2,4,27.5,21.7,89,2,320
2020,10,3,6.4,27.8,21.2,90,2,100
2020,10,4,3.6,28.2,21.8,86,2,100
2020,10,5,1,27,22,85,5,50
2020,10,6,35,26.6,21,89,2,20
2020,10,7,33,26,22,94,3,10
2020,10,8,21,23.7,21,96,4,20
2020,10,9,1.6,25.5,21.2,94,3,20
2020,10,10,70.2,26.5,21,93,3,290
2020,10,11,37.4,23.9,21.1,98,3,240
2020,10,12,4,25.9,21.5,93,3,110
2020,10,13,9.4,27.5,20.8,86,3,330
2020,10,14,58.2,23.5,20.8,97,3,340
2020,10,15,4.1,25.2,21.5,92,3,30
2020,10,16,-1,27.5,21.9,88,3,120
2020,10,17,4.3,26,21.5,93,2,330
2020,10,18,7.9,23.5,21,95,3,40
2020,10,19,6,24.8,21.7,86,2,20
2020,10,20,63.1,22.4,20.7,98,4,200
2020,10,21,1.6,25,21,93,3,150
2020,10,22,0,28.5,21.6,89,3,220
2020,10,23,0.5,28.4,21.8,92,2,240
2020,10,24,33.3,26.1,21.3,93,2,360
2020,10,25,86,26.1,20.5,93,4,50
2020,10,26,46.2,23.5,20.6,98,7,40
2020,10,27,0,25.8,21.3,94,5,100
2020,10,28,7.4,26,21.5,91,2,20
2020,10,29,9.2,27,21.6,92,2,20
2020,10,30,0,26.3,21,89,3,350
2020,10,31,3,26.3,20.5,85,3,10
2020,11,1,66.4,22,20,96,8,40
2020,11,2,0,26.3,21,94,3,100
2020,11,3,0,28,21.5,90,2,40
2020,11,4,2.6,24.5,20.8,95,3,40
2020,11,5,0,26.8,20.5,89,2,40
2020,11,6,0,27.3,20.5,87,3,10
2020,11,7,21.9,26,19,91,4,350
2020,11,8,5.6,25.7,21.4,93,5,40
2020,11,9,7.9,25.8,21,94,3,70
2020,11,10,17.1,24,21,93,3,20
2020,11,11,356.2,22.5,20.5,95,8,290
2020,11,12,12.6,22.8,21,100,9,100
2020,11,13,0,26.5,20.8,93,4,40
2020,11,14,4,25.5,20.7,89,6,80
2020,11,15,0.5,26.5,21,92,4,40
2020,11,16,5.3,26.2,20.5,88,3,40
2020,11,17,0,25.6,21,92,4,40
2020,11,18,0,25.6,21,90,5,40
2020,11,19,0,27,21.4,85,3,40
2020,11,20,3,27,21,88,2,20
2020,11,21,-1,26.5,20.5,82,3,10
2020,11,22,1,25,20,82,5,40
2020,11,23,1.1,25,20.7,79,7,20
2020,11,24,0,24.2,20.6,72,8,20
2020,11,25,1.6,24.9,20,79,6,40
2020,11,26,4.1,25,20.8,87,2,360
2020,11,27,5.7,24,20.3,92,3,20
2020,11,28,20.1,23.8,20.5,92,3,40
2020,11,29,43.4,23.2,19.9,97,5,40
2020,11,30,1.2,23.2,19.8,84,5,40
2020,12,1,0,24.5,20.6,82,3,350
2020,12,2,1,25.5,21.5,85,3,20
2020,12,3,18.6,27.3,21,91,4,10
2020,12,4,2.5,23,20.8,95,3,20
2020,12,5,11.2,25.1,20.5,91,3,40
2020,12,6,-1,26,21.7,89,5,40
2020,12,7,68.6,24,22,95,6,40
2020,12,8,23,25.3,21.2,94,5,40
2020,12,9,17.4,25.8,21,88,4,40
2020,12,10,10.8,23.6,21.4,94,4,40
2020,12,11,0,27,21,86,3,10
2020,12,12,0,27.5,20.8,83,3,40
2020,12,13,4.3,24.7,21,92,2,30
2020,12,14,0,26.5,21,85,3,40
2020,12,15,1.8,26,20.8,88,5,40
2020,12,16,1,25.5,21,82,5,40
2020,12,17,22,22.5,20.7,96,5,40
2020,12,18,50.6,25,20,90,5,50
2020,12,19,58.9,22.5,19.8,93,5,40
2020,12,20,14,23.5,21,96,4,60
2020,12,21,0.2,24.3,19.9,90,4,40
2020,12,22,0.4,25,21.4,88,3,70
2020,12,23,0.2,25.2,21,88,5,70
2020,12,24,0,27,20.4,79,2,20
2020,12,25,0.8,25.5,20.5,87,2,10
2020,12,26,52.6,23.5,20,92,3,40
2020,12,27,41,22,20.1,97,3,350
2020,12,28,0,25.2,21.1,94,3,40
2020,12,29,0,27.2,21,91,3,40
2020,12,30,0,27.5,20,87,5,40
2020,12,31,0,21,18.6,82,7,40
2021,1,1,0,21.7,18.8,85,5,40
2021,1,2,1,23.5,19,90,4,20
2021,1,3,59.5,22.4,18.5,94,6,40
2021,1,4,5.3,24.6,20.5,90,5,40
2021,1,5,-1,22.8,20,91,5,70
2021,1,6,2,25,20,83,5,40
2021,1,7,1,24.7,19.8,90,5,40
2021,1,8,0,23.6,19.5,86,5,20
2021,1,9,0,23.2,18.5,84,5,20
2021,1,10,-1,21,18.3,85,6,40
2021,1,11,0,22,17.5,83,5,20
2021,1,12,0,25.2,18.4,81,5,40
2021,1,13,0,22.8,19.2,85,4,40
2021,1,14,0,24.5,19.5,91,3,20
2021,1,15,-1,24,19.3,91,2,20
2021,1,16,0,23.5,18.9,89,4,20
2021,1,17,3.9,23,19.5,89,3,10
2021,1,18,4.2,23,19.9,92,5,40
2021,1,19,14.4,21.4,19.9,96,6,40
2021,1,20,162.6,23.2,20.2,97,3,40
2021,1,21,-1,25.5,21.2,92,2,40
2021,1,22,0.5,26,20.8,92,2,150
2021,1,23,0,27,20.9,86,2,350
2021,1,24,0,25.8,20.9,92,4,80
2021,1,25,0,25.5,19.6,92,4,40
2021,1,26,13.4,24.5,20.5,94,4,40
2021,1,27,2.2,22.5,19.8,95,5,40
2021,1,28,0,23.6,18.9,89,6,60
2021,1,29,0,22.6,18.4,73,7,40
2021,1,30,0,21,17.5,80,7,40
2021,1,31,1.4,22,18.5,84,6,40
2021,2,1,0,23.3,18.8,84,4,10
2021,2,2,0,24,19,84,5,10
2021,2,3,-1,23.7,19.5,85,7,20
2021,2,4,0.5,24,19.2,80,5,10
2021,2,5,-1,23,19.4,89,4,40
2021,2,6,0,24.2,19.5,88,3,40
2021,2,7,-1,25.5,21,82,4,40
2021,2,8,1,23.7,20,82,5,40
2021,2,9,29.2,21.5,18.4,92,7,40
2021,2,10,1,22.5,19,97,3,20
2021,2,11,-1,25.8,20.5,92,1,320
2021,2,12,0,27.7,20.5,86,2,150
2021,2,13,0,23.8,19.2,91,2,40
2021,2,14,-1,24.5,19.5,92,2,150
2021,2,15,-1,23,18.6,93,4,40
2021,2,16,0,22.7,18.6,84,5,20
2021,2,17,2,25.2,18.8,76,5,20
2021,2,18,0,23.5,17.8,78,6,40
2021,2,19,0,20.8,17.4,79,5,40
2021,2,20,0,21.5,16.5,75,6,40
2021,2,21,-1,22.5,18.3,86,5,20
2021,2,22,24.8,22.3,19.9,93,4,40
2021,2,23,0.8,24.5,21.4,94,3,40
2021,2,24,0,26.5,20.4,85,4,40
2021,2,25,0,25.7,19.9,80,4,20
2021,2,26,0,27.8,20,81,3,40
2021,2,27,0,28.5,20.5,80,2,20
2021,2,28,0.2,25,20.8,89,4,40
2021,3,1,0,27.3,20.4,85,4,90
2021,3,2,0,27.4,20.6,85,5,90
2021,3,3,-1,24.3,20.4,87,7,70
2021,3,4,-1,23,20.3,89,4,40
2021,3,5,0,26,20.2,83,4,40
2021,3,6,0,27,19.3,81,2,40
2021,3,7,0,26.3,19.5,79,3,10
2021,3,8,0,25.5,20,80,5,40
2021,3,9,0,24.5,19.9,85,5,40
2021,3,10,0,25,20.5,74,6,40
2021,3,11,3,26,19.5,74,5,40
2021,3,12,5.9,24,19.3,89,4,40
2021,3,13,2.4,24,19.5,87,4,40
2021,3,14,3.7,23,20,93,3,360
2021,3,15,2,23.5,21,98,2,40
2021,3,16,0.2,27.5,21.2,89,3,140
2021,3,17,0.2,27.5,21.3,87,3,90
2021,3,18,0,28.4,21.5,82,3,90
2021,3,19,0,27.5,21.6,84,3,40
2021,3,20,0,29.5,21.3,81,3,40
2021,3,21,0,26.8,21.9,86,5,40
2021,3,22,4.5,27,20.4,84,5,40
2021,3,23,0,25,20.5,83,5,40
2021,3,24,0,24,20.5,86,4,40
2021,3,25,0,27.5,20.6,78,4,40
2021,3,26,0,25.9,20.8,84,5,40
2021,3,27,0,28.8,20.8,82,4,20
2021,3,28,0,28.5,20.9,80,4,90
2021,3,29,0,28,20.6,78,5,70
2021,3,30,0,29,21,80,4,40
2021,3,31,0,27.5,21,84,5,70
2021,4,1,0,27.8,19.7,82,3,40
2021,4,2,0,28,20.3,74,3,40
2021,4,3,0,28.3,19.5,71,3,40
2021,4,4,1.5,28.5,20.3,79,2,90
2021,4,5,0,27,20.5,82,4,40
2021,4,6,0,27.2,20,84,5,40
2021,4,7,0,24,20,92,5,40
2021,4,8,0,25.6,20.2,79,3,40
2021,4,9,0,27,20.8,79,3,10
2021,4,10,0,27,20.4,78,4,40
2021,4,11,0.5,27.5,19.7,81,3,90
2021,4,12,0.9,26.8,20.5,81,3,20
2021,4,13,7.3,27.5,21.1,86,3,20
2021,4,14,0,28.6,21,84,3,70
2021,4,15,-1,26,20.6,88,3,10
2021,4,16,0,28,20.6,77,3,40
2021,4,17,0,28.4,20.4,78,2,350
2021,4,18,0,27.9,20.9,76,3,340
2021,4,19,0,29.5,22,82,2,300
2021,4,20,0,27.8,22,86,3,320
2021,4,21,32,27,22,93,2,320
2021,4,22,8.2,28.5,21.5,89,3,320
2021,4,23,0,28.5,21,84,3,270
2021,4,24,0,28.5,21,75,2,320
2021,4,25,1.8,28.2,20.1,83,3,270
2021,4,26,2.8,23.4,20,94,4,40
2021,4,27,-1,25.1,19.6,87,5,40
2021,4,28,0,26,20.1,87,3,40
2021,4,29,0,29,21,82,1,10
2021,4,30,0,29.6,21.2,81,1,90
2021,5,1,0,30,20.6,78,2,90
2021,5,2,0,28.5,21.5,77,3,40
2021,5,3,1.4,27.1,22,83,4,90
2021,5,4,1.4,25.5,22.5,90,5,40
2021,5,5,0.8,29,22,79,5,40
2021,5,6,0.5,28,21.9,77,4,40
2021,5,7,0.3,27,21.8,81,3,40
2021,5,8,0,28,21.6,86,3,40
2021,5,9,0,29.5,21.5,79,2,90
2021,5,10,3.2,28,22.2,86,3,90
2021,5,11,0.2,27.9,21.9,87,5,80
2021,5,12,0.4,27.8,22.2,84,5,80
2021,5,13,0,27.8,21.6,79,6,70
2021,5,14,2,28.3,21.6,85,5,70
2021,5,15,1,28.5,21.7,85,4,40
2021,5,16,2,28,22.5,87,6,70
2021,5,17,4,29,23,83,5,40
2021,5,18,2.2,26.5,22.5,90,4,40
2021,5,19,0,27.4,22.6,83,4,20
2021,5,20,0,28.5,22.7,81,5,70
2021,5,21,0,30.2,22,81,3,40
2021,5,22,-1,30.4,22,82,3,320
2021,5,23,0,30,22.5,82,4,110
2021,5,24,0,30,22,79,3,90
2021,5,25,0,31,22,75,4,70
2021,5,26,-1,32,22.1,78,3,90
2021,5,27,0.3,30.5,22.5,77,2,90
2021,5,28,0,31.5,22.5,77,2,90
2021,5,29,0,32,22.5,71,3,90
2021,5,30,0.4,32.5,24,75,1,200
2021,5,31,0,31.3,23.5,80,2,90
2021,6,1,7,32.2,23.5,73,3,20
2021,6,2,49.4,24,22,96,4,120
2021,6,3,7.9,27,22,90,3,270
2021,6,4,0,28.4,22.8,87,2,330
2021,6,5,0,28.5,22,85,3,310
2021,6,6,0,27.5,22.5,87,2,320
2021,6,7,4.4,30,22,85,2,270
2021,6,8,11.6,26.5,21.7,93,2,140
2021,6,9,140,26.8,21,93,2,160
2021,6,10,0,27.5,22,89,2,160
2021,6,11,3,26.5,21.7,93,2,350
2021,6,12,-1,26,21.6,92,2,70
2021,6,13,0.6,27.3,21.8,90,3,160
2021,6,14,0,27.5,22,91,3,320
2021,6,15,0,28,22.4,92,3,320
2021,6,16,0,30,22.2,83,2,290
2021,6,17,0,30.5,22.8,87,2,310
2021,6,18,0,28.6,22.6,86,2,310
2021,6,19,0,28.5,22.2,86,2,310
2021,6,20,8,26.5,21,94,3,310
2021,6,21,2,25,21.1,97,3,290
2021,6,22,4.8,26.8,20.3,91,4,320
2021,6,23,2.6,28,21.4,88,3,310
2021,6,24,2.6,28,22,89,2,300
2021,6,25,4,24.5,21.8,96,1,330
2021,6,26,3,28.5,21.7,85,1,300
2021,6,27,0,28.5,22.7,87,1,90
2021,6,28,12,29,21.8,91,2,320
2021,6,29,0,29.5,22.4,86,2,320
2021,6,30,0,30,23,87,2,320
2021,7,1,7.8,28.3,21.8,90,1,300
2021,7,2,23.7,24.5,21.5,90,1,300
2021,7,3,81.3,24.8,21.3,92,2,10
2021,7,4,16,27,21.5,94,2,90
2021,7,5,4.2,28.5,21.5,93,2,140
2021,7,6,1.8,27.5,21.6,89,2,20
2021,7,7,0.2,28.3,21.9,83,4,40
2021,7,8,0.4,25.7,22.5,94,3,50
2021,7,9,5.8,26.5,21.8,90,4,70
2021,7,10,3,25.8,21.4,89,4,40
2021,7,11,0.6,26.3,22.3,96,4,80
2021,7,12,0,26.3,22.8,91,5,40
2021,7,13,8.2,27.6,21,91,2,20
2021,7,14,0,29,22,86,1,90
2021,7,15,0,29.3,21.5,90,2,340
2021,7,16,0,29.1,21.8,87,2,340
2021,7,17,23.6,28.3,21.6,91,2,300
2021,7,18,5.6,26.2,21.5,94,4,330
2021,7,19,37.4,24.8,21.5,98,5,240
2021,7,20,28.2,24.2,21,99,4,270
2021,7,21,39,22.8,20.3,99,5,270
2021,7,22,73,23,21,98,3,300
2021,7,23,159.2,23,20.8,98,3,270
2021,7,24,24.2,23,20.3,97,3,300
2021,7,25,3.2,24,21.3,98,4,270
2021,7,26,9,24.5,22.2,97,4,260
2021,7,27,97.8,24.5,21.8,98,6,260
2021,7,28,30.2,24,21.4,98,6,260
2021,7,29,1.6,23.5,21.1,97,3,300
2021,7,30,1,26.5,21.3,90,3,270
2021,7,31,0,24.8,21.7,94,3,310
2021,8,1,18.5,24.8,22.8,96,4,300
2021,8,2,7.1,25.2,22,95,5,270
2021,8,3,2,24.5,22.6,97,7,250
2021,8,4,-1,25,22.7,94,5,260
2021,8,5,9.6,26.8,22.5,93,8,290
2021,8,6,13.8,25.8,22,94,5,290
2021,8,7,2.6,26.3,21.8,92,4,310
2021,8,8,1.2,27.3,22,90,4,310
2021,8,9,0,26.9,22,90,2,310
2021,8,10,8.2,25.6,21,94,2,320
2021,8,11,0,25,21,94,1,310
2021,8,12,0,27.5,22,87,2,60
2021,8,13,0.5,27,22,86,2,320
2021,8,14,10.4,27.8,21.8,91,1,320
2021,8,15,3.7,25.8,21,94,2,320
2021,8,16,0,28.5,21.6,87,3,150
2021,8,17,0,27.4,21.7,83,3,110
2021,8,18,25.6,27.9,21.5,90,2,320
2021,8,19,33.2,28.5,22,89,3,170
2021,8,20,0.2,26.8,21.6,93,2,310
2021,8,21,0.6,26.3,21.5,91,2,320
2021,8,22,-1,28,21.8,90,1,150
2021,8,23,2.6,28,22,90,1,150
2021,8,24,7.8,26,21.4,95,1,360
2021,8,25,1,26.2,21.5,92,2,20
2021,8,26,5.1,23.2,21.2,91,3,40
2021,8,27,4.4,25.5,21.3,91,3,20
2021,8,28,4.3,27,21.5,92,3,20
2021,8,29,-1,26.5,21.5,93,2,90
2021,8,30,0.6,27.5,21.8,89,2,70
2021,8,31,-1,24.9,22.3,93,3,140
2021,9,1,1.2,24.9,21,96,2,40
2021,9,2,14.2,26,21,94,1,300
2021,9,3,87,26,21.5,93,2,310
2021,9,4,-1,28.2,21.6,89,2,320
2021,9,5,23,28,21.8,89,1,330
2021,9,6,11.8,28,21,91,2,20
2021,9,7,67,24.5,21,97,2,20
2021,9,8,65.8,23.5,21,98,4,40
2021,9,9,0,28,21.7,89,2,340
2021,9,10,4.4,25.3,21.2,95,3,220
2021,9,11,3.8,23.5,21.3,98,3,220
2021,9,12,9.2,23.6,21.7,95,3,310
2021,9,13,19.6,27.5,22.2,88,2,40
2021,9,14,0,29.2,22,84,3,140
2021,9,15,0,28.6,22.1,84,3,20
2021,9,16,28.6,28,20.6,90,3,40
2021,9,17,1.4,26.8,21,89,4,40
2021,9,18,3,28.1,21.2,87,3,40
2021,9,19,7.6,23.5,20.9,92,4,20
2021,9,20,3,25.8,21.8,96,3,40
2021,9,21,23.4,25.8,22,94,4,40
2021,9,22,0,25.5,21.8,93,3,40
2021,9,23,0,27.5,21.3,89,4,120
2021,9,24,0,26.5,21,85,3,20
2021,9,25,4,26.4,21.3,89,3,20
2021,9,26,10,28,22,87,1,330
2021,9,27,4.2,25.5,22,95,1,20
2021,9,28,9.4,28,22.5,89,1,320
2021,9,29,6.2,28,22,93,2,320
2021,9,30,16,26.4,22.6,98,1,300
2021,10,1,0,27.5,21.8,90,1,330
2021,10,2,7.2,28.2,21.3,87,2,40
2021,10,3,21.5,24.5,20.4,93,2,40
2021,10,4,4.4,24.5,20.8,92,4,40
2021,10,5,11.8,23.5,21,98,3,40
2021,10,6,0.8,25.3,21.7,92,2,40
2021,10,7,0,26,22,89,1,350
2021,10,8,15.6,27,21.5,83,2,320
2021,10,9,0,27.8,21.5,90,2,300
2021,10,10,0,26.5,22.6,91,4,300
2021,10,11,8.8,25.3,20.9,97,6,300
2021,10,12,3.6,24.5,21.4,97,5,220
2021,10,13,1,26,21.4,92,3,220
2021,10,14,23.3,25.5,21.5,97,2,320
2021,10,15,9.4,26.5,21.3,93,2,40
2021,10,16,-1,27.2,21.4,89,2,40
2021,10,17,8.6,26,21.3,89,4,40
2021,10,18,9.6,23.2,21,93,4,40
2021,10,19,0,27,21.8,84,3,20
2021,10,20,3.5,26.5,21.5,92,3,20
2021,10,21,0,25.8,21.2,90,3,40
2021,10,22,0,26.5,20.8,83,3,40
2021,10,23,21.8,25.9,20.5,92,4,20
2021,10,24,13.6,22.8,20.5,92,5,40
2021,10,25,24.4,22.9,20.4,95,4,40
2021,10,26,0.5,26.4,21.5,85,5,70
2021,10,27,0.4,25.9,21.4,82,5,40
2021,10,28,4.2,22.6,21,91,4,40
2021,10,29,0,25.8,20.8,84,4,40
2021,10,30,0,25.5,20.9,86,3,40
2021,10,31,14,25.9,21,83,4,40
2021,11,1,6.4,25,21,91,4,40
2021,11,2,0,25.5,20.4,85,5,40
2021,11,3,0,26,21.5,87,5,40
2021,11,4,1.2,26.6,21.5,86,3,10
2021,11,5,3.2,25.5,21,95,3,20
2021,11,6,0,28,21.2,89,2,90
2021,11,7,5.8,26.5,22,94,3,40
2021,11,8,1.4,25.1,21.2,94,5,40
2021,11,9,0,25.5,21.3,84,6,40
2021,11,10,0,26,21.2,85,4,70
2021,11,11,0,26.6,21.7,82,5,40
2021,11,12,2.2,25.5,21.2,92,4,40
2021,11,13,3.2,26.3,21,89,3,40
2021,11,14,9.3,25.3,21.3,89,5,20
2021,11,15,4.6,25.8,21.5,91,5,40
2021,11,16,3.2,26,21.5,91,5,40
2021,11,17,1,26.5,20.2,90,5,40
2021,11,18,0.8,25,21,92,3,350
2021,11,19,0,26,20.8,89,3,30
2021,11,20,11.1,24.9,20.7,91,2,350
2021,11,21,0,27.3,21.5,91,3,90
2021,11,22,-1,27.5,21.8,85,4,70
2021,11,23,2.3,23.4,21,89,6,70
2021,11,24,1.8,25,21.4,88,7,80
2021,11,25,35.1,24.2,20.7,96,3,10
2021,11,26,-1,24.8,20.5,92,3,40
2021,11,27,10.6,25,20.5,90,4,40
2021,11,28,10,22.8,21.1,98,2,40
2021,11,29,0,27,21,91,2,20
2021,11,30,0,28,22,86,1,20
2021,12,1,0,24.5,19.5,90,5,20
2021,12,2,0,23.5,18.8,86,3,20
2021,12,3,0,23.2,18.7,84,4,10
2021,12,4,0,22,17.8,87,5,40
2021,12,5,-1,22.9,18.8,82,4,10
2021,12,6,1,22,19,91,2,40
2021,12,7,1.2,21.9,19.2,84,6,40
2021,12,8,0,23,19.5,80,6,20
2021,12,9,0,23.6,19,84,6,20
2021,12,10,0,23.8,19.2,82,6,20
2021,12,11,2,23,19.2,93,4,40
2021,12,12,0,23.6,20.1,91,6,20
2021,12,13,0,22.5,19,93,7,20
2021,12,14,0,23.5,19.8,84,6,20
2021,12,15,-1,23,20.3,87,5,20
2021,12,16,13.8,23.2,20.4,96,5,40
2021,12,17,29.2,24.2,20.5,97,6,60
2021,12,18,84.8,25.5,20.5,93,3,40
2021,12,19,11,23.6,20.5,97,4,40
2021,12,20,0,24.7,21,97,4,40
2021,12,21,0,26.5,21.4,93,3,40
2021,12,22,1.4,25.6,21,95,1,10
2021,12,23,0,26.8,20.8,88,3,40
2021,12,24,0,25,20.2,87,4,40
2021,12,25,5.3,24.6,20.2,88,4,40
2021,12,26,14.5,23,19.2,93,4,40
2021,12,27,2.8,20.6,19,93,7,40
2021,12,28,-1,21.8,19.2,84,7,40
2021,12,29,0.5,22.4,19,83,5,40
2021,12,30,0,23.2,19,78,6,40
2021,12,31,0,22.5,18.5,76,7,40
2022,1,1,0,22.5,18.3,79,7,40
2022,1,2,-1,20.8,18.8,85,5,30
2022,1,3,0,22,19,76,5,40
2022,1,4,0,23.7,18.8,82,6,70
2022,1,5,0,24.5,19.1,84,5,40
2022,1,6,0,24,19,86,2,30
2022,1,7,0,24.6,19,82,2,20
2022,1,8,0,24.8,19.2,89,2,40
2022,1,9,0,26,19,84,1,40
2022,1,10,0,26.5,19.4,87,2,150
2022,1,11,0,26.2,18.9,86,3,20
2022,1,12,4.2,23.5,18.6,88,3,20
2022,1,13,0.2,22,18.3,95,5,50
2022,1,14,1,22,18.1,94,5,40
2022,1,15,0,22.1,18,83,4,40
2022,1,16,0,22.9,18,84,7,40
2022,1,17,0,23.3,17.8,81,5,40
2022,1,18,0,22.5,15.9,77,5,70
2022,1,19,1.2,23.7,19.4,89,4,40
2022,1,20,0.4,22.5,19.1,90,6,40
2022,1,21,8.6,22.5,19,94,4,30
2022,1,22,1.8,26,19.5,88,2,40
2022,1,23,0,24,19.8,93,3,40
2022,1,24,0,24,19.7,91,3,360
2022,1,25,2.8,24.2,20.2,81,4,40
2022,1,26,18,23.5,21,97,5,40
2022,1,27,-1,24.8,20.6,95,3,40
2022,1,28,0,26,20.5,85,3,40
2022,1,29,0,28,20.3,83,3,300
2022,1,30,0,25.2,20,91,3,300
2022,1,31,0,24,19.5,89,6,40
2022,2,1,0,23,18.8,84,7,40
2022,2,2,0,22.3,19.8,86,6,40
2022,2,3,-1,23,19.2,89,2,350
2022,2,4,0,24.5,18.6,80,2,10
2022,2,5,0,23,18.5,79,5,40
2022,2,6,3.2,23.7,19.2,89,7,40
2022,2,7,3.2,23.2,20,96,5,40
2022,2,8,0,24.6,20.2,89,5,40
2022,2,9,0,25.5,19.6,86,5,20
2022,2,10,0,24.7,19.3,88,5,40
2022,2,11,-1,24,19.4,90,6,20
2022,2,12,0,25,19.3,86,3,20
2022,2,13,5.6,25.3,20.2,92,5,80
2022,2,14,0.5,25.5,19.9,93,2,40
2022,2,15,0,25.2,19.8,91,4,40
2022,2,16,0.8,24,19.8,91,5,40
2022,2,17,1.4,22.8,19.7,98,5,80
2022,2,18,0,25.5,19.8,89,4,20
2022,2,19,0,26.5,20,84,3,40
2022,2,20,2.3,25.5,20,83,3,40
2022,2,21,2.3,24.2,20.3,92,4,40
2022,2,22,31.2,22,20.2,96,5,40
2022,2,23,0,24,20,90,4,20
2022,2,24,0,25.8,19.8,83,4,40
2022,2,25,6.4,25,19.6,86,4,40
2022,2,26,1.9,23.5,19.4,90,4,40
2022,2,27,0.6,24,20,87,4,40
2022,2,28,0,25,19.8,81,5,40
2022,3,1,0,25.6,19.1,77,5,40
2022,3,2,0,24.4,20.7,83,5,70
2022,3,3,0,25.3,19,86,5,80
2022,3,4,0,25.6,19.5,85,4,40
2022,3,5,0,27,19.3,80,2,40
2022,3,6,0,26.9,19.3,80,6,40
2022,3,7,0,27.8,19.8,80,3,20
2022,3,8,0,26.5,20,83,5,40
2022,3,9,0,24.5,20,86,5,40
2022,3,10,3.5,25,20.5,85,3,10
2022,3,11,0,26.5,20.6,89,1,350
2022,3,12,47,28,19,89,2,350
2022,3,13,4.3,24.2,20.9,97,2,10
2022,3,14,-1,28,21.2,89,3,90
2022,3,15,0,27.8,21,86,4,70
2022,3,16,0,28.6,21.9,85,4,60
2022,3,17,0,28.5,21.6,84,4,40
2022,3,18,1.2,30.2,21.7,87,3,360
2022,3,19,0,28.8,21.7,84,2,40
2022,3,20,0,28.5,20.3,77,4,80
2022,3,21,0,27,21.5,85,4,20
2022,3,22,0,28.6,21.5,83,3,20
2022,3,23,0,29.5,21.5,82,4,120
2022,3,24,0,28,20.4,100,4,40
2022,3,25,-1,28,20.5,80,4,40
2022,3,26,0,27.8,20.7,83,3,40
2022,3,27,0,27.5,21.1,77,3,40
2022,3,28,0.4,28,21.9,82,5,70
2022,3,29,3.4,24.6,21.1,89,6,80
2022,3,30,1,26.8,21.2,84,6,40
2022,3,31,1.2,27.7,21.3,83,6,70
2022,4,1,12.2,27.3,20.8,85,4,40
2022,4,2,0,26.4,20.1,77,3,40
2022,4,3,0,26.5,20.4,77,5,40
2022,4,4,43.8,26,20.5,81,4,40
2022,4,5,69.6,23,20,97,5,40
2022,4,6,3.4,25,20.3,92,5,20
2022,4,7,0,25.5,20.5,89,3,20
2022,4,8,12.8,23,20.5,91,2,40
2022,4,9,-1,26.5,20.3,83,2,10
2022,4,10,7.4,25,21,90,2,10
2022,4,11,0,26.8,21,84,3,20
2022,4,12,5.1,26,21.2,90,2,340
2022,4,13,-1,26.5,21.4,89,2,250
2022,4,14,0,28.2,21.6,79,3,320
2022,4,15,2.2,28.6,21,87,3,60
2022,4,16,2,28.3,20.7,85,3,20
2022,4,17,2.4,22.7,20.6,89,5,40
2022,4,18,0,26.3,20.3,84,5,20
2022,4,19,0,25.4,21,83,5,20
2022,4,20,0,25,21.4,87,4,20
2022,4,21,0,28.7,21.8,83,3,90
2022,4,22,0.4,27.3,21,86,4,40
2022,4,23,0,28.4,20.8,74,3,20
2022,4,24,9.8,28.2,21.2,83,3,90
2022,4,25,1.8,27,21.5,89,4,80
2022,4,26,-1,27.5,22,88,4,90
2022,4,27,41.4,26.6,22,89,4,60
2022,4,28,-1,27.5,22.2,86,5,80
2022,4,29,0,27.5,21.8,86,4,20
2022,4,30,0,28,21.6,83,2,40
2022,5,1,0,27.5,21.5,78,5,80
2022,5,2,0,27.3,21.4,78,3,40
2022,5,3,0,27.4,21.4,79,4,40
2022,5,4,0,28,21.5,80,3,40
2022,5,5,1.4,28,21.5,80,2,40
2022,5,6,0,28.5,21.7,78,3,40
2022,5,7,-1,28.1,21.6,85,3,40
2022,5,8,0.5,27.8,22.4,85,3,10
2022,5,9,-1,27.5,21.5,80,4,80
2022,5,10,0,28.4,21.7,77,4,80
2022,5,11,0,29,22,75,4,70
2022,5,12,0,29.4,22,79,4,30
2022,5,13,58,29.5,21.8,89,3,160
2022,5,14,0,29,21.9,85,2,160
2022,5,15,10.4,28,21.9,86,2,340
2022,5,16,7.8,26.5,22,90,2,170
2022,5,17,59.6,29,21.8,90,3,340
2022,5,18,8.2,27.5,21.5,90,3,120
2022,5,19,8.4,26.5,21.9,92,2,120
2022,5,20,11,28.2,21.5,89,2,320
2022,5,21,0,27.5,20.5,86,2,310
2022,5,22,77.4,27.5,21.5,91,2,150
2022,5,23,10.5,26.5,22.1,88,2,150
2022,5,24,0,28.4,22.4,85,2,140
2022,5,25,2,28.1,22.3,87,3,150
2022,5,26,5.2,29.4,22.8,86,3,320
2022,5,27,0,29.6,22.5,81,2,40
2022,5,28,2,25.5,21.5,91,2,310
2022,5,29,1.2,29,22.5,85,2,220
2022,5,30,0.4,28.4,21.4,86,2,90
2022,5,31,9.6,26.4,21.9,89,4,70
2022,6,1,3.6,25,21.5,95,2,90
2022,6,2,20,30,22.5,82,2,300
2022,6,3,0,29.8,22.7,77,1,270
2022,6,4,0,30.5,22.6,81,2,300
2022,6,5,-1,30,22.5,83,3,40
2022,6,6,6.8,30.5,22.6,86,3,270
2022,6,7,0,30.3,22.6,86,2,270
2022,6,8,0,29.8,22.4,85,3,90
2022,6,9,0,27.5,23,80,2,90
2022,6,10,0,29,22.8,79,2,10
2022,6,11,-1,29.5,22.6,80,2,90
2022,6,12,0,28.8,22.4,85,1,90
2022,6,13,1.8,29,21.6,88,2,90
2022,6,14,0,29.4,22.8,82,2,310
2022,6,15,0,29,22.5,84,2,50
2022,6,16,0,29,22.5,84,4,40
2022,6,17,0,29.5,22.5,81,3,40
2022,6,18,15.8,28,22,84,2,90
2022,6,19,0,29.5,22.5,82,3,130
2022,6,20,2,29,21.8,81,2,70
2022,6,21,0.2,25.5,21.9,89,2,320
2022,6,22,37.4,28.3,19.3,83,2,40
2022,6,23,0,26.3,21.5,84,3,40
2022,6,24,-1,27,21.3,86,2,40
2022,6,25,0,26.2,21.5,87,2,350
2022,6,26,9.9,26.5,21.2,92,1,330
2022,6,27,7,26,21.5,96,2,110
2022,6,28,17,25.5,21.5,97,3,140
2022,6,29,0,26.6,22,92,2,170
2022,6,30,19.4,27.8,21.3,90,4,200
2022,7,1,11.8,27.6,21.1,90,2,350
2022,7,2,0,27.5,21.3,86,2,350
2022,7,3,0,28.6,21.2,85,2,160
2022,7,4,17.2,28.5,21.5,88,3,170
2022,7,5,2.2,26.8,21.4,88,2,140
2022,7,6,46.2,27.7,21.9,90,2,210
2022,7,7,6.5,27.5,22,91,2,150
2022,7,8,13.6,26.4,21.8,93,2,40
2022,7,9,18.5,27.4,22.3,93,2,90
2022,7,10,8.8,27,22.5,90,2,40
2022,7,11,15.8,27,22.4,93,2,80
2022,7,12,13,26,21.8,95,2,320
2022,7,13,0,25.8,22,93,2,320
2022,7,14,6.2,29.5,22.2,87,2,340
2022,7,15,0,29.5,22.5,85,1,310
2022,7,16,16.4,27.8,21.3,89,1,300
2022,7,17,31.4,28,21.4,93,3,300
2022,7,18,11.7,26.7,21.3,91,3,90
2022,7,19,1,27.2,22,86,3,90
2022,7,20,47.6,26.8,20.7,90,4,70
2022,7,21,6.2,25.6,21.2,86,2,40
2022,7,22,0,28,22.2,83,2,50
2022,7,23,0,28.7,21.6,84,1,40
2022,7,24,0,30,23,80,1,20
2022,7,25,0,29,22.6,82,1,340
2022,7,26,17.4,29.2,22,89,1,350
2022,7,27,0,29,22.6,91,2,340
2022,7,28,64.4,27.6,22.4,93,3,340
2022,7,29,30.6,25.7,22,93,2,310
2022,7,30,46.6,24.5,21.3,95,2,320
2022,7,31,2,25.7,21.4,96,2,320
2022,8,1,35.3,28.5,20.8,89,2,340
2022,8,2,0,27.5,22,87,1,40
2022,8,3,-1,27.7,21.8,84,3,40
2022,8,4,39.6,27.5,21,90,2,330
2022,8,5,62,23.5,20.8,97,2,200
2022,8,6,0,26.5,21,92,1,220
2022,8,7,16.4,25.3,21.1,96,1,150
2022,8,8,-1,25.5,21.4,92,1,90
2022,8,9,0,27,21.5,89,2,340
2022,8,10,0.4,27.9,21.5,82,2,320
2022,8,11,14.4,27.6,21,87,3,320
2022,8,12,38.6,28.6,21.5,89,2,310
2022,8,13,23.6,28,20.8,88,2,320
2022,8,14,0,26,21.6,93,2,170
2022,8,15,42,25.5,21,96,3,270
2022,8,16,0.2,25.4,21.6,90,3,290
2022,8,17,3.4,24.2,21,92,3,290
2022,8,18,0,29,21.2,85,1,310
2022,8,19,0,28.5,21.1,84,2,10
2022,8,20,0,27,21,90,2,320
2022,8,21,0.4,27.5,21.8,84,4,300
2022,8,22,102.6,23.9,20.4,97,4,320
2022,8,23,102.4,22,20,100,5,240
2022,8,24,1.4,24.6,21.5,97,3,40
2022,8,25,0,28,21.6,83,3,90
2022,8,26,-1,29,21,81,2,20
2022,8,27,0,24.8,21,86,2,40
2022,8,28,0,27.8,22.4,91,3,350
2022,8,29,1.2,28,22,90,2,340
2022,8,30,-1,26.2,22.1,89,2,240
2022,8,31,10.9,26.6,22,93,3,280
2022,9,1,16.3,27,21.9,90,4,300
2022,9,2,26.1,24,21,97,4,300
2022,9,3,45.8,23,20.2,97,3,300
2022,9,4,23.5,24,21.2,97,3,300
2022,9,5,0,26.8,21.8,93,2,330
2022,9,6,0,28.4,21.8,90,2,40
2022,9,7,0,28.6,22,84,3,20
2022,9,8,0,29.5,22.8,88,2,170
2022,9,9,5.6,28,21.7,92,3,330
2022,9,10,9.4,25.8,21,97,3,310
2022,9,11,2.6,26.5,21.4,92,2,300
2022,9,12,2.4,25.8,22,93,4,320
2022,9,13,0,27.3,21.9,87,3,270
2022,9,14,-1,25.5,21.3,94,4,270
2022,9,15,0.1,26,21.4,93,3,290
2022,9,16,4.4,25.5,21,93,2,350
2022,9,17,0,25.5,20.9,91,2,320
2022,9,18,13,26,21,93,2,350
2022,9,19,60.7,25.4,21,97,3,340
2022,9,20,18.2,23,20.5,97,3,340
2022,9,21,0.4,26,20.5,94,3,320
2022,9,22,23,25,20.6,97,3,320
2022,9,23,68.3,25,20.7,96,2,320
2022,9,24,5.2,27.3,20.6,90,1,300
2022,9,25,179.3,22.6,20,99,6,320
2022,9,26,3.8,25.8,20,95,3,160
2022,9,27,25,25.1,21.2,97,2,90
2022,9,28,30.4,28,21.4,90,2,320
2022,9,29,-1,26.5,21.2,93,2,360
2022,9,30,0.9,26,21.5,92,3,40
2022,10,1,4.7,27.8,21.4,86,3,40
2022,10,2,7.7,25.3,21.5,92,3,40
2022,10,3,-1,24.5,21.2,94,3,40
2022,10,4,0,27,21.8,100,4,20
2022,10,5,0.2,26.2,21.8,89,4,40
2022,10,6,11.8,27,21.5,89,6,40
2022,10,7,6.4,26,21.2,93,4,40
2022,10,8,0,26.4,21,88,4,20
2022,10,9,0,27.2,21,84,3,10
2022,10,10,5,28,21.7,86,3,300
2022,10,11,26.9,28.7,22,90,3,340
2022,10,12,4.8,27.3,21.8,91,2,300
2022,10,13,0.5,27.1,22.5,89,2,330
2022,10,14,26.9,27.5,22,94,2,300
2022,10,15,0,27.5,20.3,88,3,320
2022,10,16,11,24.8,22,96,3,270
2022,10,17,0,25.9,21.5,96,2,320
2022,10,18,0,29.5,22.1,87,2,340
2022,10,19,12.8,27.5,21,89,4,20
2022,10,20,23,26.4,21.3,89,3,170
2022,10,21,1,27,21.5,90,2,30
2022,10,22,0,27.5,21.4,88,2,10
2022,10,23,9.9,25.8,21.8,94,3,350
2022,10,24,0.1,25.8,21.7,88,4,40
2022,10,25,138.8,23.5,20.5,97,4,20
2022,10,26,-1,24.8,20.3,88,4,40
2022,10,27,-1,27,22,80,4,20
2022,10,28,134.2,23.4,21,95,5,20
2022,10,29,217.6,23,21,98,8,20
2022,10,30,8,24.8,21,97,4,160
2022,10,31,0,26.3,21,93,2,200
2022,11,1,2.2,24.7,21,92,2,330
2022,11,2,0,27,21,91,1,330
2022,11,3,0,26.6,21.4,87,3,40
2022,11,4,0,27.2,21.2,87,3,20
2022,11,5,0,26,20.8,87,3,10
2022,11,6,4,25.3,20.5,91,4,40
2022,11,7,1,26.5,21.6,90,3,40
2022,11,8,0,23.3,20.5,87,5,40
2022,11,9,0,27.3,21.9,86,5,50
2022,11,10,16.6,26.3,21.4,90,3,30
2022,11,11,1,25.5,21.2,91,2,20
2022,11,12,26.7,25.5,21.1,91,3,40
2022,11,13,0.5,26,21.8,89,2,40
2022,11,14,4.4,26.8,22,86,5,40
2022,11,15,6.4,25.4,21.5,93,5,40
2022,11,16,24.2,26.5,20.8,90,4,20
2022,11,17,9.6,26,20.4,90,5,90
2022,11,18,12.2,23.5,20.5,92,5,40
2022,11,19,24.4,23.9,20.4,94,3,40
2022,11,20,20.6,24.3,21.3,93,5,60
2022,11,21,5.2,25,21,92,5,80
2022,11,22,10,25.7,21.3,91,4,70
2022,11,23,0,25.8,21.8,91,4,70
2022,11,24,2.5,27,21,85,4,20
2022,11,25,-1,25.6,20.7,90,2,20
2022,11,26,0,27.5,20.4,85,3,20
2022,11,27,0,25.8,21,83,3,40
2022,11,28,2.8,26.5,22.2,88,3,20
2022,11,29,0,27,22.5,92,5,40
2022,11,30,29,26.4,21.5,91,5,40
2022,12,1,12.3,25,21.5,88,6,20
2022,12,2,1.4,25.3,20.9,89,7,40
2022,12,3,8.4,25.5,20.8,89,4,40
2022,12,4,2.6,25.8,21.3,91,5,40
2022,12,5,0.4,24.9,21.2,92,5,40
2022,12,6,0.2,25.4,20.4,88,4,40
2022,12,7,0,26.3,20.6,85,4,50
2022,12,8,3,26.5,20.2,86,2,360
2022,12,9,10.7,22.5,19.8,94,1,330
2022,12,10,23,25,20.3,95,1,350
2022,12,11,-1,24,20.4,97,1,150
2022,12,12,0,25.5,20.5,92,2,60
2022,12,13,0,26.4,21.5,92,4,40
2022,12,14,15,25.2,20.8,96,6,40
2022,12,15,6.2,24.8,21.4,92,5,20
2022,12,16,0,25.7,21,89,4,40
2022,12,17,7,25.8,20.8,91,3,20
2022,12,18,12.6,22.8,19.5,91,8,40
2022,12,19,11.6,22,20,94,8,40
2022,12,20,25.4,22,20.1,98,5,70
2022,12,21,0,25.2,19.8,92,3,20
2022,12,22,0,25.5,19.5,86,3,40
2022,12,23,0,22,18.5,87,5,20
2022,12,24,0,21,17.9,82,6,10
2022,12,25,-1,20,17.7,85,7,10
2022,12,26,0,21,17.8,87,7,40
2022,12,27,0,21.2,18.2,88,6,40
2022,12,28,2,22.4,19.4,90,5,20
2022,12,29,10.4,24,19.8,94,4,40
2022,12,30,0,23.7,19.6,91,3,320
2022,12,31,0.4,23.5,19.5,88,3,30
2023,1,1,8.8,25,19.5,94,6,70
2023,1,2,42.6,24.8,20.5,90,5,40
2023,1,3,26.6,22.5,20,91,7,40
2023,1,4,45.2,22,19.8,90,8,40
2023,1,5,34.7,22,19.8,98,5,40
2023,1,6,17.2,22.1,18.8,96,5,40
2023,1,7,0,22,18.8,80,5,40
2023,1,8,1,21,18.9,86,4,40
2023,1,9,0,24.5,19,89,4,20
2023,1,10,0,24.5,19,89,4,20
2023,1,11,0,24,19.4,88,4,20
2023,1,12,0,23.5,19.3,88,4,20
2023,1,13,0,24,19.1,89,3,350
2023,1,14,6.6,23.8,19,88,3,350
2023,1,15,32.6,24,20,94,4,60
2023,1,16,2,21.8,19.5,92,6,20
2023,1,17,2.4,21.9,20,93,6,40
2023,1,18,-1,23.1,20,90,6,40
2023,1,19,-1,23,20.2,93,5,20
2023,1,20,5.4,22,19.4,93,4,20
2023,1,21,6,22.3,19.4,93,4,20
2023,1,22,2,22.5,19.6,92,4,40
2023,1,23,0,25,20,88,3,20
2023,1,24,0,25,18.8,84,6,40
2023,1,25,1,22,18.4,91,7,40
2023,1,26,0,22.9,19,91,4,40
2023,1,27,0,23.5,18.8,92,3,30
2023,1,28,0,22,18.2,88,4,350
2023,1,29,0,21.5,17.9,90,7,20
2023,1,30,-1,23.2,18.6,87,7,40
2023,1,31,-1,22.3,18.4,91,7,20
2023,2,1,3.6,24.9,19.9,89,4,20
2023,2,2,-1,24.5,20.2,93,5,40
2023,2,3,0,24.2,19.5,88,3,40
2023,2,4,-1,23.73,18.3,82,3,20
2023,2,5,1.5,23.8,20,91,3,30
2023,2,6,-1,23.8,19.8,93,3,20
2023,2,7,0.6,24.4,20.4,93,4,40
2023,2,8,3.4,25.4,19.4,88,4,40
2023,2,9,0,24.2,19.3,84,5,20
2023,2,10,0,25.2,19.9,84,5,40
2023,2,11,0,25.3,19.7,86,4,40
2023,2,12,0,25.4,19,84,3,350
2023,2,13,0.2,23.8,18.6,92,3,70
2023,2,14,0,25.2,19.3,82,5,40
2023,2,15,2,24.7,19,74,6,40
2023,2,16,-1,22,18.2,83,6,20
2023,2,17,-1,23.5,18.5,81,6,20
2023,2,18,9,22.6,18.8,90,4,350
2023,2,19,18.4,27.8,19.2,96,2,40
2023,2,20,8.6,24.3,19.5,97,2,90
2023,2,21,0,24.2,18.2,92,3,20
2023,2,22,0,27,19,85,2,20
2023,2,23,0,28,20.8,87,2,180
2023,2,24,0,27.3,20.9,82,3,40
2023,2,25,0,25.2,20.5,88,4,20
2023,2,26,2.8,23.1,19.2,89,6,20
2023,2,27,0,22.4,18.9,85,8,40
2023,2,28,0,22.7,18.9,90,5,40
2023,3,1,0,24.4,19,89,4,70
2023,3,2,-1,23,18.2,82,6,10
2023,3,3,0,23.2,18.2,82,4,20
2023,3,4,0.5,24.8,18,81,4,20
2023,3,5,-1,23,17.3,85,4,40
2023,3,6,0,24.3,18,81,4,40
2023,3,7,0,26.5,18.5,84,5,40
2023,3,8,0,25,18.8,84,5,40
2023,3,9,0,25.5,18.5,84,4,20
2023,3,10,1,24,18,87,5,40
2023,3,11,0,23.7,18.1,78,3,20
2023,3,12,1,25.8,18,79,2,20
2023,3,13,0.8,22,17.7,93,4,40
2023,3,14,0,25.4,19.2,77,4,40
2023,3,15,0,25.8,19.2,82,5,40
2023,3,16,0,26,19.8,80,5,40
2023,3,17,-1,24,19.5,88,4,20
2023,3,18,0,26.5,19.6,85,2,40
2023,3,19,0,26.5,18.9,79,3,40
2023,3,20,0,26.6,19,82,3,40
2023,3,21,0,27,19,80,4,40
2023,3,22,0,27.6,20,84,3,20
2023,3,23,0,28.2,20.5,83,4,40
2023,3,24,0,27.5,21.5,86,3,40
2023,3,25,0,27.8,21,84,4,40
2023,3,26,0,28.3,20.8,81,3,20
2023,3,27,0,27.5,19.8,78,5,40
2023,3,28,0,27.8,20,76,5,70
2023,3,29,0,27.4,19.5,75,4,40
2023,3,30,0,28,21.1,79,3,90
2023,3,31,0,27.5,21,82,4,90
2023,4,1,0,29.3,20.3,76,2,40
2023,4,2,0,28,21,82,3,90
2023,4,3,5.6,28,20.5,82,4,20
2023,4,4,-1,22.6,19.5,92,4,40
2023,4,5,0,26.4,19.5,84,3,40
2023,4,6,0,27.8,19.2,76,2,20
2023,4,7,0,29,20.2,81,2,40
2023,4,8,-1,27,20.8,82,3,40
2023,4,9,0,25.3,20.2,85,4,40
2023,4,10,0,27,20,83,4,70
2023,4,11,0,27.5,20.5,81,4,40
2023,4,12,6,23.2,21,93,2,320
2023,4,13,31.3,23.1,20.5,99,3,170
2023,4,14,6.5,24.8,21.5,95,2,320
2023,4,15,2.9,28.2,21.1,85,1,310
2023,4,16,0.6,28.9,21.6,87,2,310
2023,4,17,0.2,29,21.5,85,3,40
2023,4,18,0,28.8,21.8,82,3,40
2023,4,19,0,29,22.2,86,2,170
2023,4,20,0,30,22.2,81,1,120
2023,4,21,0,30.5,22.5,82,1,30
2023,4,22,0,28.3,22.1,81,2,40
2023,4,23,0,29.8,22,79,2,40
2023,4,24,0,27,21,85,3,40
2023,4,25,-1,26,21,82,4,70
2023,4,26,0,28,20.9,82,4,70
2023,4,27,0,27.8,21.1,76,5,70
2023,4,28,0,28.6,21.2,75,4,10
2023,4,29,0,27.7,21.8,82,2,20
2023,4,30,0,29.5,22.4,79,5,70
2023,5,1,0,29.2,22.4,80,5,20
2023,5,2,0,28.5,21.8,78,4,40
2023,5,3,0.4,28,22,85,5,40
2023,5,4,5.9,26.5,21.5,91,3,40
2023,5,5,-1,28,21.3,87,3,40
2023,5,6,0,29,21.5,83,2,90
2023,5,7,0,30,22.5,83,2,90
2023,5,8,0,30.7,22.5,82,2,150
2023,5,9,1.8,27.9,22.1,86,3,70
2023,5,10,0.4,26.8,21.5,89,3,40
2023,5,11,0,27.2,22,90,4,70
2023,5,12,39,24.7,21,94,4,40
2023,5,13,3,28.3,21.8,88,3,70
2023,5,14,11,30.1,22.5,88,2,300
2023,5,15,33.4,29.5,22.5,91,2,320
2023,5,16,0,30,22.8,94,3,320
2023,5,17,0,28,23.4,91,2,310
2023,5,18,15.5,30,23,91,2,300
2023,5,19,0,30,22.5,85,2,330
2023,5,20,22,27.2,22.8,91,2,90
2023,5,21,2,30.1,21.9,84,1,160
2023,5,22,0,30.2,22,85,2,300
2023,5,23,0,28.5,22.1,86,2,290
2023,5,24,1.7,29.5,22.4,84,2,200
2023,5,25,3,28.5,22,89,2,340
2023,5,26,1.2,28,22,91,3,340
2023,5,27,21,27.8,21.5,88,2,320
2023,5,28,-1,29.3,22.5,87,4,340
2023,5,29,33.8,28.4,21.8,89,4,320
2023,5,30,2.8,23.3,22,85,3,320
2023,5,31,13.2,26.5,22,95,4,320
2023,6,1,-1,26.8,21.8,91,2,300
2023,6,2,23,27.3,21.5,87,1,300
2023,6,3,19.6,28.1,22.1,89,1,70
2023,6,4,0,27.8,22,90,2,40
2023,6,5,24,27.5,21.5,90,2,320
2023,6,6,0,27.6,22.3,88,2,320
2023,6,7,0.2,28.5,22.4,89,2,310
2023,6,8,0.5,27.8,21.9,91,3,310
2023,6,9,65.5,25,21.6,96,3,320
2023,6,10,-1,23.7,21.2,95,3,320
2023,6,11,0.4,24.8,21.5,96,4,310
2023,6,12,0,27.4,22.8,92,3,240
2023,6,13,0,28,23,89,3,290
2023,6,14,59,30,22.1,92,2,220
2023,6,15,11.8,27,22.3,89,2,80
2023,6,16,15,28.3,21.6,83,2,40
2023,6,17,0,29.5,21.9,86,1,40
2023,6,18,0,30,22.3,83,2,290
2023,6,19,5,29.5,23.4,86,2,180
2023,6,20,0,29.2,22.8,82,2,180
2023,6,21,0,29.8,21.7,68,2,350
2023,6,22,0,29,22.2,75,2,10
2023,6,23,0,27,21.6,91,3,20
2023,6,24,9,27.2,21.4,88,4,20
2023,6,25,8.8,29,22.1,93,3,20
2023,6,26,0,27.2,21.4,88,4,20
2023,6,27,14.8,27,21.7,91,2,350
2023,6,28,1,29,21.5,91,2,320
2023,6,29,0,28.5,21.5,89,2,300
2023,6,30,-999,-999,-999,-999,-999,-999
2023,7,1,-1,29.4,22.4,88,2,330
2023,7,2,13,27.5,22.7,93,2,360
2023,7,3,0.4,29,22.1,89,4,40
2023,7,4,0,28,22.1,84,3,100
2023,7,5,5.6,28.9,21.6,80,4,70
2023,7,6,0,29.5,22.9,73,3,160
2023,7,7,0,29.4,22.5,84,4,70
2023,7,8,0,29.4,22,84,3,40
2023,7,9,0,28.5,21.9,83,2,350
2023,7,10,0,28,22.6,85,3,20
2023,7,11,0,30,22.6,84,2,320
2023,7,12,19.2,27.3,21,90,3,320
2023,7,13,105.2,22.5,21,97,3,330
2023,7,14,52.5,24.6,20.8,96,3,210
2023,7,15,61,23.5,20.2,98,3,200
2023,7,16,15.7,25.2,20.6,98,4,200
2023,7,17,0,26.8,21.6,90,2,210
2023,7,18,31.4,29.1,21.7,85,2,290
2023,7,19,9,28,21.5,86,2,70
2023,7,20,0,27.5,21.9,89,3,40
2023,7,21,0,27.6,21.7,88,3,350
2023,7,22,20.1,28,21.3,86,2,300
2023,7,23,53.2,27.5,21.5,92,2,350
2023,7,24,18,25.7,21,94,3,320
2023,7,25,80.6,25,20.5,96,4,260
2023,7,26,57.4,24.4,21,99,6,260
2023,7,27,40.2,23.7,21,98,4,220
2023,7,28,32.9,24,20.7,98,4,300
2023,7,29,81,24.1,20.7,98,4,300
2023,7,30,21.3,23,20.9,98,3,300
2023,7,31,17.7,25,21,98,4,300
2023,8,1,23.6,23.3,21.6,99,4,220
2023,8,2,33.4,23.5,21.3,98,5,270
2023,8,3,3.6,25.1,21,98,4,250
2023,8,4,8.6,25.9,21,96,3,310
2023,8,5,6.2,26.5,21.5,94,4,300
2023,8,6,2.4,25,21.6,94,5,350
2023,8,7,24.9,25.8,21.2,94,4,310
2023,8,8,9,25.6,22.4,95,3,310
2023,8,9,0,28,22.5,92,3,320
2023,8,10,6,28,22.5,91,3,300
2023,8,11,4,27.2,21.8,91,2,300
2023,8,12,0,26.5,21.1,91,3,300
2023,8,13,-1,28,22.6,90,3,300
2023,8,14,5.4,28,21.6,91,3,290
2023,8,15,5.2,28.4,22.5,90,2,270
2023,8,16,0.2,27.5,22.2,92,3,270
2023,8,17,5,28,21.4,92,3,310
2023,8,18,3,28,21.8,90,3,300
2023,8,19,0,30,21.5,86,2,300
2023,8,20,0,28.5,22,85,3,310
2023,8,21,19.2,27.4,21,93,3,320
2023,8,22,22,26.8,21.5,95,3,320
2023,8,23,20,27.4,21.5,92,3,320
2023,8,24,4.7,26.4,21.7,93,3,300
2023,8,25,2.2,26.3,21.5,93,3,300
2023,8,26,32.3,24.1,20.4,98,3,300
2023,8,27,12.3,23.5,21,98,4,300
2023,8,28,49.5,25.5,22.2,97,4,330
2023,8,29,9.6,24.1,21.3,98,4,270
2023,8,30,57.9,24.3,20.5,97,4,250
2023,8,31,18.2,24.2,20.8,98,5,300
2023,9,1,47.8,24.3,20.8,98,3,300
2023,9,2,74.5,24,20.8,98,3,320
2023,9,3,63.8,24,21,99,5,320
2023,9,4,13.4,22.7,21.8,99,4,320
2023,9,5,3.8,25.6,21.8,96,3,320
2023,9,6,0,28.4,22,88,2,320
2023,9,7,0.8,29,22.2,91,2,330
2023,9,8,0,28,22,93,2,320
2023,9,9,0,29.5,21.5,86,2,300
2023,9,10,0,29,22,91,2,330
2023,9,11,16.8,28.5,21.5,91,3,290
2023,9,12,9.6,26.8,20.1,94,3,230
2023,9,13,31.4,26.5,21.3,91,2,300
2023,9,14,0,28.4,21.5,83,2,310
2023,9,15,28.6,26.5,21.6,96,2,350
2023,9,16,0,28,21.4,80,2,320
2023,9,17,0,28.6,21.8,86,3,20
2023,9,18,0,29.5,24.8,85,3,40
2023,9,19,0,28.6,22,85,2,40
2023,9,20,0,29.8,22,85,2,40
2023,9,21,0.2,29,22.1,86,2,330
2023,9,22,5.7,25,21.6,94,1,310
2023,9,23,1,23.5,21,97,1,310
2023,9,24,0,28.7,22.1,89,1,40
2023,9,25,34.4,26.5,21,94,3,330
2023,9,26,14.4,29,21,91,2,320
2023,9,27,6.4,26.5,21.4,94,2,20
2023,9,28,0,29.5,20.9,88,2,20
2023,9,29,0,29.5,21.5,88,2,310
2023,9,30,0,28,22,91,2,320
2023,10,1,0.5,26.5,21.5,94,2,310
2023,10,2,24.2,26,21.5,95,3,310
2023,10,3,16,23.6,22,99,4,320
2023,10,4,3.6,23.6,21.5,98,3,340
2023,10,5,16.8,25,20.2,98,4,330
2023,10,6,0,26,20.5,89,2,300
2023,10,7,0,28.4,20.6,86,2,310
2023,10,8,0,28.8,21.6,96,2,150
2023,10,9,0,28,21.3,88,5,40
2023,10,10,5.4,26.9,21,88,5,40
2023,10,11,10.6,27.5,20.8,87,4,40
2023,10,12,1,26.6,21.7,91,5,20
2023,10,13,0,27.8,21.5,87,3,20
2023,10,14,0,27,21,87,3,40
2023,10,15,15.1,26,21,91,3,20
2023,10,16,1.6,25.8,20.5,89,3,40
2023,10,17,0,28.4,21.8,86,4,20
2023,10,18,13.8,25.4,21.5,90,4,40
2023,10,19,21.1,23.2,21,97,3,40
2023,10,20,16.6,26.8,20.8,94,2,40
2023,10,21,0.9,22.5,20.5,96,2,20
2023,10,22,2.5,25.5,20.4,93,2,10
2023,10,23,7.8,23.5,20.4,95,4,40
2023,10,24,3.4,26,21.3,94,4,20
2023,10,25,0,27,21.4,85,4,40
2023,10,26,0,27.3,20.7,90,3,70
2023,10,27,2.8,27.4,20.8,94,3,20
2023,10,28,0,27,20.3,87,2,20
2023,10,29,0,27.2,20,85,4,10
2023,10,30,0,26.7,21.2,82,5,40
2023,10,31,0.8,25.5,20.5,81,6,70
2023,11,1,4.8,23.8,21,92,4,70
2023,11,2,0,27.6,21,88,3,30
2023,11,3,0,28.5,20.8,85,3,10
2023,11,4,-1,28,20.9,85,3,40
2023,11,5,0,28.2,21.6,88,2,40
2023,11,6,5.3,28,20.7,90,2,40
2023,11,7,2.2,24.9,21.1,90,4,70
2023,11,8,1.4,24.8,21.9,91,5,80
2023,11,9,0,27.5,21.1,93,5,90
2023,11,10,0,27.5,20.8,87,3,20
2023,11,11,4,24.2,20.8,92,2,20
2023,11,12,3.6,26.3,20.9,91,5,40
2023,11,13,8.4,24.3,20.5,89,5,40
2023,11,14,4.8,25.4,21,88,6,40
2023,11,15,19.4,23,20.8,93,6,40
2023,11,16,-1,26,21,88,4,40
2023,11,17,0,25.3,19.8,78,4,10
2023,11,18,0,25.1,19.2,85,5,40
2023,11,19,0,25,19.5,87,4,10
2023,11,20,0,24.8,19.7,87,4,40
2023,11,21,0,24.5,19.9,85,5,20
2023,11,22,0,27.2,20.2,83,3,20
2023,11,23,21.6,26.8,20.7,91,4,40
2023,11,24,13.1,23.7,20.5,97,4,20
2023,11,25,39,22.7,19,92,3,20
2023,11,26,0.6,24.5,20.5,87,5,40
2023,11,27,1.6,26.8,21.5,87,4,40
2023,11,28,25.2,26.2,21,91,5,40
2023,11,29,-1,26,21.8,89,5,40
2023,11,30,0.5,26,21.2,91,6,40
2023,12,1,7.5,25.2,20.8,89,4,40
2023,12,2,2,25.6,20.1,84,4,40
2023,12,3,32.6,23,21,93,5,40
2023,12,4,-1,26.4,21.4,88,3,40
2023,12,5,0,27.2,21.4,88,3,20
2023,12,6,0,26.4,20.5,90,2,20
2023,12,7,3.5,25.4,20.3,94,2,50
2023,12,8,0,26.8,20.5,90,3,20
2023,12,9,0,27,20,86,3,40
2023,12,10,1.6,26.7,20.5,87,3,40
2023,12,11,1.4,26,20,88,4,40
2023,12,12,3.5,25.4,20.6,88,6,70
2023,12,13,1.6,25.7,20.8,85,4,40
2023,12,14,5.5,24.5,20.7,90,6,40
2023,12,15,16.4,24,20.5,92,3,20
2023,12,16,0,26.2,20,86,3,40
2023,12,17,15.5,24.2,19.5,81,6,40
2023,12,18,18.9,23.7,20.4,92,6,40
2023,12,19,1,25,21,93,5,40
2023,12,20,1.4,25.4,20.5,93,4,40
2023,12,21,32.6,25.5,20.1,96,2,20
2023,12,22,10.7,22,19.1,93,5,40
2023,12,23,6.5,22,19.9,96,5,30
2023,12,24,1.2,24.6,19.8,97,4,30
2023,12,25,3.2,23.8,20,91,6,20
2023,12,26,2.2,23.3,20.3,93,6,60
2023,12,27,5.4,25.3,20.5,90,6,70
2023,12,28,-1,25.1,20,87,5,70
2023,12,29,0.5,25.3,20,91,4,40
2023,12,30,-1,23.5,20.6,93,3,20
2023,12,31,0,26.3,20.5,87,3,70
2024,1,1,0.4,25.2,20.6,91,3,40
2024,1,2,0.01,25.5,20,93,3,90
2024,1,3,0,27.5,20.3,88,3,60
2024,1,4,1,25.2,20.1,86,5,40
2024,1,5,0,23.9,19.8,88,5,20
2024,1,6,0,25.5,19,83,2,350
2024,1,7,0,24,19.2,86,6,20
2024,1,8,16.6,23.5,20,89,5,40
2024,1,9,0,25.5,20.5,92,2,40
2024,1,10,5.8,27.5,19.5,88,3,40
2024,1,11,0.01,24,19,90,5,30
2024,1,12,0,22.6,18.9,89,5,40
2024,1,13,0,22.5,18.6,88,5,40
2024,1,14,0,23.2,18.8,86,5,10
2024,1,15,0.01,24.2,18,82,6,40
2024,1,16,0.01,23.1,18,81,8,40
2024,1,17,0,22.4,18.1,78,6,70
2024,1,18,0.7,24.2,19,87,4,80
2024,1,19,0.5,24.4,19,90,4,40
2024,1,20,0,24,18.8,94,3,40
2024,1,21,1,26,19.9,87,4,60
2024,1,22,0.2,24,19.8,91,4,40
2024,1,23,4.6,25,19,91,4,20
2024,1,24,0,23,18.4,88,5,20
2024,1,25,0.01,23.2,17.9,85,4,40
2024,1,26,0,23.5,17.7,80,4,40
2024,1,27,0,22.5,17.3,81,5,40
2024,1,28,2.2,21.8,18.3,81,4,40
2024,1,29,0,23,18.3,75,7,80
2024,1,30,0,22.5,18.9,83,5,40
2024,1,31,2.4,22.9,19,83,5,70
2024,2,1,3.4,24.8,18.8,90,5,40
2024,2,2,0,24.6,19.5,89,4,40
2024,2,3,0,26.5,19.6,87,4,40
2024,2,4,0.01,27.7,20,81,3,70
2024,2,5,0.4,27,18.8,87,3,40
2024,2,6,0,26.4,19,83,3,40
2024,2,7,1,26.3,19.2,81,2,40
2024,2,8,0,27.5,19.5,81,2,80
2024,2,9,0.01,26.3,19.8,82,5,40
2024,2,10,0.6,24.3,18.3,85,5,70
2024,2,11,0,24.8,17.8,70,6,40
2024,2,12,0,22.5,18.3,82,5,40
2024,2,13,0,24.4,18.6,84,5,20
2024,2,14,0,25,19.1,88,4,40
2024,2,15,0,25.8,19.8,87,4,40
2024,2,16,0,26,19.2,84,5,40
2024,2,17,1,24.2,18.6,90,5,40
2024,2,18,0,26,19.2,81,4,40
2024,2,19,0.01,26.4,20,80,5,40
2024,2,20,0,26.6,19.5,79,3,40
2024,2,21,0,26.4,19.5,80,4,40
2024,2,22,0,25.6,19.9,80,4,40
2024,2,23,0.01,26,19.2,86,5,40
2024,2,24,11.4,26.8,18,83,5,70
2024,2,25,1.3,23.2,18.7,89,5,40
2024,2,26,0,25.5,19,77,6,70
2024,2,27,0,24.5,18.9,79,5,40
2024,2,28,0,24.5,18.8,84,4,40
2024,2,29,0,25.4,19.5,84,5,40
2024,3,1,0,27.4,19.2,77,4,40
2024,3,2,0,25.6,19.5,81,5,40
2024,3,3,0.01,26.4,18.9,79,5,40
2024,3,4,0.01,25.4,20.2,92,4,40
2024,3,5,0,27.7,20.3,81,2,90
2024,3,6,0,32.3,20.2,76,2,30
2024,3,7,0,28,19.8,74,3,40
2024,3,8,1,26.8,19.4,78,5,40
2024,3,9,1.7,23.3,19.2,90,5,40
2024,3,10,0,24,19.4,82,6,40
2024,3,11,0,25,19.9,86,3,40
2024,3,12,0,26.8,20.2,88,2,20
2024,3,13,0,25,18.7,90,4,40
2024,3,14,0.01,25.4,20,85,4,40
2024,3,15,3.2,22.8,19.5,94,5,40
2024,3,16,0,27.4,19.8,83,5,40
2024,3,17,0,27.8,19.3,77,3,70
2024,3,18,0,27.2,20,76,4,40
2024,3,19,0,27.8,20,80,3,40
2024,3,20,0,26.2,19.5,83,3,40
2024,3,21,0.01,24.6,19,81,5,40
2024,3,22,0.8,22.1,19.6,89,6,60
2024,3,23,2,25.2,19.8,91,4,60
2024,3,24,0,27.8,20.3,78,5,40
2024,3,25,0,27.3,20.4,77,5,40
2024,3,26,1,27.5,21,85,3,10
2024,3,27,1,27.5,19.7,89,4,40
2024,3,28,0,27.9,22.4,84,4,20
2024,3,29,0,27.4,21.4,87,3,40
2024,3,30,0,28.4,19.2,82,3,20
2024,3,31,0,29.2,20,76,3,10
2024,4,1,0.2,29.6,21,75,3,40
2024,4,2,0,28.5,21,72,3,20
2024,4,3,0,28.5,21.5,76,3,40
2024,4,4,0,29,20.5,81,3,60
2024,4,5,2.4,27.4,20.9,79,4,90
2024,4,6,0.2,25.2,20.8,89,6,70
2024,4,7,0.1,27.9,20.7,76,4,90
2024,4,8,0,29,20.6,80,4,20
2024,4,9,0,29.8,20.9,78,4,40
2024,4,10,0,28.3,20.9,80,3,40
2024,4,11,0,28.8,20.8,75,3,40
2024,4,12,0,29.2,21,72,3,40
2024,4,13,0,29.4,21.4,77,4,40
2024,4,14,0,30.3,21.4,76,4,10
2024,4,15,0,30.5,20.8,71,3,90
2024,4,16,0,30,21,76,3,20
2024,4,17,0,30,20.6,72,2,90
2024,4,18,0,30.8,21.5,56,3,90
2024,4,19,0,29.4,21.1,70,4,40
2024,4,20,0,29.7,21.4,73,4,40
2024,4,21,0,29.7,21.3,76,5,10
2024,4,22,0,30.1,22,80,4,80
2024,4,23,0,30.6,22,80,4,20
2024,4,24,0,31.5,23,77,3,30
2024,4,25,0,31.4,22.8,76,2,170
2024,4,26,0,31.6,22.4,75,3,90
2024,4,27,0,32.4,23,73,3,170
2024,4,28,1.1,30.5,22.8,74,3,10
2024,4,29,0,31.4,21.4,73,3,150
2024,4,30,0,31.2,21.6,73,3,20
2024,5,1,0,31.5,22,72,3,40
2024,5,2,0,30.7,21.5,71,4,90
2024,5,3,0,30.9,21.7,72,5,40
2024,5,4,0,30.4,21.7,70,5,40
2024,5,5,0,31,22.4,70,4,20
2024,5,6,0,29,21.9,81,5,40
2024,5,7,0,31.9,21.8,67,3,20
2024,5,8,0,29.5,22.4,79,5,40
2024,5,9,0,30.5,22.2,78,4,20
2024,5,10,0,29.2,22.5,81,4,40
2024,5,11,0,30.6,22.2,79,3,40
2024,5,12,0.01,31.9,23.4,75,3,10
2024,5,13,0,32,22.2,77,2,90
2024,5,14,7.5,28.8,22,87,2,90
2024,5,15,0,31,22.8,73,2,40
2024,5,16,0,31.5,22.1,76,3,40
2024,5,17,0.01,31,22.7,74,3,140
2024,5,18,0,32.5,22.9,77,2,110
2024,5,19,29.7,27.8,22.4,86,3,10
2024,5,20,0,30.9,22.9,80,3,90
2024,5,21,0,30.1,22.7,78,3,40
2024,5,22,0,30,22.4,77,4,40
2024,5,23,0,30.4,22.8,76,3,20
2024,5,24,0.01,30.4,23,76,4,20
2024,5,25,98,25.5,20.8,94,3,20
2024,5,26,83.8,24,20.2,96,5,270
2024,5,27,5,26.5,23,94,4,330
2024,5,28,1.7,28.4,22.5,89,3,320
2024,5,29,3.2,29.8,22.3,86,2,330
2024,5,30,0,30.8,22.9,83,3,150
2024,5,31,0,30.5,22.6,80,3,90
2024,6,1,0,30.8,23.1,76,3,40
2024,6,2,0,32.4,23.4,73,3,350
2024,6,3,0,30.2,23,86,2,350
2024,6,4,0,30.3,22.8,86,2,70
2024,6,5,28,28.3,22,92,2,300
2024,6,6,23.4,28.4,21,91,2,320
2024,6,7,11,28,21.8,87,2,320
2024,6,8,0,28,22.4,90,2,170
2024,6,9,1.2,27.5,22.2,89,3,30
2024,6,10,0,30,22.3,85,2,120
2024,6,11,0.01,30.3,22.6,80,2,160
2024,6,12,10.3,30.5,23,88,2,330
2024,6,13,0,30.8,23.4,88,2,300
2024,6,14,12.2,30.6,23,88,1,320
2024,6,15,23.2,30,22.2,85,3,40
2024,6,16,16.5,30,22.2,89,3,180
2024,6,17,0,27.8,22.5,89,2,120
2024,6,18,17.7,28.4,22.2,87,1,320
2024,6,19,0,29.2,22.4,87,2,90
2024,6,20,5,28.4,22,90,3,20
2024,6,21,0.01,28.4,21.9,87,4,120
2024,6,22,3.2,29.8,22.4,92,3,160
2024,6,23,10.2,28.6,22.1,90,2,90
2024,6,24,26.6,29.4,21,86,3,40
2024,6,25,0,27,22.5,88,2,40
2024,6,26,17.2,26.4,22,94,2,40
2024,6,27,0.3,27.3,22.5,88,3,40
2024,6,28,0,28.1,22.5,85,2,110
2024,6,29,0,29.5,23,80,3,40
2024,6,30,0.01,30.3,22.3,80,3,20
2024,7,1,0,29.4,22,85,2,20
2024,7,2,8,28,21.5,89,2,40
2024,7,3,0,28.4,21.8,86,2,320
2024,7,4,13.8,27.5,21.5,90,2,310
2024,7,5,0,26.6,22.2,93,2,20
2024,7,6,2.2,27.7,21.5,92,2,80
2024,7,7,0,28.6,21,86,3,20
2024,7,8,0.6,28.4,21.8,87,2,110
2024,7,9,10.6,27.4,21.7,90,1,320
2024,7,10,0,28,22,90,1,160
2024,7,11,0,29,22.3,87,2,40
2024,7,12,4.8,27.8,22.1,84,2,90
2024,7,13,4,26.5,22,93,3,40
2024,7,14,12.4,25.6,20.8,94,2,40
2024,7,15,13.4,27.5,21.8,91,2,40
2024,7,16,3,26.4,21.3,91,2,40
2024,7,17,0.01,25.8,21.8,93,1,350
2024,7,18,48.8,25,22,94,2,40
2024,7,19,1.2,27.5,21.8,93,2,120
2024,7,20,6.8,27.8,22.2,88,2,320
2024,7,21,29.8,25.8,21.4,92,3,340
2024,7,22,136.3,24,20.3,98,3,290
2024,7,23,261.6,23.1,20.3,99,4,320
2024,7,24,57.8,23.7,19.2,98,5,250
2024,7,25,1.5,25,22,98,5,240
2024,7,26,5.1,26,21.5,89,3,290
2024,7,27,7,28.1,21.2,85,3,290
2024,7,28,8.3,25,21,95,3,290
2024,7,29,8,26,21.6,92,2,330
2024,7,30,0,29,21.2,88,2,300
2024,7,31,1.3,29.3,21,87,1,300
2024,8,1,27.8,27.5,22,93,1,340
2024,8,2,23.4,28,21.5,95,1,340
2024,8,3,8.8,28,21.3,92,1,340
2024,8,4,78.1,28.7,21.5,88,3,320
2024,8,5,19.8,26.4,20.7,93,3,300
2024,8,6,3.2,25.6,21.4,95,2,320
2024,8,7,2.6,26.5,21.6,91,2,300
2024,8,8,7.4,27.3,21.3,94,3,300
2024,8,9,7.8,25.4,22.1,94,4,290
2024,8,10,1.2,25.1,21.5,95,4,290
2024,8,11,13.7,27.8,22.4,90,4,270
2024,8,12,0,27.8,22,90,3,330
2024,8,13,0,28.8,22.2,87,2,300
2024,8,14,11.6,29.2,22.6,91,2,300
2024,8,15,0,29.1,22.8,89,2,320
2024,8,16,19.8,31.5,21,87,2,320
2024,8,17,1.4,31.4,22.8,85,1,340
2024,8,18,0,29.5,23.3,85,2,170
2024,8,19,0,28,22.2,90,2,170
2024,8,20,0,30.5,22.2,87,2,20
2024,8,21,0,29.7,21.6,84,2,350
2024,8,22,5.4,30.5,22.2,89,3,40
2024,8,23,18.9,27.4,21.8,90,3,70
2024,8,24,0,28.3,22,83,3,110
2024,8,25,27.5,28.7,21.3,87,2,320
2024,8,26,14,29.2,22,90,2,300
2024,8,27,16.8,25.5,20.8,94,2,330
2024,8,28,23,23.5,21,97,2,310
2024,8,29,25.1,28,21.2,92,2,160
2024,8,30,15.4,30,22.5,88,1,160
2024,8,31,3.6,28,22,90,1,320
2024,9,1,167.3,26.9,20.8,95,5,290
2024,9,2,159.6,22.8,19.4,98,5,290
2024,9,3,55,23.9,19.8,99,4,270
2024,9,4,52.2,23,20.7,98,5,240
2024,9,5,20,23.6,21.2,97,4,220
2024,9,6,0,26.4,22.1,88,3,220
2024,9,7,0.01,29.5,21.9,82,2,300
2024,9,8,0,29.8,22.3,81,3,300
2024,9,9,0,26.2,21.5,90,2,330
2024,9,10,0.2,27.2,22,90,2,330
2024,9,11,16.2,27.6,21,92,2,310
2024,9,12,0.01,25.8,21.5,97,2,310
2024,9,13,6.8,28.6,21,97,2,40
2024,9,14,30.3,25.8,21.8,97,2,340
2024,9,15,8.9,26,21.4,93,4,270
2024,9,16,17,26.4,21,93,3,290
2024,9,17,7.8,27,21.2,94,3,290
2024,9,18,32.2,25.5,21,97,3,200
2024,9,19,0.01,26.5,20.6,93,2,320
2024,9,20,0.2,27,21.5,91,3,290
2024,9,21,7.2,26,21.1,91,3,200
2024,9,22,24.7,27.9,21.2,89,2,340
2024,9,23,0,29.2,22.1,90,3,40
2024,9,24,0,30,22,84,2,10
2024,9,25,0,29.3,21.6,85,2,40
2024,9,26,0.01,30.3,22.4,85,2,270
2024,9,27,0,28.4,22.5,86,4,300
2024,9,28,0,27.5,22.5,88,5,320
2024,9,29,28.1,24.8,22.2,97,6,300
2024,9,30,1,27,22.1,94,5,300
2024,10,1,0,27.3,21.7,93,2,300
2024,10,2,0,29.2,21.8,88,2,300
2024,10,3,0,29,22,89,3,40
2024,10,4,2.4,27.4,21.5,90,3,20
2024,10,5,55.7,27.6,21,91,3,20
2024,10,6,18.2,24.9,21,96,2,10
2024,10,7,2.7,24.7,21.2,92,2,360
2024,10,8,0,28.4,21.3,91,2,20
2024,10,9,0.2,28.5,21.9,93,2,330
2024,10,10,0,28,21.6,94,2,150
2024,10,11,5,27.8,21.4,94,3,20
2024,10,12,0,28,21.4,89,3,20
2024,10,13,5.8,28.1,21.9,87,3,350
2024,10,14,17.1,24.3,21.5,97,3,40
2024,10,15,1,26.6,21.4,93,3,20
2024,10,16,1,27.6,21.2,90,3,40
2024,10,17,0,28.2,21.5,87,2,350
2024,10,18,0,28,22.3,88,3,20
2024,10,19,0,26.6,21.7,93,2,20
2024,10,20,69.7,26.8,20.4,93,3,350
2024,10,21,0,25.8,21.5,90,3,330
2024,10,22,136.8,23.8,20.5,95,4,300
2024,10,23,84.4,22.5,19.8,98,4,250
2024,10,24,323.6,22.7,20,98,6,240
2024,10,25,0,24.5,20.7,94,5,200
2024,10,26,0.01,26.7,20.2,91,3,250
2024,10,27,0,27.2,20.7,90,3,300
2024,10,28,0,25.7,20.6,90,5,280
2024,10,29,0.01,25.2,20.7,94,5,300
2024,10,30,5.2,24.5,20.6,96,6,310
2024,10,31,9.8,24.7,21.3,96,4,250
2024,11,1,0,30.8,21.5,86,3,140
2024,11,2,0.01,28,21.1,87,4,40
2024,11,3,8.7,26.2,20.3,92,4,70
2024,11,4,5,26.8,20.6,90,3,40
2024,11,5,2,26.1,20.5,93,3,330
2024,11,6,0,27.2,20.8,92,2,320
2024,11,7,2.2,28.2,21,93,2,200
2024,11,8,37.2,28,21.4,93,3,40
2024,11,9,0,28,21,89,2,340
2024,11,10,0,27.4,21.4,87,3,280
2024,11,11,0,25.1,21.3,93,4,200
2024,11,12,0,30.2,21.9,85,2,200
2024,11,13,3,26.4,21.7,92,2,310
2024,11,14,0,26.4,20.6,93,2,320
2024,11,15,0,28.4,21,86,2,40
2024,11,16,0.7,28,21.3,84,3,320
2024,11,17,111.5,23.5,20.4,97,5,330
2024,11,18,0,27.4,21.8,94,4,40
2024,11,19,0.01,26.4,21,87,4,40
2024,11,20,1.1,27.4,20.8,86,3,40
2024,11,21,0,26.9,20.9,82,4,40
2024,11,22,0,26.1,21,79,5,40
2024,11,23,0,27.2,20.8,88,5,70
2024,11,24,0.7,24.9,20.7,88,6,40
2024,11,25,0,25.5,20.4,90,5,40
2024,11,26,0,27.5,20.4,83,4,40
2024,11,27,0,26.7,20.5,85,3,40
2024,11,28,3.6,26.3,20.5,87,3,20
2024,11,29,5.8,23.7,19.9,90,5,70
2024,11,30,7.6,24,20,92,5,20
2024,12,1,7.8,22.8,20,96,4,350
2024,12,2,41.7,23.9,21.3,98,2,40
2024,12,3,0.01,25.2,21.3,94,2,10
2024,12,4,0,26.2,21,90,2,40
2024,12,5,0,27.4,20.5,88,2,40
2024,12,6,1.6,27,21.3,89,3,20
2024,12,7,1.2,26,21.4,93,3,20
2024,12,8,27.5,23.9,20.9,94,4,70
2024,12,9,12.6,23.5,20.3,95,6,40
2024,12,10,39.3,22.4,20.2,97,5,20
2024,12,11,6.2,24.2,20.5,94,5,40
2024,12,12,4.1,24.2,20.5,89,5,40
2024,12,13,0.01,24.6,20.5,91,7,40
2024,12,14,0.4,25.1,19.4,91,5,70
2024,12,15,12.2,25,19.6,96,4,20
2024,12,16,1,23.8,20.5,86,4,30
2024,12,17,11.9,22.2,20.3,96,4,30
2024,12,18,2.7,23.2,19.9,90,4,30
2024,12,19,0.01,23.4,20,86,5,10
2024,12,20,3.8,24,20.2,89,5,20
2024,12,21,4.8,22.8,19.6,96,6,40
2024,12,22,0.01,22.1,19,87,6,80
2024,12,23,9.4,23.6,20,94,6,60
2024,12,24,70.4,22.8,20.2,96,6,40
2024,12,25,42,22.6,19.4,98,5,20
2024,12,26,6.4,24.5,19,93,4,40
2024,12,27,22.2,24.6,19.5,92,4,40
2024,12,28,26.5,24.7,19.5,94,4,20
2024,12,29,45.2,23.1,19.5,95,5,60
2024,12,30,14.3,23.8,20.9,97,3,40
2024,12,31,4.2,25.6,20.8,92,2,40
