Date,Year,Sto_Nino_WL_Valid_Hours,Sto_Nino_WL_24h_Pass,Sto_Nino_WL_DailyMax,Nangka_WL_Valid_Hours,Nangka_WL_24h_Pass,Nangka_WL_DailyMax,BosoBoso_Rain_Valid_Hours,BosoBoso_Rain_24h_Pass,BosoBoso_Rain_DailySum,Campana_Rain_Valid_Hours,Campana_Rain_24h_Pass,Campana_Rain_DailySum,Nangka_Rain_Valid_Hours,Nangka_Rain_24h_Pass,Nangka_Rain_DailySum,Oro_Rain_Valid_Hours,Oro_Rain_24h_Pass,Oro_Rain_DailySum,Aries_Rain_Valid_Hours,Aries_Rain_24h_Pass,Aries_Rain_DailySum,All7_Common_24h_Pass,Exact_t1_Eligible,Exact_t2_Eligible,Exact_t3_Eligible
2016-01-01,2016,24,YES,12.31,24,YES,15.84,24,YES,2.0,24,YES,5.0,24,YES,1.0,24,YES,1.0,24,YES,1.0,YES,False,False,False
2016-01-02,2016,24,YES,12.32,24,YES,15.84,24,YES,6.0,24,YES,6.0,24,YES,0.0,24,YES,1.0,24,YES,2.0,YES,True,False,False
2016-01-03,2016,24,YES,12.28,24,YES,15.84,24,YES,0.0,24,YES,0.0,24,YES,0.0,24,YES,0.0,24,YES,0.0,YES,True,True,False
2016-01-04,2016,21,NO,,24,YES,15.84,24,YES,0.0,24,YES,0.0,24,YES,0.0,24,YES,0.0,24,YES,0.0,NO,False,False,False
2016-01-05,2016,24,YES,12.16,24,YES,15.84,24,YES,0.0,24,YES,0.0,24,YES,0.0,24,YES,0.0,24,YES,0.0,YES,False,False,False
2016-01-06,2016,10,NO,,24,YES,15.84,24,YES,0.0,24,YES,0.0,24,YES,0.0,24,YES,0.0,24,YES,0.0,NO,False,False,False
2016-01-07,2016,0,NO,,24,YES,15.84,24,YES,0.0,24,YES,0.0,24,YES,0.0,24,YES,0.0,24,YES,1.0,NO,False,False,False
2016-01-08,2016,13,NO,,24,YES,15.84,24,YES,0.0,24,YES,0.0,24,YES,0.0,24,YES,0.0,24,YES,0.0,NO,False,False,False
2016-01-09,2016,24,YES,12.08,24,YES,15.84,24,YES,0.0,24,YES,0.0,24,YES,0.0,24,YES,0.0,24,YES,0.0,YES,False,False,False
2016-01-10,2016,24,YES,12.07,24,YES,15.84,24,YES,0.0,24,YES,0.0,24,YES,0.0,24,YES,0.0,24,YES,0.0,YES,True,False,False
2016-01-11,2016,24,YES,12.06,24,YES,15.84,24,YES,0.0,24,YES,0.0,24,YES,0.0,24,YES,0.0,24,YES,0.0,YES,True,True,False
2016-01-12,2016,24,YES,12.14,24,YES,15.84,24,YES,16.0,24,YES,0.0,24,YES,0.0,24,YES,0.0,24,YES,0.0,YES,True,True,True
2016-01-13,2016,24,YES,12.12,24,YES,15.84,24,YES,0.0,24,YES,0.0,24,YES,0.0,24,YES,0.0,24,YES,0.0,YES,True,True,True
2016-01-14,2016,24,YES,12.03,24,YES,15.84,24,YES,0.0,24,YES,0.0,24,YES,0.0,24,YES,0.0,24,YES,0.0,YES,True,True,True
2016-01-15,2016,24,YES,12.01,24,YES,15.84,24,YES,0.0,24,YES,0.0,24,YES,0.0,24,YES,0.0,24,YES,0.0,YES,True,True,True
2016-01-16,2016,24,YES,12.0,24,YES,15.84,24,YES,0.0,24,YES,0.0,24,YES,0.0,24,YES,0.0,24,YES,0.0,YES,True,True,True
2016-01-17,2016,24,YES,12.0,24,YES,15.84,24,YES,0.0,24,YES,0.0,24,YES,0.0,24,YES,0.0,24,YES,0.0,YES,True,True,True
2016-01-18,2016,24,YES,11.99,24,YES,15.84,24,YES,0.0,24,YES,0.0,24,YES,0.0,24,YES,0.0,24,YES,0.0,YES,True,True,True
2016-01-19,2016,24,YES,11.98,24,YES,15.84,24,YES,0.0,24,YES,0.0,24,YES,0.0,24,YES,0.0,24,YES,0.0,YES,True,True,True
2016-01-20,2016,24,YES,11.97,24,YES,15.84,24,YES,0.0,24,YES,0.0,24,YES,0.0,24,YES,0.0,24,YES,0.0,YES,True,True,True
2016-01-21,2016,22,NO,,24,YES,15.84,24,YES,0.0,24,YES,0.0,24,YES,0.0,24,YES,0.0,24,YES,0.0,NO,False,False,False
2016-01-22,2016,24,YES,11.96,24,YES,15.84,24,YES,0.0,24,YES,0.0,24,YES,0.0,24,YES,0.0,24,YES,0.0,YES,False,False,False
2016-01-23,2016,24,YES,11.95,24,YES,15.84,24,YES,0.0,24,YES,1.0,24,YES,0.0,24,YES,0.0,24,YES,0.0,YES,True,False,False
2016-01-24,2016,24,YES,11.95,24,YES,15.84,24,YES,0.0,24,YES,0.0,24,YES,0.0,24,YES,0.0,24,YES,0.0,YES,True,True,False
2016-01-25,2016,24,YES,11.95,24,YES,15.84,24,YES,0.0,24,YES,0.0,24,YES,0.0,24,YES,0.0,24,YES,0.0,YES,True,True,True
2016-01-26,2016,24,YES,11.95,24,YES,15.84,24,YES,0.0,24,YES,1.0,24,YES,0.0,24,YES,0.0,24,YES,0.0,YES,True,True,True
2016-01-27,2016,24,YES,11.91,24,YES,15.81,24,YES,0.0,24,YES,0.0,24,YES,0.0,24,YES,0.0,24,YES,0.0,YES,True,True,True
2016-01-28,2016,24,YES,11.92,24,YES,15.81,24,YES,0.0,24,YES,0.0,24,YES,0.0,24,YES,0.0,24,YES,0.0,YES,True,True,True
2016-01-29,2016,24,YES,11.92,24,YES,15.81,24,YES,0.0,24,YES,0.0,24,YES,0.0,24,YES,0.0,24,YES,0.0,YES,True,True,True
2016-01-30,2016,24,YES,11.94,24,YES,15.81,24,YES,0.0,24,YES,0.0,24,YES,0.0,24,YES,0.0,24,YES,0.0,YES,True,True,True
2016-01-31,2016,24,YES,11.95,24,YES,15.81,24,YES,0.0,24,YES,0.0,24,YES,0.0,24,YES,0.0,24,YES,0.0,YES,True,True,True
2016-02-01,2016,24,YES,11.92,24,YES,15.8,24,YES,0.0,24,YES,0.0,24,YES,0.0,24,YES,0.0,24,YES,0.0,YES,True,True,True
2016-02-02,2016,24,YES,11.91,24,YES,15.8,24,YES,0.0,24,YES,0.0,24,YES,0.0,24,YES,0.0,24,YES,0.0,YES,True,True,True
2016-02-03,2016,24,YES,11.91,24,YES,15.8,24,YES,0.0,24,YES,0.0,24,YES,0.0,24,YES,0.0,24,YES,0.0,YES,True,True,True
2016-02-04,2016,24,YES,11.92,24,YES,15.8,24,YES,0.0,24,YES,0.0,24,YES,4.0,24,YES,2.0,24,YES,0.0,YES,True,True,True
2016-02-05,2016,24,YES,11.92,24,YES,15.8,24,YES,2.0,24,YES,1.0,24,YES,0.0,24,YES,0.0,24,YES,0.0,YES,True,True,True
2016-02-06,2016,24,YES,11.96,24,YES,15.8,24,YES,5.0,24,YES,2.0,24,YES,0.0,24,YES,1.0,24,YES,7.0,YES,True,True,True
2016-02-07,2016,24,YES,11.96,24,YES,15.8,24,YES,0.0,24,YES,0.0,24,YES,0.0,24,YES,0.0,24,YES,0.0,YES,True,True,True
2016-02-08,2016,24,YES,11.93,24,YES,15.8,24,YES,0.0,24,YES,0.0,24,YES,0.0,24,YES,0.0,24,YES,0.0,YES,True,True,True
2016-02-09,2016,24,YES,11.92,24,YES,15.8,24,YES,0.0,24,YES,0.0,24,YES,0.0,24,YES,0.0,24,YES,0.0,YES,True,True,True
2016-02-10,2016,24,YES,11.91,24,YES,15.8,24,YES,0.0,24,YES,0.0,24,YES,0.0,24,YES,0.0,24,YES,0.0,YES,True,True,True
2016-02-11,2016,24,YES,11.91,24,YES,15.8,24,YES,0.0,24,YES,0.0,24,YES,0.0,24,YES,0.0,24,YES,0.0,YES,True,True,True
2016-02-12,2016,24,YES,11.9,24,YES,15.8,24,YES,0.0,24,YES,0.0,24,YES,0.0,24,YES,0.0,24,YES,0.0,YES,True,True,True
2016-02-13,2016,24,YES,11.9,24,YES,15.8,24,YES,0.0,24,YES,0.0,24,YES,0.0,24,YES,0.0,24,YES,0.0,YES,True,True,True
2016-02-14,2016,24,YES,11.9,24,YES,15.8,24,YES,0.0,24,YES,0.0,24,YES,0.0,24,YES,0.0,24,YES,0.0,YES,True,True,True
2016-02-15,2016,24,YES,11.9,24,YES,15.8,24,YES,0.0,24,YES,0.0,24,YES,0.0,24,YES,0.0,24,YES,0.0,YES,True,True,True
2016-02-16,2016,24,YES,11.9,24,YES,15.8,24,YES,0.0,24,YES,0.0,24,YES,0.0,24,YES,0.0,24,YES,0.0,YES,True,True,True
2016-02-17,2016,24,YES,11.9,24,YES,15.8,24,YES,0.0,24,YES,0.0,24,YES,0.0,24,YES,0.0,24,YES,0.0,YES,True,True,True
2016-02-18,2016,24,YES,11.9,24,YES,15.8,24,YES,0.0,24,YES,0.0,24,YES,0.0,24,YES,0.0,24,YES,0.0,YES,True,True,True
2016-02-19,2016,24,YES,11.9,24,YES,15.8,24,YES,0.0,24,YES,0.0,24,YES,0.0,24,YES,0.0,24,YES,0.0,YES,True,True,True
2016-02-20,2016,24,YES,11.9,24,YES,15.8,24,YES,0.0,24,YES,0.0,24,YES,0.0,24,YES,0.0,24,YES,0.0,YES,True,True,True
2016-02-21,2016,24,YES,11.9,24,YES,15.8,24,YES,0.0,24,YES,0.0,24,YES,0.0,24,YES,0.0,24,YES,0.0,YES,True,True,True
2016-02-22,2016,24,YES,11.9,24,YES,15.8,24,YES,0.0,24,YES,0.0,24,YES,0.0,24,YES,0.0,24,YES,0.0,YES,True,True,True
2016-02-23,2016,24,YES,11.9,24,YES,15.8,24,YES,0.0,24,YES,0.0,24,YES,0.0,24,YES,0.0,24,YES,0.0,YES,True,True,True
2016-02-24,2016,24,YES,11.9,24,YES,15.8,24,YES,0.0,24,YES,0.0,24,YES,0.0,24,YES,0.0,24,YES,0.0,YES,True,True,True
2016-02-25,2016,24,YES,11.89,24,YES,15.8,24,YES,2.0,24,YES,9.0,24,YES,0.0,24,YES,1.0,24,YES,3.0,YES,True,True,True
2016-02-26,2016,24,YES,11.89,24,YES,15.8,24,YES,3.0,24,YES,5.0,24,YES,1.0,24,YES,0.0,24,YES,2.0,YES,True,True,True
2016-02-27,2016,24,YES,11.91,24,YES,15.8,24,YES,0.0,24,YES,0.0,24,YES,0.0,24,YES,0.0,24,YES,0.0,YES,True,True,True
2016-02-28,2016,24,YES,11.91,24,YES,15.8,24,YES,6.0,24,YES,5.0,24,YES,0.0,24,YES,0.0,24,YES,0.0,YES,True,True,True
2016-02-29,2016,24,YES,11.9,24,YES,15.8,24,YES,0.0,24,YES,0.0,24,YES,0.0,24,YES,0.0,24,YES,0.0,YES,True,True,True
2016-03-01,2016,24,YES,11.9,24,YES,15.8,24,YES,0.0,24,YES,0.0,24,YES,0.0,24,YES,0.0,24,YES,0.0,YES,True,True,True
2016-03-02,2016,24,YES,11.89,24,YES,15.8,24,YES,0.0,24,YES,0.0,24,YES,0.0,24,YES,0.0,24,YES,0.0,YES,True,True,True
2016-03-03,2016,24,YES,11.89,24,YES,15.8,24,YES,0.0,24,YES,1.0,24,YES,0.0,24,YES,2.0,24,YES,0.0,YES,True,True,True
2016-03-04,2016,24,YES,11.89,24,YES,15.8,24,YES,0.0,24,YES,6.0,24,YES,1.0,24,YES,0.0,24,YES,4.0,YES,True,True,True
2016-03-05,2016,24,YES,11.89,24,YES,15.8,24,YES,0.0,24,YES,0.0,24,YES,0.0,24,YES,0.0,24,YES,0.0,YES,True,True,True
2016-03-06,2016,24,YES,11.89,24,YES,15.8,24,YES,0.0,24,YES,0.0,24,YES,0.0,24,YES,0.0,24,YES,0.0,YES,True,True,True
2016-03-07,2016,24,YES,11.89,24,YES,15.8,24,YES,0.0,24,YES,0.0,24,YES,0.0,24,YES,0.0,24,YES,0.0,YES,True,True,True
2016-03-08,2016,24,YES,11.89,24,YES,15.8,24,YES,0.0,24,YES,0.0,24,YES,0.0,24,YES,0.0,24,YES,0.0,YES,True,True,True
2016-03-09,2016,24,YES,11.89,24,YES,15.8,24,YES,0.0,24,YES,0.0,24,YES,0.0,24,YES,0.0,24,YES,0.0,YES,True,True,True
2016-03-10,2016,24,YES,11.89,24,YES,15.8,24,YES,0.0,24,YES,0.0,24,YES,0.0,24,YES,0.0,24,YES,0.0,YES,True,True,True
2016-03-11,2016,24,YES,11.89,24,YES,15.8,24,YES,0.0,24,YES,0.0,24,YES,0.0,24,YES,0.0,24,YES,0.0,YES,True,True,True
2016-03-12,2016,24,YES,11.89,24,YES,15.8,24,YES,0.0,24,YES,0.0,24,YES,0.0,24,YES,0.0,24,YES,0.0,YES,True,True,True
2016-03-13,2016,24,YES,11.89,24,YES,15.8,24,YES,0.0,24,YES,0.0,24,YES,0.0,24,YES,0.0,24,YES,0.0,YES,True,True,True
2016-03-14,2016,24,YES,11.89,24,YES,15.8,24,YES,0.0,24,YES,0.0,24,YES,0.0,24,YES,0.0,24,YES,0.0,YES,True,True,True
2016-03-15,2016,24,YES,11.89,24,YES,15.8,24,YES,0.0,24,YES,0.0,24,YES,0.0,24,YES,0.0,24,YES,0.0,YES,True,True,True
2016-03-16,2016,24,YES,11.89,24,YES,15.8,24,YES,0.0,24,YES,0.0,24,YES,0.0,24,YES,0.0,24,YES,0.0,YES,True,True,True
2016-03-17,2016,24,YES,11.88,24,YES,15.8,24,YES,0.0,24,YES,0.0,24,YES,1.0,24,YES,0.0,24,YES,1.0,YES,True,True,True
2016-03-18,2016,24,YES,11.88,24,YES,15.8,24,YES,0.0,24,YES,0.0,24,YES,0.0,24,YES,0.0,24,YES,0.0,YES,True,True,True
2016-03-19,2016,24,YES,11.88,24,YES,15.8,24,YES,0.0,24,YES,0.0,24,YES,0.0,24,YES,0.0,24,YES,0.0,YES,True,True,True
2016-03-20,2016,24,YES,11.88,24,YES,15.8,24,YES,0.0,24,YES,0.0,24,YES,0.0,24,YES,0.0,24,YES,0.0,YES,True,True,True
2016-03-21,2016,24,YES,11.88,24,YES,15.8,24,YES,0.0,24,YES,0.0,24,YES,0.0,24,YES,0.0,24,YES,0.0,YES,True,True,True
2016-03-22,2016,24,YES,11.88,24,YES,15.8,24,YES,0.0,24,YES,0.0,24,YES,0.0,24,YES,0.0,24,YES,0.0,YES,True,True,True
2016-03-23,2016,24,YES,11.88,24,YES,15.8,24,YES,0.0,24,YES,0.0,24,YES,0.0,24,YES,0.0,24,YES,0.0,YES,True,True,True
2016-03-24,2016,24,YES,11.88,24,YES,15.8,24,YES,0.0,24,YES,0.0,24,YES,0.0,24,YES,0.0,24,YES,0.0,YES,True,True,True
2016-03-25,2016,24,YES,11.87,24,YES,15.8,24,YES,0.0,24,YES,0.0,24,YES,0.0,24,YES,0.0,24,YES,0.0,YES,True,True,True
2016-03-26,2016,24,YES,11.87,24,YES,15.8,24,YES,0.0,24,YES,8.0,24,YES,0.0,24,YES,2.0,24,YES,0.0,YES,True,True,True
2016-03-27,2016,24,YES,11.87,24,YES,15.8,24,YES,0.0,24,YES,3.0,24,YES,0.0,24,YES,0.0,24,YES,0.0,YES,True,True,True
2016-03-28,2016,24,YES,11.87,24,YES,15.8,24,YES,0.0,24,YES,0.0,24,YES,0.0,24,YES,0.0,24,YES,0.0,YES,True,True,True
2016-03-29,2016,24,YES,11.87,24,YES,15.8,24,YES,0.0,24,YES,1.0,24,YES,0.0,24,YES,0.0,24,YES,0.0,YES,True,True,True
2016-03-30,2016,24,YES,11.87,24,YES,15.8,24,YES,0.0,24,YES,0.0,24,YES,0.0,24,YES,0.0,24,YES,0.0,YES,True,True,True
2016-03-31,2016,24,YES,11.87,24,YES,15.8,24,YES,0.0,24,YES,0.0,24,YES,1.0,24,YES,0.0,24,YES,0.0,YES,True,True,True
2016-04-01,2016,24,YES,11.88,24,YES,15.8,24,YES,5.0,24,YES,8.0,24,YES,7.0,24,YES,5.0,24,YES,8.0,YES,True,True,True
2016-04-02,2016,24,YES,11.88,24,YES,15.8,24,YES,0.0,24,YES,0.0,24,YES,0.0,24,YES,0.0,24,YES,0.0,YES,True,True,True
2016-04-03,2016,24,YES,11.87,24,YES,15.8,24,YES,0.0,24,YES,0.0,24,YES,0.0,24,YES,0.0,24,YES,0.0,YES,True,True,True
2016-04-04,2016,24,YES,11.87,24,YES,15.79,24,YES,0.0,24,YES,0.0,24,YES,0.0,24,YES,0.0,24,YES,0.0,YES,True,True,True
2016-04-05,2016,24,YES,11.87,24,YES,15.79,24,YES,0.0,24,YES,0.0,24,YES,0.0,24,YES,0.0,24,YES,0.0,YES,True,True,True
2016-04-06,2016,24,YES,11.87,24,YES,15.79,24,YES,0.0,24,YES,0.0,24,YES,0.0,24,YES,0.0,24,YES,0.0,YES,True,True,True
2016-04-07,2016,24,YES,11.87,24,YES,15.79,24,YES,0.0,24,YES,0.0,24,YES,0.0,24,YES,0.0,24,YES,0.0,YES,True,True,True
2016-04-08,2016,24,YES,11.87,24,YES,15.79,24,YES,1.0,24,YES,1.0,24,YES,0.0,24,YES,1.0,24,YES,1.0,YES,True,True,True
2016-04-09,2016,24,YES,11.87,24,YES,15.79,24,YES,0.0,24,YES,0.0,24,YES,0.0,24,YES,0.0,24,YES,0.0,YES,True,True,True
2016-04-10,2016,24,YES,11.87,24,YES,15.79,24,YES,0.0,24,YES,0.0,24,YES,0.0,24,YES,0.0,24,YES,0.0,YES,True,True,True
2016-04-11,2016,24,YES,11.87,24,YES,15.79,24,YES,0.0,24,YES,0.0,24,YES,0.0,24,YES,0.0,24,YES,0.0,YES,True,True,True
2016-04-12,2016,24,YES,11.87,24,YES,15.79,24,YES,0.0,24,YES,0.0,24,YES,0.0,24,YES,0.0,24,YES,0.0,YES,True,True,True
2016-04-13,2016,24,YES,11.87,24,YES,15.79,24,YES,0.0,24,YES,0.0,24,YES,0.0,24,YES,0.0,24,YES,0.0,YES,True,True,True
2016-04-14,2016,24,YES,11.87,24,YES,15.78,24,YES,3.0,24,YES,2.0,24,YES,1.0,24,YES,0.0,24,YES,2.0,YES,True,True,True
2016-04-15,2016,24,YES,11.87,24,YES,15.78,24,YES,0.0,24,YES,0.0,24,YES,0.0,24,YES,0.0,24,YES,0.0,YES,True,True,True
2016-04-16,2016,24,YES,11.87,24,YES,15.78,24,YES,0.0,24,YES,0.0,24,YES,0.0,24,YES,0.0,24,YES,0.0,YES,True,True,True
2016-04-17,2016,24,YES,11.87,24,YES,15.78,24,YES,0.0,24,YES,0.0,24,YES,0.0,24,YES,0.0,24,YES,0.0,YES,True,True,True
2016-04-18,2016,24,YES,11.87,24,YES,15.78,24,YES,34.0,24,YES,26.0,24,YES,23.0,24,YES,25.0,24,YES,26.0,YES,True,True,True
2016-04-19,2016,24,YES,11.87,24,YES,15.78,24,YES,0.0,24,YES,0.0,24,YES,1.0,24,YES,0.0,24,YES,0.0,YES,True,True,True
2016-04-20,2016,24,YES,11.87,24,YES,15.78,24,YES,0.0,24,YES,0.0,24,YES,0.0,24,YES,0.0,24,YES,0.0,YES,True,True,True
2016-04-21,2016,24,YES,11.87,24,YES,15.78,24,YES,0.0,24,YES,0.0,24,YES,0.0,24,YES,0.0,24,YES,0.0,YES,True,True,True
2016-04-22,2016,24,YES,11.87,24,YES,15.78,24,YES,0.0,24,YES,0.0,24,YES,0.0,24,YES,0.0,24,YES,0.0,YES,True,True,True
2016-04-23,2016,24,YES,11.87,24,YES,15.78,24,YES,0.0,24,YES,0.0,24,YES,0.0,24,YES,0.0,24,YES,0.0,YES,True,True,True
2016-04-24,2016,24,YES,11.87,24,YES,15.78,24,YES,0.0,24,YES,0.0,24,YES,0.0,24,YES,0.0,24,YES,0.0,YES,True,True,True
2016-04-25,2016,24,YES,11.87,24,YES,15.78,24,YES,0.0,24,YES,0.0,24,YES,0.0,24,YES,0.0,24,YES,0.0,YES,True,True,True
2016-04-26,2016,24,YES,11.87,24,YES,15.78,24,YES,0.0,24,YES,0.0,24,YES,0.0,24,YES,0.0,24,YES,0.0,YES,True,True,True
2016-04-27,2016,24,YES,11.87,24,YES,15.78,24,YES,0.0,24,YES,0.0,24,YES,0.0,24,YES,0.0,24,YES,0.0,YES,True,True,True
2016-04-28,2016,24,YES,11.87,24,YES,15.78,24,YES,0.0,24,YES,0.0,24,YES,0.0,24,YES,0.0,24,YES,0.0,YES,True,True,True
2016-04-29,2016,24,YES,11.39,24,YES,15.78,24,YES,0.0,24,YES,0.0,24,YES,0.0,24,YES,0.0,24,YES,0.0,YES,True,True,True
2016-04-30,2016,24,YES,11.39,24,YES,15.78,0,NO,,0,NO,,0,NO,,0,NO,,0,NO,,NO,False,False,False
2016-05-01,2016,24,YES,11.39,24,YES,15.78,24,YES,0.0,24,YES,0.0,24,YES,0.0,24,YES,0.0,24,YES,0.0,YES,False,False,False
2016-05-02,2016,24,YES,11.39,24,YES,15.78,24,YES,0.0,24,YES,0.0,24,YES,0.0,24,YES,0.0,24,YES,0.0,YES,True,False,False
2016-05-03,2016,24,YES,11.39,24,YES,15.78,24,YES,0.0,24,YES,0.0,24,YES,0.0,24,YES,0.0,24,YES,4.0,YES,True,True,False
2016-05-04,2016,24,YES,11.39,24,YES,15.78,24,YES,0.0,24,YES,0.0,24,YES,0.0,24,YES,0.0,24,YES,0.0,YES,True,True,True
2016-05-05,2016,24,YES,11.39,24,YES,15.78,24,YES,12.0,24,YES,2.0,24,YES,9.0,24,YES,0.0,24,YES,10.0,YES,True,True,True
2016-05-06,2016,24,YES,11.34,24,YES,15.78,24,YES,0.0,24,YES,0.0,24,YES,0.0,24,YES,0.0,24,YES,0.0,YES,True,True,True
2016-05-07,2016,24,YES,11.34,24,YES,15.78,24,YES,0.0,24,YES,0.0,24,YES,0.0,24,YES,0.0,24,YES,0.0,YES,True,True,True
2016-05-08,2016,24,YES,11.33,24,YES,15.78,24,YES,0.0,24,YES,0.0,24,YES,0.0,24,YES,0.0,24,YES,0.0,YES,True,True,True
2016-05-09,2016,24,YES,11.33,24,YES,15.78,24,YES,0.0,24,YES,0.0,24,YES,0.0,24,YES,0.0,24,YES,0.0,YES,True,True,True
2016-05-10,2016,24,YES,11.33,24,YES,15.78,24,YES,0.0,24,YES,0.0,24,YES,0.0,24,YES,0.0,24,YES,0.0,YES,True,True,True
2016-05-11,2016,24,YES,11.32,24,YES,15.78,24,YES,0.0,24,YES,0.0,24,YES,0.0,24,YES,0.0,24,YES,0.0,YES,True,True,True
2016-05-12,2016,24,YES,11.32,24,YES,15.78,24,YES,13.0,24,YES,29.0,24,YES,0.0,24,YES,0.0,24,YES,0.0,YES,True,True,True
2016-05-13,2016,24,YES,11.32,24,YES,15.78,24,YES,0.0,24,YES,0.0,24,YES,0.0,24,YES,0.0,24,YES,0.0,YES,True,True,True
2016-05-14,2016,24,YES,11.32,24,YES,15.78,24,YES,0.0,24,YES,0.0,24,YES,1.0,24,YES,1.0,24,YES,0.0,YES,True,True,True
2016-05-15,2016,24,YES,11.31,24,YES,15.78,24,YES,0.0,24,YES,0.0,24,YES,0.0,24,YES,0.0,24,YES,8.0,YES,True,True,True
2016-05-16,2016,24,YES,11.31,24,YES,15.78,24,YES,0.0,24,YES,0.0,24,YES,1.0,24,YES,0.0,24,YES,0.0,YES,True,True,True
2016-05-17,2016,24,YES,11.31,24,YES,15.78,24,YES,4.0,24,YES,1.0,24,YES,3.0,24,YES,0.0,24,YES,0.0,YES,True,True,True
2016-05-18,2016,24,YES,11.92,24,YES,15.78,24,YES,22.0,24,YES,14.0,24,YES,41.0,24,YES,4.0,24,YES,72.0,YES,True,True,True
2016-05-19,2016,24,YES,11.87,24,YES,15.78,24,YES,15.0,24,YES,1.0,24,YES,3.0,24,YES,1.0,24,YES,24.0,YES,True,True,True
2016-05-20,2016,24,YES,11.86,24,YES,15.78,24,YES,0.0,24,YES,0.0,24,YES,0.0,24,YES,0.0,24,YES,0.0,YES,True,True,True
2016-05-21,2016,24,YES,11.84,24,YES,15.78,24,YES,0.0,24,YES,0.0,24,YES,0.0,24,YES,0.0,24,YES,0.0,YES,True,True,True
2016-05-22,2016,24,YES,11.83,24,YES,15.78,24,YES,5.0,24,YES,49.0,24,YES,1.0,24,YES,0.0,24,YES,2.0,YES,True,True,True
2016-05-23,2016,24,YES,11.81,24,YES,15.78,24,YES,5.0,24,YES,12.0,24,YES,46.0,24,YES,1.0,24,YES,35.0,YES,True,True,True
2016-05-24,2016,24,YES,12.07,24,YES,15.78,24,YES,5.0,24,YES,6.0,24,YES,0.0,24,YES,0.0,24,YES,0.0,YES,True,True,True
2016-05-25,2016,24,YES,12.87,24,YES,15.78,24,YES,12.0,24,YES,27.0,24,YES,26.0,24,YES,3.0,24,YES,23.0,YES,True,True,True
2016-05-26,2016,24,YES,12.91,24,YES,15.79,24,YES,1.0,24,YES,0.0,24,YES,0.0,24,YES,1.0,24,YES,0.0,YES,True,True,True
2016-05-27,2016,24,YES,12.17,24,YES,15.79,24,YES,4.0,24,YES,1.0,24,YES,1.0,24,YES,0.0,24,YES,1.0,YES,True,True,True
2016-05-28,2016,24,YES,12.09,24,YES,15.79,24,YES,1.0,24,YES,57.0,24,YES,4.0,24,YES,0.0,24,YES,13.0,YES,True,True,True
2016-05-29,2016,24,YES,13.56,24,YES,15.78,24,YES,24.0,24,YES,13.0,24,YES,48.0,24,YES,1.0,24,YES,41.0,YES,True,True,True
2016-05-30,2016,24,YES,12.8,24,YES,15.78,24,YES,0.0,24,YES,0.0,24,YES,0.0,24,YES,0.0,24,YES,0.0,YES,True,True,True
2016-05-31,2016,24,YES,12.45,24,YES,15.78,24,YES,22.0,24,YES,23.0,24,YES,5.0,24,YES,3.0,24,YES,25.0,YES,True,True,True
2016-06-01,2016,24,YES,12.45,24,YES,15.78,24,YES,0.0,24,YES,0.0,24,YES,26.0,24,YES,0.0,24,YES,0.0,YES,True,True,True
2016-06-02,2016,24,YES,12.69,24,YES,16.57,24,YES,47.0,24,YES,27.0,24,YES,3.0,24,YES,1.0,24,YES,41.0,YES,True,True,True
2016-06-03,2016,24,YES,12.91,24,YES,15.81,24,YES,15.0,24,YES,16.0,24,YES,21.0,24,YES,1.0,24,YES,30.0,YES,True,True,True
2016-06-04,2016,23,NO,,24,YES,15.81,24,YES,0.0,24,YES,0.0,24,YES,0.0,24,YES,0.0,24,YES,0.0,NO,False,False,False
2016-06-05,2016,24,YES,12.18,24,YES,15.8,24,YES,25.0,24,YES,8.0,24,YES,0.0,24,YES,0.0,24,YES,0.0,YES,False,False,False
2016-06-06,2016,24,YES,13.56,24,YES,15.81,24,YES,39.0,24,YES,4.0,24,YES,71.0,24,YES,1.0,24,YES,21.0,YES,True,False,False
2016-06-07,2016,24,YES,13.41,24,YES,15.86,24,YES,0.0,24,YES,0.0,24,YES,1.0,24,YES,0.0,24,YES,0.0,YES,True,True,False
2016-06-08,2016,24,YES,12.36,24,YES,15.86,24,YES,2.0,24,YES,0.0,24,YES,0.0,24,YES,0.0,24,YES,0.0,YES,True,True,True
2016-06-09,2016,24,YES,12.44,24,YES,15.86,24,YES,30.0,24,YES,15.0,24,YES,20.0,24,YES,2.0,24,YES,18.0,YES,True,True,True
2016-06-10,2016,24,YES,12.36,24,YES,15.86,24,YES,0.0,24,YES,0.0,24,YES,0.0,24,YES,0.0,24,YES,0.0,YES,True,True,True
2016-06-11,2016,24,YES,12.4,24,YES,15.87,24,YES,0.0,24,YES,0.0,24,YES,8.0,24,YES,0.0,24,YES,29.0,YES,True,True,True
2016-06-12,2016,24,YES,12.43,24,YES,15.87,24,YES,2.0,24,YES,12.0,24,YES,12.0,24,YES,1.0,24,YES,2.0,YES,True,True,True
2016-06-13,2016,24,YES,12.41,24,YES,15.87,24,YES,0.0,24,YES,10.0,24,YES,1.0,24,YES,0.0,24,YES,0.0,YES,True,True,True
2016-06-14,2016,24,YES,12.29,24,YES,15.87,24,YES,0.0,24,YES,1.0,24,YES,0.0,24,YES,0.0,24,YES,2.0,YES,True,True,True
2016-06-15,2016,24,YES,12.66,24,YES,16.24,24,YES,58.0,24,YES,60.0,24,YES,8.0,24,YES,0.0,24,YES,41.0,YES,True,True,True
2016-06-16,2016,24,YES,12.84,24,YES,15.88,24,YES,0.0,24,YES,0.0,24,YES,0.0,24,YES,0.0,24,YES,0.0,YES,True,True,True
2016-06-17,2016,24,YES,12.41,24,YES,15.88,24,YES,1.0,24,YES,0.0,24,YES,0.0,24,YES,0.0,24,YES,0.0,YES,True,True,True
2016-06-18,2016,24,YES,12.16,24,YES,15.88,24,YES,5.0,24,YES,11.0,24,YES,0.0,24,YES,0.0,24,YES,3.0,YES,True,True,True
2016-06-19,2016,24,YES,12.06,24,YES,15.88,24,YES,3.0,24,YES,5.0,24,YES,2.0,24,YES,0.0,24,YES,4.0,YES,True,True,True
2016-06-20,2016,24,YES,12.02,24,YES,15.88,24,YES,0.0,24,YES,0.0,24,YES,0.0,24,YES,0.0,24,YES,0.0,YES,True,True,True
2016-06-21,2016,24,YES,12.02,24,YES,15.88,24,YES,0.0,24,YES,0.0,24,YES,1.0,24,YES,0.0,24,YES,0.0,YES,True,True,True
2016-06-22,2016,24,YES,12.63,24,YES,15.88,24,YES,5.0,24,YES,3.0,24,YES,3.0,24,YES,2.0,24,YES,4.0,YES,True,True,True
2016-06-23,2016,24,YES,12.58,24,YES,15.88,24,YES,0.0,24,YES,0.0,24,YES,0.0,24,YES,0.0,24,YES,0.0,YES,True,True,True
2016-06-24,2016,22,NO,,24,YES,15.88,24,YES,0.0,24,YES,0.0,24,YES,1.0,24,YES,0.0,24,YES,5.0,NO,False,False,False
2016-06-25,2016,24,YES,11.98,24,YES,15.88,24,YES,0.0,24,YES,0.0,24,YES,0.0,24,YES,0.0,24,YES,0.0,YES,False,False,False
2016-06-26,2016,24,YES,12.38,24,YES,15.88,24,YES,15.0,24,YES,17.0,24,YES,19.0,24,YES,1.0,24,YES,10.0,YES,True,False,False
2016-06-27,2016,24,YES,12.21,24,YES,15.88,24,YES,0.0,24,YES,1.0,24,YES,0.0,24,YES,0.0,24,YES,0.0,YES,True,True,False
2016-06-28,2016,24,YES,12.03,24,YES,15.88,24,YES,0.0,24,YES,0.0,24,YES,0.0,24,YES,0.0,24,YES,0.0,YES,True,True,True
2016-06-29,2016,24,YES,12.56,24,YES,15.88,24,YES,8.0,24,YES,16.0,24,YES,13.0,24,YES,0.0,24,YES,12.0,YES,True,True,True
2016-06-30,2016,24,YES,12.33,24,YES,15.88,24,YES,4.0,24,YES,7.0,24,YES,5.0,24,YES,0.0,24,YES,5.0,YES,True,True,True
2016-07-01,2016,24,YES,12.05,24,YES,15.88,24,YES,0.0,24,YES,0.0,24,YES,0.0,24,YES,0.0,24,YES,0.0,YES,True,True,True
2016-07-02,2016,24,YES,12.03,24,YES,15.88,24,YES,1.0,24,YES,4.0,24,YES,1.0,24,YES,1.0,24,YES,0.0,YES,True,True,True
2016-07-03,2016,24,YES,12.53,24,YES,15.88,24,YES,1.0,24,YES,3.0,24,YES,3.0,24,YES,2.0,24,YES,53.0,YES,True,True,True
2016-07-04,2016,24,YES,12.4,24,YES,15.88,24,YES,0.0,24,YES,1.0,24,YES,0.0,24,YES,0.0,24,YES,0.0,YES,True,True,True
2016-07-05,2016,24,YES,13.42,24,YES,16.48,24,YES,41.0,24,YES,0.0,24,YES,30.0,24,YES,0.0,24,YES,39.0,YES,True,True,True
2016-07-06,2016,24,YES,13.13,24,YES,15.88,24,YES,2.0,24,YES,5.0,24,YES,3.0,24,YES,1.0,24,YES,9.0,YES,True,True,True
2016-07-07,2016,24,YES,12.87,24,YES,15.88,24,YES,49.0,24,YES,56.0,24,YES,63.0,24,YES,5.0,24,YES,87.0,YES,True,True,True
2016-07-08,2016,24,YES,14.51,24,YES,17.4,24,YES,48.0,24,YES,57.0,24,YES,34.0,24,YES,2.0,24,YES,34.0,YES,True,True,True
2016-07-09,2016,24,YES,13.7,24,YES,16.22,24,YES,9.0,24,YES,18.0,24,YES,13.0,24,YES,2.0,24,YES,13.0,YES,True,True,True
2016-07-10,2016,24,YES,13.19,24,YES,15.89,24,YES,4.0,24,YES,7.0,24,YES,8.0,24,YES,3.0,24,YES,3.0,YES,True,True,True
2016-07-11,2016,24,YES,13.4,24,YES,15.89,24,YES,1.0,24,YES,0.0,24,YES,16.0,24,YES,5.0,24,YES,3.0,YES,True,True,True
2016-07-12,2016,24,YES,13.02,24,YES,15.89,24,YES,14.0,24,YES,0.0,24,YES,0.0,24,YES,0.0,24,YES,0.0,YES,True,True,True
2016-07-13,2016,24,YES,12.61,24,YES,15.89,24,YES,1.0,24,YES,10.0,24,YES,0.0,24,YES,33.0,24,YES,0.0,YES,True,True,True
2016-07-14,2016,24,YES,12.76,24,YES,15.89,24,YES,10.0,24,YES,4.0,24,YES,12.0,24,YES,16.0,24,YES,6.0,YES,True,True,True
2016-07-15,2016,22,NO,,24,YES,15.89,24,YES,0.0,24,YES,0.0,24,YES,1.0,24,YES,4.0,24,YES,1.0,NO,False,False,False
2016-07-16,2016,24,YES,12.65,24,YES,15.89,24,YES,12.0,24,YES,1.0,24,YES,0.0,24,YES,3.0,24,YES,10.0,YES,False,False,False
2016-07-17,2016,24,YES,12.74,24,YES,15.89,24,YES,26.0,24,YES,9.0,24,YES,1.0,24,YES,21.0,24,YES,4.0,YES,True,False,False
2016-07-18,2016,24,YES,12.64,24,YES,15.89,24,YES,0.0,24,YES,0.0,24,YES,0.0,24,YES,4.0,24,YES,0.0,YES,True,True,False
2016-07-19,2016,24,YES,12.37,24,YES,15.89,24,YES,0.0,24,YES,1.0,24,YES,0.0,24,YES,13.0,24,YES,1.0,YES,True,True,True
2016-07-20,2016,24,YES,12.35,24,YES,15.89,24,YES,0.0,24,YES,1.0,24,YES,0.0,24,YES,0.0,24,YES,0.0,YES,True,True,True
2016-07-21,2016,24,YES,12.9,24,YES,15.84,24,YES,27.0,24,YES,0.0,24,YES,13.0,24,YES,7.0,24,YES,28.0,YES,True,True,True
2016-07-22,2016,24,YES,12.85,24,YES,15.84,24,YES,2.0,24,YES,0.0,24,YES,14.0,24,YES,19.0,24,YES,8.0,YES,True,True,True
2016-07-23,2016,24,YES,12.86,24,YES,15.84,24,YES,43.0,24,YES,10.0,24,YES,4.0,24,YES,1.0,24,YES,16.0,YES,True,True,True
2016-07-24,2016,24,YES,13.82,24,YES,16.19,24,YES,43.0,24,YES,35.0,24,YES,9.0,24,YES,62.0,24,YES,45.0,YES,True,True,True
2016-07-25,2016,24,YES,13.25,24,YES,15.84,24,YES,0.0,24,YES,0.0,24,YES,0.0,24,YES,0.0,24,YES,0.0,YES,True,True,True
2016-07-26,2016,24,YES,12.62,24,YES,15.84,24,YES,4.0,24,YES,0.0,24,YES,0.0,24,YES,0.0,24,YES,0.0,YES,True,True,True
2016-07-27,2016,24,YES,12.77,24,YES,15.84,24,YES,0.0,24,YES,0.0,24,YES,0.0,24,YES,39.0,24,YES,0.0,YES,True,True,True
2016-07-28,2016,24,YES,12.62,24,YES,15.84,24,YES,0.0,24,YES,0.0,24,YES,0.0,24,YES,1.0,24,YES,1.0,YES,True,True,True
2016-07-29,2016,24,YES,12.68,24,YES,15.84,24,YES,0.0,24,YES,0.0,24,YES,28.0,24,YES,0.0,24,YES,0.0,YES,True,True,True
2016-07-30,2016,24,YES,12.36,24,YES,15.84,24,YES,1.0,24,YES,15.0,24,YES,1.0,24,YES,13.0,24,YES,2.0,YES,True,True,True
2016-07-31,2016,24,YES,12.3,24,YES,15.84,24,YES,38.0,24,YES,39.0,24,YES,4.0,24,YES,3.0,24,YES,7.0,YES,True,True,True
2016-08-01,2016,24,YES,12.37,24,YES,15.84,24,YES,67.0,24,YES,43.0,24,YES,0.0,24,YES,1.0,24,YES,13.0,YES,True,True,True
2016-08-02,2016,24,YES,12.84,24,YES,15.84,24,YES,0.0,24,YES,1.0,24,YES,0.0,24,YES,0.0,24,YES,0.0,YES,True,True,True
2016-08-03,2016,24,YES,12.94,24,YES,15.84,24,YES,0.0,24,YES,9.0,24,YES,4.0,24,YES,3.0,24,YES,0.0,YES,True,True,True
2016-08-04,2016,24,YES,12.85,24,YES,15.84,24,YES,0.0,24,YES,0.0,24,YES,5.0,24,YES,3.0,24,YES,29.0,YES,True,True,True
2016-08-05,2016,24,YES,13.53,24,YES,15.85,24,YES,43.0,24,YES,72.0,24,YES,20.0,24,YES,28.0,24,YES,33.0,YES,True,True,True
2016-08-06,2016,24,YES,13.37,24,YES,15.85,24,YES,27.0,24,YES,51.0,24,YES,35.0,24,YES,48.0,24,YES,24.0,YES,True,True,True
2016-08-07,2016,24,YES,13.82,24,YES,15.85,24,YES,14.0,24,YES,18.0,24,YES,16.0,24,YES,16.0,24,YES,30.0,YES,True,True,True
2016-08-08,2016,24,YES,13.69,24,YES,15.85,24,YES,29.0,24,YES,23.0,24,YES,20.0,24,YES,4.0,24,YES,30.0,YES,True,True,True
2016-08-09,2016,24,YES,13.9,24,YES,16.17,24,YES,41.0,24,YES,32.0,24,YES,51.0,24,YES,28.0,24,YES,43.0,YES,True,True,True
2016-08-10,2016,24,YES,13.56,24,YES,16.0,24,YES,20.0,24,YES,25.0,24,YES,22.0,24,YES,15.0,24,YES,29.0,YES,True,True,True
2016-08-11,2016,24,YES,13.78,24,YES,15.92,24,YES,10.0,24,YES,9.0,24,YES,3.0,24,YES,4.0,24,YES,7.0,YES,True,True,True
2016-08-12,2016,24,YES,15.05,24,YES,17.99,24,YES,87.0,24,YES,82.0,24,YES,131.0,24,YES,98.0,24,YES,93.0,YES,True,True,True
2016-08-13,2016,24,YES,17.39,24,YES,21.75,24,YES,92.0,24,YES,102.0,24,YES,148.0,24,YES,142.0,24,YES,113.0,YES,True,True,True
2016-08-14,2016,24,YES,16.69,24,YES,19.86,24,YES,16.0,24,YES,23.0,24,YES,30.0,24,YES,61.0,24,YES,24.0,YES,True,True,True
2016-08-15,2016,24,YES,15.93,24,YES,18.82,24,YES,8.0,24,YES,12.0,24,YES,27.0,24,YES,54.0,24,YES,18.0,YES,True,True,True
2016-08-16,2016,24,YES,14.62,24,YES,17.37,24,YES,12.0,24,YES,5.0,24,YES,24.0,24,YES,48.0,24,YES,11.0,YES,True,True,True
2016-08-17,2016,24,YES,14.34,24,YES,17.02,24,YES,13.0,24,YES,15.0,24,YES,3.0,24,YES,6.0,24,YES,9.0,YES,True,True,True
2016-08-18,2016,24,YES,13.69,24,YES,16.1,24,YES,1.0,24,YES,6.0,24,YES,1.0,24,YES,16.0,24,YES,5.0,YES,True,True,True
2016-08-19,2016,24,YES,13.7,24,YES,15.88,24,YES,14.0,24,YES,15.0,24,YES,2.0,24,YES,4.0,24,YES,6.0,YES,True,True,True
2016-08-20,2016,23,NO,,24,YES,16.93,24,YES,51.0,24,YES,61.0,24,YES,32.0,24,YES,34.0,24,YES,41.0,NO,False,False,False
2016-08-21,2016,24,YES,14.24,24,YES,16.88,24,YES,23.0,24,YES,20.0,24,YES,7.0,24,YES,0.0,24,YES,52.0,YES,False,False,False
2016-08-22,2016,24,YES,13.75,24,YES,16.05,24,YES,0.0,24,YES,0.0,24,YES,1.0,24,YES,1.0,24,YES,1.0,YES,True,False,False
2016-08-23,2016,24,YES,13.53,24,YES,15.88,24,YES,3.0,24,YES,4.0,24,YES,5.0,24,YES,4.0,24,YES,9.0,YES,True,True,False
2016-08-24,2016,24,YES,13.34,24,YES,15.87,24,YES,7.0,24,YES,7.0,24,YES,0.0,24,YES,4.0,24,YES,2.0,YES,True,True,True
2016-08-25,2016,24,YES,13.32,24,YES,15.87,24,YES,13.0,24,YES,11.0,24,YES,23.0,24,YES,6.0,24,YES,18.0,YES,True,True,True
2016-08-26,2016,24,YES,13.85,24,YES,15.96,24,YES,47.0,24,YES,44.0,24,YES,34.0,24,YES,34.0,24,YES,49.0,YES,True,True,True
2016-08-27,2016,24,YES,13.77,24,YES,16.52,24,YES,7.0,24,YES,7.0,24,YES,6.0,24,YES,11.0,24,YES,6.0,YES,True,True,True
2016-08-28,2016,24,YES,13.79,24,YES,16.08,24,YES,5.0,24,YES,7.0,24,YES,22.0,24,YES,51.0,24,YES,21.0,YES,True,True,True
2016-08-29,2016,24,YES,14.19,24,YES,16.96,24,YES,14.0,24,YES,19.0,24,YES,42.0,24,YES,46.0,24,YES,25.0,YES,True,True,True
2016-08-30,2016,24,YES,13.78,24,YES,16.51,24,YES,0.0,24,YES,0.0,24,YES,0.0,24,YES,0.0,24,YES,0.0,YES,True,True,True
2016-08-31,2016,24,YES,13.48,24,YES,15.94,24,YES,0.0,24,YES,0.0,24,YES,0.0,24,YES,0.0,24,YES,0.0,YES,True,True,True
2016-09-01,2016,24,YES,13.32,24,YES,15.86,24,YES,0.0,24,YES,0.0,24,YES,0.0,24,YES,0.0,24,YES,0.0,YES,True,True,True
2016-09-02,2016,24,YES,13.06,24,YES,15.85,24,YES,5.0,24,YES,0.0,24,YES,0.0,24,YES,0.0,24,YES,0.0,YES,True,True,True
2016-09-03,2016,24,YES,12.87,24,YES,15.85,24,YES,1.0,24,YES,0.0,24,YES,0.0,24,YES,0.0,24,YES,1.0,YES,True,True,True
2016-09-04,2016,24,YES,13.83,24,YES,16.38,24,YES,23.0,24,YES,38.0,24,YES,30.0,24,YES,50.0,24,YES,11.0,YES,True,True,True
2016-09-05,2016,24,YES,13.28,24,YES,15.86,24,YES,1.0,24,YES,5.0,24,YES,0.0,24,YES,1.0,24,YES,0.0,YES,True,True,True
2016-09-06,2016,24,YES,13.02,24,YES,15.85,24,YES,8.0,24,YES,2.0,24,YES,0.0,24,YES,0.0,24,YES,0.0,YES,True,True,True
2016-09-07,2016,24,YES,13.86,24,YES,16.12,24,YES,7.0,24,YES,9.0,24,YES,18.0,24,YES,28.0,24,YES,41.0,YES,True,True,True
2016-09-08,2016,24,YES,13.9,24,YES,16.69,24,YES,40.0,24,YES,0.0,24,YES,27.0,24,YES,79.0,24,YES,37.0,YES,True,True,True
2016-09-09,2016,24,YES,13.63,24,YES,16.48,24,YES,32.0,24,YES,2.0,24,YES,6.0,24,YES,0.0,24,YES,16.0,YES,True,True,True
2016-09-10,2016,24,YES,13.37,24,YES,15.92,24,YES,4.0,24,YES,3.0,24,YES,5.0,24,YES,4.0,24,YES,5.0,YES,True,True,True
2016-09-11,2016,24,YES,13.1,24,YES,15.87,24,YES,0.0,24,YES,1.0,24,YES,0.0,24,YES,0.0,24,YES,0.0,YES,True,True,True
2016-09-12,2016,24,YES,14.0,24,YES,16.95,24,YES,36.0,24,YES,17.0,24,YES,41.0,24,YES,6.0,24,YES,104.0,YES,True,True,True
2016-09-13,2016,24,YES,13.19,24,YES,15.96,24,YES,2.0,24,YES,1.0,24,YES,0.0,24,YES,11.0,24,YES,0.0,YES,True,True,True
2016-09-14,2016,24,YES,12.95,24,YES,16.49,24,YES,47.0,24,YES,19.0,24,YES,27.0,24,YES,7.0,24,YES,11.0,YES,True,True,True
2016-09-15,2016,24,YES,12.46,24,YES,15.94,24,YES,2.0,24,YES,48.0,24,YES,0.0,24,YES,13.0,24,YES,10.0,YES,True,True,True
2016-09-16,2016,24,YES,13.27,24,YES,15.98,24,YES,19.0,24,YES,6.0,24,YES,1.0,24,YES,9.0,24,YES,16.0,YES,True,True,True
2016-09-17,2016,24,YES,13.34,24,YES,15.89,24,YES,3.0,24,YES,8.0,24,YES,2.0,24,YES,0.0,24,YES,7.0,YES,True,True,True
2016-09-18,2016,24,YES,13.1,24,YES,15.86,24,YES,0.0,24,YES,30.0,24,YES,0.0,24,YES,1.0,24,YES,2.0,YES,True,True,True
2016-09-19,2016,24,YES,14.97,24,YES,18.34,24,YES,97.0,24,YES,25.0,24,YES,59.0,24,YES,70.0,24,YES,92.0,YES,True,True,True
2016-09-20,2016,24,YES,14.37,24,YES,17.15,24,YES,1.0,24,YES,3.0,24,YES,0.0,24,YES,3.0,24,YES,1.0,YES,True,True,True
2016-09-21,2016,24,YES,13.07,24,YES,16.05,24,YES,0.0,24,YES,0.0,24,YES,18.0,24,YES,0.0,24,YES,0.0,YES,True,True,True
2016-09-22,2016,24,YES,12.83,24,YES,15.98,24,YES,0.0,24,YES,0.0,24,YES,0.0,24,YES,0.0,24,YES,0.0,YES,True,True,True
2016-09-23,2016,24,YES,13.42,24,YES,16.1,24,YES,45.0,24,YES,39.0,24,YES,21.0,24,YES,10.0,24,YES,16.0,YES,True,True,True
2016-09-24,2016,24,YES,13.81,24,YES,16.38,24,YES,2.0,24,YES,4.0,24,YES,13.0,24,YES,8.0,24,YES,33.0,YES,True,True,True
2016-09-25,2016,24,YES,13.69,24,YES,16.74,24,YES,26.0,24,YES,36.0,24,YES,23.0,24,YES,64.0,24,YES,29.0,YES,True,True,True
2016-09-26,2016,24,YES,12.72,24,YES,15.99,24,YES,0.0,24,YES,0.0,24,YES,1.0,24,YES,2.0,24,YES,0.0,YES,True,True,True
2016-09-27,2016,24,YES,13.93,24,YES,16.62,24,YES,70.0,24,YES,73.0,24,YES,75.0,24,YES,154.0,24,YES,54.0,YES,True,True,True
2016-09-28,2016,23,NO,,24,YES,18.23,24,YES,29.0,24,YES,28.0,24,YES,28.0,24,YES,16.0,24,YES,13.0,NO,False,False,False
2016-09-29,2016,24,YES,14.31,24,YES,17.13,24,YES,5.0,24,YES,19.0,24,YES,8.0,24,YES,3.0,24,YES,7.0,YES,False,False,False
2016-09-30,2016,22,NO,,24,YES,16.35,24,YES,0.0,24,YES,0.0,24,YES,0.0,24,YES,2.0,24,YES,1.0,NO,False,False,False
2016-10-01,2016,24,YES,12.98,24,YES,15.99,24,YES,0.0,24,YES,8.0,24,YES,0.0,24,YES,0.0,24,YES,0.0,YES,False,False,False
2016-10-02,2016,24,YES,12.57,24,YES,15.96,24,YES,7.0,24,YES,2.0,24,YES,1.0,24,YES,9.0,24,YES,8.0,YES,True,False,False
2016-10-03,2016,24,YES,12.41,24,YES,15.94,24,YES,3.0,24,YES,1.0,24,YES,26.0,24,YES,0.0,24,YES,3.0,YES,True,True,False
2016-10-04,2016,24,YES,13.9,24,YES,17.04,24,YES,93.0,24,YES,61.0,24,YES,21.0,24,YES,28.0,24,YES,67.0,YES,True,True,True
2016-10-05,2016,24,YES,13.24,24,YES,16.82,24,YES,12.0,24,YES,0.0,24,YES,1.0,24,YES,1.0,24,YES,2.0,YES,True,True,True
2016-10-06,2016,24,YES,13.02,24,YES,16.01,24,YES,6.0,24,YES,10.0,24,YES,10.0,24,YES,11.0,24,YES,8.0,YES,True,True,True
2016-10-07,2016,24,YES,12.64,24,YES,15.97,24,YES,5.0,24,YES,1.0,24,YES,7.0,24,YES,21.0,24,YES,1.0,YES,True,True,True
2016-10-08,2016,24,YES,12.52,24,YES,15.96,24,YES,0.0,24,YES,0.0,24,YES,10.0,24,YES,17.0,24,YES,2.0,YES,True,True,True
2016-10-09,2016,24,YES,12.36,24,YES,15.96,24,YES,1.0,24,YES,0.0,24,YES,0.0,24,YES,0.0,24,YES,1.0,YES,True,True,True
2016-10-10,2016,24,YES,12.25,24,YES,15.94,24,YES,70.0,24,YES,4.0,24,YES,6.0,24,YES,16.0,24,YES,21.0,YES,True,True,True
2016-10-11,2016,24,YES,14.98,24,YES,17.79,24,YES,8.0,24,YES,67.0,24,YES,100.0,24,YES,53.0,24,YES,80.0,YES,True,True,True
2016-10-12,2016,24,YES,13.46,24,YES,16.23,24,YES,10.0,24,YES,0.0,24,YES,22.0,24,YES,1.0,24,YES,2.0,YES,True,True,True
2016-10-13,2016,24,YES,12.89,24,YES,16.01,24,YES,2.0,24,YES,7.0,24,YES,1.0,24,YES,5.0,24,YES,3.0,YES,True,True,True
2016-10-14,2016,24,YES,12.52,24,YES,15.99,24,YES,0.0,24,YES,0.0,24,YES,0.0,24,YES,0.0,24,YES,0.0,YES,True,True,True
2016-10-15,2016,24,YES,12.34,24,YES,15.96,24,YES,75.0,24,YES,118.0,24,YES,58.0,24,YES,84.0,24,YES,70.0,YES,True,True,True
2016-10-16,2016,24,YES,15.39,24,YES,18.36,24,YES,2.0,24,YES,1.0,24,YES,3.0,24,YES,3.0,24,YES,2.0,YES,True,True,True
2016-10-17,2016,24,YES,13.66,24,YES,16.49,24,YES,6.0,24,YES,4.0,24,YES,0.0,24,YES,8.0,24,YES,0.0,YES,True,True,True
2016-10-18,2016,24,YES,13.08,24,YES,16.03,24,YES,0.0,24,YES,7.0,24,YES,0.0,24,YES,1.0,24,YES,0.0,YES,True,True,True
2016-10-19,2016,24,YES,12.89,24,YES,15.97,24,YES,5.0,24,YES,7.0,24,YES,6.0,24,YES,13.0,24,YES,6.0,YES,True,True,True
2016-10-20,2016,24,YES,13.3,24,YES,15.96,24,YES,3.0,24,YES,0.0,24,YES,5.0,24,YES,6.0,24,YES,1.0,YES,True,True,True
2016-10-21,2016,24,YES,13.29,24,YES,15.93,24,YES,0.0,24,YES,5.0,24,YES,0.0,24,YES,0.0,24,YES,0.0,YES,True,True,True
2016-10-22,2016,24,YES,13.13,24,YES,15.92,24,YES,0.0,24,YES,0.0,24,YES,0.0,24,YES,1.0,24,YES,0.0,YES,True,True,True
2016-10-23,2016,24,YES,13.09,24,YES,15.9,24,YES,0.0,24,YES,0.0,24,YES,9.0,24,YES,0.0,24,YES,0.0,YES,True,True,True
2016-10-24,2016,24,YES,13.04,24,YES,15.9,24,YES,0.0,24,YES,0.0,24,YES,0.0,24,YES,0.0,24,YES,0.0,YES,True,True,True
2016-10-25,2016,24,YES,12.97,24,YES,15.89,24,YES,1.0,24,YES,0.0,24,YES,0.0,24,YES,0.0,24,YES,0.0,YES,True,True,True
2016-10-26,2016,24,YES,12.89,24,YES,15.89,24,YES,0.0,24,YES,1.0,24,YES,0.0,24,YES,0.0,24,YES,0.0,YES,True,True,True
2016-10-27,2016,23,NO,,24,YES,15.89,24,YES,0.0,24,YES,2.0,24,YES,0.0,24,YES,0.0,24,YES,0.0,NO,False,False,False
2016-10-28,2016,24,YES,12.76,24,YES,15.89,24,YES,10.0,24,YES,22.0,24,YES,4.0,24,YES,8.0,24,YES,12.0,YES,False,False,False
2016-10-29,2016,24,YES,12.7,24,YES,15.88,24,YES,0.0,24,YES,1.0,24,YES,0.0,24,YES,0.0,24,YES,0.0,YES,True,False,False
2016-10-30,2016,24,YES,12.68,24,YES,15.88,24,YES,0.0,24,YES,0.0,24,YES,0.0,24,YES,3.0,24,YES,0.0,YES,True,True,False
2016-10-31,2016,24,YES,12.64,24,YES,15.88,24,YES,1.0,24,YES,3.0,24,YES,1.0,24,YES,1.0,24,YES,3.0,YES,True,True,True
2016-11-01,2016,24,YES,12.59,24,YES,15.88,24,YES,7.0,24,YES,6.0,24,YES,1.0,24,YES,4.0,24,YES,1.0,YES,True,True,True
2016-11-02,2016,24,YES,13.24,24,YES,15.88,24,YES,31.0,24,YES,49.0,24,YES,25.0,24,YES,28.0,24,YES,27.0,YES,True,True,True
2016-11-03,2016,24,YES,13.58,24,YES,15.9,24,YES,1.0,24,YES,2.0,24,YES,0.0,24,YES,0.0,24,YES,0.0,YES,True,True,True
2016-11-04,2016,24,YES,13.14,24,YES,15.9,24,YES,17.0,24,YES,21.0,24,YES,5.0,24,YES,5.0,24,YES,9.0,YES,True,True,True
2016-11-05,2016,24,YES,13.1,24,YES,15.89,24,YES,0.0,24,YES,0.0,24,YES,0.0,24,YES,0.0,24,YES,0.0,YES,True,True,True
2016-11-06,2016,24,YES,13.03,24,YES,15.89,24,YES,0.0,24,YES,1.0,24,YES,0.0,24,YES,1.0,24,YES,0.0,YES,True,True,True
2016-11-07,2016,24,YES,12.94,24,YES,15.88,24,YES,0.0,24,YES,0.0,24,YES,0.0,24,YES,0.0,24,YES,0.0,YES,True,True,True
2016-11-08,2016,24,YES,12.85,24,YES,15.88,24,YES,0.0,24,YES,0.0,24,YES,0.0,24,YES,0.0,24,YES,0.0,YES,True,True,True
2016-11-09,2016,24,YES,12.76,24,YES,15.88,24,YES,0.0,24,YES,0.0,24,YES,0.0,24,YES,0.0,24,YES,0.0,YES,True,True,True
2016-11-10,2016,24,YES,12.69,24,YES,15.88,24,YES,0.0,24,YES,1.0,24,YES,0.0,24,YES,0.0,24,YES,0.0,YES,True,True,True
2016-11-11,2016,24,YES,12.63,24,YES,15.88,24,YES,0.0,24,YES,3.0,24,YES,0.0,24,YES,1.0,24,YES,0.0,YES,True,True,True
2016-11-12,2016,24,YES,12.58,24,YES,15.88,24,YES,0.0,24,YES,0.0,24,YES,0.0,24,YES,0.0,24,YES,0.0,YES,True,True,True
2016-11-13,2016,24,YES,12.54,24,YES,15.88,24,YES,0.0,24,YES,2.0,24,YES,0.0,24,YES,0.0,24,YES,0.0,YES,True,True,True
2016-11-14,2016,24,YES,12.51,24,YES,15.88,24,YES,0.0,24,YES,0.0,24,YES,0.0,24,YES,0.0,24,YES,0.0,YES,True,True,True
2016-11-15,2016,24,YES,12.88,24,YES,16.15,24,YES,36.0,24,YES,52.0,24,YES,23.0,24,YES,41.0,24,YES,32.0,YES,True,True,True
2016-11-16,2016,24,YES,12.9,24,YES,15.97,24,YES,0.0,24,YES,1.0,24,YES,1.0,24,YES,1.0,24,YES,1.0,YES,True,True,True
2016-11-17,2016,24,YES,12.87,24,YES,15.89,24,YES,0.0,24,YES,0.0,24,YES,0.0,24,YES,0.0,24,YES,0.0,YES,True,True,True
2016-11-18,2016,24,YES,12.74,24,YES,15.88,24,YES,8.0,24,YES,14.0,24,YES,5.0,24,YES,16.0,24,YES,6.0,YES,True,True,True
2016-11-19,2016,24,YES,12.61,24,YES,15.88,24,YES,3.0,24,YES,5.0,24,YES,2.0,24,YES,1.0,24,YES,2.0,YES,True,True,True
2016-11-20,2016,24,YES,12.56,24,YES,15.88,24,YES,0.0,24,YES,0.0,24,YES,0.0,24,YES,0.0,24,YES,0.0,YES,True,True,True
2016-11-21,2016,24,YES,12.52,24,YES,15.88,24,YES,0.0,24,YES,0.0,24,YES,0.0,24,YES,0.0,24,YES,0.0,YES,True,True,True
2016-11-22,2016,24,YES,12.5,24,YES,15.88,24,YES,4.0,24,YES,2.0,24,YES,1.0,24,YES,1.0,24,YES,3.0,YES,True,True,True
2016-11-23,2016,24,YES,12.5,24,YES,15.88,24,YES,0.0,24,YES,0.0,24,YES,0.0,24,YES,0.0,24,YES,0.0,YES,True,True,True
2016-11-24,2016,24,YES,12.49,24,YES,15.88,24,YES,5.0,24,YES,9.0,24,YES,6.0,24,YES,11.0,24,YES,4.0,YES,True,True,True
2016-11-25,2016,24,YES,12.49,24,YES,15.88,24,YES,3.0,24,YES,20.0,24,YES,9.0,24,YES,3.0,24,YES,6.0,YES,True,True,True
2016-11-26,2016,24,YES,12.49,24,YES,15.88,24,YES,3.0,24,YES,1.0,24,YES,5.0,24,YES,2.0,24,YES,3.0,YES,True,True,True
2016-11-27,2016,24,YES,12.49,24,YES,15.88,24,YES,0.0,24,YES,0.0,24,YES,0.0,24,YES,0.0,24,YES,0.0,YES,True,True,True
2016-11-28,2016,24,YES,12.49,24,YES,15.88,24,YES,0.0,24,YES,0.0,24,YES,0.0,24,YES,0.0,24,YES,0.0,YES,True,True,True
2016-11-29,2016,24,YES,12.49,24,YES,15.88,24,YES,1.0,24,YES,0.0,24,YES,0.0,24,YES,3.0,24,YES,1.0,YES,True,True,True
2016-11-30,2016,24,YES,12.49,24,YES,15.88,24,YES,0.0,24,YES,0.0,24,YES,0.0,24,YES,0.0,24,YES,0.0,YES,True,True,True
2016-12-01,2016,24,YES,12.48,24,YES,15.88,24,YES,0.0,24,YES,2.0,24,YES,0.0,24,YES,0.0,24,YES,0.0,YES,True,True,True
2016-12-02,2016,24,YES,12.48,24,YES,15.88,24,YES,6.0,24,YES,8.0,24,YES,0.0,24,YES,6.0,24,YES,8.0,YES,True,True,True
2016-12-03,2016,24,YES,12.48,24,YES,15.88,24,YES,0.0,24,YES,0.0,24,YES,0.0,24,YES,0.0,24,YES,0.0,YES,True,True,True
2016-12-04,2016,24,YES,12.48,24,YES,15.88,24,YES,0.0,24,YES,1.0,24,YES,4.0,24,YES,1.0,24,YES,0.0,YES,True,True,True
2016-12-05,2016,24,YES,12.48,24,YES,15.88,24,YES,6.0,24,YES,6.0,24,YES,4.0,24,YES,1.0,24,YES,1.0,YES,True,True,True
2016-12-06,2016,24,YES,12.48,24,YES,15.88,24,YES,0.0,24,YES,0.0,24,YES,0.0,24,YES,0.0,24,YES,0.0,YES,True,True,True
2016-12-07,2016,24,YES,12.48,24,YES,15.88,24,YES,3.0,24,YES,7.0,24,YES,0.0,24,YES,7.0,24,YES,4.0,YES,True,True,True
2016-12-08,2016,24,YES,12.48,24,YES,15.88,24,YES,0.0,24,YES,6.0,24,YES,0.0,24,YES,0.0,24,YES,1.0,YES,True,True,True
2016-12-09,2016,24,YES,12.48,24,YES,15.88,24,YES,6.0,24,YES,0.0,24,YES,0.0,24,YES,0.0,24,YES,0.0,YES,True,True,True
2016-12-10,2016,24,YES,12.48,24,YES,15.88,24,YES,24.0,24,YES,1.0,24,YES,0.0,24,YES,1.0,24,YES,13.0,YES,True,True,True
2016-12-11,2016,24,YES,12.48,24,YES,15.88,24,YES,1.0,24,YES,4.0,24,YES,0.0,24,YES,0.0,24,YES,0.0,YES,True,True,True
2016-12-12,2016,24,YES,12.48,24,YES,15.89,24,YES,79.0,24,YES,83.0,24,YES,0.0,24,YES,0.0,24,YES,73.0,YES,True,True,True
2016-12-13,2016,24,YES,13.91,24,YES,17.08,24,YES,7.0,24,YES,8.0,24,YES,0.0,24,YES,0.0,24,YES,7.0,YES,True,True,True
2016-12-14,2016,24,YES,12.91,24,YES,16.02,24,YES,0.0,24,YES,0.0,24,YES,11.0,24,YES,0.0,24,YES,0.0,YES,True,True,True
2016-12-15,2016,24,YES,12.64,24,YES,15.98,24,YES,18.0,24,YES,42.0,24,YES,117.0,24,YES,0.0,24,YES,14.0,YES,True,True,True
2016-12-16,2016,24,YES,13.21,24,YES,15.98,24,YES,13.0,24,YES,19.0,24,YES,75.0,24,YES,0.0,24,YES,9.0,YES,True,True,True
2016-12-17,2016,24,YES,13.17,24,YES,15.97,24,YES,0.0,24,YES,0.0,24,YES,1.0,24,YES,0.0,24,YES,0.0,YES,True,True,True
2016-12-18,2016,24,YES,12.99,24,YES,15.94,24,YES,4.0,24,YES,13.0,24,YES,17.0,24,YES,0.0,24,YES,6.0,YES,True,True,True
2016-12-19,2016,24,YES,12.85,24,YES,15.92,24,YES,0.0,24,YES,0.0,24,YES,51.0,24,YES,0.0,24,YES,0.0,YES,True,True,True
2016-12-20,2016,24,YES,12.79,24,YES,15.91,24,YES,0.0,24,YES,0.0,24,YES,2.0,24,YES,0.0,24,YES,0.0,YES,True,True,True
2016-12-21,2016,24,YES,12.68,24,YES,15.9,24,YES,0.0,24,YES,1.0,24,YES,0.0,24,YES,0.0,24,YES,1.0,YES,True,True,True
2016-12-22,2016,24,YES,12.58,24,YES,15.89,24,YES,0.0,24,YES,0.0,24,YES,0.0,24,YES,0.0,24,YES,0.0,YES,True,True,True
2016-12-23,2016,24,YES,12.52,24,YES,15.88,24,YES,0.0,24,YES,0.0,24,YES,0.0,24,YES,0.0,24,YES,0.0,YES,True,True,True
2016-12-24,2016,24,YES,12.52,24,YES,15.88,24,YES,0.0,24,YES,0.0,24,YES,0.0,24,YES,0.0,24,YES,0.0,YES,True,True,True
2016-12-25,2016,24,YES,12.52,24,YES,15.87,24,YES,6.0,24,YES,9.0,24,YES,0.0,24,YES,0.0,24,YES,3.0,YES,True,True,True
2016-12-26,2016,24,YES,13.33,24,YES,16.49,24,YES,28.0,24,YES,51.0,24,YES,0.0,24,YES,0.0,24,YES,32.0,YES,True,True,True
2016-12-27,2016,24,YES,13.07,24,YES,16.02,24,YES,0.0,24,YES,0.0,24,YES,0.0,24,YES,0.0,24,YES,0.0,YES,True,True,True
2016-12-28,2016,24,YES,12.64,24,YES,15.94,24,YES,0.0,24,YES,0.0,24,YES,0.0,24,YES,0.0,24,YES,0.0,YES,True,True,True
2016-12-29,2016,24,YES,12.54,24,YES,15.9,24,YES,0.0,24,YES,1.0,24,YES,0.0,24,YES,0.0,24,YES,0.0,YES,True,True,True
2016-12-30,2016,24,YES,12.53,24,YES,15.89,24,YES,0.0,24,YES,4.0,24,YES,0.0,24,YES,0.0,24,YES,0.0,YES,True,True,True
2016-12-31,2016,24,YES,12.53,24,YES,15.89,24,YES,4.0,24,YES,15.0,24,YES,2.0,24,YES,0.0,24,YES,3.0,YES,True,True,True
2017-01-01,2017,24,YES,12.53,24,YES,15.89,24,YES,5.0,24,YES,21.0,24,YES,4.0,24,YES,20.0,24,YES,6.0,YES,True,True,True
2017-01-02,2017,24,YES,12.53,24,YES,15.89,24,YES,0.0,24,YES,0.0,24,YES,0.0,24,YES,0.0,24,YES,0.0,YES,True,True,True
2017-01-03,2017,24,YES,12.53,24,YES,15.88,24,YES,0.0,24,YES,0.0,24,YES,0.0,24,YES,0.0,24,YES,0.0,YES,True,True,True
2017-01-04,2017,24,YES,12.53,24,YES,15.88,24,YES,0.0,24,YES,0.0,24,YES,0.0,24,YES,0.0,24,YES,0.0,YES,True,True,True
2017-01-05,2017,24,YES,12.53,24,YES,15.88,24,YES,0.0,24,YES,0.0,24,YES,0.0,24,YES,0.0,24,YES,0.0,YES,True,True,True
2017-01-06,2017,24,YES,12.53,24,YES,15.88,24,YES,0.0,24,YES,0.0,24,YES,0.0,24,YES,0.0,24,YES,0.0,YES,True,True,True
2017-01-07,2017,24,YES,12.53,24,YES,15.88,24,YES,0.0,24,YES,0.0,24,YES,0.0,24,YES,0.0,24,YES,0.0,YES,True,True,True
2017-01-08,2017,24,YES,12.53,24,YES,15.88,24,YES,0.0,24,YES,0.0,24,YES,0.0,24,YES,0.0,24,YES,0.0,YES,True,True,True
2017-01-09,2017,24,YES,12.53,24,YES,15.88,24,YES,0.0,24,YES,0.0,24,YES,0.0,24,YES,0.0,24,YES,0.0,YES,True,True,True
2017-01-10,2017,24,YES,12.53,24,YES,15.88,24,YES,17.0,24,YES,22.0,24,YES,13.0,24,YES,12.0,24,YES,15.0,YES,True,True,True
2017-01-11,2017,24,YES,12.53,24,YES,15.88,24,YES,2.0,24,YES,7.0,24,YES,1.0,24,YES,2.0,20,NO,,NO,False,False,False
2017-01-12,2017,24,YES,12.53,24,YES,15.88,24,YES,0.0,24,YES,0.0,24,YES,0.0,24,YES,0.0,24,YES,0.0,YES,False,False,False
2017-01-13,2017,24,YES,12.53,24,YES,15.88,24,YES,0.0,24,YES,0.0,24,YES,0.0,24,YES,0.0,24,YES,0.0,YES,True,False,False
2017-01-14,2017,24,YES,12.53,24,YES,15.88,24,YES,0.0,24,YES,0.0,24,YES,0.0,24,YES,0.0,24,YES,0.0,YES,True,True,False
2017-01-15,2017,24,YES,12.53,24,YES,15.88,24,YES,0.0,24,YES,0.0,24,YES,0.0,24,YES,0.0,24,YES,1.0,YES,True,True,True
2017-01-16,2017,24,YES,12.53,24,YES,15.88,24,YES,0.0,24,YES,0.0,24,YES,0.0,24,YES,0.0,24,YES,0.0,YES,True,True,True
2017-01-17,2017,24,YES,12.52,24,YES,15.88,24,YES,0.0,24,YES,0.0,24,YES,0.0,24,YES,0.0,24,YES,0.0,YES,True,True,True
2017-01-18,2017,24,YES,12.52,24,YES,15.89,24,YES,0.0,24,YES,0.0,24,YES,0.0,24,YES,0.0,24,YES,0.0,YES,True,True,True
2017-01-19,2017,24,YES,12.52,24,YES,15.87,24,YES,0.0,24,YES,0.0,24,YES,0.0,24,YES,0.0,24,YES,0.0,YES,True,True,True
2017-01-20,2017,24,YES,12.52,24,YES,15.87,24,YES,0.0,24,YES,0.0,24,YES,0.0,24,YES,0.0,24,YES,0.0,YES,True,True,True
2017-01-21,2017,24,YES,12.52,24,YES,15.87,24,YES,0.0,24,YES,0.0,24,YES,0.0,24,YES,0.0,24,YES,0.0,YES,True,True,True
2017-01-22,2017,24,YES,12.52,24,YES,15.91,24,YES,28.0,24,YES,62.0,24,YES,24.0,24,YES,35.0,24,YES,27.0,YES,True,True,True
2017-01-23,2017,24,YES,12.523,24,YES,15.91,24,YES,4.0,24,YES,16.0,24,YES,1.0,24,YES,0.0,24,YES,3.0,YES,True,True,True
2017-01-24,2017,24,YES,12.52,24,YES,15.89,24,YES,0.0,24,YES,2.0,24,YES,0.0,24,YES,2.0,24,YES,1.0,YES,True,True,True
2017-01-25,2017,24,YES,12.52,24,YES,15.88,24,YES,0.0,24,YES,2.0,24,YES,0.0,24,YES,0.0,24,YES,0.0,YES,True,True,True
2017-01-26,2017,24,YES,12.52,24,YES,15.88,24,YES,0.0,24,YES,0.0,24,YES,0.0,24,YES,0.0,24,YES,0.0,YES,True,True,True
2017-01-27,2017,24,YES,12.52,24,YES,15.88,24,YES,0.0,24,YES,1.0,24,YES,0.0,24,YES,0.0,24,YES,0.0,YES,True,True,True
2017-01-28,2017,24,YES,12.16,24,YES,15.88,24,YES,0.0,24,YES,0.0,24,YES,0.0,24,YES,0.0,24,YES,0.0,YES,True,True,True
2017-01-29,2017,24,YES,12.14,24,YES,15.88,24,YES,0.0,24,YES,0.0,24,YES,0.0,24,YES,0.0,24,YES,0.0,YES,True,True,True
2017-01-30,2017,24,YES,12.13,24,YES,15.88,24,YES,0.0,24,YES,0.0,24,YES,0.0,24,YES,0.0,24,YES,0.0,YES,True,True,True
2017-01-31,2017,24,YES,12.12,24,YES,15.87,24,YES,2.0,24,YES,5.0,24,YES,4.0,24,YES,0.0,24,YES,0.0,YES,True,True,True
2017-02-01,2017,24,YES,12.84,24,YES,15.94,24,YES,6.0,24,YES,8.0,24,YES,33.0,24,YES,6.0,24,YES,7.0,YES,True,True,True
2017-02-02,2017,24,YES,12.31,24,YES,15.93,24,YES,3.0,24,YES,9.0,24,YES,3.0,22,NO,,24,YES,8.0,NO,False,False,False
2017-02-03,2017,24,YES,12.23,24,YES,15.92,24,YES,0.0,24,YES,0.0,24,YES,0.0,24,YES,0.0,24,YES,0.0,YES,False,False,False
2017-02-04,2017,24,YES,12.22,24,YES,15.92,24,YES,0.0,24,YES,0.0,24,YES,0.0,24,YES,0.0,24,YES,0.0,YES,True,False,False
2017-02-05,2017,24,YES,12.16,24,YES,15.92,24,YES,0.0,24,YES,0.0,24,YES,0.0,24,YES,0.0,24,YES,0.0,YES,True,True,False
2017-02-06,2017,24,YES,12.13,24,YES,15.92,24,YES,0.0,24,YES,0.0,24,YES,0.0,24,YES,0.0,24,YES,0.0,YES,True,True,True
2017-02-07,2017,24,YES,12.11,24,YES,15.92,24,YES,0.0,24,YES,0.0,24,YES,0.0,24,YES,0.0,24,YES,0.0,YES,True,True,True
2017-02-08,2017,24,YES,11.86,24,YES,15.92,24,YES,0.0,24,YES,0.0,24,YES,0.0,24,YES,0.0,24,YES,0.0,YES,True,True,True
2017-02-09,2017,24,YES,11.84,24,YES,15.93,24,YES,0.0,24,YES,0.0,24,YES,0.0,24,YES,0.0,24,YES,0.0,YES,True,True,True
2017-02-10,2017,24,YES,11.83,24,YES,15.93,24,YES,0.0,24,YES,0.0,24,YES,0.0,24,YES,0.0,24,YES,0.0,YES,True,True,True
2017-02-11,2017,24,YES,11.83,24,YES,15.93,24,YES,0.0,24,YES,0.0,24,YES,0.0,24,YES,0.0,24,YES,0.0,YES,True,True,True
2017-02-12,2017,24,YES,11.85,24,YES,15.93,24,YES,0.0,24,YES,0.0,24,YES,0.0,24,YES,0.0,24,YES,0.0,YES,True,True,True
2017-02-13,2017,24,YES,11.83,24,YES,15.94,24,YES,0.0,24,YES,6.0,24,YES,0.0,24,YES,0.0,24,YES,0.0,YES,True,True,True
2017-02-14,2017,24,YES,11.83,24,YES,15.95,24,YES,0.0,24,YES,0.0,24,YES,0.0,24,YES,0.0,24,YES,0.0,YES,True,True,True
2017-02-15,2017,24,YES,11.83,24,YES,15.95,24,YES,0.0,24,YES,0.0,24,YES,0.0,24,YES,0.0,24,YES,0.0,YES,True,True,True
2017-02-16,2017,24,YES,11.82,24,YES,15.95,24,YES,0.0,24,YES,0.0,24,YES,0.0,24,YES,0.0,24,YES,0.0,YES,True,True,True
2017-02-17,2017,24,YES,11.82,24,YES,15.95,24,YES,0.0,24,YES,0.0,24,YES,0.0,24,YES,0.0,24,YES,0.0,YES,True,True,True
2017-02-18,2017,24,YES,11.96,24,YES,15.99,24,YES,15.0,24,YES,27.0,24,YES,17.0,24,YES,3.0,24,YES,19.0,YES,True,True,True
2017-02-19,2017,24,YES,11.83,24,YES,15.97,24,YES,1.0,24,YES,4.0,24,YES,0.0,24,YES,1.0,24,YES,1.0,YES,True,True,True
2017-02-20,2017,24,YES,11.82,24,YES,15.96,24,YES,0.0,24,YES,0.0,24,YES,0.0,24,YES,0.0,24,YES,0.0,YES,True,True,True
2017-02-21,2017,24,YES,11.82,24,YES,15.95,24,YES,0.0,24,YES,0.0,24,YES,0.0,24,YES,0.0,24,YES,0.0,YES,True,True,True
2017-02-22,2017,24,YES,11.82,24,YES,15.95,24,YES,0.0,24,YES,0.0,24,YES,0.0,24,YES,0.0,24,YES,0.0,YES,True,True,True
2017-02-23,2017,24,YES,11.82,24,YES,15.95,24,YES,0.0,24,YES,0.0,24,YES,0.0,24,YES,0.0,24,YES,0.0,YES,True,True,True
2017-02-24,2017,24,YES,11.82,24,YES,15.95,24,YES,0.0,24,YES,0.0,24,YES,0.0,24,YES,0.0,24,YES,0.0,YES,True,True,True
2017-02-25,2017,24,YES,11.82,24,YES,15.95,24,YES,0.0,24,YES,0.0,24,YES,0.0,24,YES,0.0,24,YES,0.0,YES,True,True,True
2017-02-26,2017,24,YES,11.82,24,YES,15.95,24,YES,0.0,24,YES,0.0,24,YES,0.0,24,YES,0.0,24,YES,1.0,YES,True,True,True
2017-02-27,2017,24,YES,11.82,24,YES,15.95,24,YES,0.0,24,YES,0.0,24,YES,0.0,24,YES,0.0,24,YES,0.0,YES,True,True,True
2017-02-28,2017,24,YES,11.81,24,YES,15.95,24,YES,0.0,24,YES,0.0,24,YES,0.0,24,YES,0.0,24,YES,0.0,YES,True,True,True
2017-03-01,2017,24,YES,11.81,24,YES,15.95,24,YES,0.0,24,YES,0.0,24,YES,0.0,24,YES,0.0,24,YES,0.0,YES,True,True,True
2017-03-02,2017,24,YES,11.81,24,YES,15.95,24,YES,0.0,24,YES,0.0,24,YES,0.0,24,YES,0.0,24,YES,2.0,YES,True,True,True
2017-03-03,2017,24,YES,11.81,24,YES,15.95,24,YES,0.0,24,YES,1.0,24,YES,0.0,24,YES,0.0,24,YES,0.0,YES,True,True,True
2017-03-04,2017,24,YES,11.81,24,YES,15.95,24,YES,1.0,24,YES,2.0,24,YES,0.0,24,YES,0.0,24,YES,1.0,YES,True,True,True
2017-03-05,2017,24,YES,11.81,24,YES,15.95,24,YES,0.0,24,YES,0.0,24,YES,0.0,24,YES,0.0,24,YES,0.0,YES,True,True,True
2017-03-06,2017,24,YES,11.81,24,YES,15.95,24,YES,0.0,24,YES,0.0,24,YES,0.0,24,YES,0.0,24,YES,0.0,YES,True,True,True
2017-03-07,2017,24,YES,11.81,24,YES,15.95,24,YES,0.0,24,YES,0.0,24,YES,0.0,24,YES,0.0,24,YES,0.0,YES,True,True,True
2017-03-08,2017,24,YES,11.8,24,YES,15.94,24,YES,0.0,24,YES,0.0,24,YES,0.0,24,YES,0.0,24,YES,0.0,YES,True,True,True
2017-03-09,2017,24,YES,11.8,24,YES,15.93,24,YES,0.0,24,YES,0.0,24,YES,0.0,24,YES,0.0,24,YES,0.0,YES,True,True,True
2017-03-10,2017,24,YES,11.8,24,YES,15.92,24,YES,0.0,24,YES,0.0,24,YES,0.0,24,YES,0.0,24,YES,0.0,YES,True,True,True
2017-03-11,2017,24,YES,11.8,24,YES,15.95,24,YES,0.0,24,YES,0.0,24,YES,0.0,24,YES,0.0,24,YES,0.0,YES,True,True,True
2017-03-12,2017,24,YES,11.8,24,YES,15.92,24,YES,0.0,24,YES,0.0,24,YES,0.0,24,YES,0.0,24,YES,0.0,YES,True,True,True
2017-03-13,2017,24,YES,11.8,24,YES,15.91,24,YES,0.0,24,YES,0.0,24,YES,0.0,24,YES,0.0,24,YES,0.0,YES,True,True,True
2017-03-14,2017,24,YES,11.8,24,YES,15.9,24,YES,0.0,24,YES,0.0,24,YES,0.0,24,YES,0.0,24,YES,0.0,YES,True,True,True
2017-03-15,2017,24,YES,11.8,24,YES,15.9,24,YES,0.0,24,YES,0.0,24,YES,0.0,24,YES,0.0,24,YES,0.0,YES,True,True,True
2017-03-16,2017,24,YES,11.79,24,YES,15.9,24,YES,0.0,24,YES,0.0,24,YES,0.0,24,YES,0.0,24,YES,0.0,YES,True,True,True
2017-03-17,2017,24,YES,11.79,24,YES,15.9,24,YES,0.0,24,YES,0.0,24,YES,0.0,24,YES,0.0,24,YES,0.0,YES,True,True,True
2017-03-18,2017,23,NO,,24,YES,15.91,24,YES,0.0,24,YES,0.0,24,YES,0.0,24,YES,0.0,24,YES,0.0,NO,False,False,False
2017-03-19,2017,24,YES,11.79,24,YES,15.92,24,YES,0.0,24,YES,0.0,24,YES,0.0,24,YES,0.0,24,YES,0.0,YES,False,False,False
2017-03-20,2017,24,YES,11.79,24,YES,15.92,24,YES,0.0,24,YES,0.0,24,YES,0.0,24,YES,0.0,24,YES,0.0,YES,True,False,False
2017-03-21,2017,24,YES,11.79,24,YES,15.92,24,YES,2.0,24,YES,9.0,24,YES,0.0,24,YES,4.0,24,YES,2.0,YES,True,True,False
2017-03-22,2017,24,YES,11.79,24,YES,15.92,24,YES,0.0,24,YES,0.0,24,YES,0.0,24,YES,0.0,24,YES,0.0,YES,True,True,True
2017-03-23,2017,24,YES,11.79,24,YES,15.9,24,YES,0.0,24,YES,0.0,24,YES,0.0,24,YES,0.0,24,YES,0.0,YES,True,True,True
2017-03-24,2017,24,YES,11.79,24,YES,15.9,24,YES,0.0,24,YES,0.0,24,YES,0.0,24,YES,0.0,24,YES,0.0,YES,True,True,True
2017-03-25,2017,24,YES,11.79,24,YES,15.9,24,YES,0.0,24,YES,0.0,24,YES,0.0,24,YES,0.0,24,YES,0.0,YES,True,True,True
2017-03-26,2017,24,YES,11.78,24,YES,15.89,24,YES,0.0,24,YES,0.0,24,YES,0.0,24,YES,0.0,24,YES,0.0,YES,True,True,True
2017-03-27,2017,24,YES,11.78,24,YES,15.9,24,YES,0.0,24,YES,2.0,24,YES,0.0,24,YES,0.0,24,YES,0.0,YES,True,True,True
2017-03-28,2017,24,YES,11.78,24,YES,15.9,24,YES,0.0,24,YES,0.0,24,YES,0.0,24,YES,0.0,24,YES,0.0,YES,True,True,True
2017-03-29,2017,24,YES,11.78,24,YES,15.9,24,YES,0.0,24,YES,0.0,24,YES,0.0,24,YES,0.0,24,YES,0.0,YES,True,True,True
2017-03-30,2017,24,YES,11.78,24,YES,15.9,24,YES,0.0,24,YES,0.0,24,YES,0.0,24,YES,0.0,24,YES,0.0,YES,True,True,True
2017-03-31,2017,24,YES,11.78,24,YES,15.89,24,YES,0.0,24,YES,0.0,24,YES,0.0,24,YES,0.0,24,YES,0.0,YES,True,True,True
2017-04-01,2017,24,YES,11.78,24,YES,15.89,24,YES,0.0,24,YES,2.0,24,YES,3.0,24,YES,52.0,24,YES,0.0,YES,True,True,True
2017-04-02,2017,24,YES,11.78,24,YES,15.9,24,YES,0.0,24,YES,0.0,24,YES,0.0,24,YES,0.0,24,YES,0.0,YES,True,True,True
2017-04-03,2017,24,YES,11.78,24,YES,15.9,24,YES,0.0,24,YES,0.0,24,YES,0.0,24,YES,0.0,24,YES,0.0,YES,True,True,True
2017-04-04,2017,24,YES,11.78,24,YES,15.9,24,YES,0.0,24,YES,0.0,24,YES,0.0,24,YES,0.0,24,YES,0.0,YES,True,True,True
2017-04-05,2017,24,YES,11.78,24,YES,15.9,24,YES,0.0,24,YES,0.0,24,YES,0.0,24,YES,0.0,24,YES,0.0,YES,True,True,True
2017-04-06,2017,24,YES,11.78,24,YES,15.9,24,YES,0.0,24,YES,0.0,24,YES,0.0,24,YES,0.0,24,YES,0.0,YES,True,True,True
2017-04-07,2017,24,YES,11.78,24,YES,15.9,24,YES,0.0,24,YES,0.0,24,YES,0.0,24,YES,0.0,24,YES,0.0,YES,True,True,True
2017-04-08,2017,24,YES,11.77,24,YES,15.9,24,YES,0.0,24,YES,0.0,24,YES,0.0,24,YES,0.0,24,YES,0.0,YES,True,True,True
2017-04-09,2017,24,YES,11.77,24,YES,15.9,24,YES,0.0,24,YES,0.0,24,YES,0.0,24,YES,0.0,24,YES,0.0,YES,True,True,True
2017-04-10,2017,24,YES,11.77,24,YES,15.9,24,YES,0.0,24,YES,0.0,24,YES,0.0,24,YES,0.0,24,YES,0.0,YES,True,True,True
2017-04-11,2017,24,YES,11.77,24,YES,15.9,24,YES,0.0,24,YES,0.0,24,YES,0.0,24,YES,0.0,24,YES,0.0,YES,True,True,True
2017-04-12,2017,24,YES,11.77,24,YES,15.9,24,YES,0.0,24,YES,0.0,24,YES,0.0,24,YES,0.0,24,YES,0.0,YES,True,True,True
2017-04-13,2017,24,YES,11.77,24,YES,15.9,24,YES,0.0,24,YES,0.0,24,YES,0.0,24,YES,0.0,24,YES,0.0,YES,True,True,True
2017-04-14,2017,24,YES,11.77,24,YES,15.9,24,YES,0.0,24,YES,0.0,24,YES,0.0,24,YES,0.0,24,YES,0.0,YES,True,True,True
2017-04-15,2017,24,YES,11.77,24,YES,15.9,24,YES,0.0,24,YES,0.0,24,YES,0.0,24,YES,0.0,24,YES,0.0,YES,True,True,True
2017-04-16,2017,24,YES,11.77,24,YES,15.9,24,YES,4.0,24,YES,5.0,24,YES,0.0,24,YES,2.0,24,YES,3.0,YES,True,True,True
2017-04-17,2017,24,YES,11.77,24,YES,15.91,24,YES,0.0,24,YES,0.0,24,YES,6.0,24,YES,0.0,24,YES,0.0,YES,True,True,True
2017-04-18,2017,24,YES,11.77,24,YES,15.91,24,YES,0.0,24,YES,0.0,24,YES,0.0,24,YES,0.0,24,YES,0.0,YES,True,True,True
2017-04-19,2017,24,YES,11.77,24,YES,15.92,24,YES,2.0,24,YES,0.0,24,YES,5.0,24,YES,1.0,24,YES,0.0,YES,True,True,True
2017-04-20,2017,24,YES,11.77,24,YES,15.92,24,YES,0.0,24,YES,0.0,24,YES,0.0,24,YES,5.0,24,YES,0.0,YES,True,True,True
2017-04-21,2017,24,YES,11.81,24,YES,15.95,24,YES,0.0,24,YES,0.0,24,YES,26.0,24,YES,5.0,24,YES,25.0,YES,True,True,True
2017-04-22,2017,24,YES,11.81,24,YES,15.95,24,YES,0.0,24,YES,0.0,24,YES,0.0,24,YES,0.0,24,YES,0.0,YES,True,True,True
2017-04-23,2017,24,YES,11.81,24,YES,15.93,24,YES,0.0,24,YES,17.0,24,YES,10.0,24,YES,1.0,24,YES,0.0,YES,True,True,True
2017-04-24,2017,24,YES,11.81,24,YES,15.94,24,YES,0.0,24,YES,0.0,24,YES,0.0,24,YES,0.0,24,YES,0.0,YES,True,True,True
2017-04-25,2017,24,YES,11.81,24,YES,15.93,24,YES,0.0,24,YES,0.0,24,YES,0.0,24,YES,0.0,24,YES,0.0,YES,True,True,True
2017-04-26,2017,24,YES,11.81,24,YES,15.93,24,YES,0.0,24,YES,0.0,24,YES,0.0,24,YES,0.0,24,YES,0.0,YES,True,True,True
2017-04-27,2017,24,YES,11.81,24,YES,15.94,24,YES,62.0,24,YES,14.0,24,YES,17.0,24,YES,21.0,24,YES,37.0,YES,True,True,True
2017-04-28,2017,24,YES,12.59,24,YES,16.54,24,YES,21.0,24,YES,0.0,24,YES,41.0,24,YES,0.0,24,YES,65.0,YES,True,True,True
2017-04-29,2017,24,YES,11.82,24,YES,16.01,24,YES,0.0,24,YES,0.0,24,YES,0.0,24,YES,0.0,24,YES,0.0,YES,True,True,True
2017-04-30,2017,24,YES,11.82,24,YES,15.94,24,YES,0.0,24,YES,0.0,24,YES,0.0,24,YES,0.0,24,YES,0.0,YES,True,True,True
2017-05-01,2017,24,YES,11.82,24,YES,15.95,24,YES,46.0,24,YES,1.0,24,YES,4.0,24,YES,0.0,24,YES,20.0,YES,True,True,True
2017-05-02,2017,24,YES,11.82,24,YES,15.98,24,YES,0.0,24,YES,1.0,24,YES,3.0,24,YES,0.0,24,YES,2.0,YES,True,True,True
2017-05-03,2017,24,YES,11.82,24,YES,15.96,24,YES,0.0,24,YES,2.0,24,YES,1.0,24,YES,0.0,24,YES,1.0,YES,True,True,True
2017-05-04,2017,24,YES,11.82,24,YES,15.93,24,YES,0.0,24,YES,0.0,24,YES,0.0,24,YES,0.0,24,YES,0.0,YES,True,True,True
2017-05-05,2017,24,YES,11.82,24,YES,15.91,24,YES,0.0,24,YES,0.0,24,YES,0.0,24,YES,0.0,24,YES,0.0,YES,True,True,True
2017-05-06,2017,24,YES,11.81,24,YES,15.91,24,YES,0.0,24,YES,0.0,24,YES,0.0,24,YES,0.0,24,YES,0.0,YES,True,True,True
2017-05-07,2017,24,YES,11.81,24,YES,15.9,24,YES,0.0,24,YES,0.0,24,YES,0.0,24,YES,0.0,24,YES,0.0,YES,True,True,True
2017-05-08,2017,24,YES,11.81,24,YES,15.9,24,YES,0.0,24,YES,0.0,24,YES,0.0,24,YES,0.0,24,YES,0.0,YES,True,True,True
2017-05-09,2017,24,YES,11.81,24,YES,16.04,24,YES,0.0,24,YES,0.0,24,YES,9.0,24,YES,0.0,24,YES,5.0,YES,True,True,True
2017-05-10,2017,24,YES,11.81,24,YES,15.91,24,YES,0.0,24,YES,0.0,24,YES,1.0,24,YES,0.0,24,YES,0.0,YES,True,True,True
2017-05-11,2017,24,YES,11.81,24,YES,15.89,24,YES,0.0,24,YES,0.0,24,YES,0.0,24,YES,0.0,24,YES,0.0,YES,True,True,True
2017-05-12,2017,24,YES,11.81,24,YES,15.89,24,YES,0.0,24,YES,0.0,24,YES,0.0,24,YES,0.0,24,YES,0.0,YES,True,True,True
2017-05-13,2017,24,YES,11.81,24,YES,15.89,24,YES,0.0,24,YES,0.0,24,YES,0.0,24,YES,0.0,24,YES,0.0,YES,True,True,True
2017-05-14,2017,24,YES,11.8,24,YES,15.89,24,YES,0.0,24,YES,0.0,24,YES,0.0,24,YES,0.0,24,YES,0.0,YES,True,True,True
2017-05-15,2017,24,YES,11.8,24,YES,15.89,24,YES,0.0,24,YES,0.0,24,YES,0.0,24,YES,0.0,24,YES,0.0,YES,True,True,True
2017-05-16,2017,24,YES,11.8,24,YES,15.89,24,YES,0.0,24,YES,0.0,24,YES,0.0,24,YES,0.0,24,YES,0.0,YES,True,True,True
2017-05-17,2017,24,YES,11.8,24,YES,15.89,24,YES,1.0,24,YES,0.0,24,YES,28.0,24,YES,15.0,24,YES,0.0,YES,True,True,True
2017-05-18,2017,24,YES,11.8,24,YES,15.89,24,YES,0.0,24,YES,0.0,24,YES,1.0,24,YES,17.0,24,YES,0.0,YES,True,True,True
2017-05-19,2017,24,YES,11.8,24,YES,15.89,24,YES,0.0,24,YES,0.0,24,YES,1.0,24,YES,5.0,24,YES,2.0,YES,True,True,True
2017-05-20,2017,24,YES,11.8,24,YES,15.89,24,YES,0.0,24,YES,0.0,24,YES,0.0,24,YES,0.0,24,YES,0.0,YES,True,True,True
2017-05-21,2017,24,YES,11.8,24,YES,15.95,24,YES,37.0,24,YES,7.0,24,YES,12.0,24,YES,9.0,24,YES,24.0,YES,True,True,True
2017-05-22,2017,24,YES,12.25,24,YES,16.3,24,YES,46.0,24,YES,37.0,24,YES,39.0,24,YES,7.0,24,YES,94.0,YES,True,True,True
2017-05-23,2017,24,YES,11.82,24,YES,15.95,24,YES,0.0,24,YES,1.0,24,YES,1.0,24,YES,0.0,24,YES,0.0,YES,True,True,True
2017-05-24,2017,24,YES,12.05,24,YES,15.95,24,YES,3.0,24,YES,2.0,24,YES,16.0,24,YES,0.0,24,YES,0.0,YES,True,True,True
2017-05-25,2017,24,YES,12.29,24,YES,16.17,24,YES,9.0,24,YES,4.0,24,YES,12.0,24,YES,49.0,24,YES,19.0,YES,True,True,True
2017-05-26,2017,24,YES,11.83,24,YES,15.95,24,YES,25.0,24,YES,13.0,24,YES,3.0,24,YES,23.0,24,YES,8.0,YES,True,True,True
2017-05-27,2017,24,YES,12.42,24,YES,16.07,24,YES,5.0,24,YES,4.0,24,YES,11.0,24,YES,7.0,24,YES,27.0,YES,True,True,True
2017-05-28,2017,24,YES,12.73,24,YES,16.18,24,YES,7.0,24,YES,2.0,24,YES,28.0,24,YES,15.0,24,YES,20.0,YES,True,True,True
2017-05-29,2017,24,YES,12.21,24,YES,16.0,24,YES,1.0,24,YES,0.0,24,YES,0.0,24,YES,37.0,24,YES,9.0,YES,True,True,True
2017-05-30,2017,24,YES,12.9,24,YES,17.01,24,YES,30.0,24,YES,0.0,24,YES,30.0,24,YES,9.0,24,YES,9.0,YES,True,True,True
2017-05-31,2017,24,YES,11.88,24,YES,16.03,24,YES,0.0,24,YES,0.0,24,YES,0.0,24,YES,0.0,24,YES,0.0,YES,True,True,True
2017-06-01,2017,24,YES,11.88,24,YES,15.98,24,YES,0.0,24,YES,0.0,24,YES,1.0,24,YES,0.0,24,YES,21.0,YES,True,True,True
2017-06-02,2017,24,YES,11.88,24,YES,15.95,24,YES,0.0,24,YES,0.0,24,YES,0.0,24,YES,13.0,24,YES,1.0,YES,True,True,True
2017-06-03,2017,24,YES,11.87,24,YES,15.93,24,YES,0.0,24,YES,0.0,24,YES,0.0,24,YES,0.0,24,YES,0.0,YES,True,True,True
2017-06-04,2017,24,YES,12.21,24,YES,16.02,24,YES,0.0,24,YES,0.0,24,YES,2.0,24,YES,0.0,24,YES,0.0,YES,True,True,True
2017-06-05,2017,24,YES,12.21,24,YES,16.03,24,YES,14.0,24,YES,7.0,24,YES,2.0,24,YES,2.0,24,YES,2.0,YES,True,True,True
2017-06-06,2017,24,YES,11.88,24,YES,16.03,24,YES,0.0,24,YES,1.0,24,YES,0.0,24,YES,0.0,24,YES,0.0,YES,True,True,True
2017-06-07,2017,24,YES,13.11,24,YES,16.41,24,YES,21.0,24,YES,14.0,24,YES,70.0,24,YES,39.0,24,YES,30.0,YES,True,True,True
2017-06-08,2017,24,YES,11.99,24,YES,16.03,24,YES,0.0,24,YES,0.0,24,YES,0.0,24,YES,0.0,24,YES,0.0,YES,True,True,True
2017-06-09,2017,24,YES,11.89,24,YES,15.99,24,YES,27.0,24,YES,39.0,24,YES,20.0,24,YES,17.0,24,YES,24.0,YES,True,True,True
2017-06-10,2017,24,YES,11.88,24,YES,16.02,24,YES,5.0,24,YES,4.0,24,YES,6.0,24,YES,4.0,24,YES,4.0,YES,True,True,True
2017-06-11,2017,24,YES,11.88,24,YES,15.97,24,YES,0.0,24,YES,0.0,24,YES,4.0,24,YES,2.0,24,YES,2.0,YES,True,True,True
2017-06-12,2017,24,YES,11.88,24,YES,15.99,24,YES,0.0,24,YES,0.0,24,YES,0.0,24,YES,0.0,24,YES,0.0,YES,True,True,True
2017-06-13,2017,24,YES,11.88,24,YES,16.02,24,YES,0.0,24,YES,0.0,24,YES,0.0,24,YES,0.0,24,YES,0.0,YES,True,True,True
2017-06-14,2017,24,YES,11.88,24,YES,15.96,24,YES,47.0,24,YES,14.0,24,YES,2.0,24,YES,14.0,24,YES,13.0,YES,True,True,True
2017-06-15,2017,24,YES,13.03,24,YES,17.33,24,YES,26.0,24,YES,0.0,24,YES,33.0,24,YES,6.0,24,YES,26.0,YES,True,True,True
2017-06-16,2017,24,YES,11.9,24,YES,15.99,24,YES,0.0,24,YES,0.0,24,YES,0.0,24,YES,0.0,24,YES,0.0,YES,True,True,True
2017-06-17,2017,24,YES,11.9,24,YES,15.92,24,YES,0.0,24,YES,0.0,24,YES,0.0,24,YES,0.0,24,YES,0.0,YES,True,True,True
2017-06-18,2017,24,YES,11.9,24,YES,15.9,24,YES,0.0,24,YES,0.0,24,YES,0.0,24,YES,0.0,24,YES,0.0,YES,True,True,True
2017-06-19,2017,24,YES,12.07,24,YES,15.9,24,YES,0.0,24,YES,0.0,24,YES,4.0,24,YES,0.0,24,YES,0.0,YES,True,True,True
2017-06-20,2017,24,YES,13.53,24,YES,16.66,24,YES,3.0,24,YES,12.0,24,YES,62.0,24,YES,40.0,24,YES,6.0,YES,True,True,True
2017-06-21,2017,24,YES,11.85,24,YES,16.01,24,YES,0.0,24,YES,1.0,24,YES,5.0,24,YES,1.0,24,YES,0.0,YES,True,True,True
2017-06-22,2017,24,YES,11.84,24,YES,15.9,24,YES,4.0,24,YES,18.0,24,YES,2.0,24,YES,25.0,24,YES,6.0,YES,True,True,True
2017-06-23,2017,24,YES,12.08,24,YES,15.95,24,YES,0.0,24,YES,0.0,24,YES,18.0,24,YES,3.0,24,YES,0.0,YES,True,True,True
2017-06-24,2017,24,YES,11.84,24,YES,15.79,24,YES,4.0,24,YES,0.0,24,YES,0.0,24,YES,0.0,24,YES,0.0,YES,True,True,True
2017-06-25,2017,24,YES,11.92,24,YES,15.79,24,YES,0.0,24,YES,0.0,24,YES,11.0,24,YES,53.0,24,YES,0.0,YES,True,True,True
2017-06-26,2017,24,YES,12.09,24,YES,15.79,24,YES,1.0,24,YES,0.0,24,YES,0.0,24,YES,1.0,24,YES,1.0,YES,True,True,True
2017-06-27,2017,24,YES,12.16,24,YES,15.79,24,YES,2.0,24,YES,0.0,24,YES,25.0,24,YES,6.0,24,YES,5.0,YES,True,True,True
2017-06-28,2017,24,YES,11.84,24,YES,15.79,24,YES,10.0,24,YES,0.0,24,YES,0.0,24,YES,0.0,24,YES,0.0,YES,True,True,True
2017-06-29,2017,24,YES,11.847,24,YES,15.79,24,YES,2.0,24,YES,62.0,24,YES,0.0,24,YES,2.0,24,YES,0.0,YES,True,True,True
2017-06-30,2017,24,YES,12.87,24,YES,16.11,24,YES,1.0,24,YES,0.0,24,YES,47.0,24,YES,3.0,24,YES,5.0,YES,True,True,True
2017-07-01,2017,24,YES,13.03,24,YES,16.04,24,YES,3.0,24,YES,12.0,24,YES,47.0,24,YES,6.0,24,YES,6.0,YES,True,True,True
2017-07-02,2017,24,YES,12.81,24,YES,16.25,24,YES,41.0,24,YES,16.0,24,YES,25.0,24,YES,5.0,24,YES,16.0,YES,True,True,True
2017-07-03,2017,24,YES,12.05,24,YES,15.78,24,YES,4.0,24,YES,1.0,24,YES,6.0,24,YES,2.0,24,YES,5.0,YES,True,True,True
2017-07-04,2017,24,YES,11.85,24,YES,15.78,24,YES,1.0,24,YES,0.0,24,YES,1.0,24,YES,0.0,24,YES,0.0,YES,True,True,True
2017-07-05,2017,24,YES,11.91,24,YES,15.78,24,YES,0.0,24,YES,0.0,24,YES,0.0,24,YES,12.0,24,YES,0.0,YES,True,True,True
2017-07-06,2017,24,YES,11.91,24,YES,15.78,24,YES,0.0,24,YES,0.0,24,YES,4.0,24,YES,1.0,24,YES,0.0,YES,True,True,True
2017-07-07,2017,24,YES,11.85,24,YES,15.78,24,YES,0.0,24,YES,0.0,24,YES,0.0,24,YES,0.0,24,YES,0.0,YES,True,True,True
2017-07-08,2017,24,YES,11.85,24,YES,15.78,24,YES,0.0,24,YES,1.0,24,YES,0.0,24,YES,0.0,24,YES,0.0,YES,True,True,True
2017-07-09,2017,24,YES,11.88,24,YES,15.78,24,YES,1.0,24,YES,2.0,24,YES,0.0,24,YES,0.0,24,YES,9.0,YES,True,True,True
2017-07-10,2017,24,YES,11.85,24,YES,15.78,24,YES,1.0,24,YES,1.0,24,YES,2.0,24,YES,1.0,24,YES,2.0,YES,True,True,True
2017-07-11,2017,24,YES,12.06,24,YES,16.14,24,YES,12.0,24,YES,1.0,24,YES,31.0,24,YES,31.0,24,YES,19.0,YES,True,True,True
2017-07-12,2017,24,YES,11.85,24,YES,15.79,24,YES,1.0,24,YES,0.0,24,YES,0.0,24,YES,0.0,24,YES,1.0,YES,True,True,True
2017-07-13,2017,24,YES,13.54,24,YES,16.34,24,YES,26.0,24,YES,0.0,24,YES,73.0,24,YES,35.0,24,YES,24.0,YES,True,True,True
2017-07-14,2017,24,YES,12.39,24,YES,16.0,24,YES,4.0,24,YES,0.0,24,YES,16.0,24,YES,6.0,24,YES,8.0,YES,True,True,True
2017-07-15,2017,24,YES,11.85,24,YES,15.79,24,YES,0.0,24,YES,0.0,24,YES,0.0,24,YES,18.0,24,YES,1.0,YES,True,True,True
2017-07-16,2017,24,YES,11.85,24,YES,15.79,24,YES,2.0,24,YES,0.0,24,YES,0.0,24,YES,0.0,24,YES,0.0,YES,True,True,True
2017-07-17,2017,24,YES,11.85,23,NO,,24,YES,0.0,24,YES,0.0,24,YES,1.0,24,YES,0.0,24,YES,0.0,NO,False,False,False
2017-07-18,2017,24,YES,12.01,24,YES,15.79,24,YES,5.0,24,YES,0.0,24,YES,2.0,24,YES,2.0,24,YES,3.0,YES,False,False,False
2017-07-19,2017,24,YES,12.11,24,YES,15.79,24,YES,8.0,24,YES,2.0,24,YES,8.0,24,YES,12.0,24,YES,10.0,YES,True,False,False
2017-07-20,2017,24,YES,12.28,24,YES,15.79,24,YES,1.0,24,YES,0.0,24,YES,2.0,24,YES,6.0,24,YES,5.0,YES,True,True,False
2017-07-21,2017,24,YES,12.44,24,YES,15.79,24,YES,38.0,24,YES,15.0,24,YES,6.0,24,YES,16.0,24,YES,26.0,YES,True,True,True
2017-07-22,2017,24,YES,13.34,24,YES,15.95,24,YES,5.0,24,YES,0.0,24,YES,39.0,24,YES,6.0,24,YES,28.0,YES,True,True,True
2017-07-23,2017,24,YES,13.0,24,YES,15.79,24,YES,0.0,24,YES,0.0,24,YES,0.0,24,YES,0.0,24,YES,1.0,YES,True,True,True
2017-07-24,2017,24,YES,13.61,24,YES,16.21,24,YES,67.0,24,YES,30.0,24,YES,7.0,24,YES,18.0,24,YES,25.0,YES,True,True,True
2017-07-25,2017,24,YES,13.55,24,YES,16.05,24,YES,22.0,24,YES,0.0,24,YES,42.0,24,YES,39.0,24,YES,28.0,YES,True,True,True
2017-07-26,2017,24,YES,13.87,24,YES,17.05,24,YES,50.0,24,YES,3.0,24,YES,58.0,24,YES,78.0,24,YES,56.0,YES,True,True,True
2017-07-27,2017,24,YES,14.93,24,YES,18.13,24,YES,41.0,24,YES,4.0,24,YES,107.0,24,YES,140.0,24,YES,62.0,YES,True,True,True
2017-07-28,2017,24,YES,14.89,24,YES,18.07,24,YES,33.0,24,YES,6.0,24,YES,38.0,24,YES,57.0,24,YES,24.0,YES,True,True,True
2017-07-29,2017,24,YES,14.29,24,YES,17.3,24,YES,2.0,24,YES,7.0,24,YES,3.0,24,YES,13.0,24,YES,6.0,YES,True,True,True
2017-07-30,2017,24,YES,12.87,24,YES,15.97,24,YES,3.0,24,YES,15.0,24,YES,3.0,24,YES,4.0,24,YES,3.0,YES,True,True,True
2017-07-31,2017,24,YES,14.2,24,YES,17.41,24,YES,9.0,24,YES,18.0,24,YES,6.0,24,YES,109.0,24,YES,10.0,YES,True,True,True
2017-08-01,2017,24,YES,14.2,24,YES,17.29,24,YES,57.0,24,YES,87.0,24,YES,33.0,24,YES,24.0,24,YES,34.0,YES,True,True,True
2017-08-02,2017,24,YES,14.43,24,YES,17.57,24,YES,59.0,24,YES,33.0,24,YES,23.0,24,YES,8.0,24,YES,56.0,YES,True,True,True
2017-08-03,2017,24,YES,13.96,24,YES,16.95,24,YES,1.0,24,YES,0.0,24,YES,1.0,24,YES,19.0,24,YES,1.0,YES,True,True,True
2017-08-04,2017,24,YES,12.99,24,YES,16.05,24,YES,3.0,24,YES,2.0,24,YES,0.0,24,YES,0.0,24,YES,0.0,YES,True,True,True
2017-08-05,2017,24,YES,12.38,24,YES,15.85,24,YES,0.0,24,YES,3.0,24,YES,3.0,24,YES,9.0,24,YES,1.0,YES,True,True,True
2017-08-06,2017,24,YES,12.95,24,YES,15.85,24,YES,0.0,24,YES,0.0,24,YES,0.0,24,YES,1.0,24,YES,1.0,YES,True,True,True
2017-08-07,2017,24,YES,12.95,24,YES,15.84,24,YES,0.0,24,YES,0.0,24,YES,13.0,24,YES,2.0,24,YES,1.0,YES,True,True,True
2017-08-08,2017,24,YES,13.21,24,YES,15.89,24,YES,6.0,24,YES,1.0,24,YES,9.0,24,YES,16.0,24,YES,16.0,YES,True,True,True
2017-08-09,2017,24,YES,12.7,24,YES,15.84,24,YES,0.0,24,YES,0.0,24,YES,0.0,24,YES,1.0,24,YES,0.0,YES,True,True,True
2017-08-10,2017,24,YES,12.53,24,YES,15.83,24,YES,0.0,24,YES,0.0,24,YES,0.0,24,YES,4.0,24,YES,0.0,YES,True,True,True
2017-08-11,2017,24,YES,12.51,24,YES,15.82,24,YES,0.0,24,YES,5.0,24,YES,0.0,24,YES,1.0,24,YES,0.0,YES,True,True,True
2017-08-12,2017,24,YES,13.01,24,YES,16.32,24,YES,84.0,24,YES,7.0,24,YES,3.0,24,YES,24.0,24,YES,16.0,YES,True,True,True
2017-08-13,2017,24,YES,12.63,24,YES,15.84,24,YES,0.0,24,YES,0.0,24,YES,0.0,24,YES,1.0,24,YES,0.0,YES,True,True,True
2017-08-14,2017,24,YES,12.89,24,YES,15.83,24,YES,0.0,24,YES,2.0,24,YES,1.0,24,YES,2.0,24,YES,0.0,YES,True,True,True
2017-08-15,2017,24,YES,12.44,24,YES,15.83,24,YES,0.0,24,YES,0.0,24,YES,0.0,24,YES,0.0,24,YES,0.0,YES,True,True,True
2017-08-16,2017,24,YES,12.5,24,YES,15.83,24,YES,0.0,24,YES,0.0,24,YES,2.0,24,YES,7.0,24,YES,1.0,YES,True,True,True
2017-08-17,2017,24,YES,12.31,24,YES,15.83,24,YES,0.0,24,YES,0.0,24,YES,0.0,24,YES,0.0,24,YES,0.0,YES,True,True,True
2017-08-18,2017,24,YES,12.39,24,YES,15.84,24,YES,3.0,24,YES,6.0,24,YES,17.0,24,YES,7.0,24,YES,4.0,YES,True,True,True
2017-08-19,2017,24,YES,14.41,24,YES,17.58,24,YES,38.0,24,YES,29.0,24,YES,69.0,24,YES,166.0,24,YES,81.0,YES,True,True,True
2017-08-20,2017,24,YES,13.67,24,YES,16.58,24,YES,2.0,24,YES,6.0,24,YES,3.0,24,YES,10.0,24,YES,2.0,YES,True,True,True
2017-08-21,2017,24,YES,15.9,24,YES,19.46,24,YES,51.0,24,YES,71.0,24,YES,101.0,24,YES,156.0,24,YES,107.0,YES,True,True,True
2017-08-22,2017,24,YES,16.04,24,YES,19.43,24,YES,11.0,24,YES,19.0,24,YES,1.0,24,YES,2.0,24,YES,2.0,YES,True,True,True
2017-08-23,2017,24,YES,13.14,24,YES,16.7,24,YES,3.0,24,YES,5.0,24,YES,6.0,24,YES,0.0,24,YES,2.0,YES,True,True,True
2017-08-24,2017,24,YES,12.46,24,YES,15.89,24,YES,0.0,24,YES,0.0,24,YES,0.0,24,YES,2.0,24,YES,0.0,YES,True,True,True
2017-08-25,2017,24,YES,14.91,24,YES,18.06,24,YES,104.0,24,YES,64.0,24,YES,100.0,24,YES,88.0,24,YES,87.0,YES,True,True,True
2017-08-26,2017,23,NO,,24,YES,17.51,24,YES,17.0,24,YES,68.0,24,YES,8.0,24,YES,11.0,24,YES,8.0,NO,False,False,False
2017-08-27,2017,23,NO,,24,YES,17.77,24,YES,0.0,24,YES,4.0,24,YES,14.0,24,YES,8.0,24,YES,25.0,NO,False,False,False
2017-08-28,2017,24,YES,13.84,24,YES,17.03,24,YES,24.0,24,YES,41.0,24,YES,16.0,24,YES,0.0,24,YES,33.0,YES,False,False,False
2017-08-29,2017,24,YES,13.18,24,YES,16.18,24,YES,0.0,24,YES,0.0,24,YES,0.0,24,YES,0.0,24,YES,0.0,YES,True,False,False
2017-08-30,2017,24,YES,12.93,24,YES,16.02,24,YES,4.0,24,YES,4.0,24,YES,40.0,24,YES,0.0,24,YES,12.0,YES,True,True,False
2017-08-31,2017,24,YES,12.87,24,YES,16.11,24,YES,7.0,24,YES,16.0,24,YES,16.0,24,YES,0.0,24,YES,29.0,YES,True,True,True
2017-09-01,2017,24,YES,12.67,24,YES,15.91,24,YES,11.0,24,YES,13.0,24,YES,9.0,12,NO,,24,YES,11.0,NO,False,False,False
2017-09-02,2017,24,YES,12.64,24,YES,15.88,24,YES,0.0,24,YES,4.0,24,YES,1.0,24,YES,0.0,24,YES,2.0,YES,False,False,False
2017-09-03,2017,24,YES,12.39,24,YES,15.87,24,YES,0.0,24,YES,0.0,24,YES,0.0,24,YES,0.0,24,YES,0.0,YES,True,False,False
2017-09-04,2017,24,YES,12.2,24,YES,15.89,24,YES,1.0,24,YES,8.0,24,YES,2.0,24,YES,0.0,24,YES,1.0,YES,True,True,False
2017-09-05,2017,24,YES,12.45,24,YES,15.85,24,YES,4.0,24,YES,12.0,24,YES,1.0,6,NO,,24,YES,1.0,NO,False,False,False
2017-09-06,2017,24,YES,12.23,24,YES,15.84,24,YES,0.0,24,YES,0.0,24,YES,0.0,0,NO,,24,YES,0.0,NO,False,False,False
2017-09-07,2017,24,YES,12.22,24,YES,15.84,24,YES,0.0,24,YES,0.0,24,YES,0.0,0,NO,,24,YES,0.0,NO,False,False,False
2017-09-08,2017,24,YES,12.21,24,YES,15.83,24,YES,0.0,24,YES,0.0,24,YES,0.0,0,NO,,24,YES,0.0,NO,False,False,False
2017-09-09,2017,24,YES,12.21,24,YES,15.83,24,YES,0.0,24,YES,0.0,24,YES,0.0,0,NO,,24,YES,0.0,NO,False,False,False
2017-09-10,2017,24,YES,12.2,24,YES,15.83,24,YES,4.0,24,YES,7.0,24,YES,0.0,0,NO,,24,YES,1.0,NO,False,False,False
2017-09-11,2017,24,YES,14.98,24,YES,18.27,24,YES,110.0,24,YES,112.0,24,YES,106.0,0,NO,,24,YES,95.0,NO,False,False,False
2017-09-12,2017,24,YES,15.9,24,YES,19.03,24,YES,76.0,24,YES,61.0,24,YES,46.0,0,NO,,24,YES,96.0,NO,False,False,False
2017-09-13,2017,24,YES,13.61,24,YES,16.54,24,YES,0.0,24,YES,0.0,24,YES,0.0,0,NO,,24,YES,0.0,NO,False,False,False
2017-09-14,2017,24,YES,12.72,24,YES,16.09,24,YES,0.0,24,YES,0.0,24,YES,0.0,0,NO,,24,YES,0.0,NO,False,False,False
2017-09-15,2017,24,YES,12.57,24,YES,16.09,24,YES,0.0,24,YES,0.0,24,YES,0.0,0,NO,,24,YES,0.0,NO,False,False,False
2017-09-16,2017,24,YES,12.46,24,YES,16.09,24,YES,0.0,24,YES,0.0,24,YES,0.0,0,NO,,24,YES,1.0,NO,False,False,False
2017-09-17,2017,24,YES,13.01,24,YES,16.44,24,YES,29.0,24,YES,0.0,24,YES,21.0,0,NO,,24,YES,26.0,NO,False,False,False
2017-09-18,2017,24,YES,12.95,24,YES,16.01,24,YES,0.0,24,YES,0.0,24,YES,1.0,0,NO,,24,YES,1.0,NO,False,False,False
2017-09-19,2017,24,YES,13.87,24,YES,17.27,24,YES,8.0,24,YES,13.0,24,YES,80.0,0,NO,,24,YES,8.0,NO,False,False,False
2017-09-20,2017,24,YES,14.6,24,YES,17.26,24,YES,0.0,24,YES,30.0,24,YES,117.0,0,NO,,24,YES,14.0,NO,False,False,False
2017-09-21,2017,24,YES,13.11,24,YES,16.32,24,YES,0.0,24,YES,0.0,24,YES,0.0,0,NO,,24,YES,0.0,NO,False,False,False
2017-09-22,2017,24,YES,12.94,24,YES,16.62,24,YES,9.0,24,YES,7.0,24,YES,21.0,0,NO,,24,YES,29.0,NO,False,False,False
2017-09-23,2017,24,YES,12.57,24,YES,15.91,24,YES,1.0,24,YES,0.0,24,YES,0.0,0,NO,,24,YES,0.0,NO,False,False,False
2017-09-24,2017,24,YES,12.42,24,YES,15.86,24,YES,0.0,24,YES,0.0,24,YES,0.0,0,NO,,24,YES,0.0,NO,False,False,False
2017-09-25,2017,24,YES,12.56,24,YES,16.3,24,YES,13.0,24,YES,10.0,24,YES,6.0,19,NO,,24,YES,25.0,NO,False,False,False
2017-09-26,2017,24,YES,12.46,24,YES,15.86,24,YES,7.0,24,YES,5.0,24,YES,8.0,24,YES,10.0,24,YES,8.0,YES,False,False,False
2017-09-27,2017,24,YES,12.37,24,YES,15.85,24,YES,0.0,24,YES,2.0,24,YES,1.0,24,YES,1.0,24,YES,0.0,YES,True,False,False
2017-09-28,2017,24,YES,12.34,24,YES,15.84,24,YES,0.0,24,YES,0.0,24,YES,0.0,24,YES,0.0,24,YES,0.0,YES,True,True,False
2017-09-29,2017,24,YES,12.33,24,YES,15.874,24,YES,6.0,24,YES,10.0,24,YES,1.0,24,YES,1.0,24,YES,6.0,YES,True,True,True
2017-09-30,2017,24,YES,12.42,24,YES,15.84,24,YES,8.0,24,YES,4.0,24,YES,17.0,24,YES,8.0,24,YES,7.0,YES,True,True,True
2017-10-01,2017,24,YES,12.32,24,YES,15.84,24,YES,0.0,24,YES,0.0,24,YES,0.0,24,YES,1.0,24,YES,0.0,YES,True,True,True
2017-10-02,2017,24,YES,12.3,24,YES,15.84,24,YES,5.0,24,YES,8.0,24,YES,4.0,24,YES,8.0,24,YES,6.0,YES,True,True,True
2017-10-03,2017,24,YES,12.56,24,YES,15.84,24,YES,0.0,24,YES,0.0,24,YES,1.0,24,YES,0.0,24,YES,1.0,YES,True,True,True
2017-10-04,2017,24,YES,12.65,24,YES,15.95,24,YES,33.0,24,YES,44.0,24,YES,20.0,24,YES,33.0,24,YES,21.0,YES,True,True,True
2017-10-05,2017,24,YES,12.99,24,YES,16.24,24,YES,9.0,24,YES,15.0,24,YES,1.0,24,YES,1.0,24,YES,4.0,YES,True,True,True
2017-10-06,2017,24,YES,12.96,24,YES,15.86,24,YES,0.0,24,YES,0.0,24,YES,13.0,24,YES,1.0,24,YES,0.0,YES,True,True,True
2017-10-07,2017,24,YES,12.65,24,YES,15.85,24,YES,2.0,24,YES,1.0,24,YES,0.0,24,YES,0.0,24,YES,0.0,YES,True,True,True
2017-10-08,2017,24,YES,12.64,24,YES,15.84,24,YES,8.0,24,YES,4.0,24,YES,2.0,24,YES,5.0,24,YES,5.0,YES,True,True,True
2017-10-09,2017,24,YES,12.56,24,YES,15.84,24,YES,1.0,24,YES,0.0,24,YES,0.0,24,YES,1.0,24,YES,1.0,YES,True,True,True
2017-10-10,2017,24,YES,13.84,24,YES,16.83,24,YES,58.0,24,YES,37.0,24,YES,23.0,24,YES,7.0,24,YES,16.0,YES,True,True,True
2017-10-11,2017,24,YES,12.93,24,YES,15.97,24,YES,0.0,24,YES,0.0,24,YES,29.0,24,YES,1.0,24,YES,1.0,YES,True,True,True
2017-10-12,2017,24,YES,12.66,24,YES,16.3,24,YES,2.0,24,YES,35.0,24,YES,23.0,24,YES,34.0,24,YES,3.0,YES,True,True,True
2017-10-13,2017,24,YES,14.21,24,YES,17.25,24,YES,77.0,24,YES,55.0,24,YES,91.0,24,YES,51.0,24,YES,86.0,YES,True,True,True
2017-10-14,2017,24,YES,14.14,24,YES,17.14,24,YES,11.0,24,YES,11.0,24,YES,12.0,24,YES,22.0,24,YES,13.0,YES,True,True,True
2017-10-15,2017,24,YES,13.05,24,YES,16.05,24,YES,1.0,24,YES,2.0,24,YES,0.0,24,YES,0.0,24,YES,1.0,YES,True,True,True
2017-10-16,2017,24,YES,12.67,24,YES,15.93,24,YES,1.0,24,YES,6.0,24,YES,1.0,24,YES,1.0,24,YES,1.0,YES,True,True,True
2017-10-17,2017,24,YES,12.52,24,YES,15.89,24,YES,12.0,24,YES,31.0,24,YES,6.0,24,YES,9.0,24,YES,9.0,YES,True,True,True
2017-10-18,2017,24,YES,12.55,24,YES,15.87,24,YES,0.0,24,YES,0.0,24,YES,0.0,24,YES,0.0,24,YES,0.0,YES,True,True,True
2017-10-19,2017,24,YES,12.44,24,YES,15.86,24,YES,0.0,24,YES,0.0,24,YES,0.0,24,YES,0.0,24,YES,0.0,YES,True,True,True
2017-10-20,2017,24,YES,12.63,24,YES,15.97,24,YES,21.0,24,YES,14.0,24,YES,35.0,24,YES,0.0,24,YES,15.0,YES,True,True,True
2017-10-21,2017,24,YES,12.64,24,YES,16.15,24,YES,3.0,24,YES,5.0,24,YES,3.0,24,YES,0.0,24,YES,1.0,YES,True,True,True
2017-10-22,2017,24,YES,12.31,24,YES,15.89,24,YES,1.0,24,YES,1.0,24,YES,0.0,24,YES,0.0,24,YES,0.0,YES,True,True,True
2017-10-23,2017,24,YES,12.55,24,YES,15.87,24,YES,0.0,24,YES,1.0,24,YES,2.0,24,YES,12.0,24,YES,2.0,YES,True,True,True
2017-10-24,2017,24,YES,12.55,24,YES,15.86,24,YES,0.0,24,YES,0.0,24,YES,0.0,24,YES,0.0,24,YES,0.0,YES,True,True,True
2017-10-25,2017,24,YES,12.52,24,YES,15.86,24,YES,1.0,24,YES,1.0,24,YES,0.0,24,YES,0.0,24,YES,0.0,YES,True,True,True
2017-10-26,2017,24,YES,12.48,24,YES,15.86,24,YES,0.0,24,YES,0.0,24,YES,0.0,24,YES,0.0,24,YES,0.0,YES,True,True,True
2017-10-27,2017,24,YES,12.47,24,YES,15.85,24,YES,1.0,24,YES,0.0,24,YES,3.0,24,YES,0.0,24,YES,3.0,YES,True,True,True
2017-10-28,2017,24,YES,12.45,24,YES,15.85,24,YES,0.0,24,YES,0.0,24,YES,0.0,24,YES,0.0,24,YES,0.0,YES,True,True,True
2017-10-29,2017,24,YES,12.42,24,YES,15.85,24,YES,1.0,24,YES,2.0,24,YES,1.0,24,YES,1.0,24,YES,1.0,YES,True,True,True
2017-10-30,2017,24,YES,12.42,24,YES,15.84,24,YES,4.0,24,YES,13.0,24,YES,5.0,24,YES,7.0,24,YES,6.0,YES,True,True,True
2017-10-31,2017,24,YES,13.52,24,YES,15.84,24,YES,37.0,24,YES,57.0,24,YES,29.0,24,YES,34.0,24,YES,32.0,YES,True,True,True
2017-11-01,2017,24,YES,13.71,24,YES,16.58,24,YES,39.0,24,YES,51.0,24,YES,18.0,24,YES,32.0,24,YES,30.0,YES,True,True,True
2017-11-02,2017,24,YES,13.11,24,YES,16.12,24,YES,1.0,24,YES,1.0,24,YES,1.0,24,YES,1.0,24,YES,1.0,YES,True,True,True
2017-11-03,2017,24,YES,12.69,24,YES,15.88,24,YES,2.0,24,YES,3.0,24,YES,6.0,24,YES,11.0,24,YES,4.0,YES,True,True,True
2017-11-04,2017,24,YES,12.53,24,YES,15.86,24,YES,5.0,24,YES,7.0,24,YES,9.0,24,YES,11.0,24,YES,7.0,YES,True,True,True
2017-11-05,2017,24,YES,12.5,24,YES,15.85,24,YES,1.0,24,YES,3.0,24,YES,0.0,24,YES,0.0,24,YES,0.0,YES,True,True,True
2017-11-06,2017,24,YES,12.48,24,YES,15.85,24,YES,0.0,24,YES,0.0,24,YES,0.0,24,YES,0.0,24,YES,0.0,YES,True,True,True
2017-11-07,2017,24,YES,12.46,24,YES,15.85,24,YES,1.0,24,YES,4.0,24,YES,1.0,24,YES,1.0,24,YES,1.0,YES,True,True,True
2017-11-08,2017,24,YES,12.5,24,YES,15.85,24,YES,0.0,24,YES,2.0,24,YES,0.0,24,YES,0.0,24,YES,0.0,YES,True,True,True
2017-11-09,2017,24,YES,14.5,24,YES,17.63,24,YES,66.0,24,YES,109.0,24,YES,51.0,24,YES,50.0,24,YES,59.0,YES,True,True,True
2017-11-10,2017,24,YES,14.26,24,YES,17.16,24,YES,1.0,24,YES,1.0,24,YES,10.0,24,YES,2.0,24,YES,5.0,YES,True,True,True
2017-11-11,2017,24,YES,13.16,24,YES,15.93,24,YES,2.0,24,YES,5.0,24,YES,6.0,24,YES,3.0,24,YES,4.0,YES,True,True,True
2017-11-12,2017,24,YES,13.13,24,YES,15.9,24,YES,0.0,24,YES,0.0,24,YES,0.0,24,YES,0.0,24,YES,0.0,YES,True,True,True
2017-11-13,2017,24,YES,13.11,24,YES,15.88,24,YES,0.0,24,YES,0.0,24,YES,0.0,24,YES,0.0,24,YES,0.0,YES,True,True,True
2017-11-14,2017,24,YES,13.09,24,YES,15.87,24,YES,3.0,24,YES,0.0,24,YES,0.0,24,YES,25.0,24,YES,0.0,YES,True,True,True
2017-11-15,2017,24,YES,13.08,24,YES,15.86,24,YES,0.0,24,YES,0.0,24,YES,0.0,24,YES,0.0,24,YES,0.0,YES,True,True,True
2017-11-16,2017,24,YES,13.05,24,YES,15.86,24,YES,0.0,24,YES,0.0,24,YES,2.0,24,YES,1.0,24,YES,1.0,YES,True,True,True
2017-11-17,2017,24,YES,13.03,24,YES,15.85,24,YES,13.0,24,YES,15.0,24,YES,6.0,24,YES,8.0,24,YES,10.0,YES,True,True,True
2017-11-18,2017,24,YES,13.02,24,YES,15.85,24,YES,0.0,24,YES,1.0,24,YES,0.0,24,YES,0.0,24,YES,0.0,YES,True,True,True
2017-11-19,2017,24,YES,13.0,24,YES,15.85,24,YES,0.0,24,YES,0.0,24,YES,0.0,24,YES,0.0,24,YES,0.0,YES,True,True,True
2017-11-20,2017,24,YES,12.97,24,YES,15.852,24,YES,0.0,24,YES,0.0,24,YES,0.0,24,YES,2.0,24,YES,0.0,YES,True,True,True
2017-11-21,2017,24,YES,12.94,24,YES,15.84,24,YES,0.0,24,YES,0.0,24,YES,0.0,24,YES,0.0,24,YES,0.0,YES,True,True,True
2017-11-22,2017,24,YES,12.92,24,YES,15.84,24,YES,0.0,24,YES,0.0,24,YES,7.0,24,YES,0.0,24,YES,0.0,YES,True,True,True
2017-11-23,2017,24,YES,12.89,24,YES,15.84,24,YES,4.0,24,YES,11.0,24,YES,3.0,24,YES,1.0,24,YES,5.0,YES,True,True,True
2017-11-24,2017,24,YES,12.87,24,YES,15.84,24,YES,12.0,24,YES,25.0,24,YES,8.0,24,YES,15.0,24,YES,10.0,YES,True,True,True
2017-11-25,2017,24,YES,12.85,24,YES,15.84,24,YES,0.0,24,YES,1.0,24,YES,0.0,24,YES,1.0,24,YES,0.0,YES,True,True,True
2017-11-26,2017,24,YES,12.84,24,YES,15.84,24,YES,0.0,24,YES,0.0,24,YES,0.0,24,YES,0.0,24,YES,0.0,YES,True,True,True
2017-11-27,2017,24,YES,12.83,24,YES,15.84,24,YES,0.0,24,YES,2.0,24,YES,0.0,24,YES,0.0,24,YES,0.0,YES,True,True,True
2017-11-28,2017,24,YES,12.81,24,YES,15.84,24,YES,0.0,24,YES,0.0,24,YES,0.0,24,YES,0.0,24,YES,0.0,YES,True,True,True
2017-11-29,2017,24,YES,12.79,24,YES,15.84,24,YES,1.0,24,YES,8.0,24,YES,4.0,24,YES,12.0,24,YES,4.0,YES,True,True,True
2017-11-30,2017,24,YES,12.76,24,YES,15.84,24,YES,0.0,24,YES,4.0,24,YES,2.0,24,YES,18.0,24,YES,2.0,YES,True,True,True
2017-12-01,2017,24,YES,12.76,24,YES,15.84,24,YES,0.0,24,YES,1.0,24,YES,0.0,24,YES,0.0,24,YES,0.0,YES,True,True,True
2017-12-02,2017,24,YES,12.75,24,YES,15.84,24,YES,0.0,24,YES,0.0,24,YES,0.0,24,YES,0.0,24,YES,0.0,YES,True,True,True
2017-12-03,2017,24,YES,12.73,24,YES,15.84,24,YES,0.0,24,YES,1.0,24,YES,0.0,24,YES,0.0,24,YES,2.0,YES,True,True,True
2017-12-04,2017,24,YES,12.72,24,YES,15.84,24,YES,0.0,24,YES,3.0,24,YES,0.0,24,YES,0.0,24,YES,0.0,YES,True,True,True
2017-12-05,2017,24,YES,12.7,24,YES,15.84,24,YES,1.0,24,YES,3.0,24,YES,0.0,24,YES,3.0,24,YES,0.0,YES,True,True,True
2017-12-06,2017,24,YES,12.66,24,YES,15.84,24,YES,0.0,24,YES,1.0,24,YES,0.0,24,YES,0.0,24,YES,1.0,YES,True,True,True
2017-12-07,2017,24,YES,12.62,24,YES,15.84,24,YES,11.0,24,YES,10.0,24,YES,13.0,24,YES,15.0,24,YES,11.0,YES,True,True,True
2017-12-08,2017,24,YES,12.58,24,YES,15.84,24,YES,11.0,24,YES,8.0,24,YES,19.0,24,YES,6.0,24,YES,22.0,YES,True,True,True
2017-12-09,2017,24,YES,12.58,24,YES,15.84,24,YES,11.0,24,YES,8.0,24,YES,0.0,24,YES,0.0,24,YES,0.0,YES,True,True,True
2017-12-10,2017,24,YES,12.57,24,YES,15.843,24,YES,2.0,24,YES,0.0,24,YES,0.0,24,YES,0.0,24,YES,0.0,YES,True,True,True
2017-12-11,2017,24,YES,12.56,24,YES,15.84,24,YES,2.0,24,YES,1.0,24,YES,0.0,24,YES,1.0,24,YES,1.0,YES,True,True,True
2017-12-12,2017,24,YES,12.54,24,YES,15.84,24,YES,11.0,24,YES,16.0,24,YES,5.0,24,YES,2.0,24,YES,10.0,YES,True,True,True
2017-12-13,2017,24,YES,12.53,24,YES,15.84,24,YES,0.0,24,YES,0.0,24,YES,0.0,24,YES,0.0,24,YES,0.0,YES,True,True,True
2017-12-14,2017,24,YES,12.51,24,YES,15.84,24,YES,0.0,24,YES,0.0,24,YES,0.0,24,YES,0.0,24,YES,0.0,YES,True,True,True
2017-12-15,2017,24,YES,12.48,24,YES,15.85,24,YES,0.0,24,YES,0.0,24,YES,0.0,24,YES,0.0,24,YES,0.0,YES,True,True,True
2017-12-16,2017,24,YES,12.46,24,YES,15.83,24,YES,0.0,24,YES,0.0,24,YES,0.0,24,YES,0.0,24,YES,0.0,YES,True,True,True
2017-12-17,2017,24,YES,12.44,24,YES,15.83,24,YES,11.0,24,YES,23.0,24,YES,4.0,24,YES,4.0,24,YES,7.0,YES,True,True,True
2017-12-18,2017,24,YES,12.89,24,YES,15.83,24,YES,12.0,24,YES,24.0,24,YES,12.0,24,YES,9.0,24,YES,15.0,YES,True,True,True
2017-12-19,2017,24,YES,13.01,24,YES,15.83,24,YES,13.0,24,YES,13.0,24,YES,26.0,24,YES,18.0,24,YES,17.0,YES,True,True,True
2017-12-20,2017,24,YES,12.76,24,YES,15.83,24,YES,1.0,24,YES,7.0,24,YES,0.0,24,YES,1.0,24,YES,0.0,YES,True,True,True
2017-12-21,2017,24,YES,12.57,24,YES,15.83,24,YES,0.0,24,YES,6.0,24,YES,0.0,24,YES,0.0,24,YES,1.0,YES,True,True,True
2017-12-22,2017,24,YES,12.54,24,YES,15.86,24,YES,0.0,24,YES,4.0,24,YES,0.0,24,YES,0.0,24,YES,1.0,YES,True,True,True
2017-12-23,2017,24,YES,12.52,24,YES,15.86,24,YES,2.0,24,YES,9.0,24,YES,0.0,24,YES,0.0,24,YES,1.0,YES,True,True,True
2017-12-24,2017,24,YES,12.51,24,YES,15.83,24,YES,0.0,24,YES,1.0,24,YES,0.0,24,YES,0.0,24,YES,0.0,YES,True,True,True
2017-12-25,2017,24,YES,12.5,24,YES,15.83,24,YES,7.0,24,YES,6.0,24,YES,2.0,24,YES,3.0,24,YES,5.0,YES,True,True,True
2017-12-26,2017,24,YES,12.49,24,YES,15.83,24,YES,2.0,24,YES,6.0,24,YES,0.0,24,YES,4.0,24,YES,2.0,YES,True,True,True
2017-12-27,2017,24,YES,12.48,24,YES,15.83,24,YES,16.0,24,YES,24.0,24,YES,9.0,24,YES,11.0,24,YES,14.0,YES,True,True,True
2017-12-28,2017,24,YES,12.47,24,YES,15.83,24,YES,0.0,24,YES,0.0,24,YES,0.0,24,YES,0.0,24,YES,0.0,YES,True,True,True
2017-12-29,2017,24,YES,12.47,24,YES,15.83,24,YES,0.0,24,YES,0.0,24,YES,0.0,24,YES,0.0,24,YES,0.0,YES,True,True,True
2017-12-30,2017,24,YES,12.46,24,YES,15.83,24,YES,0.0,24,YES,0.0,24,YES,0.0,24,YES,0.0,24,YES,0.0,YES,True,True,True
2017-12-31,2017,24,YES,12.45,24,YES,15.83,24,YES,0.0,24,YES,0.0,24,YES,0.0,24,YES,0.0,24,YES,0.0,YES,True,True,True
2018-01-01,2018,24,YES,12.44,24,YES,15.83,24,YES,0.0,24,YES,0.0,0,NO,,24,YES,0.0,24,YES,0.0,NO,False,False,False
2018-01-02,2018,24,YES,12.432,24,YES,15.83,24,YES,0.0,24,YES,0.0,0,NO,,24,YES,0.0,24,YES,0.0,NO,False,False,False
2018-01-03,2018,24,YES,12.41,24,YES,15.83,24,YES,0.0,24,YES,0.0,0,NO,,24,YES,0.0,24,YES,0.0,NO,False,False,False
2018-01-04,2018,24,YES,12.38,24,YES,15.83,24,YES,0.0,24,YES,0.0,0,NO,,24,YES,0.0,24,YES,0.0,NO,False,False,False
2018-01-05,2018,24,YES,12.36,24,YES,15.83,24,YES,0.0,24,YES,0.0,0,NO,,24,YES,0.0,24,YES,0.0,NO,False,False,False
2018-01-06,2018,24,YES,12.35,24,YES,15.83,24,YES,0.0,24,YES,0.0,0,NO,,24,YES,0.0,24,YES,0.0,NO,False,False,False
2018-01-07,2018,24,YES,12.35,24,YES,15.83,24,YES,3.0,24,YES,6.0,0,NO,,24,YES,4.0,24,YES,5.0,NO,False,False,False
2018-01-08,2018,24,YES,12.34,24,YES,15.83,24,YES,0.0,24,YES,0.0,0,NO,,24,YES,5.0,24,YES,0.0,NO,False,False,False
2018-01-09,2018,24,YES,12.34,24,YES,15.83,24,YES,0.0,24,YES,0.0,0,NO,,24,YES,0.0,24,YES,0.0,NO,False,False,False
2018-01-10,2018,24,YES,12.33,24,YES,15.83,24,YES,0.0,24,YES,0.0,0,NO,,24,YES,0.0,24,YES,0.0,NO,False,False,False
2018-01-11,2018,24,YES,12.33,24,YES,15.83,24,YES,0.0,24,YES,1.0,0,NO,,24,YES,0.0,24,YES,1.0,NO,False,False,False
2018-01-12,2018,24,YES,12.33,24,YES,15.83,24,YES,0.0,24,YES,0.0,0,NO,,24,YES,0.0,24,YES,0.0,NO,False,False,False
2018-01-13,2018,24,YES,12.33,24,YES,15.83,24,YES,0.0,24,YES,0.0,0,NO,,24,YES,0.0,24,YES,0.0,NO,False,False,False
2018-01-14,2018,24,YES,12.32,24,YES,15.83,24,YES,0.0,24,YES,0.0,0,NO,,24,YES,0.0,24,YES,0.0,NO,False,False,False
2018-01-15,2018,24,YES,12.32,24,YES,15.83,24,YES,0.0,24,YES,0.0,0,NO,,24,YES,0.0,24,YES,0.0,NO,False,False,False
2018-01-16,2018,24,YES,12.32,24,YES,15.83,24,YES,33.0,24,YES,48.0,0,NO,,24,YES,44.0,24,YES,39.0,NO,False,False,False
2018-01-17,2018,24,YES,12.32,24,YES,15.83,24,YES,0.0,24,YES,1.0,0,NO,,24,YES,1.0,24,YES,0.0,NO,False,False,False
2018-01-18,2018,24,YES,12.32,24,YES,15.83,24,YES,0.0,24,YES,1.0,0,NO,,24,YES,0.0,24,YES,0.0,NO,False,False,False
2018-01-19,2018,24,YES,12.31,24,YES,15.83,24,YES,0.0,24,YES,0.0,0,NO,,24,YES,0.0,24,YES,0.0,NO,False,False,False
2018-01-20,2018,24,YES,12.31,24,YES,15.83,24,YES,0.0,24,YES,0.0,0,NO,,24,YES,0.0,24,YES,0.0,NO,False,False,False
2018-01-21,2018,24,YES,12.31,24,YES,15.83,24,YES,0.0,24,YES,0.0,0,NO,,24,YES,0.0,24,YES,0.0,NO,False,False,False
2018-01-22,2018,24,YES,12.31,24,YES,15.83,24,YES,0.0,24,YES,1.0,0,NO,,24,YES,0.0,24,YES,1.0,NO,False,False,False
2018-01-23,2018,24,YES,12.31,24,YES,15.83,24,YES,0.0,24,YES,0.0,0,NO,,24,YES,0.0,24,YES,0.0,NO,False,False,False
2018-01-24,2018,24,YES,12.31,24,YES,15.83,24,YES,3.0,24,YES,2.0,0,NO,,24,YES,1.0,24,YES,3.0,NO,False,False,False
2018-01-25,2018,24,YES,12.31,24,YES,15.83,24,YES,0.0,24,YES,0.0,0,NO,,24,YES,0.0,24,YES,1.0,NO,False,False,False
2018-01-26,2018,24,YES,12.31,24,YES,15.83,24,YES,17.0,24,YES,24.0,0,NO,,24,YES,13.0,24,YES,10.0,NO,False,False,False
2018-01-27,2018,24,YES,12.31,24,YES,15.83,24,YES,9.0,24,YES,7.0,0,NO,,24,YES,9.0,24,YES,13.0,NO,False,False,False
2018-01-28,2018,24,YES,12.31,24,YES,15.83,24,YES,0.0,24,YES,0.0,0,NO,,24,YES,1.0,24,YES,0.0,NO,False,False,False
2018-01-29,2018,24,YES,12.31,24,YES,15.83,24,YES,0.0,24,YES,0.0,0,NO,,24,YES,1.0,24,YES,0.0,NO,False,False,False
2018-01-30,2018,24,YES,12.31,24,YES,15.83,24,YES,0.0,24,YES,0.0,0,NO,,24,YES,0.0,24,YES,0.0,NO,False,False,False
2018-01-31,2018,24,YES,12.3,24,YES,15.83,24,YES,5.0,24,YES,5.0,0,NO,,24,YES,0.0,24,YES,0.0,NO,False,False,False
2018-02-01,2018,24,YES,12.3,24,YES,15.83,24,YES,0.0,24,YES,0.0,0,NO,,24,YES,0.0,24,YES,3.0,NO,False,False,False
2018-02-02,2018,24,YES,12.3,24,YES,15.83,24,YES,0.0,24,YES,0.0,0,NO,,24,YES,0.0,24,YES,0.0,NO,False,False,False
2018-02-03,2018,24,YES,12.3,24,YES,15.83,24,YES,0.0,24,YES,0.0,0,NO,,24,YES,0.0,24,YES,0.0,NO,False,False,False
2018-02-04,2018,24,YES,12.3,24,YES,15.83,24,YES,0.0,24,YES,0.0,0,NO,,24,YES,0.0,24,YES,0.0,NO,False,False,False
2018-02-05,2018,24,YES,12.3,24,YES,15.83,24,YES,0.0,24,YES,0.0,0,NO,,24,YES,0.0,24,YES,0.0,NO,False,False,False
2018-02-06,2018,24,YES,12.3,24,YES,15.83,24,YES,0.0,24,YES,0.0,0,NO,,24,YES,0.0,24,YES,0.0,NO,False,False,False
2018-02-07,2018,24,YES,12.32,24,YES,15.83,24,YES,0.0,24,YES,0.0,0,NO,,24,YES,0.0,24,YES,0.0,NO,False,False,False
2018-02-08,2018,24,YES,11.81,24,YES,15.83,24,YES,0.0,24,YES,0.0,0,NO,,24,YES,0.0,24,YES,0.0,NO,False,False,False
2018-02-09,2018,24,YES,11.83,24,YES,15.79,24,YES,0.0,24,YES,0.0,0,NO,,24,YES,0.0,24,YES,0.0,NO,False,False,False
2018-02-10,2018,24,YES,11.81,24,YES,15.79,24,YES,0.0,24,YES,0.0,0,NO,,24,YES,0.0,24,YES,0.0,NO,False,False,False
2018-02-11,2018,24,YES,11.81,24,YES,15.79,24,YES,0.0,24,YES,0.0,0,NO,,24,YES,0.0,24,YES,0.0,NO,False,False,False
2018-02-12,2018,24,YES,11.81,24,YES,15.79,24,YES,0.0,24,YES,0.0,0,NO,,24,YES,0.0,24,YES,0.0,NO,False,False,False
2018-02-13,2018,24,YES,11.81,24,YES,15.79,24,YES,0.0,24,YES,0.0,0,NO,,24,YES,0.0,24,YES,0.0,NO,False,False,False
2018-02-14,2018,24,YES,11.81,24,YES,15.79,24,YES,0.0,24,YES,1.0,0,NO,,24,YES,0.0,24,YES,0.0,NO,False,False,False
2018-02-15,2018,24,YES,11.81,24,YES,15.79,24,YES,0.0,24,YES,1.0,0,NO,,24,YES,0.0,24,YES,0.0,NO,False,False,False
2018-02-16,2018,24,YES,11.81,24,YES,15.79,24,YES,0.0,24,YES,0.0,0,NO,,24,YES,0.0,24,YES,0.0,NO,False,False,False
2018-02-17,2018,24,YES,11.81,24,YES,15.79,24,YES,0.0,24,YES,0.0,0,NO,,24,YES,0.0,24,YES,0.0,NO,False,False,False
2018-02-18,2018,24,YES,11.81,24,YES,15.79,24,YES,0.0,24,YES,0.0,0,NO,,24,YES,0.0,24,YES,0.0,NO,False,False,False
2018-02-19,2018,24,YES,11.81,24,YES,15.79,24,YES,0.0,24,YES,0.0,0,NO,,24,YES,0.0,24,YES,0.0,NO,False,False,False
2018-02-20,2018,24,YES,11.81,24,YES,15.79,24,YES,0.0,24,YES,0.0,0,NO,,24,YES,0.0,24,YES,0.0,NO,False,False,False
2018-02-21,2018,24,YES,11.8,24,YES,15.79,24,YES,0.0,24,YES,0.0,0,NO,,24,YES,0.0,24,YES,0.0,NO,False,False,False
2018-02-22,2018,24,YES,11.8,24,YES,15.79,24,YES,0.0,24,YES,0.0,0,NO,,24,YES,0.0,24,YES,0.0,NO,False,False,False
2018-02-23,2018,24,YES,11.8,24,YES,15.79,24,YES,0.0,24,YES,0.0,0,NO,,24,YES,0.0,24,YES,0.0,NO,False,False,False
2018-02-24,2018,24,YES,11.8,24,YES,15.79,24,YES,0.0,24,YES,0.0,0,NO,,24,YES,0.0,24,YES,0.0,NO,False,False,False
2018-02-25,2018,24,YES,11.79,24,YES,15.79,24,YES,0.0,24,YES,0.0,0,NO,,24,YES,0.0,24,YES,0.0,NO,False,False,False
2018-02-26,2018,24,YES,11.79,24,YES,15.79,24,YES,0.0,24,YES,0.0,0,NO,,24,YES,1.0,24,YES,0.0,NO,False,False,False
2018-02-27,2018,24,YES,11.79,24,YES,15.79,24,YES,1.0,24,YES,9.0,0,NO,,24,YES,1.0,24,YES,0.0,NO,False,False,False
2018-02-28,2018,24,YES,11.79,24,YES,15.79,24,YES,0.0,24,YES,1.0,0,NO,,24,YES,0.0,24,YES,0.0,NO,False,False,False
2018-03-01,2018,24,YES,11.79,24,YES,15.79,24,YES,0.0,24,YES,0.0,0,NO,,24,YES,0.0,24,YES,0.0,NO,False,False,False
2018-03-02,2018,24,YES,11.79,24,YES,15.79,24,YES,0.0,24,YES,0.0,0,NO,,24,YES,0.0,24,YES,0.0,NO,False,False,False
2018-03-03,2018,24,YES,11.79,24,YES,15.79,24,YES,0.0,24,YES,0.0,0,NO,,24,YES,0.0,24,YES,0.0,NO,False,False,False
2018-03-04,2018,24,YES,11.79,24,YES,15.79,24,YES,0.0,24,YES,0.0,0,NO,,24,YES,0.0,24,YES,0.0,NO,False,False,False
2018-03-05,2018,24,YES,11.78,24,YES,15.79,24,YES,0.0,24,YES,0.0,0,NO,,24,YES,0.0,24,YES,0.0,NO,False,False,False
2018-03-06,2018,24,YES,11.78,24,YES,15.79,24,YES,0.0,24,YES,0.0,0,NO,,24,YES,0.0,24,YES,0.0,NO,False,False,False
2018-03-07,2018,24,YES,11.78,24,YES,15.79,24,YES,0.0,24,YES,0.0,0,NO,,24,YES,0.0,24,YES,0.0,NO,False,False,False
2018-03-08,2018,24,YES,11.78,24,YES,15.94,24,YES,13.0,24,YES,20.0,0,NO,,24,YES,28.0,24,YES,20.0,NO,False,False,False
2018-03-09,2018,24,YES,11.78,24,YES,15.81,24,YES,0.0,24,YES,0.0,0,NO,,24,YES,0.0,24,YES,0.0,NO,False,False,False
2018-03-10,2018,24,YES,11.78,24,YES,15.81,24,YES,0.0,24,YES,0.0,0,NO,,24,YES,0.0,24,YES,0.0,NO,False,False,False
2018-03-11,2018,24,YES,11.77,24,YES,15.81,24,YES,0.0,24,YES,0.0,0,NO,,24,YES,0.0,24,YES,0.0,NO,False,False,False
2018-03-12,2018,24,YES,11.77,24,YES,15.81,24,YES,0.0,24,YES,0.0,0,NO,,24,YES,0.0,24,YES,0.0,NO,False,False,False
2018-03-13,2018,24,YES,11.77,24,YES,15.81,24,YES,0.0,24,YES,0.0,0,NO,,24,YES,0.0,24,YES,0.0,NO,False,False,False
2018-03-14,2018,24,YES,11.77,24,YES,15.81,24,YES,0.0,24,YES,0.0,0,NO,,24,YES,0.0,24,YES,0.0,NO,False,False,False
2018-03-15,2018,24,YES,11.77,24,YES,15.81,24,YES,0.0,24,YES,0.0,0,NO,,24,YES,0.0,24,YES,0.0,NO,False,False,False
2018-03-16,2018,24,YES,11.76,24,YES,15.81,24,YES,13.0,24,YES,26.0,0,NO,,24,YES,0.0,24,YES,0.0,NO,False,False,False
2018-03-17,2018,24,YES,11.76,24,YES,15.81,24,YES,0.0,24,YES,0.0,0,NO,,24,YES,0.0,24,YES,0.0,NO,False,False,False
2018-03-18,2018,24,YES,11.76,24,YES,15.81,24,YES,0.0,24,YES,0.0,0,NO,,24,YES,0.0,24,YES,0.0,NO,False,False,False
2018-03-19,2018,24,YES,11.76,24,YES,15.81,24,YES,0.0,24,YES,0.0,0,NO,,24,YES,0.0,24,YES,0.0,NO,False,False,False
2018-03-20,2018,24,YES,11.76,24,YES,15.81,24,YES,23.0,24,YES,1.0,0,NO,,24,YES,0.0,24,YES,26.0,NO,False,False,False
2018-03-21,2018,24,YES,11.76,24,YES,15.81,24,YES,1.0,24,YES,0.0,0,NO,,24,YES,20.0,24,YES,0.0,NO,False,False,False
2018-03-22,2018,24,YES,11.76,24,YES,15.81,24,YES,0.0,24,YES,2.0,0,NO,,24,YES,2.0,24,YES,1.0,NO,False,False,False
2018-03-23,2018,24,YES,11.75,24,YES,15.81,24,YES,0.0,24,YES,0.0,0,NO,,24,YES,0.0,24,YES,0.0,NO,False,False,False
2018-03-24,2018,24,YES,11.75,24,YES,15.81,24,YES,0.0,24,YES,0.0,0,NO,,24,YES,0.0,24,YES,0.0,NO,False,False,False
2018-03-25,2018,24,YES,11.75,24,YES,15.81,24,YES,0.0,24,YES,0.0,0,NO,,24,YES,0.0,24,YES,0.0,NO,False,False,False
2018-03-26,2018,24,YES,11.75,24,YES,15.81,24,YES,0.0,24,YES,0.0,0,NO,,24,YES,0.0,24,YES,0.0,NO,False,False,False
2018-03-27,2018,24,YES,11.74,24,YES,15.81,24,YES,0.0,24,YES,0.0,0,NO,,24,YES,0.0,24,YES,0.0,NO,False,False,False
2018-03-28,2018,24,YES,11.74,24,YES,15.81,24,YES,0.0,24,YES,2.0,0,NO,,24,YES,1.0,24,YES,0.0,NO,False,False,False
2018-03-29,2018,24,YES,11.74,24,YES,15.81,24,YES,0.0,24,YES,8.0,0,NO,,24,YES,0.0,24,YES,1.0,NO,False,False,False
2018-03-30,2018,24,YES,11.74,24,YES,15.81,24,YES,4.0,24,YES,7.0,0,NO,,24,YES,46.0,24,YES,12.0,NO,False,False,False
2018-03-31,2018,24,YES,11.74,24,YES,15.81,24,YES,0.0,24,YES,0.0,0,NO,,24,YES,0.0,24,YES,0.0,NO,False,False,False
2018-04-01,2018,24,YES,11.74,24,YES,15.81,24,YES,0.0,24,YES,0.0,0,NO,,24,YES,0.0,24,YES,0.0,NO,False,False,False
2018-04-02,2018,24,YES,11.77,24,YES,15.81,24,YES,0.0,24,YES,0.0,0,NO,,24,YES,0.0,24,YES,0.0,NO,False,False,False
2018-04-03,2018,24,YES,11.77,24,YES,15.81,24,YES,5.0,24,YES,0.0,0,NO,,24,YES,0.0,24,YES,10.0,NO,False,False,False
2018-04-04,2018,24,YES,11.77,24,YES,15.81,24,YES,0.0,24,YES,1.0,0,NO,,24,YES,6.0,24,YES,0.0,NO,False,False,False
2018-04-05,2018,24,YES,11.77,24,YES,15.81,24,YES,0.0,24,YES,0.0,0,NO,,24,YES,0.0,24,YES,0.0,NO,False,False,False
2018-04-06,2018,24,YES,11.77,24,YES,15.81,24,YES,0.0,24,YES,0.0,0,NO,,24,YES,0.0,24,YES,0.0,NO,False,False,False
2018-04-07,2018,24,YES,11.77,24,YES,15.81,24,YES,0.0,24,YES,0.0,0,NO,,24,YES,0.0,24,YES,0.0,NO,False,False,False
2018-04-08,2018,24,YES,11.77,24,YES,15.81,24,YES,0.0,24,YES,0.0,0,NO,,24,YES,0.0,24,YES,0.0,NO,False,False,False
2018-04-09,2018,24,YES,11.77,24,YES,15.821,24,YES,0.0,24,YES,0.0,0,NO,,24,YES,0.0,24,YES,0.0,NO,False,False,False
2018-04-10,2018,24,YES,11.81,24,YES,15.81,24,YES,0.0,24,YES,0.0,0,NO,,24,YES,0.0,24,YES,0.0,NO,False,False,False
2018-04-11,2018,24,YES,11.812,24,YES,15.81,24,YES,0.0,24,YES,0.0,0,NO,,24,YES,0.0,24,YES,0.0,NO,False,False,False
2018-04-12,2018,24,YES,11.81,24,YES,15.81,24,YES,0.0,24,YES,0.0,0,NO,,24,YES,0.0,24,YES,0.0,NO,False,False,False
2018-04-13,2018,24,YES,11.81,24,YES,15.81,24,YES,0.0,24,YES,0.0,0,NO,,24,YES,0.0,24,YES,0.0,NO,False,False,False
2018-04-14,2018,24,YES,11.8,24,YES,15.981,24,YES,0.0,24,YES,0.0,0,NO,,24,YES,0.0,24,YES,0.0,NO,False,False,False
2018-04-15,2018,24,YES,11.8,24,YES,15.81,24,YES,0.0,24,YES,0.0,0,NO,,24,YES,0.0,24,YES,0.0,NO,False,False,False
2018-04-16,2018,24,YES,11.8,24,YES,15.81,24,YES,0.0,24,YES,0.0,0,NO,,24,YES,0.0,24,YES,0.0,NO,False,False,False
2018-04-17,2018,24,YES,11.8,24,YES,15.81,24,YES,0.0,24,YES,0.0,0,NO,,24,YES,0.0,24,YES,0.0,NO,False,False,False
2018-04-18,2018,24,YES,11.79,24,YES,15.81,24,YES,0.0,24,YES,0.0,0,NO,,24,YES,0.0,24,YES,0.0,NO,False,False,False
2018-04-19,2018,24,YES,11.79,24,YES,15.81,24,YES,0.0,24,YES,0.0,0,NO,,24,YES,0.0,24,YES,0.0,NO,False,False,False
2018-04-20,2018,24,YES,11.79,24,YES,15.81,24,YES,0.0,24,YES,0.0,0,NO,,24,YES,0.0,24,YES,0.0,NO,False,False,False
2018-04-21,2018,24,YES,11.79,24,YES,15.81,24,YES,0.0,24,YES,0.0,0,NO,,24,YES,0.0,24,YES,0.0,NO,False,False,False
2018-04-22,2018,24,YES,11.79,24,YES,15.81,24,YES,1.0,24,YES,0.0,0,NO,,24,YES,16.0,24,YES,15.0,NO,False,False,False
2018-04-23,2018,24,YES,11.78,24,YES,15.81,24,YES,0.0,24,YES,0.0,0,NO,,24,YES,0.0,24,YES,0.0,NO,False,False,False
2018-04-24,2018,24,YES,11.78,24,YES,15.81,24,YES,0.0,24,YES,0.0,0,NO,,24,YES,0.0,24,YES,0.0,NO,False,False,False
2018-04-25,2018,24,YES,11.88,24,YES,15.81,24,YES,0.0,24,YES,0.0,0,NO,,24,YES,0.0,24,YES,0.0,NO,False,False,False
2018-04-26,2018,24,YES,11.81,24,YES,15.81,24,YES,0.0,24,YES,0.0,0,NO,,24,YES,0.0,24,YES,0.0,NO,False,False,False
2018-04-27,2018,24,YES,11.81,24,YES,15.81,24,YES,0.0,24,YES,0.0,0,NO,,24,YES,0.0,24,YES,0.0,NO,False,False,False
2018-04-28,2018,24,YES,11.81,24,YES,15.81,24,YES,0.0,24,YES,0.0,0,NO,,24,YES,0.0,24,YES,0.0,NO,False,False,False
2018-04-29,2018,24,YES,11.8,24,YES,15.81,24,YES,0.0,24,YES,0.0,0,NO,,24,YES,0.0,24,YES,0.0,NO,False,False,False
2018-04-30,2018,0,NO,,24,YES,15.81,24,YES,0.0,0,NO,,0,NO,,0,NO,,0,NO,,NO,False,False,False
2018-05-01,2018,24,YES,11.8,24,YES,15.81,24,YES,0.0,24,YES,0.0,0,NO,,24,YES,0.0,24,YES,0.0,NO,False,False,False
2018-05-02,2018,24,YES,11.8,24,YES,15.81,24,YES,0.0,24,YES,0.0,0,NO,,24,YES,0.0,24,YES,0.0,NO,False,False,False
2018-05-03,2018,24,YES,11.8,24,YES,15.81,24,YES,0.0,24,YES,0.0,0,NO,,24,YES,0.0,24,YES,0.0,NO,False,False,False
2018-05-04,2018,24,YES,11.8,24,YES,15.81,24,YES,0.0,24,YES,0.0,0,NO,,24,YES,0.0,24,YES,0.0,NO,False,False,False
2018-05-05,2018,24,YES,11.79,24,YES,15.81,24,YES,0.0,24,YES,3.0,0,NO,,24,YES,0.0,24,YES,0.0,NO,False,False,False
2018-05-06,2018,24,YES,11.79,24,YES,15.81,24,YES,1.0,24,YES,1.0,0,NO,,24,YES,0.0,24,YES,0.0,NO,False,False,False
2018-05-07,2018,24,YES,11.79,24,YES,15.81,24,YES,3.0,24,YES,10.0,0,NO,,24,YES,2.0,24,YES,0.0,NO,False,False,False
2018-05-08,2018,24,YES,11.79,24,YES,15.81,24,YES,21.0,24,YES,2.0,0,NO,,24,YES,3.0,24,YES,5.0,NO,False,False,False
2018-05-09,2018,24,YES,11.79,24,YES,15.81,24,YES,0.0,24,YES,0.0,0,NO,,24,YES,8.0,24,YES,0.0,NO,False,False,False
2018-05-10,2018,24,YES,11.78,24,YES,15.81,24,YES,0.0,24,YES,0.0,0,NO,,24,YES,0.0,24,YES,0.0,NO,False,False,False
2018-05-11,2018,24,YES,11.78,24,YES,15.81,24,YES,0.0,24,YES,0.0,0,NO,,24,YES,0.0,24,YES,3.0,NO,False,False,False
2018-05-12,2018,24,YES,11.82,24,YES,15.81,24,YES,0.0,24,YES,0.0,0,NO,,24,YES,12.0,24,YES,0.0,NO,False,False,False
2018-05-13,2018,24,YES,11.81,24,YES,15.8,24,YES,0.0,24,YES,0.0,0,NO,,24,YES,0.0,24,YES,0.0,NO,False,False,False
2018-05-14,2018,24,YES,11.81,24,YES,15.8,24,YES,0.0,24,YES,0.0,0,NO,,24,YES,0.0,24,YES,0.0,NO,False,False,False
2018-05-15,2018,24,YES,11.81,24,YES,15.8,24,YES,0.0,24,YES,0.0,0,NO,,24,YES,0.0,24,YES,0.0,NO,False,False,False
2018-05-16,2018,24,YES,11.81,24,YES,15.8,24,YES,0.0,24,YES,0.0,0,NO,,24,YES,0.0,24,YES,0.0,NO,False,False,False
2018-05-17,2018,24,YES,11.8,24,YES,15.8,24,YES,0.0,24,YES,0.0,0,NO,,24,YES,0.0,24,YES,0.0,NO,False,False,False
2018-05-18,2018,24,YES,11.8,24,YES,15.8,24,YES,0.0,24,YES,0.0,0,NO,,24,YES,1.0,24,YES,2.0,NO,False,False,False
2018-05-19,2018,24,YES,11.8,24,YES,15.8,24,YES,0.0,24,YES,0.0,0,NO,,24,YES,0.0,24,YES,1.0,NO,False,False,False
2018-05-20,2018,24,YES,11.8,24,YES,15.8,24,YES,0.0,24,YES,0.0,0,NO,,24,YES,50.0,24,YES,0.0,NO,False,False,False
2018-05-21,2018,24,YES,11.8,24,YES,15.8,24,YES,14.0,24,YES,2.0,0,NO,,24,YES,1.0,24,YES,2.0,NO,False,False,False
2018-05-22,2018,24,YES,11.79,24,YES,15.8,24,YES,0.0,24,YES,0.0,0,NO,,24,YES,8.0,24,YES,0.0,NO,False,False,False
2018-05-23,2018,24,YES,11.79,24,YES,15.8,24,YES,0.0,24,YES,0.0,0,NO,,24,YES,17.0,24,YES,0.0,NO,False,False,False
2018-05-24,2018,24,YES,11.79,24,YES,15.8,24,YES,0.0,24,YES,0.0,0,NO,,24,YES,14.0,24,YES,1.0,NO,False,False,False
2018-05-25,2018,24,YES,11.79,24,YES,15.83,24,YES,21.0,24,YES,0.0,0,NO,,24,YES,1.0,24,YES,20.0,NO,False,False,False
2018-05-26,2018,24,YES,11.79,24,YES,15.8,24,YES,0.0,24,YES,3.0,0,NO,,24,YES,2.0,24,YES,0.0,NO,False,False,False
2018-05-27,2018,23,NO,,23,NO,,24,YES,0.0,24,YES,7.0,0,NO,,24,YES,0.0,24,YES,0.0,NO,False,False,False
2018-05-28,2018,24,YES,11.79,24,YES,15.8,24,YES,0.0,24,YES,0.0,0,NO,,24,YES,0.0,24,YES,0.0,NO,False,False,False
2018-05-29,2018,24,YES,11.79,24,YES,15.8,24,YES,0.0,24,YES,0.0,0,NO,,24,YES,4.0,24,YES,0.0,NO,False,False,False
2018-05-30,2018,24,YES,11.79,24,YES,15.8,24,YES,1.0,24,YES,1.0,0,NO,,24,YES,0.0,24,YES,0.0,NO,False,False,False
2018-05-31,2018,24,YES,11.78,24,YES,15.8,24,YES,0.0,24,YES,1.0,0,NO,,24,YES,0.0,24,YES,0.0,NO,False,False,False
2018-06-01,2018,24,YES,11.78,24,YES,15.8,24,YES,0.0,24,YES,0.0,0,NO,,24,YES,0.0,24,YES,0.0,NO,False,False,False
2018-06-02,2018,24,YES,11.88,24,YES,15.83,24,YES,7.0,24,YES,11.0,0,NO,,24,YES,51.0,24,YES,23.0,NO,False,False,False
2018-06-03,2018,24,YES,11.81,22,NO,,24,YES,5.0,24,YES,2.0,0,NO,,24,YES,10.0,24,YES,5.0,NO,False,False,False
2018-06-04,2018,24,YES,11.81,24,YES,15.8,24,YES,0.0,24,YES,0.0,0,NO,,24,YES,0.0,24,YES,0.0,NO,False,False,False
2018-06-05,2018,24,YES,12.31,24,YES,15.8,24,YES,0.0,24,YES,12.0,0,NO,,24,YES,1.0,24,YES,13.0,NO,False,False,False
2018-06-06,2018,24,YES,13.24,24,YES,16.1,24,YES,8.0,24,YES,16.0,0,NO,,24,YES,65.0,24,YES,16.0,NO,False,False,False
2018-06-07,2018,24,YES,12.29,24,YES,15.81,24,YES,0.0,24,YES,0.0,0,NO,,24,YES,3.0,24,YES,1.0,NO,False,False,False
2018-06-08,2018,24,YES,12.43,23,NO,,24,YES,19.0,24,YES,29.0,0,NO,,24,YES,34.0,24,YES,19.0,NO,False,False,False
2018-06-09,2018,24,YES,14.73,24,YES,17.87,24,YES,135.0,24,YES,57.0,0,NO,,24,YES,103.0,24,YES,177.0,NO,False,False,False
2018-06-10,2018,24,YES,13.28,24,YES,16.33,24,YES,35.0,24,YES,2.0,0,NO,,24,YES,14.0,24,YES,24.0,NO,False,False,False
2018-06-11,2018,24,YES,14.12,24,YES,17.29,24,YES,57.0,24,YES,3.0,0,NO,,24,YES,113.0,24,YES,88.0,NO,False,False,False
2018-06-12,2018,24,YES,13.37,24,YES,16.38,24,YES,15.0,24,YES,1.0,0,NO,,24,YES,21.0,24,YES,24.0,NO,False,False,False
2018-06-13,2018,24,YES,14.28,24,YES,17.4,23,NO,,23,NO,,0,NO,,23,NO,,23,NO,,NO,False,False,False
2018-06-14,2018,24,YES,13.76,24,YES,16.79,24,YES,11.0,24,YES,8.0,0,NO,,24,YES,20.0,24,YES,0.0,NO,False,False,False
2018-06-15,2018,24,YES,12.7,24,YES,15.95,24,YES,6.0,24,YES,4.0,0,NO,,24,YES,21.0,24,YES,9.0,NO,False,False,False
2018-06-16,2018,24,YES,12.64,24,YES,15.86,24,YES,7.0,24,YES,11.0,0,NO,,24,YES,13.0,24,YES,15.0,NO,False,False,False
2018-06-17,2018,24,YES,12.52,24,YES,15.83,24,YES,8.0,24,YES,25.0,0,NO,,24,YES,0.0,24,YES,4.0,NO,False,False,False
2018-06-18,2018,24,YES,12.73,24,YES,15.81,24,YES,0.0,24,YES,0.0,0,NO,,24,YES,0.0,24,YES,0.0,NO,False,False,False
2018-06-19,2018,24,YES,12.72,24,YES,15.81,24,YES,0.0,24,YES,0.0,0,NO,,24,YES,0.0,24,YES,0.0,NO,False,False,False
2018-06-20,2018,24,YES,15.39,24,YES,16.27,24,YES,16.0,24,YES,37.0,0,NO,,24,YES,14.0,24,YES,25.0,NO,False,False,False
2018-06-21,2018,24,YES,14.65,24,YES,17.97,24,YES,23.0,24,YES,46.0,0,NO,,24,YES,76.0,24,YES,38.0,NO,False,False,False
2018-06-22,2018,24,YES,13.7,24,YES,16.82,24,YES,27.0,24,YES,55.0,0,NO,,24,YES,44.0,24,YES,42.0,NO,False,False,False
2018-06-23,2018,24,YES,13.75,24,YES,16.75,24,YES,38.0,24,YES,4.0,0,NO,,24,YES,0.0,24,YES,21.0,NO,False,False,False
2018-06-24,2018,24,YES,12.95,24,YES,16.15,24,YES,1.0,24,YES,35.0,0,NO,,24,YES,65.0,24,YES,3.0,NO,False,False,False
2018-06-25,2018,24,YES,12.39,24,YES,15.88,24,YES,14.0,24,YES,2.0,0,NO,,24,YES,3.0,24,YES,8.0,NO,False,False,False
2018-06-26,2018,24,YES,12.61,24,YES,16.56,24,YES,14.0,24,YES,70.0,0,NO,,24,YES,7.0,24,YES,19.0,NO,False,False,False
2018-06-27,2018,24,YES,12.16,24,YES,15.87,24,YES,3.0,24,YES,0.0,0,NO,,24,YES,4.0,24,YES,0.0,NO,False,False,False
2018-06-28,2018,20,NO,,24,YES,15.81,24,YES,0.0,24,YES,0.0,0,NO,,24,YES,0.0,24,YES,0.0,NO,False,False,False
2018-06-29,2018,24,YES,11.99,24,YES,15.8,24,YES,0.0,24,YES,0.0,0,NO,,24,YES,0.0,24,YES,2.0,NO,False,False,False
2018-06-30,2018,24,YES,12.07,24,YES,16.07,24,YES,10.0,24,YES,10.0,0,NO,,24,YES,1.0,24,YES,9.0,NO,False,False,False
2018-07-01,2018,24,YES,12.02,24,YES,15.93,24,YES,20.0,24,YES,18.0,0,NO,,24,YES,3.0,24,YES,16.0,NO,False,False,False
2018-07-02,2018,24,YES,12.02,24,YES,15.81,24,YES,17.0,24,YES,5.0,0,NO,,24,YES,8.0,24,YES,9.0,NO,False,False,False
2018-07-03,2018,24,YES,12.02,24,YES,15.81,24,YES,9.0,24,YES,12.0,0,NO,,24,YES,17.0,24,YES,2.0,NO,False,False,False
2018-07-04,2018,24,YES,12.01,24,YES,15.81,24,YES,12.0,24,YES,12.0,0,NO,,24,YES,5.0,24,YES,6.0,NO,False,False,False
2018-07-05,2018,24,YES,11.95,24,YES,15.81,24,YES,0.0,24,YES,0.0,0,NO,,24,YES,0.0,24,YES,0.0,NO,False,False,False
2018-07-06,2018,24,YES,11.83,24,YES,15.81,24,YES,2.0,24,YES,0.0,0,NO,,24,YES,2.0,24,YES,1.0,NO,False,False,False
2018-07-07,2018,23,NO,,23,NO,,24,YES,29.0,24,YES,29.0,0,NO,,24,YES,29.0,24,YES,23.0,NO,False,False,False
2018-07-08,2018,24,YES,13.48,24,YES,16.48,24,YES,12.0,24,YES,10.0,0,NO,,24,YES,13.0,24,YES,3.0,NO,False,False,False
2018-07-09,2018,24,YES,13.68,24,YES,16.93,24,YES,18.0,24,YES,39.0,0,NO,,24,YES,60.0,24,YES,38.0,NO,False,False,False
2018-07-10,2018,24,YES,13.46,24,YES,16.47,24,YES,18.0,24,YES,23.0,0,NO,,24,YES,3.0,24,YES,1.0,NO,False,False,False
2018-07-11,2018,24,YES,12.66,24,YES,15.97,24,YES,9.0,24,YES,18.0,0,NO,,24,YES,24.0,24,YES,21.0,NO,False,False,False
2018-07-12,2018,24,YES,12.7,24,YES,15.85,24,YES,2.0,24,YES,2.0,0,NO,,24,YES,7.0,24,YES,3.0,NO,False,False,False
2018-07-13,2018,24,YES,15.32,24,YES,16.99,24,YES,5.0,24,YES,6.0,0,NO,,24,YES,20.0,24,YES,4.0,NO,False,False,False
2018-07-14,2018,24,YES,12.93,24,YES,16.02,24,YES,25.0,24,YES,24.0,0,NO,,24,YES,29.0,24,YES,16.0,NO,False,False,False
2018-07-15,2018,24,YES,13.39,24,YES,16.45,24,YES,25.0,24,YES,20.0,0,NO,,24,YES,11.0,24,YES,33.0,NO,False,False,False
2018-07-16,2018,24,YES,14.44,24,YES,17.49,24,YES,51.0,24,YES,69.0,0,NO,,24,YES,39.0,24,YES,83.0,NO,False,False,False
2018-07-17,2018,24,YES,16.68,24,YES,20.04,24,YES,104.0,24,YES,99.0,0,NO,,24,YES,158.0,24,YES,124.0,NO,False,False,False
2018-07-18,2018,24,YES,16.11,24,YES,19.36,24,YES,25.0,24,YES,19.0,0,NO,,24,YES,39.0,24,YES,13.0,NO,False,False,False
2018-07-19,2018,24,YES,15.98,24,YES,19.34,24,YES,91.0,24,YES,135.0,0,NO,,24,YES,53.0,24,YES,104.0,NO,False,False,False
2018-07-20,2018,24,YES,16.21,24,YES,19.44,24,YES,33.0,24,YES,27.0,0,NO,,24,YES,22.0,24,YES,40.0,NO,False,False,False
2018-07-21,2018,24,YES,17.28,24,YES,20.64,24,YES,85.0,24,YES,115.0,0,NO,,24,YES,84.0,24,YES,100.0,NO,False,False,False
2018-07-22,2018,24,YES,17.31,24,YES,20.54,24,YES,23.0,24,YES,17.0,0,NO,,24,YES,7.0,24,YES,14.0,NO,False,False,False
2018-07-23,2018,24,YES,13.91,24,YES,16.86,24,YES,2.0,24,YES,3.0,0,NO,,24,YES,7.0,24,YES,2.0,NO,False,False,False
2018-07-24,2018,24,YES,13.3,24,YES,16.38,24,YES,0.0,24,YES,0.0,0,NO,,24,YES,0.0,24,YES,2.0,NO,False,False,False
2018-07-25,2018,24,YES,14.64,24,YES,17.75,24,YES,41.0,24,YES,41.0,0,NO,,24,YES,141.0,24,YES,5.0,NO,False,False,False
2018-07-26,2018,24,YES,13.37,24,YES,16.51,24,YES,9.0,24,YES,1.0,0,NO,,24,YES,0.0,24,YES,5.0,NO,False,False,False
2018-07-27,2018,24,YES,12.87,24,YES,16.4,24,YES,21.0,24,YES,10.0,0,NO,,24,YES,3.0,24,YES,11.0,NO,False,False,False
2018-07-28,2018,24,YES,13.81,24,YES,16.85,24,YES,41.0,24,YES,39.0,0,NO,,24,YES,27.0,24,YES,34.0,NO,False,False,False
2018-07-29,2018,24,YES,13.19,24,YES,16.19,24,YES,2.0,24,YES,4.0,0,NO,,24,YES,30.0,24,YES,1.0,NO,False,False,False
2018-07-30,2018,24,YES,13.47,24,YES,16.43,24,YES,10.0,24,YES,3.0,0,NO,,24,YES,7.0,24,YES,25.0,NO,False,False,False
2018-07-31,2018,24,YES,14.59,24,YES,17.8,24,YES,8.0,24,YES,32.0,0,NO,,24,YES,66.0,24,YES,58.0,NO,False,False,False
2018-08-01,2018,24,YES,13.53,24,YES,16.8,24,YES,8.0,24,YES,1.0,0,NO,,24,YES,0.0,24,YES,2.0,NO,False,False,False
2018-08-02,2018,24,YES,14.93,24,YES,17.69,24,YES,27.0,23,NO,,0,NO,,24,YES,134.0,24,YES,25.0,NO,False,False,False
2018-08-03,2018,24,YES,14.36,24,YES,17.01,24,YES,2.0,0,NO,,0,NO,,24,YES,1.0,24,YES,6.0,NO,False,False,False
2018-08-04,2018,24,YES,13.28,24,YES,16.61,24,YES,1.0,0,NO,,0,NO,,24,YES,0.0,24,YES,1.0,NO,False,False,False
2018-08-05,2018,24,YES,13.04,24,YES,16.13,24,YES,13.0,24,YES,0.0,0,NO,,24,YES,2.0,24,YES,1.0,NO,False,False,False
2018-08-06,2018,24,YES,13.34,24,YES,16.34,24,YES,19.0,24,YES,0.0,0,NO,,24,YES,17.0,24,YES,3.0,NO,False,False,False
2018-08-07,2018,24,YES,13.39,24,YES,16.56,24,YES,19.0,24,YES,14.0,0,NO,,24,YES,38.0,24,YES,33.0,NO,False,False,False
2018-08-08,2018,24,YES,12.99,24,YES,16.01,24,YES,3.0,24,YES,4.0,0,NO,,24,YES,10.0,24,YES,7.0,NO,False,False,False
2018-08-09,2018,23,NO,,24,YES,16.36,24,YES,11.0,24,YES,14.0,0,NO,,24,YES,23.0,24,YES,12.0,NO,False,False,False
2018-08-10,2018,24,YES,14.07,24,YES,16.99,24,YES,24.0,24,YES,25.0,0,NO,,24,YES,62.0,24,YES,32.0,NO,False,False,False
2018-08-11,2018,23,NO,,24,YES,23.65,23,NO,,23,NO,,0,NO,,23,NO,,23,NO,,NO,False,False,False
2018-08-12,2018,24,YES,17.61,24,YES,20.84,24,YES,81.0,24,YES,91.0,0,NO,,24,YES,135.0,24,YES,66.0,NO,False,False,False
2018-08-13,2018,23,NO,,24,YES,18.75,24,YES,15.0,24,YES,13.0,0,NO,,24,YES,21.0,24,YES,21.0,NO,False,False,False
2018-08-14,2018,24,YES,14.35,24,YES,17.18,24,YES,9.0,24,YES,10.0,0,NO,,24,YES,5.0,24,YES,6.0,NO,False,False,False
2018-08-15,2018,24,YES,13.7,23,NO,,24,YES,5.0,24,YES,4.0,0,NO,,24,YES,13.0,24,YES,0.0,NO,False,False,False
2018-08-16,2018,24,YES,13.92,24,YES,17.05,24,YES,40.0,24,YES,34.0,0,NO,,24,YES,16.0,24,YES,38.0,NO,False,False,False
2018-08-17,2018,24,YES,13.91,24,YES,16.84,24,YES,7.0,24,YES,9.0,0,NO,,24,YES,30.0,24,YES,14.0,NO,False,False,False
2018-08-18,2018,24,YES,13.53,24,YES,16.52,24,YES,1.0,24,YES,14.0,0,NO,,24,YES,2.0,24,YES,3.0,NO,False,False,False
2018-08-19,2018,24,YES,13.34,24,YES,16.52,24,YES,15.0,24,YES,17.0,0,NO,,24,YES,29.0,24,YES,17.0,NO,False,False,False
2018-08-20,2018,24,YES,14.41,24,YES,17.4,24,YES,18.0,24,YES,18.0,0,NO,,24,YES,30.0,24,YES,34.0,NO,False,False,False
2018-08-21,2018,24,YES,14.41,24,YES,17.33,24,YES,8.0,24,YES,9.0,0,NO,,24,YES,14.0,24,YES,12.0,NO,False,False,False
2018-08-22,2018,24,YES,13.36,24,YES,16.33,24,YES,1.0,24,YES,2.0,0,NO,,24,YES,12.0,24,YES,2.0,NO,False,False,False
2018-08-23,2018,24,YES,13.2,24,YES,16.22,24,YES,0.0,24,YES,0.0,0,NO,,24,YES,0.0,24,YES,0.0,NO,False,False,False
2018-08-24,2018,24,YES,14.65,24,YES,17.72,24,YES,24.0,24,YES,24.0,0,NO,,24,YES,92.0,24,YES,50.0,NO,False,False,False
2018-08-25,2018,24,YES,14.88,24,YES,17.84,24,YES,8.0,24,YES,9.0,0,NO,,24,YES,13.0,24,YES,6.0,NO,False,False,False
2018-08-26,2018,24,YES,13.25,24,YES,16.22,24,YES,0.0,24,YES,0.0,0,NO,,24,YES,0.0,24,YES,0.0,NO,False,False,False
2018-08-27,2018,24,YES,13.23,24,YES,16.215,24,YES,0.0,24,YES,3.0,0,NO,,24,YES,0.0,24,YES,0.0,NO,False,False,False
2018-08-28,2018,24,YES,13.33,24,YES,16.15,24,YES,0.0,24,YES,0.0,0,NO,,24,YES,0.0,24,YES,0.0,NO,False,False,False
2018-08-29,2018,24,YES,13.24,24,YES,16.15,24,YES,0.0,24,YES,0.0,0,NO,,24,YES,0.0,24,YES,0.0,NO,False,False,False
2018-08-30,2018,24,YES,13.55,24,YES,16.26,24,YES,20.0,24,YES,48.0,0,NO,,24,YES,34.0,24,YES,7.0,NO,False,False,False
2018-08-31,2018,24,YES,13.42,24,YES,16.32,24,YES,10.0,24,YES,21.0,0,NO,,24,YES,16.0,24,YES,14.0,NO,False,False,False
2018-09-01,2018,24,YES,13.34,24,YES,16.24,24,YES,1.0,24,YES,0.0,0,NO,,24,YES,0.0,24,YES,4.0,NO,False,False,False
2018-09-02,2018,24,YES,13.76,24,YES,16.92,24,YES,20.0,24,YES,45.0,0,NO,,24,YES,38.0,24,YES,56.0,NO,False,False,False
2018-09-03,2018,24,YES,13.24,24,YES,16.14,24,YES,1.0,24,YES,5.0,0,NO,,24,YES,2.0,24,YES,1.0,NO,False,False,False
2018-09-04,2018,24,YES,13.23,24,YES,16.1,24,YES,10.0,24,YES,31.0,0,NO,,24,YES,14.0,24,YES,8.0,NO,False,False,False
2018-09-05,2018,24,YES,13.43,24,YES,17.3,24,YES,22.0,24,YES,33.0,0,NO,,24,YES,0.0,24,YES,25.0,NO,False,False,False
2018-09-06,2018,24,YES,13.23,24,YES,16.15,24,YES,24.0,24,YES,42.0,0,NO,,24,YES,21.0,24,YES,26.0,NO,False,False,False
2018-09-07,2018,24,YES,13.59,24,YES,16.39,24,YES,1.0,24,YES,6.0,0,NO,,24,YES,92.0,24,YES,8.0,NO,False,False,False
2018-09-08,2018,24,YES,13.4,24,YES,16.21,24,YES,0.0,24,YES,0.0,0,NO,,24,YES,2.0,24,YES,1.0,NO,False,False,False
2018-09-09,2018,24,YES,13.34,24,YES,16.09,24,YES,11.0,24,YES,0.0,0,NO,,24,YES,0.0,24,YES,5.0,NO,False,False,False
2018-09-10,2018,24,YES,13.28,23,NO,,24,YES,19.0,24,YES,8.0,0,NO,,24,YES,16.0,24,YES,30.0,NO,False,False,False
2018-09-11,2018,24,YES,13.36,24,YES,16.09,24,YES,2.0,24,YES,2.0,0,NO,,24,YES,0.0,24,YES,14.0,NO,False,False,False
2018-09-12,2018,24,YES,13.41,24,YES,16.5,24,YES,12.0,24,YES,27.0,0,NO,,24,YES,33.0,24,YES,6.0,NO,False,False,False
2018-09-13,2018,24,YES,13.25,23,NO,,24,YES,3.0,24,YES,0.0,0,NO,,24,YES,23.0,24,YES,0.0,NO,False,False,False
2018-09-14,2018,24,YES,15.36,24,YES,18.62,24,YES,104.0,24,YES,95.0,0,NO,,24,YES,96.0,24,YES,96.0,NO,False,False,False
2018-09-15,2018,24,YES,17.03,24,YES,20.24,24,YES,11.0,24,YES,11.0,0,NO,,24,YES,62.0,24,YES,30.0,NO,False,False,False
2018-09-16,2018,24,YES,13.92,24,YES,16.74,24,YES,2.0,24,YES,14.0,0,NO,,24,YES,3.0,24,YES,7.0,NO,False,False,False
2018-09-17,2018,24,YES,13.38,24,YES,16.17,24,YES,1.0,24,YES,4.0,0,NO,,24,YES,1.0,24,YES,19.0,NO,False,False,False
2018-09-18,2018,24,YES,13.38,24,YES,16.15,24,YES,0.0,24,YES,1.0,0,NO,,24,YES,0.0,24,YES,0.0,NO,False,False,False
2018-09-19,2018,24,YES,12.89,24,YES,16.13,24,YES,1.0,24,YES,5.0,0,NO,,24,YES,2.0,24,YES,0.0,NO,False,False,False
2018-09-20,2018,24,YES,13.49,24,YES,16.99,24,YES,50.0,24,YES,17.0,0,NO,,24,YES,13.0,24,YES,31.0,NO,False,False,False
2018-09-21,2018,24,YES,16.24,24,YES,17.04,24,YES,4.0,24,YES,2.0,0,NO,,24,YES,26.0,24,YES,18.0,NO,False,False,False
2018-09-22,2018,24,YES,13.31,24,YES,16.14,24,YES,1.0,24,YES,2.0,0,NO,,24,YES,0.0,24,YES,3.0,NO,False,False,False
2018-09-23,2018,24,YES,13.21,24,YES,16.09,24,YES,0.0,24,YES,0.0,0,NO,,24,YES,3.0,24,YES,0.0,NO,False,False,False
2018-09-24,2018,24,YES,13.12,24,YES,16.09,24,YES,1.0,24,YES,13.0,0,NO,,24,YES,0.0,24,YES,1.0,NO,False,False,False
2018-09-25,2018,24,YES,13.04,24,YES,16.09,24,YES,0.0,24,YES,3.0,0,NO,,24,YES,5.0,24,YES,0.0,NO,False,False,False
2018-09-26,2018,24,YES,13.69,24,YES,17.16,24,YES,32.0,24,YES,3.0,0,NO,,24,YES,0.0,24,YES,57.0,NO,False,False,False
2018-09-27,2018,24,YES,13.26,24,YES,16.08,24,YES,0.0,24,YES,0.0,0,NO,,24,YES,0.0,24,YES,0.0,NO,False,False,False
2018-09-28,2018,24,YES,13.11,24,YES,16.07,24,YES,2.0,24,YES,0.0,0,NO,,24,YES,2.0,24,YES,0.0,NO,False,False,False
2018-09-29,2018,24,YES,13.01,24,YES,16.02,24,YES,0.0,24,YES,0.0,0,NO,,24,YES,0.0,24,YES,0.0,NO,False,False,False
2018-09-30,2018,24,YES,12.93,24,YES,15.99,24,YES,0.0,24,YES,0.0,0,NO,,24,YES,0.0,24,YES,0.0,NO,False,False,False
2018-10-01,2018,24,YES,12.86,24,YES,15.97,24,YES,45.0,24,YES,54.0,0,NO,,24,YES,37.0,24,YES,7.0,NO,False,False,False
2018-10-02,2018,24,YES,13.53,24,YES,16.25,24,YES,2.0,24,YES,0.0,0,NO,,24,YES,6.0,24,YES,0.0,NO,False,False,False
2018-10-03,2018,24,YES,13.25,24,YES,16.38,24,YES,27.0,24,YES,21.0,0,NO,,24,YES,47.0,24,YES,8.0,NO,False,False,False
2018-10-04,2018,24,YES,13.24,24,YES,16.07,24,YES,0.0,24,YES,0.0,0,NO,,24,YES,0.0,24,YES,0.0,NO,False,False,False
2018-10-05,2018,24,YES,13.02,24,YES,16.02,24,YES,0.0,24,YES,0.0,0,NO,,24,YES,0.0,24,YES,0.0,NO,False,False,False
2018-10-06,2018,24,YES,12.87,24,YES,15.99,24,YES,0.0,24,YES,0.0,0,NO,,24,YES,0.0,24,YES,0.0,NO,False,False,False
2018-10-07,2018,24,YES,12.8,24,YES,15.96,24,YES,1.0,24,YES,17.0,0,NO,,24,YES,5.0,24,YES,27.0,NO,False,False,False
2018-10-08,2018,24,YES,12.78,24,YES,15.96,24,YES,4.0,24,YES,1.0,0,NO,,24,YES,0.0,24,YES,0.0,NO,False,False,False
2018-10-09,2018,24,YES,12.75,24,YES,15.94,24,YES,0.0,24,YES,2.0,0,NO,,24,YES,0.0,24,YES,9.0,NO,False,False,False
2018-10-10,2018,24,YES,12.74,24,YES,15.92,24,YES,4.0,24,YES,0.0,0,NO,,24,YES,17.0,24,YES,1.0,NO,False,False,False
2018-10-11,2018,24,YES,12.74,24,YES,15.91,24,YES,0.0,24,YES,0.0,0,NO,,24,YES,0.0,24,YES,0.0,NO,False,False,False
2018-10-12,2018,24,YES,12.35,24,YES,15.9,24,YES,0.0,24,YES,0.0,0,NO,,24,YES,0.0,24,YES,0.0,NO,False,False,False
2018-10-13,2018,24,YES,12.38,24,YES,15.89,24,YES,0.0,24,YES,0.0,0,NO,,24,YES,0.0,24,YES,0.0,NO,False,False,False
2018-10-14,2018,24,YES,12.59,24,YES,15.88,24,YES,13.0,24,YES,1.0,0,NO,,24,YES,8.0,24,YES,11.0,NO,False,False,False
2018-10-15,2018,24,YES,12.63,24,YES,15.87,24,YES,9.0,24,YES,0.0,0,NO,,24,YES,14.0,24,YES,9.0,NO,False,False,False
2018-10-16,2018,24,YES,12.89,24,YES,16.43,24,YES,59.0,24,YES,1.0,0,NO,,22,NO,,22,NO,,NO,False,False,False
2018-10-17,2018,24,YES,12.67,24,YES,15.99,24,YES,5.0,24,YES,16.0,0,NO,,24,YES,0.0,24,YES,3.0,NO,False,False,False
2018-10-18,2018,24,YES,12.51,24,YES,15.94,24,YES,0.0,24,YES,0.0,0,NO,,24,YES,1.0,24,YES,0.0,NO,False,False,False
2018-10-19,2018,24,YES,12.38,24,YES,15.97,24,YES,0.0,24,YES,0.0,0,NO,,22,NO,,24,YES,0.0,NO,False,False,False
2018-10-20,2018,24,YES,12.46,24,YES,15.9,24,YES,14.0,24,YES,23.0,0,NO,,24,YES,25.0,24,YES,9.0,NO,False,False,False
2018-10-21,2018,24,YES,12.51,24,YES,15.88,24,YES,0.0,24,YES,0.0,0,NO,,24,YES,0.0,24,YES,0.0,NO,False,False,False
2018-10-22,2018,24,YES,12.32,24,YES,15.86,24,YES,0.0,24,YES,0.0,0,NO,,24,YES,0.0,24,YES,0.0,NO,False,False,False
2018-10-23,2018,24,YES,12.31,24,YES,15.85,24,YES,0.0,24,YES,0.0,0,NO,,24,YES,0.0,24,YES,0.0,NO,False,False,False
2018-10-24,2018,24,YES,12.27,24,YES,15.84,24,YES,0.0,24,YES,0.0,0,NO,,24,YES,0.0,24,YES,0.0,NO,False,False,False
2018-10-25,2018,24,YES,12.25,24,YES,15.84,24,YES,0.0,24,YES,0.0,0,NO,,24,YES,0.0,24,YES,0.0,NO,False,False,False
2018-10-26,2018,24,YES,12.27,24,YES,15.84,24,YES,0.0,24,YES,1.0,0,NO,,24,YES,0.0,24,YES,0.0,NO,False,False,False
2018-10-27,2018,24,YES,12.33,24,YES,15.88,24,YES,1.0,24,YES,0.0,0,NO,,24,YES,0.0,24,YES,1.0,NO,False,False,False
2018-10-28,2018,24,YES,12.24,24,YES,15.9,24,YES,0.0,24,YES,0.0,0,NO,,24,YES,0.0,24,YES,0.0,NO,False,False,False
2018-10-29,2018,24,YES,12.67,24,YES,16.16,24,YES,35.0,24,YES,22.0,0,NO,,24,YES,47.0,24,YES,40.0,NO,False,False,False
2018-10-30,2018,24,YES,21.06,24,YES,16.01,24,YES,0.0,24,YES,0.0,0,NO,,24,YES,0.0,24,YES,0.0,NO,False,False,False
2018-10-31,2018,0,NO,,0,NO,,24,YES,0.0,0,NO,,0,NO,,0,NO,,0,NO,,NO,False,False,False
2018-11-01,2018,24,YES,11.99,23,NO,,24,YES,0.0,24,YES,0.0,0,NO,,24,YES,0.0,24,YES,0.0,NO,False,False,False
2018-11-02,2018,24,YES,12.27,24,YES,15.92,24,YES,0.0,24,YES,0.0,0,NO,,24,YES,0.0,24,YES,0.0,NO,False,False,False
2018-11-03,2018,24,YES,12.28,24,YES,15.89,24,YES,0.0,24,YES,0.0,0,NO,,24,YES,0.0,24,YES,0.0,NO,False,False,False
2018-11-04,2018,24,YES,12.26,24,YES,15.88,24,YES,0.0,24,YES,0.0,0,NO,,24,YES,0.0,24,YES,0.0,NO,False,False,False
2018-11-05,2018,24,YES,12.23,24,YES,15.87,24,YES,0.0,24,YES,0.0,0,NO,,24,YES,0.0,24,YES,0.0,NO,False,False,False
2018-11-06,2018,24,YES,12.23,24,YES,15.86,24,YES,0.0,24,YES,6.0,0,NO,,24,YES,1.0,24,YES,0.0,NO,False,False,False
2018-11-07,2018,24,YES,12.27,23,NO,,24,YES,1.0,24,YES,2.0,0,NO,,24,YES,5.0,24,YES,1.0,NO,False,False,False
2018-11-08,2018,24,YES,12.26,24,YES,15.84,24,YES,3.0,24,YES,2.0,0,NO,,24,YES,1.0,24,YES,3.0,NO,False,False,False
2018-11-09,2018,24,YES,12.24,24,YES,15.84,24,YES,0.0,24,YES,2.0,0,NO,,24,YES,0.0,24,YES,0.0,NO,False,False,False
2018-11-10,2018,24,YES,12.21,24,YES,15.84,24,YES,0.0,24,YES,0.0,0,NO,,24,YES,0.0,24,YES,0.0,NO,False,False,False
2018-11-11,2018,24,YES,12.2,24,YES,15.84,24,YES,0.0,24,YES,0.0,0,NO,,24,YES,0.0,24,YES,0.0,NO,False,False,False
2018-11-12,2018,24,YES,12.19,24,YES,15.84,24,YES,0.0,24,YES,0.0,0,NO,,24,YES,0.0,24,YES,0.0,NO,False,False,False
2018-11-13,2018,24,YES,12.17,24,YES,15.84,24,YES,0.0,24,YES,0.0,0,NO,,24,YES,0.0,24,YES,0.0,NO,False,False,False
2018-11-14,2018,24,YES,12.16,24,YES,15.84,24,YES,0.0,24,YES,0.0,0,NO,,24,YES,0.0,24,YES,0.0,NO,False,False,False
2018-11-15,2018,24,YES,12.14,24,YES,15.84,24,YES,0.0,24,YES,0.0,0,NO,,24,YES,0.0,24,YES,0.0,NO,False,False,False
2018-11-16,2018,24,YES,12.13,24,YES,15.84,24,YES,0.0,24,YES,0.0,0,NO,,24,YES,0.0,24,YES,0.0,NO,False,False,False
2018-11-17,2018,24,YES,12.13,24,YES,15.85,24,YES,0.0,24,YES,0.0,0,NO,,24,YES,0.0,24,YES,0.0,NO,False,False,False
2018-11-18,2018,24,YES,12.13,24,YES,15.85,24,YES,0.0,24,YES,0.0,0,NO,,24,YES,0.0,24,YES,1.0,NO,False,False,False
2018-11-19,2018,24,YES,12.12,24,YES,15.85,24,YES,0.0,24,YES,0.0,0,NO,,24,YES,0.0,24,YES,0.0,NO,False,False,False
2018-11-20,2018,24,YES,12.11,24,YES,15.85,24,YES,0.0,24,YES,0.0,0,NO,,24,YES,0.0,24,YES,0.0,NO,False,False,False
2018-11-21,2018,24,YES,12.23,24,YES,15.85,24,YES,5.0,24,YES,7.0,0,NO,,24,YES,2.0,24,YES,8.0,NO,False,False,False
2018-11-22,2018,24,YES,12.16,24,YES,15.85,24,YES,2.0,24,YES,6.0,0,NO,,24,YES,2.0,24,YES,2.0,NO,False,False,False
2018-11-23,2018,24,YES,12.17,24,YES,15.85,24,YES,0.0,24,YES,1.0,0,NO,,24,YES,0.0,24,YES,0.0,NO,False,False,False
2018-11-24,2018,24,YES,12.15,24,YES,15.85,24,YES,0.0,24,YES,0.0,0,NO,,24,YES,0.0,24,YES,0.0,NO,False,False,False
2018-11-25,2018,24,YES,12.13,24,YES,15.85,24,YES,0.0,24,YES,0.0,0,NO,,24,YES,2.0,24,YES,0.0,NO,False,False,False
2018-11-26,2018,24,YES,12.12,24,YES,15.85,24,YES,0.0,24,YES,0.0,0,NO,,24,YES,0.0,24,YES,0.0,NO,False,False,False
2018-11-27,2018,24,YES,12.11,24,YES,15.84,24,YES,0.0,24,YES,0.0,0,NO,,24,YES,0.0,24,YES,0.0,NO,False,False,False
2018-11-28,2018,24,YES,12.1,24,YES,15.84,24,YES,0.0,24,YES,0.0,0,NO,,24,YES,0.0,24,YES,0.0,NO,False,False,False
2018-11-29,2018,24,YES,12.09,24,YES,15.84,24,YES,0.0,24,YES,0.0,0,NO,,24,YES,0.0,24,YES,0.0,NO,False,False,False
2018-11-30,2018,24,YES,12.09,24,YES,15.84,24,YES,0.0,24,YES,0.0,0,NO,,24,YES,0.0,24,YES,0.0,NO,False,False,False
2018-12-01,2018,24,YES,12.09,24,YES,15.84,24,YES,2.0,24,YES,5.0,0,NO,,24,YES,0.0,24,YES,1.0,NO,False,False,False
2018-12-02,2018,24,YES,12.1,24,YES,15.85,24,YES,1.0,24,YES,0.0,0,NO,,24,YES,1.0,24,YES,1.0,NO,False,False,False
2018-12-03,2018,24,YES,12.08,24,YES,15.85,24,YES,2.0,24,YES,8.0,0,NO,,24,YES,2.0,24,YES,0.0,NO,False,False,False
2018-12-04,2018,24,YES,12.39,24,YES,15.86,24,YES,2.0,24,YES,21.0,0,NO,,24,YES,15.0,24,YES,4.0,NO,False,False,False
2018-12-05,2018,24,YES,12.36,24,YES,15.86,24,YES,0.0,24,YES,0.0,0,NO,,24,YES,0.0,24,YES,0.0,NO,False,False,False
2018-12-06,2018,24,YES,12.15,24,YES,15.86,24,YES,0.0,24,YES,0.0,0,NO,,24,YES,0.0,24,YES,0.0,NO,False,False,False
2018-12-07,2018,24,YES,12.1,24,YES,15.86,24,YES,0.0,24,YES,0.0,0,NO,,24,YES,0.0,24,YES,0.0,NO,False,False,False
2018-12-08,2018,24,YES,12.11,24,YES,15.85,24,YES,2.0,24,YES,2.0,0,NO,,24,YES,0.0,24,YES,1.0,NO,False,False,False
2018-12-09,2018,24,YES,12.11,24,YES,15.85,24,YES,0.0,24,YES,0.0,0,NO,,24,YES,0.0,24,YES,0.0,NO,False,False,False
2018-12-10,2018,24,YES,12.09,24,YES,15.84,24,YES,0.0,24,YES,0.0,0,NO,,24,YES,0.0,24,YES,0.0,NO,False,False,False
2018-12-11,2018,24,YES,12.07,24,YES,15.84,24,YES,0.0,24,YES,0.0,0,NO,,24,YES,0.0,24,YES,0.0,NO,False,False,False
2018-12-12,2018,24,YES,12.06,24,YES,15.84,24,YES,0.0,24,YES,0.0,0,NO,,24,YES,0.0,24,YES,0.0,NO,False,False,False
2018-12-13,2018,24,YES,12.51,24,YES,15.84,24,YES,12.0,24,YES,21.0,0,NO,,24,YES,39.0,24,YES,15.0,NO,False,False,False
2018-12-14,2018,24,YES,12.54,24,YES,15.84,24,YES,24.0,24,YES,47.0,0,NO,,24,YES,15.0,24,YES,21.0,NO,False,False,False
2018-12-15,2018,24,YES,12.42,24,YES,15.84,24,YES,0.0,24,YES,1.0,0,NO,,24,YES,1.0,24,YES,0.0,NO,False,False,False
2018-12-16,2018,24,YES,12.4,24,YES,15.84,24,YES,0.0,24,YES,0.0,0,NO,,24,YES,0.0,24,YES,0.0,NO,False,False,False
2018-12-17,2018,24,YES,12.26,24,YES,15.84,24,YES,0.0,24,YES,0.0,0,NO,,24,YES,0.0,24,YES,0.0,NO,False,False,False
2018-12-18,2018,24,YES,12.19,24,YES,15.84,24,YES,0.0,24,YES,0.0,0,NO,,24,YES,0.0,24,YES,0.0,NO,False,False,False
2018-12-19,2018,24,YES,12.13,24,YES,15.84,24,YES,0.0,24,YES,0.0,0,NO,,24,YES,0.0,24,YES,0.0,NO,False,False,False
2018-12-20,2018,24,YES,12.12,24,YES,15.94,24,YES,0.0,24,YES,0.0,0,NO,,24,YES,0.0,24,YES,0.0,NO,False,False,False
2018-12-21,2018,24,YES,12.13,24,YES,15.84,24,YES,4.0,24,YES,7.0,0,NO,,24,YES,0.0,24,YES,2.0,NO,False,False,False
2018-12-22,2018,24,YES,21.16,24,YES,15.84,24,YES,7.0,24,YES,15.0,0,NO,,24,YES,13.0,24,YES,6.0,NO,False,False,False
2018-12-23,2018,23,NO,,23,NO,,24,YES,70.0,24,YES,101.0,0,NO,,24,YES,71.0,24,YES,66.0,NO,False,False,False
2018-12-24,2018,24,YES,12.79,24,YES,16.032,24,YES,12.0,24,YES,10.0,0,NO,,24,YES,18.0,24,YES,8.0,NO,False,False,False
2018-12-25,2018,10,NO,,24,YES,15.96,24,YES,0.0,24,YES,0.0,0,NO,,24,YES,0.0,24,YES,0.0,NO,False,False,False
2018-12-26,2018,23,NO,,24,YES,15.9,24,YES,2.0,24,YES,0.0,0,NO,,24,YES,0.0,24,YES,1.0,NO,False,False,False
2018-12-27,2018,24,YES,11.99,24,YES,15.87,24,YES,0.0,24,YES,0.0,0,NO,,24,YES,0.0,24,YES,0.0,NO,False,False,False
2018-12-28,2018,24,YES,12.56,24,YES,15.85,24,YES,24.0,24,YES,45.0,0,NO,,24,YES,17.0,24,YES,21.0,NO,False,False,False
2018-12-29,2018,24,YES,12.78,24,YES,15.86,24,YES,2.0,24,YES,6.0,0,NO,,24,YES,1.0,24,YES,6.0,NO,False,False,False
2018-12-30,2018,24,YES,12.15,24,YES,15.86,24,YES,8.0,24,YES,13.0,0,NO,,24,YES,3.0,24,YES,7.0,NO,False,False,False
2018-12-31,2018,0,NO,,0,NO,,0,NO,,0,NO,,0,NO,,0,NO,,0,NO,,NO,False,False,False
2019-01-01,2019,24,YES,12.4,24,YES,15.88,24,YES,4.0,24,YES,8.0,24,YES,2.0,24,YES,0.0,24,YES,2.0,YES,False,False,False
2019-01-02,2019,24,YES,12.22,24,YES,15.87,24,YES,0.0,24,YES,0.0,24,YES,0.0,24,YES,0.0,24,YES,0.0,YES,True,False,False
2019-01-03,2019,24,YES,12.14,24,YES,15.86,24,YES,0.0,24,YES,4.0,24,YES,0.0,24,YES,0.0,24,YES,0.0,YES,True,True,False
2019-01-04,2019,24,YES,12.09,24,YES,15.86,24,YES,0.0,24,YES,0.0,24,YES,0.0,24,YES,0.0,24,YES,0.0,YES,True,True,True
2019-01-05,2019,24,YES,12.06,24,YES,15.85,24,YES,0.0,24,YES,0.0,24,YES,0.0,24,YES,0.0,24,YES,0.0,YES,True,True,True
2019-01-06,2019,24,YES,12.06,24,YES,15.84,24,YES,0.0,24,YES,2.0,24,YES,0.0,24,YES,0.0,24,YES,0.0,YES,True,True,True
2019-01-07,2019,24,YES,12.26,24,YES,15.84,24,YES,0.0,24,YES,0.0,24,YES,0.0,24,YES,0.0,24,YES,0.0,YES,True,True,True
2019-01-08,2019,24,YES,12.25,24,YES,15.84,24,YES,0.0,24,YES,0.0,24,YES,0.0,24,YES,0.0,24,YES,0.0,YES,True,True,True
2019-01-09,2019,24,YES,12.22,24,YES,15.84,24,YES,0.0,24,YES,1.0,24,YES,0.0,24,YES,0.0,24,YES,0.0,YES,True,True,True
2019-01-10,2019,24,YES,12.2,24,YES,15.84,24,YES,0.0,24,YES,1.0,24,YES,0.0,24,YES,0.0,24,YES,0.0,YES,True,True,True
2019-01-11,2019,24,YES,12.17,24,YES,15.84,24,YES,0.0,24,YES,0.0,24,YES,0.0,24,YES,0.0,24,YES,0.0,YES,True,True,True
2019-01-12,2019,24,YES,12.16,24,YES,15.84,24,YES,0.0,24,YES,0.0,24,YES,0.0,24,YES,0.0,24,YES,0.0,YES,True,True,True
2019-01-13,2019,24,YES,12.14,24,YES,15.84,24,YES,0.0,24,YES,0.0,24,YES,0.0,24,YES,0.0,24,YES,0.0,YES,True,True,True
2019-01-14,2019,24,YES,12.13,24,YES,15.84,24,YES,0.0,24,YES,0.0,24,YES,0.0,24,YES,0.0,24,YES,0.0,YES,True,True,True
2019-01-15,2019,24,YES,12.1,24,YES,15.84,24,YES,0.0,24,YES,0.0,24,YES,0.0,24,YES,0.0,24,YES,0.0,YES,True,True,True
2019-01-16,2019,24,YES,12.08,24,YES,15.84,24,YES,0.0,24,YES,0.0,24,YES,0.0,24,YES,0.0,24,YES,0.0,YES,True,True,True
2019-01-17,2019,24,YES,12.08,24,YES,15.84,24,YES,0.0,24,YES,0.0,24,YES,0.0,24,YES,0.0,24,YES,0.0,YES,True,True,True
2019-01-18,2019,24,YES,12.07,24,YES,15.84,24,YES,0.0,24,YES,0.0,24,YES,0.0,24,YES,0.0,24,YES,0.0,YES,True,True,True
2019-01-19,2019,24,YES,12.063,24,YES,15.84,24,YES,0.0,24,YES,0.0,24,YES,0.0,24,YES,0.0,24,YES,0.0,YES,True,True,True
2019-01-20,2019,24,YES,12.06,24,YES,15.84,24,YES,0.0,24,YES,0.0,24,YES,0.0,24,YES,0.0,24,YES,0.0,YES,True,True,True
2019-01-21,2019,24,YES,12.05,24,YES,15.84,24,YES,0.0,24,YES,0.0,24,YES,0.0,24,YES,0.0,24,YES,0.0,YES,True,True,True
2019-01-22,2019,24,YES,12.03,24,YES,15.84,24,YES,0.0,24,YES,0.0,24,YES,0.0,24,YES,0.0,24,YES,0.0,YES,True,True,True
2019-01-23,2019,24,YES,12.03,24,YES,15.84,24,YES,0.0,24,YES,0.0,24,YES,0.0,24,YES,0.0,24,YES,0.0,YES,True,True,True
2019-01-24,2019,24,YES,12.03,24,YES,15.84,24,YES,0.0,24,YES,0.0,24,YES,0.0,24,YES,0.0,24,YES,0.0,YES,True,True,True
2019-01-25,2019,24,YES,12.02,24,YES,15.84,24,YES,0.0,24,YES,0.0,24,YES,0.0,24,YES,0.0,24,YES,0.0,YES,True,True,True
2019-01-26,2019,24,YES,12.0,24,YES,15.84,24,YES,0.0,24,YES,0.0,24,YES,0.0,24,YES,0.0,24,YES,0.0,YES,True,True,True
2019-01-27,2019,24,YES,12.0,24,YES,15.84,24,YES,0.0,24,YES,2.0,24,YES,0.0,24,YES,0.0,24,YES,0.0,YES,True,True,True
2019-01-28,2019,24,YES,12.0,24,YES,15.84,24,YES,0.0,24,YES,2.0,24,YES,0.0,24,YES,0.0,24,YES,0.0,YES,True,True,True
2019-01-29,2019,24,YES,12.0,24,YES,15.84,24,YES,0.0,24,YES,0.0,24,YES,0.0,24,YES,0.0,24,YES,0.0,YES,True,True,True
2019-01-30,2019,24,YES,12.0,24,YES,15.84,24,YES,0.0,24,YES,0.0,24,YES,0.0,24,YES,0.0,24,YES,0.0,YES,True,True,True
2019-01-31,2019,24,YES,12.0,24,YES,15.84,24,YES,0.0,24,YES,0.0,24,YES,0.0,24,YES,0.0,24,YES,0.0,YES,True,True,True
2019-02-01,2019,24,YES,12.0,24,YES,15.84,24,YES,0.0,24,YES,0.0,24,YES,0.0,24,YES,0.0,24,YES,0.0,YES,True,True,True
2019-02-02,2019,24,YES,12.0,24,YES,15.84,24,YES,0.0,24,YES,0.0,24,YES,0.0,24,YES,0.0,24,YES,0.0,YES,True,True,True
2019-02-03,2019,24,YES,12.0,23,NO,,24,YES,0.0,24,YES,0.0,24,YES,0.0,24,YES,0.0,24,YES,0.0,NO,False,False,False
2019-02-04,2019,24,YES,12.0,24,YES,15.84,24,YES,0.0,24,YES,0.0,24,YES,0.0,24,YES,0.0,24,YES,0.0,YES,False,False,False
2019-02-05,2019,24,YES,11.99,24,YES,15.84,24,YES,0.0,24,YES,0.0,24,YES,0.0,24,YES,0.0,24,YES,0.0,YES,True,False,False
2019-02-06,2019,24,YES,11.99,24,YES,15.84,24,YES,0.0,24,YES,0.0,24,YES,0.0,24,YES,0.0,24,YES,0.0,YES,True,True,False
2019-02-07,2019,24,YES,11.99,24,YES,15.84,24,YES,0.0,24,YES,0.0,24,YES,0.0,24,YES,0.0,24,YES,0.0,YES,True,True,True
2019-02-08,2019,24,YES,11.99,24,YES,15.84,24,YES,0.0,24,YES,0.0,24,YES,0.0,24,YES,0.0,24,YES,0.0,YES,True,True,True
2019-02-09,2019,24,YES,11.99,24,YES,15.84,24,YES,0.0,24,YES,0.0,24,YES,0.0,24,YES,0.0,24,YES,0.0,YES,True,True,True
2019-02-10,2019,24,YES,11.99,24,YES,15.84,24,YES,0.0,24,YES,0.0,24,YES,0.0,24,YES,0.0,24,YES,0.0,YES,True,True,True
2019-02-11,2019,24,YES,11.99,23,NO,,24,YES,0.0,24,YES,0.0,24,YES,0.0,24,YES,0.0,24,YES,0.0,NO,False,False,False
2019-02-12,2019,24,YES,11.99,24,YES,15.84,24,YES,0.0,24,YES,0.0,24,YES,0.0,24,YES,0.0,24,YES,0.0,YES,False,False,False
2019-02-13,2019,24,YES,11.99,24,YES,15.84,24,YES,0.0,24,YES,5.0,24,YES,0.0,24,YES,3.0,24,YES,0.0,YES,True,False,False
2019-02-14,2019,23,NO,,24,YES,15.84,24,YES,0.0,24,YES,0.0,24,YES,0.0,24,YES,0.0,24,YES,0.0,NO,False,False,False
2019-02-15,2019,24,YES,11.99,24,YES,15.84,24,YES,0.0,24,YES,0.0,24,YES,0.0,24,YES,0.0,24,YES,0.0,YES,False,False,False
2019-02-16,2019,24,YES,11.98,24,YES,15.84,24,YES,0.0,24,YES,0.0,24,YES,0.0,24,YES,0.0,24,YES,0.0,YES,True,False,False
2019-02-17,2019,24,YES,11.98,24,YES,15.84,24,YES,0.0,24,YES,0.0,24,YES,0.0,24,YES,0.0,24,YES,0.0,YES,True,True,False
2019-02-18,2019,24,YES,11.98,24,YES,15.84,24,YES,0.0,24,YES,0.0,24,YES,0.0,24,YES,0.0,24,YES,0.0,YES,True,True,True
2019-02-19,2019,24,YES,11.98,24,YES,15.84,24,YES,0.0,24,YES,0.0,24,YES,0.0,24,YES,0.0,24,YES,0.0,YES,True,True,True
2019-02-20,2019,24,YES,11.98,24,YES,15.84,24,YES,0.0,24,YES,0.0,24,YES,0.0,24,YES,0.0,24,YES,0.0,YES,True,True,True
2019-02-21,2019,24,YES,11.98,24,YES,15.94,24,YES,0.0,24,YES,0.0,24,YES,0.0,24,YES,0.0,24,YES,0.0,YES,True,True,True
2019-02-22,2019,24,YES,11.98,24,YES,15.84,24,YES,0.0,24,YES,0.0,24,YES,0.0,24,YES,0.0,24,YES,0.0,YES,True,True,True
2019-02-23,2019,24,YES,11.98,24,YES,15.84,24,YES,0.0,24,YES,0.0,24,YES,0.0,24,YES,0.0,24,YES,0.0,YES,True,True,True
2019-02-24,2019,24,YES,11.98,24,YES,15.84,24,YES,0.0,24,YES,0.0,24,YES,0.0,24,YES,0.0,24,YES,0.0,YES,True,True,True
2019-02-25,2019,24,YES,11.98,24,YES,15.84,24,YES,0.0,24,YES,0.0,24,YES,0.0,24,YES,0.0,24,YES,0.0,YES,True,True,True
2019-02-26,2019,24,YES,11.98,24,YES,15.84,24,YES,0.0,24,YES,0.0,24,YES,0.0,24,YES,0.0,24,YES,0.0,YES,True,True,True
2019-02-27,2019,24,YES,11.98,24,YES,15.84,24,YES,0.0,24,YES,0.0,24,YES,0.0,24,YES,0.0,24,YES,0.0,YES,True,True,True
2019-02-28,2019,24,YES,11.98,24,YES,15.84,24,YES,0.0,24,YES,0.0,24,YES,0.0,24,YES,0.0,24,YES,0.0,YES,True,True,True
2019-03-01,2019,24,YES,11.98,24,YES,15.84,24,YES,0.0,24,YES,0.0,24,YES,0.0,24,YES,0.0,24,YES,0.0,YES,True,True,True
2019-03-02,2019,24,YES,11.98,24,YES,15.84,24,YES,0.0,24,YES,0.0,24,YES,0.0,24,YES,0.0,24,YES,0.0,YES,True,True,True
2019-03-03,2019,24,YES,11.98,24,YES,15.84,24,YES,0.0,24,YES,0.0,24,YES,0.0,24,YES,0.0,24,YES,0.0,YES,True,True,True
2019-03-04,2019,24,YES,11.98,24,YES,15.89,24,YES,0.0,24,YES,0.0,24,YES,0.0,24,YES,0.0,24,YES,0.0,YES,True,True,True
2019-03-05,2019,24,YES,11.98,24,YES,15.84,24,YES,0.0,24,YES,0.0,24,YES,0.0,24,YES,0.0,24,YES,0.0,YES,True,True,True
2019-03-06,2019,24,YES,11.98,24,YES,15.84,24,YES,0.0,24,YES,0.0,24,YES,0.0,24,YES,0.0,24,YES,0.0,YES,True,True,True
2019-03-07,2019,24,YES,11.98,24,YES,15.84,24,YES,0.0,24,YES,0.0,24,YES,0.0,24,YES,0.0,24,YES,0.0,YES,True,True,True
2019-03-08,2019,24,YES,11.98,24,YES,15.84,24,YES,0.0,24,YES,0.0,24,YES,0.0,24,YES,0.0,24,YES,0.0,YES,True,True,True
2019-03-09,2019,24,YES,11.98,24,YES,15.984,24,YES,0.0,24,YES,0.0,24,YES,0.0,24,YES,0.0,24,YES,0.0,YES,True,True,True
2019-03-10,2019,24,YES,11.98,24,YES,15.84,24,YES,0.0,24,YES,0.0,24,YES,0.0,24,YES,0.0,24,YES,0.0,YES,True,True,True
2019-03-11,2019,24,YES,11.97,24,YES,15.84,24,YES,0.0,24,YES,0.0,24,YES,0.0,24,YES,0.0,24,YES,0.0,YES,True,True,True
2019-03-12,2019,24,YES,11.97,24,YES,15.84,24,YES,0.0,24,YES,0.0,24,YES,0.0,24,YES,0.0,24,YES,0.0,YES,True,True,True
2019-03-13,2019,24,YES,11.97,24,YES,15.84,24,YES,0.0,24,YES,0.0,24,YES,0.0,24,YES,0.0,24,YES,0.0,YES,True,True,True
2019-03-14,2019,23,NO,,24,YES,15.84,24,YES,0.0,24,YES,0.0,24,YES,0.0,24,YES,0.0,24,YES,0.0,NO,False,False,False
2019-03-15,2019,24,YES,11.97,24,YES,15.84,24,YES,2.0,24,YES,5.0,24,YES,0.0,24,YES,1.0,24,YES,11.0,YES,False,False,False
2019-03-16,2019,24,YES,11.97,24,YES,15.84,24,YES,0.0,24,YES,0.0,24,YES,0.0,24,YES,0.0,24,YES,0.0,YES,True,False,False
2019-03-17,2019,24,YES,11.97,24,YES,15.84,24,YES,0.0,24,YES,0.0,24,YES,0.0,24,YES,0.0,24,YES,0.0,YES,True,True,False
2019-03-18,2019,24,YES,11.97,24,YES,15.84,24,YES,0.0,24,YES,0.0,24,YES,0.0,24,YES,0.0,24,YES,0.0,YES,True,True,True
2019-03-19,2019,24,YES,11.97,24,YES,15.84,24,YES,0.0,24,YES,0.0,24,YES,0.0,24,YES,0.0,24,YES,0.0,YES,True,True,True
2019-03-20,2019,24,YES,11.97,24,YES,15.84,24,YES,0.0,24,YES,0.0,24,YES,0.0,24,YES,0.0,24,YES,0.0,YES,True,True,True
2019-03-21,2019,24,YES,11.97,24,YES,15.84,24,YES,0.0,24,YES,0.0,24,YES,0.0,24,YES,0.0,24,YES,0.0,YES,True,True,True
2019-03-22,2019,24,YES,11.97,24,YES,15.84,24,YES,0.0,24,YES,0.0,24,YES,0.0,24,YES,0.0,24,YES,0.0,YES,True,True,True
2019-03-23,2019,24,YES,11.97,24,YES,15.84,24,YES,0.0,24,YES,0.0,24,YES,0.0,24,YES,0.0,24,YES,0.0,YES,True,True,True
2019-03-24,2019,24,YES,11.97,24,YES,15.84,24,YES,0.0,24,YES,0.0,24,YES,0.0,24,YES,0.0,24,YES,0.0,YES,True,True,True
2019-03-25,2019,24,YES,11.97,24,YES,15.83,24,YES,0.0,24,YES,0.0,24,YES,0.0,24,YES,0.0,24,YES,0.0,YES,True,True,True
2019-03-26,2019,24,YES,11.97,24,YES,15.83,24,YES,0.0,24,YES,0.0,24,YES,0.0,24,YES,0.0,24,YES,0.0,YES,True,True,True
2019-03-27,2019,24,YES,11.97,24,YES,15.83,24,YES,0.0,24,YES,0.0,24,YES,0.0,24,YES,0.0,24,YES,0.0,YES,True,True,True
2019-03-28,2019,24,YES,11.97,24,YES,15.83,24,YES,0.0,24,YES,0.0,24,YES,0.0,24,YES,0.0,24,YES,0.0,YES,True,True,True
2019-03-29,2019,24,YES,11.97,24,YES,15.83,24,YES,0.0,24,YES,0.0,24,YES,0.0,24,YES,0.0,24,YES,0.0,YES,True,True,True
2019-03-30,2019,24,YES,11.97,24,YES,15.83,24,YES,0.0,24,YES,0.0,24,YES,0.0,24,YES,0.0,24,YES,0.0,YES,True,True,True
2019-03-31,2019,24,YES,11.97,24,YES,15.93,24,YES,0.0,24,YES,0.0,24,YES,0.0,24,YES,0.0,24,YES,0.0,YES,True,True,True
2019-04-01,2019,0,NO,,0,NO,,0,NO,,0,NO,,0,NO,,0,NO,,0,NO,,NO,False,False,False
2019-04-02,2019,24,YES,11.97,24,YES,15.83,24,YES,0.0,24,YES,0.0,24,YES,0.0,24,YES,0.0,24,YES,0.0,YES,False,False,False
2019-04-03,2019,24,YES,11.97,24,YES,15.83,24,YES,0.0,24,YES,0.0,24,YES,0.0,24,YES,0.0,24,YES,0.0,YES,True,False,False
2019-04-04,2019,24,YES,11.97,24,YES,15.83,24,YES,0.0,24,YES,0.0,24,YES,0.0,24,YES,0.0,24,YES,0.0,YES,True,True,False
2019-04-05,2019,24,YES,11.97,24,YES,15.83,24,YES,0.0,24,YES,0.0,24,YES,0.0,24,YES,0.0,24,YES,0.0,YES,True,True,True
2019-04-06,2019,24,YES,11.97,24,YES,15.83,24,YES,0.0,24,YES,0.0,24,YES,0.0,24,YES,0.0,24,YES,0.0,YES,True,True,True
2019-04-07,2019,24,YES,11.97,24,YES,15.83,24,YES,0.0,24,YES,0.0,24,YES,0.0,24,YES,0.0,24,YES,0.0,YES,True,True,True
2019-04-08,2019,24,YES,11.97,24,YES,15.83,24,YES,0.0,24,YES,0.0,24,YES,0.0,24,YES,0.0,24,YES,0.0,YES,True,True,True
2019-04-09,2019,24,YES,11.97,24,YES,15.83,24,YES,0.0,24,YES,0.0,24,YES,0.0,24,YES,0.0,24,YES,0.0,YES,True,True,True
2019-04-10,2019,24,YES,11.97,24,YES,15.83,24,YES,0.0,24,YES,0.0,24,YES,0.0,24,YES,0.0,24,YES,0.0,YES,True,True,True
2019-04-11,2019,24,YES,11.97,24,YES,15.83,24,YES,0.0,24,YES,0.0,24,YES,0.0,24,YES,0.0,24,YES,0.0,YES,True,True,True
2019-04-12,2019,24,YES,11.97,24,YES,15.83,24,YES,0.0,24,YES,0.0,24,YES,0.0,24,YES,0.0,24,YES,0.0,YES,True,True,True
2019-04-13,2019,24,YES,11.97,24,YES,15.83,24,YES,0.0,24,YES,0.0,24,YES,0.0,24,YES,0.0,24,YES,0.0,YES,True,True,True
2019-04-14,2019,24,YES,11.97,24,YES,15.873,24,YES,0.0,24,YES,0.0,24,YES,0.0,24,YES,0.0,24,YES,0.0,YES,True,True,True
2019-04-15,2019,24,YES,11.97,24,YES,15.83,24,YES,0.0,24,YES,0.0,24,YES,0.0,24,YES,0.0,24,YES,0.0,YES,True,True,True
2019-04-16,2019,24,YES,11.97,24,YES,15.83,24,YES,0.0,24,YES,0.0,24,YES,0.0,24,YES,0.0,24,YES,0.0,YES,True,True,True
2019-04-17,2019,24,YES,11.97,24,YES,15.83,24,YES,0.0,24,YES,0.0,24,YES,0.0,24,YES,0.0,24,YES,0.0,YES,True,True,True
2019-04-18,2019,24,YES,11.97,24,YES,15.83,24,YES,0.0,24,YES,0.0,24,YES,0.0,24,YES,0.0,24,YES,0.0,YES,True,True,True
2019-04-19,2019,24,YES,12.01,24,YES,15.83,24,YES,0.0,24,YES,0.0,24,YES,0.0,24,YES,0.0,24,YES,0.0,YES,True,True,True
2019-04-20,2019,24,YES,11.97,24,YES,15.83,24,YES,0.0,24,YES,0.0,24,YES,0.0,24,YES,0.0,24,YES,0.0,YES,True,True,True
2019-04-21,2019,24,YES,11.97,24,YES,15.83,24,YES,0.0,24,YES,0.0,24,YES,0.0,24,YES,0.0,24,YES,0.0,YES,True,True,True
2019-04-22,2019,24,YES,11.97,24,YES,15.83,24,YES,0.0,24,YES,0.0,24,YES,0.0,24,YES,0.0,24,YES,0.0,YES,True,True,True
2019-04-23,2019,24,YES,11.97,24,YES,15.83,24,YES,0.0,24,YES,0.0,24,YES,0.0,24,YES,0.0,24,YES,0.0,YES,True,True,True
2019-04-24,2019,24,YES,11.97,24,YES,15.83,24,YES,0.0,24,YES,0.0,24,YES,0.0,24,YES,0.0,24,YES,0.0,YES,True,True,True
2019-04-25,2019,24,YES,11.97,24,YES,15.83,24,YES,0.0,24,YES,0.0,24,YES,0.0,24,YES,0.0,24,YES,0.0,YES,True,True,True
2019-04-26,2019,24,YES,11.97,24,YES,15.83,24,YES,0.0,24,YES,14.0,24,YES,0.0,24,YES,0.0,24,YES,0.0,YES,True,True,True
2019-04-27,2019,24,YES,11.97,24,YES,15.86,24,YES,0.0,24,YES,0.0,24,YES,0.0,24,YES,0.0,24,YES,0.0,YES,True,True,True
2019-04-28,2019,24,YES,11.97,24,YES,15.83,24,YES,0.0,24,YES,0.0,24,YES,0.0,24,YES,0.0,24,YES,0.0,YES,True,True,True
2019-04-29,2019,24,YES,11.97,24,YES,15.83,24,YES,0.0,24,YES,0.0,24,YES,0.0,24,YES,0.0,24,YES,0.0,YES,True,True,True
2019-04-30,2019,24,YES,11.97,24,YES,15.83,24,YES,0.0,24,YES,0.0,24,YES,0.0,24,YES,0.0,24,YES,0.0,YES,True,True,True
2019-05-01,2019,24,YES,11.97,24,YES,15.83,24,YES,1.0,24,YES,0.0,24,YES,2.0,24,YES,0.0,24,YES,1.0,YES,True,True,True
2019-05-02,2019,24,YES,12.01,24,YES,16.08,24,YES,16.0,24,YES,0.0,24,YES,3.0,24,YES,0.0,24,YES,0.0,YES,True,True,True
2019-05-03,2019,24,YES,12.01,24,YES,15.84,24,YES,2.0,24,YES,0.0,24,YES,0.0,24,YES,0.0,24,YES,0.0,YES,True,True,True
2019-05-04,2019,24,YES,11.97,24,YES,15.84,24,YES,0.0,24,YES,0.0,24,YES,0.0,24,YES,0.0,24,YES,0.0,YES,True,True,True
2019-05-05,2019,24,YES,11.97,24,YES,15.84,24,YES,0.0,24,YES,0.0,24,YES,0.0,24,YES,0.0,24,YES,0.0,YES,True,True,True
2019-05-06,2019,24,YES,11.97,24,YES,15.84,24,YES,9.0,24,YES,0.0,24,YES,8.0,24,YES,0.0,24,YES,5.0,YES,True,True,True
2019-05-07,2019,24,YES,11.97,24,YES,15.84,24,YES,0.0,24,YES,0.0,24,YES,1.0,24,YES,0.0,24,YES,0.0,YES,True,True,True
2019-05-08,2019,24,YES,14.1,24,YES,17.17,24,YES,37.0,24,YES,0.0,24,YES,98.0,24,YES,63.0,24,YES,109.0,YES,True,True,True
2019-05-09,2019,22,NO,,22,NO,,24,YES,61.0,24,YES,102.0,23,NO,,24,YES,41.0,24,YES,41.0,NO,False,False,False
2019-05-10,2019,24,YES,12.49,24,YES,15.98,24,YES,0.0,24,YES,1.0,24,YES,7.0,24,YES,7.0,24,YES,14.0,YES,False,False,False
2019-05-11,2019,24,YES,12.02,24,YES,15.85,24,YES,0.0,24,YES,1.0,24,YES,0.0,24,YES,0.0,24,YES,0.0,YES,True,False,False
2019-05-12,2019,24,YES,12.01,24,YES,15.84,24,YES,0.0,24,YES,0.0,24,YES,0.0,24,YES,0.0,24,YES,0.0,YES,True,True,False
2019-05-13,2019,24,YES,12.01,24,YES,15.84,24,YES,0.0,24,YES,2.0,24,YES,0.0,24,YES,22.0,24,YES,0.0,YES,True,True,True
2019-05-14,2019,24,YES,12.01,24,YES,15.84,24,YES,0.0,24,YES,0.0,24,YES,0.0,24,YES,0.0,24,YES,0.0,YES,True,True,True
2019-05-15,2019,24,YES,12.01,24,YES,15.84,24,YES,13.0,24,YES,0.0,24,YES,4.0,24,YES,20.0,24,YES,38.0,YES,True,True,True
2019-05-16,2019,24,YES,12.01,24,YES,15.84,24,YES,0.0,24,YES,0.0,24,YES,1.0,24,YES,0.0,24,YES,0.0,YES,True,True,True
2019-05-17,2019,24,YES,12.05,24,YES,15.84,24,YES,0.0,24,YES,0.0,24,YES,0.0,24,YES,0.0,24,YES,0.0,YES,True,True,True
2019-05-18,2019,24,YES,12.01,24,YES,15.84,24,YES,0.0,24,YES,0.0,24,YES,0.0,24,YES,0.0,24,YES,0.0,YES,True,True,True
2019-05-19,2019,24,YES,12.21,24,YES,15.84,24,YES,0.0,24,YES,0.0,24,YES,0.0,24,YES,15.0,24,YES,0.0,YES,True,True,True
2019-05-20,2019,24,YES,12.06,24,YES,15.84,24,YES,1.0,24,YES,0.0,24,YES,0.0,24,YES,0.0,24,YES,0.0,YES,True,True,True
2019-05-21,2019,24,YES,12.36,24,YES,15.84,24,YES,0.0,24,YES,6.0,24,YES,8.0,24,YES,18.0,24,YES,0.0,YES,True,True,True
2019-05-22,2019,24,YES,12.9,24,YES,16.51,24,YES,1.0,24,YES,9.0,24,YES,5.0,24,YES,12.0,24,YES,15.0,YES,True,True,True
2019-05-23,2019,24,YES,12.13,24,YES,15.84,24,YES,0.0,24,YES,0.0,24,YES,0.0,24,YES,10.0,24,YES,1.0,YES,True,True,True
2019-05-24,2019,24,YES,12.01,24,YES,15.84,24,YES,0.0,24,YES,0.0,24,YES,0.0,24,YES,0.0,24,YES,0.0,YES,True,True,True
2019-05-25,2019,24,YES,12.01,24,YES,15.84,24,YES,0.0,24,YES,0.0,24,YES,0.0,24,YES,0.0,24,YES,0.0,YES,True,True,True
2019-05-26,2019,24,YES,13.78,24,YES,17.17,24,YES,42.0,24,YES,24.0,24,YES,80.0,24,YES,26.0,24,YES,39.0,YES,True,True,True
2019-05-27,2019,24,YES,12.04,24,YES,15.91,24,YES,1.0,24,YES,1.0,24,YES,0.0,24,YES,1.0,24,YES,2.0,YES,True,True,True
2019-05-28,2019,24,YES,12.04,24,YES,15.85,24,YES,0.0,24,YES,0.0,24,YES,4.0,24,YES,1.0,24,YES,2.0,YES,True,True,True
2019-05-29,2019,24,YES,12.04,24,YES,15.85,24,YES,0.0,24,YES,15.0,24,YES,0.0,24,YES,57.0,24,YES,0.0,YES,True,True,True
2019-05-30,2019,24,YES,12.03,24,YES,15.85,24,YES,0.0,24,YES,0.0,24,YES,0.0,24,YES,0.0,24,YES,0.0,YES,True,True,True
2019-05-31,2019,24,YES,12.03,24,YES,15.85,24,YES,0.0,24,YES,0.0,24,YES,0.0,24,YES,0.0,24,YES,0.0,YES,True,True,True
2019-06-01,2019,24,YES,12.03,24,YES,15.85,24,YES,0.0,24,YES,0.0,24,YES,0.0,24,YES,0.0,24,YES,0.0,YES,True,True,True
2019-06-02,2019,24,YES,12.03,24,YES,15.85,24,YES,0.0,24,YES,0.0,24,YES,0.0,24,YES,0.0,24,YES,0.0,YES,True,True,True
2019-06-03,2019,24,YES,12.03,24,YES,15.85,24,YES,0.0,24,YES,0.0,24,YES,1.0,24,YES,33.0,24,YES,0.0,YES,True,True,True
2019-06-04,2019,24,YES,12.03,24,YES,15.85,24,YES,0.0,24,YES,0.0,24,YES,0.0,24,YES,0.0,24,YES,0.0,YES,True,True,True
2019-06-05,2019,24,YES,12.03,24,YES,15.854,24,YES,2.0,24,YES,0.0,24,YES,0.0,24,YES,0.0,24,YES,0.0,YES,True,True,True
2019-06-06,2019,24,YES,12.03,24,YES,15.84,24,YES,0.0,24,YES,0.0,24,YES,0.0,24,YES,0.0,24,YES,0.0,YES,True,True,True
2019-06-07,2019,24,YES,12.03,24,YES,15.84,24,YES,0.0,24,YES,0.0,24,YES,0.0,24,YES,0.0,24,YES,0.0,YES,True,True,True
2019-06-08,2019,24,YES,12.03,24,YES,15.84,24,YES,0.0,24,YES,0.0,24,YES,0.0,24,YES,0.0,24,YES,0.0,YES,True,True,True
2019-06-09,2019,24,YES,12.03,24,YES,16.02,24,YES,0.0,24,YES,2.0,24,YES,17.0,24,YES,0.0,24,YES,36.0,YES,True,True,True
2019-06-10,2019,24,YES,12.03,24,YES,16.01,24,YES,14.0,24,YES,5.0,24,YES,42.0,24,YES,19.0,24,YES,9.0,YES,True,True,True
2019-06-11,2019,24,YES,12.03,24,YES,15.87,24,YES,2.0,24,YES,1.0,24,YES,0.0,24,YES,0.0,24,YES,2.0,YES,True,True,True
2019-06-12,2019,24,YES,12.03,24,YES,15.85,24,YES,1.0,24,YES,0.0,24,YES,3.0,24,YES,1.0,24,YES,0.0,YES,True,True,True
2019-06-13,2019,24,YES,12.03,24,YES,15.85,24,YES,3.0,24,YES,3.0,24,YES,3.0,24,YES,1.0,24,YES,1.0,YES,True,True,True
2019-06-14,2019,24,YES,12.03,24,YES,15.85,24,YES,18.0,24,YES,19.0,24,YES,15.0,24,YES,9.0,24,YES,8.0,YES,True,True,True
2019-06-15,2019,24,YES,12.03,24,YES,15.85,24,YES,2.0,24,YES,1.0,24,YES,3.0,24,YES,5.0,24,YES,2.0,YES,True,True,True
2019-06-16,2019,24,YES,12.03,24,YES,15.85,24,YES,6.0,24,YES,5.0,24,YES,1.0,24,YES,6.0,24,YES,20.0,YES,True,True,True
2019-06-17,2019,24,YES,12.03,24,YES,15.85,24,YES,0.0,24,YES,0.0,24,YES,0.0,24,YES,0.0,24,YES,1.0,YES,True,True,True
2019-06-18,2019,24,YES,12.03,24,YES,15.85,24,YES,0.0,24,YES,0.0,24,YES,0.0,24,YES,0.0,24,YES,0.0,YES,True,True,True
2019-06-19,2019,24,YES,12.03,24,YES,15.85,24,YES,0.0,24,YES,0.0,24,YES,4.0,24,YES,0.0,24,YES,4.0,YES,True,True,True
2019-06-20,2019,24,YES,12.39,24,YES,16.11,24,YES,1.0,24,YES,18.0,24,YES,38.0,24,YES,17.0,24,YES,24.0,YES,True,True,True
2019-06-21,2019,24,YES,12.07,24,YES,15.96,24,YES,2.0,24,YES,21.0,24,YES,31.0,24,YES,31.0,24,YES,28.0,YES,True,True,True
2019-06-22,2019,24,YES,12.25,24,YES,15.85,24,YES,15.0,24,YES,5.0,24,YES,4.0,24,YES,81.0,24,YES,2.0,YES,True,True,True
2019-06-23,2019,24,YES,12.46,24,YES,15.85,24,YES,0.0,24,YES,0.0,24,YES,4.0,24,YES,77.0,24,YES,16.0,YES,True,True,True
2019-06-24,2019,24,YES,13.03,24,YES,16.31,24,YES,23.0,24,YES,14.0,24,YES,45.0,24,YES,30.0,24,YES,42.0,YES,True,True,True
2019-06-25,2019,24,YES,13.08,24,YES,16.43,24,YES,17.0,24,YES,52.0,24,YES,7.0,24,YES,19.0,24,YES,37.0,YES,True,True,True
2019-06-26,2019,24,YES,12.48,24,YES,15.87,24,YES,21.0,24,YES,29.0,24,YES,3.0,24,YES,47.0,24,YES,13.0,YES,True,True,True
2019-06-27,2019,24,YES,12.33,24,YES,15.88,24,YES,13.0,24,YES,21.0,24,YES,11.0,24,YES,27.0,24,YES,12.0,YES,True,True,True
2019-06-28,2019,24,YES,14.14,24,YES,17.33,24,YES,35.0,24,YES,23.0,24,YES,92.0,24,YES,99.0,24,YES,83.0,YES,True,True,True
2019-06-29,2019,24,YES,13.15,24,YES,16.32,24,YES,39.0,24,YES,47.0,24,YES,12.0,24,YES,28.0,24,YES,31.0,YES,True,True,True
2019-06-30,2019,24,YES,12.68,24,YES,16.01,24,YES,16.0,24,YES,11.0,24,YES,24.0,24,YES,42.0,24,YES,14.0,YES,True,True,True
2019-07-01,2019,24,YES,12.88,24,YES,16.1,24,YES,16.0,24,YES,26.0,24,YES,32.0,24,YES,29.0,24,YES,21.0,YES,True,True,True
2019-07-02,2019,24,YES,12.58,24,YES,16.01,24,YES,0.0,24,YES,2.0,24,YES,0.0,24,YES,0.0,24,YES,0.0,YES,True,True,True
2019-07-03,2019,24,YES,12.15,24,YES,15.89,24,YES,0.0,24,YES,0.0,24,YES,0.0,24,YES,0.0,24,YES,0.0,YES,True,True,True
2019-07-04,2019,24,YES,12.13,24,YES,15.85,24,YES,0.0,24,YES,0.0,24,YES,0.0,24,YES,0.0,24,YES,0.0,YES,True,True,True
2019-07-05,2019,24,YES,12.13,24,YES,15.85,24,YES,0.0,24,YES,7.0,24,YES,0.0,24,YES,0.0,24,YES,0.0,YES,True,True,True
2019-07-06,2019,24,YES,12.13,24,YES,15.85,24,YES,8.0,24,YES,13.0,24,YES,0.0,24,YES,5.0,24,YES,1.0,YES,True,True,True
2019-07-07,2019,24,YES,12.13,24,YES,15.91,23,NO,,23,NO,,23,NO,,23,NO,,23,NO,,NO,False,False,False
2019-07-08,2019,24,YES,12.12,24,YES,15.89,24,YES,16.0,24,YES,9.0,24,YES,0.0,24,YES,5.0,24,YES,3.0,YES,False,False,False
2019-07-09,2019,24,YES,12.12,24,YES,15.85,24,YES,0.0,24,YES,0.0,24,YES,0.0,24,YES,24.0,24,YES,0.0,YES,True,False,False
2019-07-10,2019,24,YES,12.12,24,YES,15.85,24,YES,0.0,24,YES,0.0,24,YES,0.0,24,YES,0.0,24,YES,0.0,YES,True,True,False
2019-07-11,2019,24,YES,12.12,24,YES,15.85,24,YES,1.0,24,YES,14.0,24,YES,0.0,24,YES,6.0,24,YES,0.0,YES,True,True,True
2019-07-12,2019,24,YES,12.12,24,YES,15.85,24,YES,0.0,24,YES,0.0,24,YES,1.0,24,YES,1.0,24,YES,0.0,YES,True,True,True
2019-07-13,2019,24,YES,12.12,24,YES,15.85,24,YES,2.0,24,YES,1.0,24,YES,5.0,24,YES,0.0,24,YES,0.0,YES,True,True,True
2019-07-14,2019,24,YES,13.3,24,YES,17.08,24,YES,50.0,24,YES,2.0,24,YES,24.0,24,YES,35.0,24,YES,69.0,YES,True,True,True
2019-07-15,2019,24,YES,12.16,24,YES,15.87,24,YES,1.0,24,YES,2.0,24,YES,0.0,24,YES,1.0,24,YES,0.0,YES,True,True,True
2019-07-16,2019,24,YES,12.16,24,YES,15.85,24,YES,31.0,24,YES,32.0,24,YES,6.0,24,YES,15.0,24,YES,15.0,YES,True,True,True
2019-07-17,2019,24,YES,12.19,24,YES,15.85,24,YES,17.0,24,YES,15.0,24,YES,10.0,24,YES,42.0,24,YES,28.0,YES,True,True,True
2019-07-18,2019,24,YES,12.84,24,YES,16.04,24,YES,25.0,24,YES,28.0,24,YES,16.0,24,YES,21.0,24,YES,11.0,YES,True,True,True
2019-07-19,2019,23,NO,,23,NO,,24,YES,1.0,24,YES,1.0,24,YES,9.0,24,YES,2.0,24,YES,2.0,NO,False,False,False
2019-07-20,2019,24,YES,12.18,24,YES,15.85,24,YES,0.0,24,YES,0.0,24,YES,0.0,24,YES,1.0,24,YES,0.0,YES,False,False,False
2019-07-21,2019,24,YES,12.18,24,YES,15.95,24,YES,3.0,24,YES,3.0,24,YES,1.0,24,YES,2.0,24,YES,2.0,YES,True,False,False
2019-07-22,2019,24,YES,13.09,24,YES,16.47,24,YES,6.0,24,YES,19.0,24,YES,11.0,24,YES,64.0,24,YES,12.0,YES,True,True,False
2019-07-23,2019,24,YES,12.28,24,YES,16.04,24,YES,15.0,24,YES,2.0,24,YES,2.0,24,YES,1.0,24,YES,26.0,YES,True,True,True
2019-07-24,2019,24,YES,13.61,24,YES,17.38,24,YES,83.0,24,YES,49.0,24,YES,28.0,24,YES,56.0,24,YES,61.0,YES,True,True,True
2019-07-25,2019,24,YES,12.67,24,YES,16.03,24,YES,1.0,24,YES,10.0,24,YES,0.0,24,YES,12.0,24,YES,6.0,YES,True,True,True
2019-07-26,2019,24,YES,12.57,24,YES,15.91,24,YES,13.0,24,YES,60.0,24,YES,13.0,24,YES,17.0,24,YES,11.0,YES,True,True,True
2019-07-27,2019,24,YES,12.69,24,YES,16.01,24,YES,3.0,24,YES,1.0,24,YES,12.0,24,YES,35.0,24,YES,26.0,YES,True,True,True
2019-07-28,2019,23,NO,,23,NO,,24,YES,7.0,24,YES,18.0,24,YES,12.0,24,YES,45.0,24,YES,17.0,NO,False,False,False
2019-07-29,2019,24,YES,12.89,24,YES,16.2,24,YES,40.0,24,YES,16.0,24,YES,9.0,24,YES,13.0,24,YES,16.0,YES,False,False,False
2019-07-30,2019,24,YES,13.13,24,YES,16.31,24,YES,5.0,24,YES,5.0,24,YES,12.0,24,YES,19.0,24,YES,35.0,YES,True,False,False
2019-07-31,2019,24,YES,12.78,24,YES,16.03,24,YES,5.0,24,YES,6.0,24,YES,6.0,24,YES,25.0,24,YES,6.0,YES,True,True,False
2019-08-01,2019,24,YES,12.92,24,YES,16.0,24,YES,42.0,24,YES,34.0,24,YES,22.0,24,YES,22.0,24,YES,34.0,YES,True,True,True
2019-08-02,2019,23,NO,,23,NO,,24,YES,83.0,24,YES,70.0,24,YES,74.0,24,YES,38.0,24,YES,75.0,NO,False,False,False
2019-08-03,2019,24,YES,14.41,24,YES,17.33,24,YES,33.0,24,YES,32.0,24,YES,30.0,24,YES,42.0,24,YES,57.0,YES,False,False,False
2019-08-04,2019,24,YES,13.78,24,YES,16.78,24,YES,26.0,24,YES,34.0,24,YES,10.0,24,YES,12.0,24,YES,16.0,YES,True,False,False
2019-08-05,2019,24,YES,13.38,24,YES,16.46,24,YES,17.0,24,YES,16.0,24,YES,19.0,24,YES,34.0,24,YES,14.0,YES,True,True,False
2019-08-06,2019,24,YES,13.11,23,NO,,24,YES,31.0,24,YES,26.0,24,YES,3.0,24,YES,10.0,24,YES,16.0,NO,False,False,False
2019-08-07,2019,24,YES,12.97,24,YES,16.11,23,NO,,23,NO,,23,NO,,23,NO,,23,NO,,NO,False,False,False
2019-08-08,2019,24,YES,14.36,24,YES,17.37,24,YES,44.0,24,YES,48.0,24,YES,62.0,24,YES,62.0,24,YES,59.0,YES,False,False,False
2019-08-09,2019,24,YES,15.1,24,YES,18.17,24,YES,37.0,24,YES,35.0,24,YES,53.0,24,YES,29.0,24,YES,47.0,YES,True,False,False
2019-08-10,2019,23,NO,,24,YES,17.11,24,YES,4.0,24,YES,7.0,24,YES,7.0,24,YES,14.0,24,YES,5.0,NO,False,False,False
2019-08-11,2019,24,YES,13.22,24,YES,16.24,24,YES,0.0,24,YES,0.0,24,YES,0.0,24,YES,4.0,24,YES,0.0,YES,False,False,False
2019-08-12,2019,24,YES,12.93,24,YES,16.03,24,YES,9.0,24,YES,19.0,24,YES,1.0,24,YES,2.0,24,YES,3.0,YES,True,False,False
2019-08-13,2019,24,YES,12.7,24,YES,15.98,24,YES,3.0,24,YES,4.0,24,YES,1.0,24,YES,18.0,24,YES,2.0,YES,True,True,False
2019-08-14,2019,24,YES,13.41,24,YES,15.94,24,YES,0.0,24,YES,1.0,24,YES,0.0,24,YES,0.0,24,YES,0.0,YES,True,True,True
2019-08-15,2019,24,YES,13.25,24,YES,15.9,24,YES,0.0,24,YES,2.0,24,YES,0.0,24,YES,1.0,24,YES,0.0,YES,True,True,True
2019-08-16,2019,24,YES,12.91,24,YES,15.88,24,YES,0.0,24,YES,0.0,24,YES,0.0,24,YES,0.0,24,YES,0.0,YES,True,True,True
2019-08-17,2019,24,YES,12.69,24,YES,15.86,24,YES,12.0,24,YES,16.0,24,YES,0.0,24,YES,16.0,24,YES,8.0,YES,True,True,True
2019-08-18,2019,24,YES,12.64,24,YES,15.85,24,YES,1.0,24,YES,1.0,24,YES,0.0,24,YES,0.0,24,YES,1.0,YES,True,True,True
2019-08-19,2019,23,NO,,23,NO,,24,YES,12.0,24,YES,9.0,24,YES,3.0,24,YES,4.0,24,YES,0.0,NO,False,False,False
2019-08-20,2019,24,YES,13.75,24,YES,16.4,24,YES,2.0,24,YES,5.0,24,YES,3.0,24,YES,5.0,24,YES,3.0,YES,False,False,False
2019-08-21,2019,24,YES,13.99,24,YES,17.09,24,YES,66.0,24,YES,35.0,24,YES,26.0,24,YES,28.0,24,YES,76.0,YES,True,False,False
2019-08-22,2019,24,YES,13.07,24,YES,16.11,24,YES,6.0,24,YES,22.0,24,YES,1.0,24,YES,13.0,24,YES,3.0,YES,True,True,False
2019-08-23,2019,24,YES,12.87,24,YES,16.09,24,YES,19.0,24,YES,17.0,24,YES,7.0,24,YES,8.0,24,YES,10.0,YES,True,True,True
2019-08-24,2019,24,YES,13.34,24,YES,16.41,24,YES,26.0,24,YES,24.0,24,YES,28.0,24,YES,30.0,24,YES,19.0,YES,True,True,True
2019-08-25,2019,24,YES,13.47,24,YES,16.57,24,YES,23.0,24,YES,38.0,24,YES,23.0,24,YES,10.0,24,YES,39.0,YES,True,True,True
2019-08-26,2019,23,NO,,24,YES,16.62,24,YES,24.0,24,YES,34.0,24,YES,17.0,24,YES,82.0,24,YES,5.0,NO,False,False,False
2019-08-27,2019,24,YES,13.14,24,YES,16.7,24,YES,1.0,24,YES,4.0,24,YES,1.0,24,YES,1.0,24,YES,1.0,YES,False,False,False
2019-08-28,2019,24,YES,12.54,24,YES,16.01,24,YES,3.0,24,YES,0.0,24,YES,1.0,24,YES,14.0,24,YES,0.0,YES,True,False,False
2019-08-29,2019,24,YES,12.42,24,YES,15.93,24,YES,5.0,24,YES,20.0,24,YES,4.0,24,YES,5.0,24,YES,12.0,YES,True,True,False
2019-08-30,2019,24,YES,12.7,24,YES,16.02,24,YES,2.0,24,YES,3.0,24,YES,17.0,24,YES,3.0,24,YES,3.0,YES,True,True,True
2019-08-31,2019,24,YES,15.81,24,YES,19.05,24,YES,63.0,24,YES,165.0,24,YES,25.0,24,YES,74.0,24,YES,50.0,YES,True,True,True
2019-09-01,2019,24,YES,14.28,24,YES,17.06,24,YES,3.0,24,YES,5.0,24,YES,0.0,24,YES,0.0,24,YES,1.0,YES,True,True,True
2019-09-02,2019,24,YES,13.05,24,YES,16.06,24,YES,25.0,24,YES,13.0,24,YES,6.0,24,YES,10.0,24,YES,13.0,YES,True,True,True
2019-09-03,2019,24,YES,12.89,24,YES,16.09,24,YES,18.0,24,YES,19.0,24,YES,7.0,24,YES,5.0,24,YES,12.0,YES,True,True,True
2019-09-04,2019,24,YES,12.83,24,YES,16.0,24,YES,0.0,24,YES,0.0,24,YES,1.0,24,YES,0.0,24,YES,0.0,YES,True,True,True
2019-09-05,2019,24,YES,12.68,24,YES,15.94,24,YES,0.0,24,YES,0.0,24,YES,0.0,24,YES,1.0,24,YES,2.0,YES,True,True,True
2019-09-06,2019,24,YES,12.57,24,YES,15.92,24,YES,2.0,24,YES,3.0,24,YES,0.0,24,YES,1.0,24,YES,1.0,YES,True,True,True
2019-09-07,2019,24,YES,12.47,24,YES,15.91,24,YES,2.0,24,YES,2.0,24,YES,0.0,24,YES,3.0,24,YES,0.0,YES,True,True,True
2019-09-08,2019,24,YES,12.4,23,NO,,24,YES,21.0,24,YES,18.0,24,YES,17.0,24,YES,6.0,24,YES,17.0,NO,False,False,False
2019-09-09,2019,24,YES,12.39,24,YES,15.98,24,YES,14.0,24,YES,10.0,24,YES,16.0,24,YES,22.0,24,YES,10.0,YES,False,False,False
2019-09-10,2019,24,YES,12.38,24,YES,15.94,24,YES,0.0,24,YES,4.0,24,YES,0.0,24,YES,0.0,24,YES,0.0,YES,True,False,False
2019-09-11,2019,24,YES,12.38,24,YES,15.99,24,YES,3.0,24,YES,2.0,24,YES,15.0,24,YES,17.0,24,YES,13.0,YES,True,True,False
2019-09-12,2019,24,YES,12.55,24,YES,16.11,24,YES,26.0,24,YES,23.0,24,YES,15.0,24,YES,27.0,24,YES,26.0,YES,True,True,True
2019-09-13,2019,24,YES,12.51,24,YES,15.97,24,YES,10.0,24,YES,15.0,24,YES,0.0,24,YES,8.0,24,YES,2.0,YES,True,True,True
2019-09-14,2019,24,YES,12.63,24,YES,16.32,24,YES,75.0,24,YES,46.0,24,YES,9.0,24,YES,22.0,24,YES,26.0,YES,True,True,True
2019-09-15,2019,23,NO,,24,YES,16.96,24,YES,51.0,24,YES,46.0,24,YES,35.0,24,YES,55.0,24,YES,46.0,NO,False,False,False
2019-09-16,2019,24,YES,14.0,24,YES,16.94,24,YES,16.0,24,YES,23.0,24,YES,19.0,24,YES,17.0,24,YES,24.0,YES,False,False,False
2019-09-17,2019,24,YES,13.28,24,YES,16.25,24,YES,9.0,24,YES,12.0,24,YES,16.0,24,YES,22.0,24,YES,9.0,YES,True,False,False
2019-09-18,2019,24,YES,13.7,24,YES,16.7,24,YES,28.0,24,YES,40.0,24,YES,26.0,24,YES,33.0,24,YES,31.0,YES,True,True,False
2019-09-19,2019,24,YES,13.64,24,YES,16.63,24,YES,22.0,24,YES,24.0,24,YES,10.0,24,YES,6.0,24,YES,16.0,YES,True,True,True
2019-09-20,2019,24,YES,13.43,24,YES,16.41,24,YES,15.0,24,YES,11.0,24,YES,15.0,24,YES,28.0,24,YES,26.0,YES,True,True,True
2019-09-21,2019,24,YES,13.19,24,YES,16.16,24,YES,0.0,24,YES,0.0,24,YES,0.0,24,YES,0.0,24,YES,0.0,YES,True,True,True
2019-09-22,2019,24,YES,13.1,24,YES,16.05,24,YES,0.0,24,YES,0.0,24,YES,0.0,24,YES,0.0,24,YES,0.0,YES,True,True,True
2019-09-23,2019,24,YES,12.9,24,YES,15.98,24,YES,0.0,24,YES,4.0,24,YES,9.0,24,YES,1.0,24,YES,5.0,YES,True,True,True
2019-09-24,2019,24,YES,12.73,24,YES,16.03,24,YES,5.0,24,YES,0.0,24,YES,24.0,24,YES,0.0,24,YES,1.0,YES,True,True,True
2019-09-25,2019,24,YES,12.63,24,YES,16.0,24,YES,0.0,24,YES,1.0,24,YES,0.0,24,YES,0.0,24,YES,0.0,YES,True,True,True
2019-09-26,2019,24,YES,12.57,24,YES,15.95,24,YES,3.0,24,YES,0.0,24,YES,0.0,24,YES,0.0,24,YES,0.0,YES,True,True,True
2019-09-27,2019,24,YES,12.56,24,YES,15.93,24,YES,3.0,24,YES,1.0,24,YES,0.0,24,YES,0.0,24,YES,0.0,YES,True,True,True
2019-09-28,2019,24,YES,12.55,24,YES,15.9,24,YES,8.0,24,YES,9.0,24,YES,8.0,24,YES,0.0,24,YES,7.0,YES,True,True,True
2019-09-29,2019,23,NO,,23,NO,,24,YES,7.0,24,YES,5.0,24,YES,5.0,24,YES,5.0,24,YES,11.0,NO,False,False,False
2019-09-30,2019,24,YES,12.54,24,YES,15.9,24,YES,1.0,24,YES,0.0,24,YES,0.0,24,YES,7.0,24,YES,10.0,YES,False,False,False
2019-10-01,2019,24,YES,12.05,24,YES,15.9,24,YES,0.0,24,YES,1.0,24,YES,0.0,24,YES,0.0,24,YES,0.0,YES,True,False,False
2019-10-02,2019,24,YES,12.7,24,YES,16.88,24,YES,10.0,24,YES,16.0,24,YES,28.0,24,YES,17.0,24,YES,53.0,YES,True,True,False
2019-10-03,2019,24,YES,12.2,24,YES,15.89,24,YES,0.0,24,YES,0.0,24,YES,0.0,24,YES,0.0,24,YES,0.0,YES,True,True,True
2019-10-04,2019,24,YES,12.15,24,YES,15.81,24,YES,16.0,24,YES,14.0,24,YES,1.0,24,YES,3.0,24,YES,0.0,YES,True,True,True
2019-10-05,2019,24,YES,12.04,24,YES,15.81,24,YES,0.0,24,YES,0.0,24,YES,0.0,24,YES,0.0,24,YES,0.0,YES,True,True,True
2019-10-06,2019,24,YES,12.0,24,YES,15.81,24,YES,0.0,24,YES,0.0,24,YES,0.0,24,YES,13.0,24,YES,0.0,YES,True,True,True
2019-10-07,2019,24,YES,11.95,24,YES,15.81,24,YES,0.0,24,YES,0.0,24,YES,0.0,24,YES,0.0,24,YES,0.0,YES,True,True,True
2019-10-08,2019,24,YES,11.94,24,YES,15.81,24,YES,0.0,24,YES,0.0,24,YES,0.0,24,YES,0.0,24,YES,0.0,YES,True,True,True
2019-10-09,2019,24,YES,11.91,24,YES,15.81,24,YES,0.0,24,YES,1.0,24,YES,0.0,24,YES,0.0,24,YES,0.0,YES,True,True,True
2019-10-10,2019,24,YES,11.92,24,YES,15.81,24,YES,1.0,24,YES,0.0,24,YES,0.0,24,YES,0.0,24,YES,0.0,YES,True,True,True
2019-10-11,2019,24,YES,11.88,24,YES,15.81,24,YES,27.0,24,YES,11.0,24,YES,3.0,24,YES,11.0,24,YES,9.0,YES,True,True,True
2019-10-12,2019,24,YES,12.04,24,YES,15.8,24,YES,5.0,24,YES,2.0,24,YES,25.0,24,YES,11.0,24,YES,9.0,YES,True,True,True
2019-10-13,2019,24,YES,11.89,24,YES,15.8,24,YES,0.0,24,YES,0.0,24,YES,0.0,24,YES,0.0,24,YES,0.0,YES,True,True,True
2019-10-14,2019,24,YES,11.88,24,YES,15.8,24,YES,0.0,24,YES,0.0,24,YES,0.0,24,YES,0.0,24,YES,0.0,YES,True,True,True
2019-10-15,2019,14,NO,,24,YES,15.8,24,YES,0.0,24,YES,0.0,24,YES,0.0,24,YES,0.0,24,YES,0.0,NO,False,False,False
2019-10-16,2019,14,NO,,24,YES,15.8,24,YES,0.0,24,YES,1.0,24,YES,0.0,24,YES,0.0,24,YES,0.0,NO,False,False,False
2019-10-17,2019,24,YES,11.88,24,YES,15.8,24,YES,0.0,24,YES,0.0,24,YES,0.0,24,YES,0.0,24,YES,0.0,YES,False,False,False
2019-10-18,2019,24,YES,11.88,24,YES,15.8,24,YES,0.0,24,YES,0.0,24,YES,0.0,24,YES,0.0,24,YES,0.0,YES,True,False,False
2019-10-19,2019,24,YES,11.88,24,YES,15.8,24,YES,0.0,24,YES,1.0,24,YES,0.0,24,YES,0.0,24,YES,0.0,YES,True,True,False
2019-10-20,2019,24,YES,11.88,24,YES,15.8,24,YES,1.0,24,YES,1.0,24,YES,0.0,24,YES,0.0,24,YES,0.0,YES,True,True,True
2019-10-21,2019,24,YES,11.88,24,YES,15.8,24,YES,0.0,24,YES,0.0,24,YES,0.0,24,YES,0.0,24,YES,0.0,YES,True,True,True
2019-10-22,2019,14,NO,,24,YES,15.8,24,YES,0.0,24,YES,0.0,24,YES,1.0,24,YES,0.0,24,YES,2.0,NO,False,False,False
2019-10-23,2019,17,NO,,24,YES,15.8,24,YES,0.0,24,YES,0.0,24,YES,0.0,24,YES,0.0,24,YES,1.0,NO,False,False,False
2019-10-24,2019,24,YES,11.9,24,YES,15.8,24,YES,0.0,24,YES,0.0,24,YES,0.0,24,YES,0.0,24,YES,0.0,YES,False,False,False
2019-10-25,2019,24,YES,11.9,24,YES,15.8,24,YES,1.0,24,YES,4.0,24,YES,0.0,24,YES,0.0,24,YES,0.0,YES,True,False,False
2019-10-26,2019,24,YES,11.9,24,YES,15.8,24,YES,0.0,24,YES,0.0,24,YES,0.0,24,YES,0.0,24,YES,0.0,YES,True,True,False
2019-10-27,2019,24,YES,11.9,24,YES,15.8,24,YES,2.0,24,YES,3.0,24,YES,5.0,24,YES,2.0,24,YES,5.0,YES,True,True,True
2019-10-28,2019,24,YES,11.9,24,YES,15.8,24,YES,4.0,24,YES,4.0,24,YES,2.0,24,YES,2.0,24,YES,1.0,YES,True,True,True
2019-10-29,2019,24,YES,11.9,24,YES,15.8,24,YES,0.0,24,YES,2.0,24,YES,0.0,24,YES,0.0,24,YES,1.0,YES,True,True,True
2019-10-30,2019,24,YES,11.9,24,YES,15.8,24,YES,2.0,24,YES,4.0,24,YES,1.0,24,YES,4.0,24,YES,2.0,YES,True,True,True
2019-10-31,2019,24,YES,12.0,24,YES,15.8,24,YES,16.0,24,YES,24.0,24,YES,11.0,24,YES,17.0,24,YES,12.0,YES,True,True,True
2019-11-01,2019,24,YES,12.31,24,YES,15.8,24,YES,18.0,24,YES,22.0,24,YES,23.0,24,YES,11.0,24,YES,16.0,YES,True,True,True
2019-11-02,2019,24,YES,12.43,24,YES,15.89,24,YES,1.0,24,YES,1.0,24,YES,15.0,24,YES,4.0,24,YES,10.0,YES,True,True,True
2019-11-03,2019,24,YES,11.96,24,YES,15.8,24,YES,0.0,24,YES,0.0,24,YES,0.0,24,YES,0.0,24,YES,1.0,YES,True,True,True
2019-11-04,2019,24,YES,11.91,24,YES,15.8,24,YES,18.0,24,YES,4.0,24,YES,1.0,24,YES,0.0,24,YES,0.0,YES,True,True,True
2019-11-05,2019,24,YES,11.97,24,YES,15.8,24,YES,9.0,24,YES,4.0,24,YES,0.0,24,YES,5.0,24,YES,13.0,YES,True,True,True
2019-11-06,2019,24,YES,12.88,24,YES,16.53,24,YES,15.0,24,YES,13.0,24,YES,26.0,24,YES,24.0,24,YES,27.0,YES,True,True,True
2019-11-07,2019,24,YES,11.91,24,YES,15.8,24,YES,1.0,24,YES,1.0,24,YES,1.0,24,YES,5.0,24,YES,1.0,YES,True,True,True
2019-11-08,2019,24,YES,11.91,24,YES,15.83,24,YES,0.0,24,YES,0.0,24,YES,0.0,24,YES,0.0,24,YES,0.0,YES,True,True,True
2019-11-09,2019,24,YES,11.91,24,YES,15.8,24,YES,49.0,24,YES,27.0,24,YES,1.0,24,YES,3.0,24,YES,30.0,YES,True,True,True
2019-11-10,2019,24,YES,11.91,24,YES,15.8,24,YES,0.0,24,YES,0.0,24,YES,0.0,24,YES,0.0,24,YES,0.0,YES,True,True,True
2019-11-11,2019,24,YES,11.91,24,YES,15.8,24,YES,0.0,24,YES,1.0,24,YES,0.0,24,YES,0.0,24,YES,0.0,YES,True,True,True
2019-11-12,2019,24,YES,11.91,24,YES,15.8,24,YES,0.0,24,YES,0.0,24,YES,2.0,24,YES,3.0,24,YES,0.0,YES,True,True,True
2019-11-13,2019,24,YES,11.91,24,YES,15.8,24,YES,0.0,24,YES,0.0,24,YES,0.0,24,YES,0.0,24,YES,0.0,YES,True,True,True
2019-11-14,2019,24,YES,11.91,24,YES,15.8,24,YES,0.0,24,YES,0.0,24,YES,0.0,24,YES,0.0,24,YES,0.0,YES,True,True,True
2019-11-15,2019,24,YES,11.9,24,YES,15.8,24,YES,0.0,24,YES,1.0,24,YES,0.0,24,YES,0.0,24,YES,1.0,YES,True,True,True
2019-11-16,2019,24,YES,11.9,24,YES,15.8,24,YES,1.0,24,YES,24.0,24,YES,7.0,24,YES,15.0,24,YES,3.0,YES,True,True,True
2019-11-17,2019,24,YES,11.9,24,YES,15.8,24,YES,0.0,24,YES,3.0,24,YES,0.0,24,YES,0.0,24,YES,0.0,YES,True,True,True
2019-11-18,2019,24,YES,11.9,24,YES,15.8,24,YES,0.0,24,YES,0.0,24,YES,0.0,24,YES,1.0,24,YES,0.0,YES,True,True,True
2019-11-19,2019,24,YES,11.9,24,YES,15.8,24,YES,0.0,24,YES,0.0,24,YES,0.0,24,YES,0.0,24,YES,0.0,YES,True,True,True
2019-11-20,2019,24,YES,11.9,24,YES,15.8,24,YES,0.0,24,YES,0.0,24,YES,3.0,24,YES,1.0,24,YES,2.0,YES,True,True,True
2019-11-21,2019,24,YES,11.9,24,YES,15.8,0,NO,,0,NO,,0,NO,,0,NO,,0,NO,,NO,False,False,False
2019-11-22,2019,24,YES,11.9,24,YES,15.81,24,YES,1.0,24,YES,1.0,24,YES,0.0,24,YES,0.0,24,YES,0.0,YES,False,False,False
2019-11-23,2019,24,YES,11.9,24,YES,15.8,24,YES,3.0,24,YES,3.0,24,YES,4.0,24,YES,19.0,24,YES,6.0,YES,True,False,False
2019-11-24,2019,24,YES,11.9,24,YES,15.8,24,YES,0.0,24,YES,0.0,24,YES,7.0,24,YES,5.0,24,YES,1.0,YES,True,True,False
2019-11-25,2019,24,YES,11.9,24,YES,15.8,24,YES,1.0,24,YES,2.0,24,YES,0.0,24,YES,0.0,24,YES,0.0,YES,True,True,True
2019-11-26,2019,24,YES,11.9,24,YES,15.8,24,YES,1.0,24,YES,4.0,24,YES,0.0,24,YES,1.0,24,YES,1.0,YES,True,True,True
2019-11-27,2019,24,YES,11.9,24,YES,15.8,24,YES,0.0,24,YES,0.0,24,YES,0.0,24,YES,0.0,24,YES,0.0,YES,True,True,True
2019-11-28,2019,24,YES,11.9,24,YES,15.8,24,YES,2.0,24,YES,4.0,24,YES,0.0,24,YES,0.0,24,YES,1.0,YES,True,True,True
2019-11-29,2019,24,YES,11.9,24,YES,15.8,24,YES,0.0,24,YES,0.0,24,YES,0.0,24,YES,0.0,24,YES,0.0,YES,True,True,True
2019-11-30,2019,24,YES,11.9,24,YES,15.8,24,YES,0.0,24,YES,0.0,24,YES,0.0,24,YES,0.0,24,YES,0.0,YES,True,True,True
2019-12-01,2019,24,YES,11.9,24,YES,15.8,24,YES,0.0,24,YES,0.0,24,YES,0.0,24,YES,0.0,24,YES,0.0,YES,True,True,True
2019-12-02,2019,24,YES,11.9,24,YES,15.8,24,YES,1.0,24,YES,8.0,24,YES,0.0,24,YES,0.0,24,YES,0.0,YES,True,True,True
2019-12-03,2019,24,YES,14.68,24,YES,17.97,24,YES,59.0,24,YES,105.0,24,YES,40.0,24,YES,79.0,24,YES,46.0,YES,True,True,True
2019-12-04,2019,24,YES,12.74,24,YES,15.84,24,YES,2.0,24,YES,2.0,24,YES,0.0,24,YES,0.0,24,YES,1.0,YES,True,True,True
2019-12-05,2019,24,YES,12.11,24,YES,15.8,24,YES,36.0,24,YES,1.0,24,YES,4.0,24,YES,1.0,24,YES,18.0,YES,True,True,True
2019-12-06,2019,24,YES,12.05,24,YES,15.82,24,YES,0.0,24,YES,0.0,24,YES,0.0,24,YES,0.0,24,YES,0.0,YES,True,True,True
2019-12-07,2019,24,YES,12.21,24,YES,15.81,24,YES,1.0,24,YES,0.0,24,YES,10.0,24,YES,0.0,24,YES,1.0,YES,True,True,True
2019-12-08,2019,24,YES,12.05,24,YES,15.8,24,YES,0.0,24,YES,0.0,24,YES,0.0,24,YES,0.0,24,YES,0.0,YES,True,True,True
2019-12-09,2019,24,YES,12.05,24,YES,15.8,24,YES,0.0,24,YES,0.0,24,YES,0.0,24,YES,0.0,24,YES,0.0,YES,True,True,True
2019-12-10,2019,24,YES,12.05,24,YES,15.8,24,YES,0.0,24,YES,0.0,24,YES,0.0,24,YES,0.0,24,YES,0.0,YES,True,True,True
2019-12-11,2019,24,YES,12.05,24,YES,15.8,24,YES,0.0,24,YES,0.0,24,YES,0.0,24,YES,0.0,24,YES,0.0,YES,True,True,True
2019-12-12,2019,24,YES,12.052,24,YES,15.8,24,YES,0.0,24,YES,0.0,24,YES,0.0,24,YES,0.0,24,YES,0.0,YES,True,True,True
2019-12-13,2019,24,YES,12.04,24,YES,15.81,24,YES,2.0,24,YES,8.0,24,YES,0.0,24,YES,0.0,24,YES,1.0,YES,True,True,True
2019-12-14,2019,23,NO,,23,NO,,24,YES,0.0,24,YES,0.0,24,YES,0.0,24,YES,0.0,24,YES,0.0,NO,False,False,False
2019-12-15,2019,24,YES,12.04,24,YES,15.8,24,YES,0.0,24,YES,1.0,24,YES,0.0,24,YES,0.0,24,YES,0.0,YES,False,False,False
2019-12-16,2019,24,YES,12.04,24,YES,15.8,24,YES,0.0,24,YES,0.0,24,YES,0.0,24,YES,0.0,24,YES,0.0,YES,True,False,False
2019-12-17,2019,24,YES,12.04,24,YES,15.8,24,YES,0.0,24,YES,0.0,24,YES,0.0,24,YES,0.0,24,YES,0.0,YES,True,True,False
2019-12-18,2019,24,YES,12.04,24,YES,15.8,24,YES,0.0,24,YES,0.0,24,YES,0.0,24,YES,0.0,24,YES,0.0,YES,True,True,True
2019-12-19,2019,24,YES,12.04,24,YES,15.8,24,YES,0.0,24,YES,0.0,24,YES,0.0,24,YES,0.0,24,YES,0.0,YES,True,True,True
2019-12-20,2019,24,YES,15.04,24,YES,15.8,24,YES,0.0,24,YES,0.0,24,YES,0.0,24,YES,0.0,24,YES,0.0,YES,True,True,True
2019-12-21,2019,24,YES,12.04,24,YES,15.8,24,YES,0.0,24,YES,0.0,24,YES,0.0,24,YES,0.0,24,YES,0.0,YES,True,True,True
2019-12-22,2019,24,YES,12.04,24,YES,15.8,24,YES,0.0,24,YES,0.0,24,YES,0.0,24,YES,0.0,24,YES,0.0,YES,True,True,True
2019-12-23,2019,24,YES,12.04,24,YES,15.8,24,YES,0.0,24,YES,0.0,24,YES,0.0,24,YES,0.0,24,YES,0.0,YES,True,True,True
2019-12-24,2019,24,YES,12.047,24,YES,15.8,24,YES,0.0,24,YES,0.0,24,YES,0.0,24,YES,0.0,24,YES,0.0,YES,True,True,True
2019-12-25,2019,24,YES,12.56,24,YES,16.78,24,YES,42.0,24,YES,27.0,24,YES,39.0,24,YES,10.0,24,YES,33.0,YES,True,True,True
2019-12-26,2019,24,YES,12.11,24,YES,15.8,24,YES,0.0,24,YES,0.0,24,YES,0.0,24,YES,0.0,24,YES,0.0,YES,True,True,True
2019-12-27,2019,24,YES,12.04,23,NO,,24,YES,0.0,24,YES,0.0,24,YES,0.0,24,YES,0.0,24,YES,0.0,NO,False,False,False
2019-12-28,2019,24,YES,12.4,24,YES,15.8,24,YES,0.0,24,YES,0.0,24,YES,0.0,24,YES,0.0,24,YES,0.0,YES,False,False,False
2019-12-29,2019,24,YES,12.04,24,YES,15.8,24,YES,0.0,24,YES,1.0,24,YES,0.0,24,YES,0.0,24,YES,0.0,YES,True,False,False
2019-12-30,2019,24,YES,12.04,24,YES,15.8,24,YES,0.0,24,YES,1.0,24,YES,0.0,24,YES,0.0,24,YES,0.0,YES,True,True,False
2019-12-31,2019,24,YES,12.04,24,YES,15.8,24,YES,0.0,24,YES,0.0,24,YES,0.0,24,YES,0.0,22,NO,,NO,False,False,False
2020-01-01,2020,24,YES,12.04,24,YES,15.8,24,YES,1.0,0,NO,,24,YES,0.0,24,YES,1.0,24,YES,0.0,NO,False,False,False
2020-01-02,2020,24,YES,12.04,24,YES,15.81,24,YES,0.0,0,NO,,24,YES,0.0,24,YES,0.0,24,YES,0.0,NO,False,False,False
2020-01-03,2020,24,YES,12.04,24,YES,15.8,24,YES,0.0,0,NO,,24,YES,0.0,24,YES,0.0,24,YES,0.0,NO,False,False,False
2020-01-04,2020,24,YES,12.04,24,YES,15.8,24,YES,0.0,0,NO,,24,YES,0.0,24,YES,0.0,24,YES,0.0,NO,False,False,False
2020-01-05,2020,24,YES,12.04,24,YES,15.8,24,YES,0.0,0,NO,,24,YES,0.0,24,YES,0.0,24,YES,1.0,NO,False,False,False
2020-01-06,2020,24,YES,12.04,24,YES,15.8,24,YES,0.0,0,NO,,24,YES,0.0,24,YES,0.0,24,YES,0.0,NO,False,False,False
2020-01-07,2020,24,YES,12.04,24,YES,15.8,24,YES,0.0,0,NO,,24,YES,0.0,24,YES,0.0,24,YES,0.0,NO,False,False,False
2020-01-08,2020,24,YES,12.04,24,YES,15.8,24,YES,1.0,0,NO,,20,NO,,20,NO,,24,YES,2.0,NO,False,False,False
2020-01-09,2020,24,YES,12.04,24,YES,15.8,24,YES,0.0,0,NO,,24,YES,0.0,24,YES,0.0,24,YES,0.0,NO,False,False,False
2020-01-10,2020,24,YES,12.04,24,YES,15.8,24,YES,0.0,0,NO,,24,YES,0.0,24,YES,0.0,24,YES,0.0,NO,False,False,False
2020-01-11,2020,24,YES,12.04,24,YES,15.8,24,YES,0.0,0,NO,,24,YES,0.0,24,YES,0.0,24,YES,0.0,NO,False,False,False
2020-01-12,2020,24,YES,12.04,24,YES,15.8,24,YES,0.0,0,NO,,24,YES,0.0,24,YES,0.0,24,YES,0.0,NO,False,False,False
2020-01-13,2020,24,YES,12.04,24,YES,15.8,24,YES,0.0,0,NO,,24,YES,0.0,24,YES,0.0,24,YES,0.0,NO,False,False,False
2020-01-14,2020,24,YES,12.04,24,YES,15.8,24,YES,0.0,0,NO,,24,YES,0.0,24,YES,0.0,24,YES,0.0,NO,False,False,False
2020-01-15,2020,24,YES,12.04,24,YES,15.8,24,YES,0.0,0,NO,,24,YES,0.0,24,YES,0.0,24,YES,0.0,NO,False,False,False
2020-01-16,2020,23,NO,,24,YES,15.8,24,YES,0.0,0,NO,,24,YES,0.0,24,YES,0.0,24,YES,0.0,NO,False,False,False
2020-01-17,2020,24,YES,12.04,24,YES,15.8,24,YES,0.0,0,NO,,24,YES,11.0,24,YES,5.0,24,YES,0.0,NO,False,False,False
2020-01-18,2020,24,YES,12.04,24,YES,15.8,24,YES,0.0,0,NO,,24,YES,0.0,24,YES,0.0,24,YES,0.0,NO,False,False,False
2020-01-19,2020,24,YES,12.04,24,YES,15.8,24,YES,0.0,0,NO,,24,YES,0.0,24,YES,0.0,24,YES,0.0,NO,False,False,False
2020-01-20,2020,24,YES,12.04,24,YES,15.8,24,YES,0.0,0,NO,,24,YES,0.0,24,YES,0.0,24,YES,0.0,NO,False,False,False
2020-01-21,2020,24,YES,12.04,24,YES,15.8,24,YES,0.0,0,NO,,24,YES,0.0,24,YES,0.0,24,YES,0.0,NO,False,False,False
2020-01-22,2020,24,YES,12.03,24,YES,15.8,24,YES,0.0,0,NO,,24,YES,0.0,24,YES,0.0,24,YES,0.0,NO,False,False,False
2020-01-23,2020,8,NO,,24,YES,15.8,24,YES,0.0,0,NO,,24,YES,0.0,24,YES,0.0,24,YES,0.0,NO,False,False,False
2020-01-24,2020,24,YES,12.03,24,YES,15.8,24,YES,12.0,0,NO,,24,YES,5.0,24,YES,2.0,24,YES,11.0,NO,False,False,False
2020-01-25,2020,24,YES,12.03,24,YES,15.8,24,YES,0.0,0,NO,,24,YES,1.0,24,YES,1.0,24,YES,0.0,NO,False,False,False
2020-01-26,2020,24,YES,12.03,24,YES,15.8,24,YES,0.0,0,NO,,24,YES,0.0,24,YES,0.0,24,YES,0.0,NO,False,False,False
2020-01-27,2020,24,YES,12.03,24,YES,15.8,24,YES,0.0,0,NO,,24,YES,0.0,24,YES,0.0,24,YES,0.0,NO,False,False,False
2020-01-28,2020,24,YES,12.03,24,YES,15.8,24,YES,0.0,0,NO,,24,YES,0.0,24,YES,0.0,24,YES,0.0,NO,False,False,False
2020-01-29,2020,24,YES,12.03,24,YES,15.8,24,YES,0.0,0,NO,,24,YES,0.0,24,YES,0.0,24,YES,0.0,NO,False,False,False
2020-01-30,2020,24,YES,12.03,24,YES,15.8,24,YES,0.0,0,NO,,24,YES,0.0,24,YES,0.0,24,YES,0.0,NO,False,False,False
2020-01-31,2020,24,YES,12.03,24,YES,15.8,24,YES,0.0,0,NO,,24,YES,0.0,24,YES,0.0,24,YES,0.0,NO,False,False,False
2020-02-01,2020,24,YES,12.03,24,YES,15.8,24,YES,0.0,0,NO,,24,YES,0.0,24,YES,0.0,24,YES,0.0,NO,False,False,False
2020-02-02,2020,24,YES,12.03,24,YES,15.8,24,YES,0.0,0,NO,,24,YES,0.0,24,YES,0.0,24,YES,0.0,NO,False,False,False
2020-02-03,2020,24,YES,12.03,24,YES,15.8,24,YES,0.0,0,NO,,24,YES,0.0,24,YES,0.0,24,YES,0.0,NO,False,False,False
2020-02-04,2020,24,YES,12.03,24,YES,15.8,24,YES,0.0,0,NO,,24,YES,0.0,24,YES,0.0,24,YES,0.0,NO,False,False,False
2020-02-05,2020,24,YES,12.03,24,YES,15.8,24,YES,0.0,0,NO,,24,YES,0.0,24,YES,0.0,24,YES,0.0,NO,False,False,False
2020-02-06,2020,24,YES,12.03,24,YES,15.8,24,YES,0.0,0,NO,,24,YES,0.0,24,YES,0.0,24,YES,0.0,NO,False,False,False
2020-02-07,2020,24,YES,12.03,24,YES,15.8,24,YES,0.0,0,NO,,24,YES,0.0,24,YES,0.0,24,YES,0.0,NO,False,False,False
2020-02-08,2020,24,YES,13.03,24,YES,15.8,23,NO,,0,NO,,23,NO,,23,NO,,24,YES,36.0,NO,False,False,False
2020-02-09,2020,24,YES,12.03,24,YES,15.8,24,YES,2.0,0,NO,,24,YES,8.0,24,YES,19.0,24,YES,7.0,NO,False,False,False
2020-02-10,2020,24,YES,12.03,24,YES,15.8,24,YES,0.0,0,NO,,24,YES,0.0,24,YES,0.0,24,YES,0.0,NO,False,False,False
2020-02-11,2020,24,YES,12.03,24,YES,15.8,24,YES,0.0,0,NO,,24,YES,0.0,24,YES,0.0,24,YES,0.0,NO,False,False,False
2020-02-12,2020,24,YES,12.03,24,YES,15.8,24,YES,0.0,0,NO,,24,YES,0.0,24,YES,0.0,24,YES,0.0,NO,False,False,False
2020-02-13,2020,24,YES,12.03,24,YES,15.8,24,YES,3.0,0,NO,,24,YES,0.0,24,YES,0.0,24,YES,1.0,NO,False,False,False
2020-02-14,2020,24,YES,12.03,24,YES,15.8,24,YES,0.0,0,NO,,24,YES,0.0,24,YES,0.0,24,YES,0.0,NO,False,False,False
2020-02-15,2020,24,YES,12.03,24,YES,15.8,24,YES,0.0,0,NO,,24,YES,0.0,24,YES,0.0,24,YES,0.0,NO,False,False,False
2020-02-16,2020,24,YES,120.3,24,YES,15.8,24,YES,0.0,0,NO,,24,YES,0.0,24,YES,0.0,24,YES,0.0,NO,False,False,False
2020-02-17,2020,24,YES,12.03,24,YES,15.8,24,YES,0.0,0,NO,,24,YES,0.0,24,YES,0.0,24,YES,0.0,NO,False,False,False
2020-02-18,2020,24,YES,12.03,24,YES,15.8,24,YES,0.0,0,NO,,24,YES,0.0,24,YES,0.0,24,YES,0.0,NO,False,False,False
2020-02-19,2020,24,YES,12.03,24,YES,15.8,24,YES,0.0,0,NO,,24,YES,0.0,24,YES,0.0,24,YES,0.0,NO,False,False,False
2020-02-20,2020,24,YES,12.03,24,YES,15.8,24,YES,0.0,0,NO,,24,YES,0.0,24,YES,0.0,24,YES,0.0,NO,False,False,False
2020-02-21,2020,24,YES,12.03,24,YES,15.8,24,YES,0.0,0,NO,,24,YES,0.0,24,YES,0.0,24,YES,0.0,NO,False,False,False
2020-02-22,2020,24,YES,12.03,24,YES,15.8,24,YES,0.0,0,NO,,24,YES,0.0,24,YES,0.0,24,YES,0.0,NO,False,False,False
2020-02-23,2020,24,YES,12.03,24,YES,15.8,24,YES,0.0,0,NO,,24,YES,0.0,24,YES,0.0,24,YES,0.0,NO,False,False,False
2020-02-24,2020,24,YES,12.03,24,YES,15.8,24,YES,0.0,0,NO,,24,YES,0.0,24,YES,0.0,24,YES,0.0,NO,False,False,False
2020-02-25,2020,24,YES,12.03,24,YES,15.8,24,YES,0.0,0,NO,,24,YES,0.0,24,YES,0.0,24,YES,0.0,NO,False,False,False
2020-02-26,2020,24,YES,12.03,24,YES,15.8,24,YES,0.0,0,NO,,24,YES,1.0,24,YES,0.0,24,YES,0.0,NO,False,False,False
2020-02-27,2020,24,YES,12.03,24,YES,15.8,24,YES,0.0,0,NO,,24,YES,0.0,24,YES,0.0,24,YES,0.0,NO,False,False,False
2020-02-28,2020,24,YES,12.02,24,YES,15.8,24,YES,0.0,0,NO,,24,YES,0.0,24,YES,0.0,24,YES,0.0,NO,False,False,False
2020-02-29,2020,24,YES,12.02,24,YES,15.8,24,YES,0.0,0,NO,,24,YES,0.0,24,YES,0.0,24,YES,0.0,NO,False,False,False
2020-03-01,2020,24,YES,12.02,24,YES,15.8,24,YES,0.0,0,NO,,24,YES,0.0,24,YES,0.0,24,YES,0.0,NO,False,False,False
2020-03-02,2020,24,YES,12.02,24,YES,15.8,24,YES,0.0,0,NO,,24,YES,0.0,24,YES,0.0,24,YES,0.0,NO,False,False,False
2020-03-03,2020,24,YES,12.03,24,YES,15.8,24,YES,0.0,0,NO,,24,YES,0.0,24,YES,0.0,24,YES,0.0,NO,False,False,False
2020-03-04,2020,24,YES,12.02,24,YES,15.8,24,YES,0.0,0,NO,,24,YES,0.0,24,YES,0.0,24,YES,0.0,NO,False,False,False
2020-03-05,2020,24,YES,12.02,24,YES,15.8,24,YES,0.0,0,NO,,24,YES,0.0,24,YES,0.0,24,YES,0.0,NO,False,False,False
2020-03-06,2020,24,YES,12.02,24,YES,15.8,24,YES,0.0,0,NO,,24,YES,0.0,24,YES,0.0,24,YES,0.0,NO,False,False,False
2020-03-07,2020,24,YES,12.02,24,YES,15.8,24,YES,0.0,0,NO,,24,YES,0.0,24,YES,0.0,24,YES,0.0,NO,False,False,False
2020-03-08,2020,24,YES,12.02,24,YES,15.8,20,NO,,0,NO,,20,NO,,20,NO,,20,NO,,NO,False,False,False
2020-03-09,2020,24,YES,12.02,24,YES,15.8,24,YES,0.0,0,NO,,24,YES,0.0,24,YES,0.0,24,YES,0.0,NO,False,False,False
2020-03-10,2020,24,YES,12.02,24,YES,15.8,24,YES,1.0,0,NO,,24,YES,0.0,24,YES,0.0,24,YES,0.0,NO,False,False,False
2020-03-11,2020,24,YES,12.02,24,YES,15.8,24,YES,0.0,0,NO,,24,YES,0.0,24,YES,0.0,24,YES,0.0,NO,False,False,False
2020-03-12,2020,24,YES,12.02,24,YES,15.8,24,YES,0.0,0,NO,,24,YES,0.0,24,YES,0.0,24,YES,0.0,NO,False,False,False
2020-03-13,2020,24,YES,12.02,24,YES,15.8,24,YES,0.0,0,NO,,24,YES,0.0,24,YES,0.0,24,YES,0.0,NO,False,False,False
2020-03-14,2020,24,YES,12.02,24,YES,15.8,24,YES,0.0,0,NO,,24,YES,0.0,24,YES,0.0,24,YES,0.0,NO,False,False,False
2020-03-15,2020,24,YES,12.02,24,YES,15.8,24,YES,0.0,0,NO,,24,YES,0.0,24,YES,0.0,24,YES,0.0,NO,False,False,False
2020-03-16,2020,24,YES,12.02,24,YES,15.8,24,YES,0.0,0,NO,,24,YES,0.0,24,YES,0.0,24,YES,0.0,NO,False,False,False
2020-03-17,2020,24,YES,12.02,24,YES,15.8,24,YES,0.0,0,NO,,24,YES,0.0,24,YES,0.0,24,YES,0.0,NO,False,False,False
2020-03-18,2020,24,YES,12.02,24,YES,15.8,24,YES,0.0,0,NO,,24,YES,0.0,24,YES,0.0,24,YES,0.0,NO,False,False,False
2020-03-19,2020,24,YES,12.02,24,YES,15.8,24,YES,0.0,0,NO,,24,YES,0.0,24,YES,0.0,24,YES,0.0,NO,False,False,False
2020-03-20,2020,24,YES,12.02,24,YES,15.8,24,YES,0.0,0,NO,,24,YES,0.0,24,YES,0.0,24,YES,0.0,NO,False,False,False
2020-03-21,2020,24,YES,12.02,24,YES,15.8,24,YES,0.0,0,NO,,24,YES,0.0,24,YES,0.0,24,YES,0.0,NO,False,False,False
2020-03-22,2020,24,YES,12.02,24,YES,15.8,24,YES,0.0,0,NO,,24,YES,0.0,24,YES,0.0,24,YES,0.0,NO,False,False,False
2020-03-23,2020,24,YES,12.02,24,YES,15.8,24,YES,0.0,0,NO,,24,YES,0.0,24,YES,0.0,24,YES,0.0,NO,False,False,False
2020-03-24,2020,24,YES,0.0,24,YES,0.0,24,YES,0.0,0,NO,,24,YES,0.0,24,YES,0.0,24,YES,0.0,NO,False,False,False
2020-03-25,2020,24,YES,0.0,24,YES,0.0,24,YES,0.0,0,NO,,24,YES,0.0,24,YES,0.0,24,YES,0.0,NO,False,False,False
2020-03-26,2020,24,YES,0.0,24,YES,0.0,24,YES,0.0,0,NO,,24,YES,0.0,24,YES,0.0,24,YES,0.0,NO,False,False,False
2020-03-27,2020,24,YES,12.02,24,YES,15.8,24,YES,0.0,0,NO,,24,YES,0.0,24,YES,0.0,24,YES,0.0,NO,False,False,False
2020-03-28,2020,24,YES,12.01,24,YES,15.8,24,YES,0.0,0,NO,,24,YES,0.0,24,YES,0.0,24,YES,0.0,NO,False,False,False
2020-03-29,2020,24,YES,0.0,24,YES,0.0,24,YES,0.0,0,NO,,24,YES,0.0,24,YES,0.0,24,YES,0.0,NO,False,False,False
2020-03-30,2020,24,YES,12.01,24,YES,15.8,24,YES,0.0,0,NO,,24,YES,0.0,24,YES,0.0,24,YES,0.0,NO,False,False,False
2020-03-31,2020,24,YES,0.0,24,YES,0.0,24,YES,0.0,0,NO,,24,YES,0.0,24,YES,0.0,24,YES,0.0,NO,False,False,False
2020-04-01,2020,24,YES,0.0,24,YES,0.0,24,YES,0.0,0,NO,,24,YES,0.0,24,YES,0.0,24,YES,0.0,NO,False,False,False
2020-04-02,2020,24,YES,12.01,24,YES,15.8,24,YES,0.0,0,NO,,24,YES,0.0,24,YES,0.0,24,YES,0.0,NO,False,False,False
2020-04-03,2020,24,YES,12.01,24,YES,15.8,24,YES,0.0,0,NO,,24,YES,0.0,24,YES,0.0,24,YES,0.0,NO,False,False,False
2020-04-04,2020,24,YES,0.0,24,YES,0.0,24,YES,0.0,0,NO,,24,YES,0.0,24,YES,0.0,24,YES,0.0,NO,False,False,False
2020-04-05,2020,24,YES,0.0,24,YES,0.0,24,YES,0.0,0,NO,,24,YES,0.0,24,YES,0.0,24,YES,0.0,NO,False,False,False
2020-04-06,2020,24,YES,0.0,24,YES,0.0,24,YES,0.0,0,NO,,24,YES,0.0,24,YES,0.0,24,YES,0.0,NO,False,False,False
2020-04-07,2020,24,YES,0.0,24,YES,0.0,24,YES,0.0,0,NO,,24,YES,0.0,24,YES,0.0,24,YES,0.0,NO,False,False,False
2020-04-08,2020,24,YES,12.01,24,YES,15.79,24,YES,0.0,0,NO,,24,YES,0.0,24,YES,0.0,24,YES,0.0,NO,False,False,False
2020-04-09,2020,24,YES,0.0,24,YES,0.0,24,YES,0.0,0,NO,,24,YES,0.0,24,YES,0.0,24,YES,0.0,NO,False,False,False
2020-04-10,2020,24,YES,0.0,24,YES,0.0,24,YES,0.0,0,NO,,24,YES,0.0,24,YES,0.0,24,YES,0.0,NO,False,False,False
2020-04-11,2020,24,YES,0.0,24,YES,0.0,24,YES,0.0,0,NO,,24,YES,0.0,24,YES,0.0,24,YES,0.0,NO,False,False,False
2020-04-12,2020,24,YES,0.0,24,YES,0.0,24,YES,0.0,0,NO,,24,YES,0.0,24,YES,0.0,24,YES,0.0,NO,False,False,False
2020-04-13,2020,24,YES,0.0,24,YES,0.0,24,YES,0.0,0,NO,,24,YES,0.0,24,YES,0.0,24,YES,0.0,NO,False,False,False
2020-04-14,2020,24,YES,0.0,24,YES,0.0,24,YES,0.0,0,NO,,24,YES,0.0,24,YES,0.0,24,YES,0.0,NO,False,False,False
2020-04-15,2020,24,YES,0.0,24,YES,0.0,24,YES,0.0,0,NO,,24,YES,0.0,24,YES,0.0,24,YES,0.0,NO,False,False,False
2020-04-16,2020,24,YES,0.0,24,YES,0.0,24,YES,0.0,0,NO,,24,YES,0.0,24,YES,0.0,24,YES,0.0,NO,False,False,False
2020-04-17,2020,24,YES,0.0,24,YES,0.0,24,YES,0.0,0,NO,,24,YES,0.0,24,YES,0.0,24,YES,0.0,NO,False,False,False
2020-04-18,2020,24,YES,0.0,24,YES,0.0,24,YES,0.0,0,NO,,24,YES,0.0,24,YES,0.0,24,YES,0.0,NO,False,False,False
2020-04-19,2020,24,YES,0.0,24,YES,0.0,24,YES,0.0,0,NO,,24,YES,0.0,24,YES,0.0,24,YES,0.0,NO,False,False,False
2020-04-20,2020,24,YES,0.0,24,YES,0.0,24,YES,0.0,0,NO,,24,YES,0.0,24,YES,0.0,24,YES,0.0,NO,False,False,False
2020-04-21,2020,24,YES,0.0,24,YES,0.0,24,YES,0.0,0,NO,,24,YES,0.0,24,YES,0.0,24,YES,0.0,NO,False,False,False
2020-04-22,2020,24,YES,0.0,24,YES,0.0,24,YES,0.0,0,NO,,24,YES,0.0,24,YES,0.0,24,YES,0.0,NO,False,False,False
2020-04-23,2020,24,YES,0.0,24,YES,0.0,24,YES,0.0,0,NO,,24,YES,0.0,24,YES,0.0,24,YES,0.0,NO,False,False,False
2020-04-24,2020,24,YES,0.0,24,YES,0.0,24,YES,0.0,0,NO,,24,YES,0.0,24,YES,0.0,24,YES,0.0,NO,False,False,False
2020-04-25,2020,24,YES,0.0,24,YES,0.0,24,YES,0.0,0,NO,,24,YES,0.0,24,YES,0.0,24,YES,0.0,NO,False,False,False
2020-04-26,2020,24,YES,0.0,24,YES,0.0,24,YES,0.0,0,NO,,24,YES,0.0,24,YES,0.0,24,YES,0.0,NO,False,False,False
2020-04-27,2020,24,YES,0.0,24,YES,0.0,24,YES,0.0,0,NO,,24,YES,0.0,24,YES,0.0,24,YES,0.0,NO,False,False,False
2020-04-28,2020,24,YES,0.0,24,YES,0.0,24,YES,0.0,0,NO,,24,YES,0.0,24,YES,0.0,24,YES,0.0,NO,False,False,False
2020-04-29,2020,24,YES,0.0,24,YES,0.0,24,YES,0.0,0,NO,,24,YES,0.0,24,YES,0.0,24,YES,0.0,NO,False,False,False
2020-04-30,2020,24,YES,0.0,24,YES,0.0,24,YES,0.0,0,NO,,24,YES,0.0,24,YES,0.0,24,YES,0.0,NO,False,False,False
2020-05-01,2020,24,YES,0.0,24,YES,0.0,24,YES,0.0,0,NO,,24,YES,0.0,24,YES,0.0,24,YES,0.0,NO,False,False,False
2020-05-02,2020,24,YES,0.0,24,YES,0.0,24,YES,0.0,0,NO,,24,YES,0.0,24,YES,0.0,24,YES,0.0,NO,False,False,False
2020-05-03,2020,24,YES,0.0,24,YES,0.0,24,YES,0.0,0,NO,,24,YES,0.0,24,YES,0.0,24,YES,0.0,NO,False,False,False
2020-05-04,2020,24,YES,12.01,24,YES,15.8,24,YES,0.0,0,NO,,24,YES,0.0,24,YES,0.0,24,YES,0.0,NO,False,False,False
2020-05-05,2020,24,YES,12.01,24,YES,15.8,24,YES,0.0,0,NO,,24,YES,0.0,24,YES,0.0,24,YES,0.0,NO,False,False,False
2020-05-06,2020,24,YES,0.0,24,YES,0.0,24,YES,0.0,0,NO,,24,YES,0.0,24,YES,0.0,24,YES,0.0,NO,False,False,False
2020-05-07,2020,24,YES,0.0,24,YES,0.0,24,YES,0.0,0,NO,,24,YES,0.0,24,YES,0.0,24,YES,0.0,NO,False,False,False
2020-05-08,2020,24,YES,12.01,24,YES,15.79,24,YES,0.0,0,NO,,24,YES,0.0,24,YES,0.0,24,YES,0.0,NO,False,False,False
2020-05-09,2020,24,YES,12.01,24,YES,15.79,24,YES,0.0,0,NO,,24,YES,0.0,24,YES,0.0,24,YES,0.0,NO,False,False,False
2020-05-10,2020,24,YES,0.0,24,YES,0.0,24,YES,0.0,0,NO,,24,YES,0.0,24,YES,0.0,24,YES,0.0,NO,False,False,False
2020-05-11,2020,24,YES,12.01,24,YES,15.79,24,YES,0.0,0,NO,,24,YES,0.0,24,YES,3.0,24,YES,0.0,NO,False,False,False
2020-05-12,2020,24,YES,12.01,24,YES,15.79,24,YES,0.0,0,NO,,24,YES,0.0,24,YES,0.0,24,YES,0.0,NO,False,False,False
2020-05-13,2020,24,YES,12.01,24,YES,15.79,24,YES,0.0,0,NO,,24,YES,2.0,24,YES,0.0,24,YES,0.0,NO,False,False,False
2020-05-14,2020,22,NO,,23,NO,,24,YES,2.0,0,NO,,24,YES,5.0,24,YES,1.0,24,YES,9.0,NO,False,False,False
2020-05-15,2020,24,YES,13.81,24,YES,17.33,24,YES,110.0,0,NO,,24,YES,108.0,24,YES,121.0,24,YES,63.0,NO,False,False,False
2020-05-16,2020,24,YES,12.56,24,YES,15.92,24,YES,0.0,0,NO,,24,YES,0.0,24,YES,0.0,24,YES,0.0,NO,False,False,False
2020-05-17,2020,24,YES,11.95,24,YES,15.8,24,YES,0.0,0,NO,,24,YES,0.0,24,YES,0.0,24,YES,0.0,NO,False,False,False
2020-05-18,2020,24,YES,0.0,24,YES,0.0,24,YES,0.0,0,NO,,24,YES,0.0,24,YES,0.0,24,YES,0.0,NO,False,False,False
2020-05-19,2020,24,YES,0.0,24,YES,0.0,24,YES,0.0,0,NO,,24,YES,0.0,24,YES,0.0,24,YES,0.0,NO,False,False,False
2020-05-20,2020,24,YES,0.0,24,YES,0.0,24,YES,0.0,0,NO,,24,YES,0.0,24,YES,0.0,24,YES,0.0,NO,False,False,False
2020-05-21,2020,24,YES,0.0,24,YES,0.0,24,YES,0.0,0,NO,,24,YES,0.0,24,YES,0.0,24,YES,0.0,NO,False,False,False
2020-05-22,2020,24,YES,11.95,24,YES,15.8,24,YES,0.0,0,NO,,24,YES,0.0,24,YES,20.0,24,YES,3.0,NO,False,False,False
2020-05-23,2020,24,YES,11.95,24,YES,15.8,24,YES,2.0,0,NO,,24,YES,0.0,24,YES,0.0,24,YES,0.0,NO,False,False,False
2020-05-24,2020,24,YES,0.0,24,YES,0.0,24,YES,0.0,0,NO,,24,YES,0.0,24,YES,0.0,24,YES,0.0,NO,False,False,False
2020-05-25,2020,24,YES,11.94,24,YES,15.8,24,YES,0.0,0,NO,,24,YES,0.0,24,YES,3.0,24,YES,0.0,NO,False,False,False
2020-05-26,2020,24,YES,0.0,24,YES,0.0,24,YES,0.0,0,NO,,24,YES,0.0,24,YES,0.0,24,YES,0.0,NO,False,False,False
2020-05-27,2020,24,YES,11.94,24,YES,15.8,24,YES,0.0,0,NO,,24,YES,0.0,24,YES,0.0,24,YES,0.0,NO,False,False,False
2020-05-28,2020,24,YES,11.94,24,YES,15.8,24,YES,0.0,0,NO,,24,YES,0.0,24,YES,3.0,24,YES,0.0,NO,False,False,False
2020-05-29,2020,24,YES,11.94,24,YES,15.8,24,YES,0.0,0,NO,,24,YES,0.0,24,YES,0.0,24,YES,0.0,NO,False,False,False
2020-05-30,2020,24,YES,12.08,24,YES,15.8,24,YES,16.0,0,NO,,24,YES,20.0,24,YES,16.0,24,YES,0.0,NO,False,False,False
2020-05-31,2020,24,YES,12.08,24,YES,15.8,24,YES,0.0,0,NO,,24,YES,0.0,24,YES,0.0,24,YES,0.0,NO,False,False,False
2020-06-01,2020,24,YES,0.0,24,YES,0.0,24,YES,0.0,0,NO,,24,YES,0.0,24,YES,0.0,24,YES,0.0,NO,False,False,False
2020-06-02,2020,24,YES,12.08,24,YES,15.8,24,YES,0.0,0,NO,,24,YES,0.0,24,YES,0.0,24,YES,0.0,NO,False,False,False
2020-06-03,2020,24,YES,12.08,24,YES,15.8,24,YES,0.0,0,NO,,24,YES,0.0,24,YES,0.0,24,YES,0.0,NO,False,False,False
2020-06-04,2020,24,YES,12.08,24,YES,15.8,24,YES,0.0,0,NO,,24,YES,0.0,24,YES,0.0,24,YES,0.0,NO,False,False,False
2020-06-05,2020,24,YES,12.08,24,YES,15.8,24,YES,0.0,0,NO,,24,YES,0.0,24,YES,0.0,24,YES,0.0,NO,False,False,False
2020-06-06,2020,24,YES,12.08,24,YES,15.8,24,YES,0.0,0,NO,,24,YES,0.0,24,YES,17.0,24,YES,0.0,NO,False,False,False
2020-06-07,2020,24,YES,12.08,24,YES,15.8,24,YES,0.0,0,NO,,24,YES,8.0,24,YES,15.0,24,YES,0.0,NO,False,False,False
2020-06-08,2020,24,YES,12.08,24,YES,15.8,24,YES,0.0,0,NO,,24,YES,11.0,24,YES,1.0,24,YES,11.0,NO,False,False,False
2020-06-09,2020,24,YES,12.08,24,YES,15.8,24,YES,0.0,0,NO,,24,YES,0.0,24,YES,0.0,24,YES,0.0,NO,False,False,False
2020-06-10,2020,24,YES,12.08,23,NO,,24,YES,29.0,0,NO,,24,YES,27.0,24,YES,36.0,24,YES,24.0,NO,False,False,False
2020-06-11,2020,24,YES,12.08,24,YES,15.8,24,YES,20.0,0,NO,,24,YES,11.0,24,YES,12.0,24,YES,14.0,NO,False,False,False
2020-06-12,2020,24,YES,12.08,24,YES,15.8,24,YES,1.0,0,NO,,24,YES,27.0,24,YES,11.0,24,YES,2.0,NO,False,False,False
2020-06-13,2020,24,YES,12.08,24,YES,15.8,24,YES,0.0,0,NO,,24,YES,0.0,24,YES,0.0,24,YES,0.0,NO,False,False,False
2020-06-14,2020,24,YES,12.08,24,YES,15.8,24,YES,0.0,0,NO,,24,YES,0.0,24,YES,21.0,24,YES,0.0,NO,False,False,False
2020-06-15,2020,24,YES,12.08,24,YES,15.8,24,YES,1.0,0,NO,,24,YES,0.0,24,YES,2.0,24,YES,0.0,NO,False,False,False
2020-06-16,2020,24,YES,12.08,24,YES,15.8,24,YES,0.0,0,NO,,24,YES,0.0,24,YES,0.0,24,YES,0.0,NO,False,False,False
2020-06-17,2020,24,YES,12.08,24,YES,15.8,24,YES,0.0,0,NO,,24,YES,0.0,24,YES,0.0,24,YES,0.0,NO,False,False,False
2020-06-18,2020,24,YES,12.08,24,YES,15.8,24,YES,0.0,0,NO,,24,YES,21.0,24,YES,0.0,24,YES,0.0,NO,False,False,False
2020-06-19,2020,24,YES,12.08,24,YES,15.8,24,YES,25.0,0,NO,,24,YES,0.0,24,YES,7.0,24,YES,3.0,NO,False,False,False
2020-06-20,2020,23,NO,,23,NO,,24,YES,0.0,0,NO,,24,YES,0.0,24,YES,0.0,24,YES,0.0,NO,False,False,False
2020-06-21,2020,24,YES,12.08,24,YES,15.99,24,YES,0.0,0,NO,,24,YES,0.0,24,YES,15.0,24,YES,0.0,NO,False,False,False
2020-06-22,2020,24,YES,12.08,24,YES,15.8,24,YES,0.0,0,NO,,24,YES,11.0,24,YES,9.0,24,YES,0.0,NO,False,False,False
2020-06-23,2020,24,YES,12.08,24,YES,15.8,24,YES,0.0,0,NO,,24,YES,15.0,24,YES,19.0,24,YES,0.0,NO,False,False,False
2020-06-24,2020,24,YES,12.08,24,YES,15.8,24,YES,0.0,0,NO,,24,YES,20.0,24,YES,1.0,24,YES,0.0,NO,False,False,False
2020-06-25,2020,24,YES,12.08,24,YES,15.8,24,YES,0.0,0,NO,,24,YES,3.0,24,YES,11.0,24,YES,7.0,NO,False,False,False
2020-06-26,2020,24,YES,12.08,24,YES,51.8,24,YES,6.0,0,NO,,24,YES,3.0,24,YES,8.0,24,YES,3.0,NO,False,False,False
2020-06-27,2020,24,YES,12.08,24,YES,15.8,24,YES,6.0,0,NO,,24,YES,8.0,24,YES,6.0,24,YES,5.0,NO,False,False,False
2020-06-28,2020,24,YES,12.08,24,YES,15.84,24,YES,17.0,0,NO,,24,YES,17.0,24,YES,19.0,24,YES,11.0,NO,False,False,False
2020-06-29,2020,24,YES,12.08,24,YES,15.8,24,YES,0.0,0,NO,,24,YES,1.0,24,YES,6.0,24,YES,0.0,NO,False,False,False
2020-06-30,2020,24,YES,12.08,24,YES,15.8,24,YES,0.0,0,NO,,24,YES,0.0,24,YES,0.0,24,YES,0.0,NO,False,False,False
2020-07-01,2020,24,YES,12.08,24,YES,15.8,24,YES,0.0,0,NO,,24,YES,0.0,24,YES,0.0,24,YES,0.0,NO,False,False,False
2020-07-02,2020,24,YES,12.08,24,YES,15.8,24,YES,0.0,0,NO,,24,YES,0.0,24,YES,0.0,24,YES,0.0,NO,False,False,False
2020-07-03,2020,24,YES,12.8,24,YES,15.8,24,YES,1.0,0,NO,,24,YES,1.0,24,YES,0.0,24,YES,0.0,NO,False,False,False
2020-07-04,2020,24,YES,12.85,24,YES,16.37,24,YES,10.0,0,NO,,24,YES,44.0,24,YES,98.0,24,YES,23.0,NO,False,False,False
2020-07-05,2020,24,YES,12.08,24,YES,15.8,24,YES,6.0,0,NO,,24,YES,14.0,24,YES,16.0,24,YES,10.0,NO,False,False,False
2020-07-06,2020,24,YES,12.08,24,YES,15.8,24,YES,0.0,0,NO,,24,YES,0.0,24,YES,0.0,24,YES,0.0,NO,False,False,False
2020-07-07,2020,24,YES,12.1,24,YES,15.8,24,YES,0.0,0,NO,,24,YES,14.0,24,YES,57.0,24,YES,0.0,NO,False,False,False
2020-07-08,2020,24,YES,12.08,24,YES,15.8,24,YES,0.0,0,NO,,24,YES,13.0,24,YES,0.0,24,YES,0.0,NO,False,False,False
2020-07-09,2020,24,YES,12.08,24,YES,15.8,24,YES,5.0,0,NO,,24,YES,3.0,24,YES,15.0,24,YES,18.0,NO,False,False,False
2020-07-10,2020,24,YES,12.08,24,YES,15.8,24,YES,0.0,0,NO,,24,YES,0.0,24,YES,0.0,24,YES,0.0,NO,False,False,False
2020-07-11,2020,24,YES,12.08,24,YES,15.8,24,YES,0.0,0,NO,,24,YES,0.0,24,YES,50.0,24,YES,0.0,NO,False,False,False
2020-07-12,2020,24,YES,12.08,24,YES,15.92,24,YES,33.0,0,NO,,24,YES,1.0,24,YES,0.0,24,YES,35.0,NO,False,False,False
2020-07-13,2020,24,YES,12.08,24,YES,15.8,24,YES,6.0,0,NO,,24,YES,10.0,24,YES,22.0,24,YES,9.0,NO,False,False,False
2020-07-14,2020,24,YES,12.08,24,YES,15.8,24,YES,0.0,0,NO,,24,YES,0.0,24,YES,0.0,24,YES,0.0,NO,False,False,False
2020-07-15,2020,24,YES,12.08,24,YES,15.8,24,YES,3.0,0,NO,,24,YES,3.0,24,YES,12.0,24,YES,2.0,NO,False,False,False
2020-07-16,2020,24,YES,12.08,24,YES,15.8,24,YES,0.0,0,NO,,24,YES,0.0,24,YES,0.0,24,YES,0.0,NO,False,False,False
2020-07-17,2020,24,YES,12.08,24,YES,15.8,24,YES,7.0,0,NO,,24,YES,0.0,24,YES,0.0,24,YES,7.0,NO,False,False,False
2020-07-18,2020,24,YES,12.08,24,YES,15.8,24,YES,0.0,0,NO,,24,YES,0.0,24,YES,0.0,24,YES,0.0,NO,False,False,False
2020-07-19,2020,24,YES,12.08,24,YES,15.8,24,YES,5.0,0,NO,,24,YES,2.0,24,YES,0.0,24,YES,3.0,NO,False,False,False
2020-07-20,2020,24,YES,12.08,24,YES,15.8,24,YES,0.0,0,NO,,24,YES,0.0,24,YES,0.0,24,YES,1.0,NO,False,False,False
2020-07-21,2020,24,YES,12.08,24,YES,15.8,24,YES,5.0,0,NO,,24,YES,8.0,24,YES,6.0,24,YES,8.0,NO,False,False,False
2020-07-22,2020,24,YES,12.08,24,YES,15.8,24,YES,0.0,0,NO,,24,YES,4.0,24,YES,0.0,24,YES,1.0,NO,False,False,False
2020-07-23,2020,24,YES,12.29,24,YES,15.8,24,YES,1.0,0,NO,,24,YES,25.0,24,YES,30.0,24,YES,4.0,NO,False,False,False
2020-07-24,2020,24,YES,12.08,24,YES,15.8,24,YES,1.0,0,NO,,24,YES,0.0,24,YES,2.0,24,YES,0.0,NO,False,False,False
2020-07-25,2020,24,YES,13.11,24,YES,16.39,24,YES,30.0,0,NO,,24,YES,66.0,24,YES,37.0,24,YES,21.0,NO,False,False,False
2020-07-26,2020,24,YES,12.08,24,YES,15.8,24,YES,10.0,0,NO,,24,YES,0.0,24,YES,11.0,24,YES,5.0,NO,False,False,False
2020-07-27,2020,24,YES,12.33,24,YES,16.3,24,YES,3.0,0,NO,,24,YES,22.0,24,YES,35.0,24,YES,11.0,NO,False,False,False
2020-07-28,2020,24,YES,12.08,24,YES,15.8,24,YES,7.0,0,NO,,24,YES,3.0,24,YES,9.0,24,YES,4.0,NO,False,False,False
2020-07-29,2020,24,YES,14.0,24,YES,17.23,24,YES,109.0,0,NO,,24,YES,59.0,24,YES,93.0,24,YES,73.0,NO,False,False,False
2020-07-30,2020,24,YES,13.64,24,YES,16.67,24,YES,12.0,0,NO,,24,YES,0.0,24,YES,22.0,24,YES,4.0,NO,False,False,False
2020-07-31,2020,24,YES,12.35,24,YES,15.87,24,YES,18.0,0,NO,,24,YES,22.0,24,YES,7.0,24,YES,8.0,NO,False,False,False
2020-08-01,2020,24,YES,12.58,24,YES,15.96,24,YES,23.0,0,NO,,24,YES,8.0,24,YES,19.0,24,YES,10.0,NO,False,False,False
2020-08-02,2020,24,YES,12.36,24,YES,15.84,24,YES,1.0,0,NO,,24,YES,0.0,24,YES,1.0,24,YES,0.0,NO,False,False,False
2020-08-03,2020,24,YES,12.17,24,YES,15.81,24,YES,1.0,0,NO,,24,YES,0.0,24,YES,0.0,24,YES,0.0,NO,False,False,False
2020-08-04,2020,24,YES,12.17,24,YES,15.81,24,YES,4.0,0,NO,,24,YES,5.0,24,YES,8.0,24,YES,4.0,NO,False,False,False
2020-08-05,2020,24,YES,12.17,24,YES,15.81,24,YES,1.0,0,NO,,24,YES,0.0,24,YES,2.0,24,YES,1.0,NO,False,False,False
2020-08-06,2020,24,YES,12.17,24,YES,15.81,24,YES,5.0,0,NO,,24,YES,13.0,24,YES,20.0,24,YES,9.0,NO,False,False,False
2020-08-07,2020,24,YES,12.17,24,YES,15.83,24,YES,10.0,0,NO,,24,YES,23.0,24,YES,29.0,24,YES,17.0,NO,False,False,False
2020-08-08,2020,24,YES,12.74,24,YES,16.4,24,YES,10.0,0,NO,,20,NO,,24,YES,8.0,24,YES,49.0,NO,False,False,False
2020-08-09,2020,24,YES,12.47,24,YES,15.81,24,YES,2.0,0,NO,,24,YES,1.0,24,YES,0.0,24,YES,1.0,NO,False,False,False
2020-08-10,2020,24,YES,12.16,24,YES,15.84,24,YES,3.0,0,NO,,24,YES,10.0,24,YES,7.0,24,YES,5.0,NO,False,False,False
2020-08-11,2020,24,YES,12.16,24,YES,15.82,24,YES,0.0,0,NO,,24,YES,0.0,24,YES,0.0,24,YES,0.0,NO,False,False,False
2020-08-12,2020,24,YES,12.16,24,YES,15.81,24,YES,0.0,0,NO,,24,YES,0.0,24,YES,0.0,24,YES,0.0,NO,False,False,False
2020-08-13,2020,24,YES,16.0,23,NO,,24,YES,13.0,0,NO,,24,YES,12.0,24,YES,1.0,24,YES,3.0,NO,False,False,False
2020-08-14,2020,24,YES,12.16,24,YES,16.35,24,YES,40.0,0,NO,,24,YES,17.0,24,YES,6.0,24,YES,16.0,NO,False,False,False
2020-08-15,2020,24,YES,12.3,24,YES,15.82,24,YES,78.0,0,NO,,24,YES,0.0,24,YES,31.0,24,YES,30.0,NO,False,False,False
2020-08-16,2020,24,YES,12.73,24,YES,16.19,24,YES,13.0,0,NO,,24,YES,7.0,24,YES,20.0,24,YES,5.0,NO,False,False,False
2020-08-17,2020,24,YES,12.27,24,YES,15.82,24,YES,4.0,0,NO,,24,YES,1.0,24,YES,2.0,24,YES,3.0,NO,False,False,False
2020-08-18,2020,24,YES,12.24,24,YES,15.93,24,YES,8.0,0,NO,,24,YES,33.0,24,YES,3.0,24,YES,9.0,NO,False,False,False
2020-08-19,2020,24,YES,12.37,24,YES,16.45,24,YES,33.0,0,NO,,24,YES,7.0,24,YES,16.0,24,YES,30.0,NO,False,False,False
2020-08-20,2020,0,NO,,0,NO,,24,YES,0.0,0,NO,,0,NO,,24,YES,0.0,24,YES,0.0,NO,False,False,False
2020-08-21,2020,24,YES,12.95,24,YES,15.91,24,YES,2.0,0,NO,,24,YES,1.0,24,YES,0.0,24,YES,5.0,NO,False,False,False
2020-08-22,2020,24,YES,15.85,24,YES,15.86,24,YES,0.0,0,NO,,24,YES,0.0,24,YES,0.0,24,YES,0.0,NO,False,False,False
2020-08-23,2020,24,YES,12.16,24,YES,15.84,24,YES,0.0,0,NO,,24,YES,0.0,24,YES,0.0,24,YES,0.0,NO,False,False,False
2020-08-24,2020,24,YES,12.16,24,YES,15.83,24,YES,0.0,0,NO,,24,YES,0.0,24,YES,0.0,24,YES,0.0,NO,False,False,False
2020-08-25,2020,24,YES,21.16,22,NO,,24,YES,0.0,0,NO,,24,YES,0.0,24,YES,1.0,24,YES,1.0,NO,False,False,False
2020-08-26,2020,24,YES,12.16,24,YES,15.82,24,YES,0.0,0,NO,,24,YES,0.0,24,YES,0.0,24,YES,1.0,NO,False,False,False
2020-08-27,2020,24,YES,12.16,24,YES,15.82,24,YES,0.0,0,NO,,24,YES,0.0,24,YES,0.0,24,YES,0.0,NO,False,False,False
2020-08-28,2020,24,YES,12.16,24,YES,15.82,24,YES,0.0,0,NO,,24,YES,0.0,24,YES,0.0,24,YES,0.0,NO,False,False,False
2020-08-29,2020,24,YES,12.16,24,YES,15.82,24,YES,2.0,0,NO,,24,YES,0.0,24,YES,10.0,24,YES,0.0,NO,False,False,False
2020-08-30,2020,23,NO,,23,NO,,24,YES,5.0,0,NO,,24,YES,0.0,24,YES,3.0,24,YES,1.0,NO,False,False,False
2020-08-31,2020,24,YES,12.16,23,NO,,24,YES,4.0,0,NO,,24,YES,0.0,24,YES,0.0,24,YES,0.0,NO,False,False,False
2020-09-01,2020,24,YES,12.16,24,YES,15.82,24,YES,1.0,0,NO,,24,YES,0.0,24,YES,2.0,24,YES,5.0,NO,False,False,False
2020-09-02,2020,24,YES,12.16,24,YES,15.81,24,YES,0.0,0,NO,,24,YES,3.0,24,YES,0.0,24,YES,1.0,NO,False,False,False
2020-09-03,2020,24,YES,12.16,24,YES,15.81,24,YES,3.0,0,NO,,24,YES,9.0,24,YES,16.0,24,YES,0.0,NO,False,False,False
2020-09-04,2020,24,YES,12.16,24,YES,16.12,24,YES,1.0,0,NO,,24,YES,1.0,24,YES,0.0,24,YES,0.0,NO,False,False,False
2020-09-05,2020,24,YES,12.16,24,YES,15.82,24,YES,1.0,0,NO,,24,YES,0.0,24,YES,0.0,24,YES,1.0,NO,False,False,False
2020-09-06,2020,24,YES,12.16,24,YES,16.04,24,YES,8.0,0,NO,,24,YES,16.0,24,YES,2.0,24,YES,15.0,NO,False,False,False
2020-09-07,2020,24,YES,12.19,24,YES,16.09,24,YES,3.0,0,NO,,24,YES,3.0,24,YES,1.0,24,YES,5.0,NO,False,False,False
2020-09-08,2020,24,YES,13.37,24,YES,17.2,24,YES,15.0,0,NO,,24,YES,50.0,24,YES,10.0,24,YES,58.0,NO,False,False,False
2020-09-09,2020,24,YES,12.19,24,YES,16.09,24,YES,0.0,0,NO,,24,YES,0.0,24,YES,0.0,24,YES,0.0,NO,False,False,False
2020-09-10,2020,24,YES,12.19,24,YES,16.09,24,YES,1.0,0,NO,,24,YES,18.0,24,YES,5.0,24,YES,11.0,NO,False,False,False
2020-09-11,2020,24,YES,12.27,24,YES,16.1,24,YES,21.0,0,NO,,24,YES,8.0,24,YES,4.0,24,YES,10.0,NO,False,False,False
2020-09-12,2020,24,YES,12.19,24,YES,15.83,24,YES,1.0,0,NO,,24,YES,0.0,24,YES,1.0,24,YES,0.0,NO,False,False,False
2020-09-13,2020,24,YES,12.19,24,YES,15.83,24,YES,0.0,0,NO,,24,YES,0.0,24,YES,0.0,24,YES,0.0,NO,False,False,False
2020-09-14,2020,24,YES,12.19,23,NO,,24,YES,18.0,0,NO,,24,YES,11.0,24,YES,12.0,24,YES,16.0,NO,False,False,False
2020-09-15,2020,24,YES,12.19,24,YES,15.83,24,YES,16.0,0,NO,,24,YES,6.0,24,YES,12.0,24,YES,12.0,NO,False,False,False
2020-09-16,2020,24,YES,12.19,24,YES,15.83,24,YES,1.0,0,NO,,24,YES,0.0,24,YES,0.0,24,YES,0.0,NO,False,False,False
2020-09-17,2020,24,YES,12.19,24,YES,15.83,24,YES,1.0,0,NO,,24,YES,0.0,24,YES,0.0,24,YES,1.0,NO,False,False,False
2020-09-18,2020,24,YES,12.19,24,YES,15.82,24,YES,5.0,0,NO,,24,YES,3.0,24,YES,4.0,24,YES,5.0,NO,False,False,False
2020-09-19,2020,24,YES,12.6,24,YES,16.04,24,YES,1.0,0,NO,,24,YES,64.0,24,YES,2.0,24,YES,7.0,NO,False,False,False
2020-09-20,2020,23,NO,,22,NO,,24,YES,2.0,0,NO,,24,YES,0.0,24,YES,0.0,24,YES,0.0,NO,False,False,False
2020-09-21,2020,24,YES,12.19,24,YES,15.84,24,YES,0.0,0,NO,,24,YES,0.0,24,YES,0.0,24,YES,0.0,NO,False,False,False
2020-09-22,2020,24,YES,13.56,24,YES,16.78,24,YES,6.0,0,NO,,24,YES,80.0,24,YES,31.0,24,YES,11.0,NO,False,False,False
2020-09-23,2020,24,YES,14.61,24,YES,17.61,24,YES,41.0,0,NO,,24,YES,26.0,24,YES,89.0,24,YES,101.0,NO,False,False,False
2020-09-24,2020,24,YES,12.68,24,YES,15.97,24,YES,9.0,0,NO,,24,YES,7.0,24,YES,19.0,24,YES,7.0,NO,False,False,False
2020-09-25,2020,24,YES,12.37,24,YES,15.9,24,YES,15.0,0,NO,,24,YES,1.0,24,YES,1.0,24,YES,1.0,NO,False,False,False
2020-09-26,2020,24,YES,12.36,24,YES,15.89,24,YES,5.0,0,NO,,24,YES,0.0,24,YES,0.0,24,YES,1.0,NO,False,False,False
2020-09-27,2020,24,YES,36.0,24,YES,15.87,24,YES,0.0,0,NO,,24,YES,0.0,24,YES,0.0,24,YES,0.0,NO,False,False,False
2020-09-28,2020,24,YES,12.82,24,YES,15.85,24,YES,0.0,0,NO,,24,YES,3.0,24,YES,4.0,24,YES,20.0,NO,False,False,False
2020-09-29,2020,24,YES,13.3,24,YES,16.44,24,YES,34.0,0,NO,,24,YES,2.0,24,YES,58.0,24,YES,18.0,NO,False,False,False
2020-09-30,2020,24,YES,12.62,24,YES,16.09,24,YES,29.0,0,NO,,24,YES,0.0,24,YES,0.0,24,YES,0.0,NO,False,False,False
2020-10-01,2020,24,YES,13.47,23,NO,,24,YES,39.0,0,NO,,24,YES,16.0,24,YES,31.0,24,YES,36.0,NO,False,False,False
2020-10-02,2020,24,YES,12.8,24,YES,15.93,24,YES,0.0,0,NO,,24,YES,0.0,24,YES,0.0,24,YES,1.0,NO,False,False,False
2020-10-03,2020,24,YES,13.25,23,NO,,24,YES,21.0,0,NO,,24,YES,14.0,24,YES,7.0,24,YES,21.0,NO,False,False,False
2020-10-04,2020,24,YES,12.76,24,YES,16.09,24,YES,31.0,0,NO,,24,YES,1.0,24,YES,23.0,24,YES,0.0,NO,False,False,False
2020-10-05,2020,24,YES,12.36,24,YES,16.09,24,YES,0.0,0,NO,,24,YES,0.0,24,YES,0.0,24,YES,0.0,NO,False,False,False
2020-10-06,2020,24,YES,12.19,24,YES,16.09,24,YES,11.0,0,NO,,24,YES,4.0,24,YES,3.0,24,YES,6.0,NO,False,False,False
2020-10-07,2020,24,YES,12.45,24,YES,16.09,24,YES,5.0,0,NO,,24,YES,5.0,24,YES,16.0,24,YES,5.0,NO,False,False,False
2020-10-08,2020,24,YES,12.54,24,YES,16.09,24,YES,13.0,0,NO,,19,NO,,24,YES,38.0,24,YES,11.0,NO,False,False,False
2020-10-09,2020,24,YES,12.61,24,YES,16.09,24,YES,5.0,0,NO,,24,YES,3.0,24,YES,6.0,24,YES,15.0,NO,False,False,False
2020-10-10,2020,24,YES,13.87,24,YES,17.17,24,YES,26.0,0,NO,,24,YES,36.0,24,YES,35.0,24,YES,40.0,NO,False,False,False
2020-10-11,2020,24,YES,14.93,24,YES,17.65,24,YES,42.0,0,NO,,24,YES,59.0,24,YES,105.0,24,YES,39.0,NO,False,False,False
2020-10-12,2020,24,YES,15.66,24,YES,18.01,24,YES,7.0,0,NO,,24,YES,47.0,24,YES,74.0,24,YES,16.0,NO,False,False,False
2020-10-13,2020,24,YES,13.31,24,YES,16.16,24,YES,14.0,0,NO,,24,YES,10.0,24,YES,15.0,24,YES,10.0,NO,False,False,False
2020-10-14,2020,24,YES,14.25,24,YES,16.88,24,YES,51.0,0,NO,,24,YES,41.0,24,YES,23.0,24,YES,50.0,NO,False,False,False
2020-10-15,2020,24,YES,14.09,24,YES,16.71,24,YES,0.0,0,NO,,24,YES,0.0,24,YES,1.0,24,YES,1.0,NO,False,False,False
2020-10-16,2020,24,YES,12.93,24,YES,16.09,24,YES,0.0,0,NO,,24,YES,0.0,24,YES,2.0,24,YES,1.0,NO,False,False,False
2020-10-17,2020,24,YES,12.97,23,NO,,24,YES,2.0,0,NO,,23,NO,,24,YES,36.0,24,YES,10.0,NO,False,False,False
2020-10-18,2020,24,YES,12.87,24,YES,16.9,24,YES,2.0,0,NO,,24,YES,2.0,24,YES,7.0,24,YES,2.0,NO,False,False,False
2020-10-19,2020,24,YES,12.66,24,YES,16.09,24,YES,2.0,0,NO,,24,YES,0.0,24,YES,2.0,24,YES,1.0,NO,False,False,False
2020-10-20,2020,24,YES,14.24,24,YES,16.97,24,YES,43.0,0,NO,,24,YES,40.0,24,YES,72.0,24,YES,43.0,NO,False,False,False
2020-10-21,2020,24,YES,13.91,24,YES,16.56,24,YES,4.0,0,NO,,24,YES,0.0,24,YES,1.0,24,YES,3.0,NO,False,False,False
2020-10-22,2020,24,YES,13.0,24,YES,16.09,24,YES,0.0,0,NO,,24,YES,0.0,24,YES,0.0,24,YES,2.0,NO,False,False,False
2020-10-23,2020,24,YES,12.92,24,YES,16.26,24,YES,11.0,0,NO,,24,YES,10.0,24,YES,1.0,24,YES,20.0,NO,False,False,False
2020-10-24,2020,24,YES,13.47,24,YES,16.46,24,YES,17.0,0,NO,,24,YES,53.0,24,YES,13.0,24,YES,17.0,NO,False,False,False
2020-10-25,2020,24,YES,14.91,24,YES,17.66,24,YES,54.0,0,NO,,24,YES,53.0,24,YES,64.0,24,YES,40.0,NO,False,False,False
2020-10-26,2020,24,YES,15.03,24,YES,17.71,24,YES,8.0,0,NO,,24,YES,2.0,24,YES,4.0,24,YES,6.0,NO,False,False,False
2020-10-27,2020,24,YES,13.61,24,YES,16.19,24,YES,0.0,0,NO,,24,YES,0.0,24,YES,0.0,24,YES,0.0,NO,False,False,False
2020-10-28,2020,24,YES,13.45,24,YES,16.09,24,YES,5.0,0,NO,,24,YES,9.0,24,YES,24.0,24,YES,1.0,NO,False,False,False
2020-10-29,2020,24,YES,13.09,24,YES,16.09,24,YES,6.0,0,NO,,24,YES,1.0,24,YES,2.0,24,YES,5.0,NO,False,False,False
2020-10-30,2020,24,YES,12.91,24,YES,16.09,24,YES,0.0,0,NO,,24,YES,0.0,24,YES,0.0,24,YES,0.0,NO,False,False,False
2020-10-31,2020,24,YES,12.81,24,YES,16.09,24,YES,1.0,0,NO,,24,YES,1.0,24,YES,0.0,24,YES,0.0,NO,False,False,False
2020-11-01,2020,24,YES,13.56,24,YES,16.15,24,YES,32.0,0,NO,,24,YES,21.0,24,YES,32.0,24,YES,32.0,NO,False,False,False
2020-11-02,2020,24,YES,13.19,24,YES,16.0,24,YES,0.0,0,NO,,24,YES,0.0,24,YES,0.0,24,YES,0.0,NO,False,False,False
2020-11-03,2020,24,YES,13.11,24,YES,15.92,24,YES,0.0,0,NO,,24,YES,0.0,24,YES,4.0,24,YES,0.0,NO,False,False,False
2020-11-04,2020,24,YES,13.44,24,YES,15.95,24,YES,6.0,0,NO,,24,YES,13.0,24,YES,6.0,24,YES,10.0,NO,False,False,False
2020-11-05,2020,24,YES,12.97,24,YES,15.92,24,YES,6.0,0,NO,,24,YES,0.0,24,YES,0.0,24,YES,3.0,NO,False,False,False
2020-11-06,2020,24,YES,12.87,24,YES,15.89,24,YES,0.0,0,NO,,24,YES,0.0,24,YES,0.0,24,YES,1.0,NO,False,False,False
2020-11-07,2020,24,YES,12.83,24,YES,15.89,24,YES,6.0,0,NO,,24,YES,5.0,24,YES,9.0,24,YES,4.0,NO,False,False,False
2020-11-08,2020,24,YES,12.84,23,NO,,24,YES,10.0,0,NO,,24,YES,10.0,24,YES,13.0,24,YES,9.0,NO,False,False,False
2020-11-09,2020,24,YES,12.88,24,YES,15.89,24,YES,0.0,0,NO,,24,YES,0.0,24,YES,1.0,24,YES,1.0,NO,False,False,False
2020-11-10,2020,24,YES,12.87,24,YES,15.87,24,YES,6.0,0,NO,,24,YES,5.0,24,YES,2.0,24,YES,1.0,NO,False,False,False
2020-11-11,2020,24,YES,21.71,24,YES,24.58,24,YES,300.0,0,NO,,24,YES,194.0,24,YES,300.0,24,YES,273.0,NO,False,False,False
2020-11-12,2020,24,YES,21.73,24,YES,24.58,24,YES,18.0,0,NO,,24,YES,29.0,24,YES,14.0,24,YES,24.0,NO,False,False,False
2020-11-13,2020,24,YES,14.76,22,NO,,24,YES,0.0,0,NO,,24,YES,0.0,24,YES,0.0,24,YES,0.0,NO,False,False,False
2020-11-14,2020,24,YES,13.82,21,NO,,24,YES,1.0,0,NO,,24,YES,0.0,24,YES,0.0,24,YES,0.0,NO,False,False,False
2020-11-15,2020,24,YES,13.63,24,YES,16.09,24,YES,0.0,0,NO,,24,YES,0.0,24,YES,0.0,24,YES,1.0,NO,False,False,False
2020-11-16,2020,24,YES,13.54,22,NO,,24,YES,2.0,0,NO,,24,YES,3.0,24,YES,1.0,24,YES,0.0,NO,False,False,False
2020-11-17,2020,24,YES,13.5,21,NO,,24,YES,0.0,0,NO,,24,YES,0.0,24,YES,0.0,24,YES,1.0,NO,False,False,False
2020-11-18,2020,24,YES,13.5,11,NO,,24,YES,0.0,0,NO,,24,YES,0.0,24,YES,0.0,24,YES,0.0,NO,False,False,False
2020-11-19,2020,24,YES,13.41,23,NO,,24,YES,0.0,0,NO,,24,YES,0.0,24,YES,0.0,24,YES,0.0,NO,False,False,False
2020-11-20,2020,24,YES,13.48,23,NO,,24,YES,3.0,0,NO,,24,YES,10.0,24,YES,12.0,24,YES,12.0,NO,False,False,False
2020-11-21,2020,24,YES,13.44,20,NO,,24,YES,0.0,0,NO,,24,YES,0.0,24,YES,0.0,24,YES,0.0,NO,False,False,False
2020-11-22,2020,24,YES,13.37,24,YES,16.09,24,YES,0.0,0,NO,,24,YES,0.0,24,YES,0.0,24,YES,0.0,NO,False,False,False
2020-11-23,2020,24,YES,13.34,23,NO,,24,YES,0.0,0,NO,,24,YES,0.0,24,YES,0.0,24,YES,0.0,NO,False,False,False
2020-11-24,2020,24,YES,13.29,22,NO,,24,YES,0.0,0,NO,,24,YES,0.0,24,YES,0.0,24,YES,0.0,NO,False,False,False
2020-11-25,2020,24,YES,13.27,23,NO,,24,YES,0.0,0,NO,,24,YES,0.0,24,YES,0.0,24,YES,1.0,NO,False,False,False
2020-11-26,2020,24,YES,13.21,21,NO,,24,YES,1.0,0,NO,,24,YES,1.0,24,YES,5.0,24,YES,0.0,NO,False,False,False
2020-11-27,2020,24,YES,13.21,24,YES,15.89,24,YES,1.0,0,NO,,24,YES,1.0,24,YES,12.0,24,YES,1.0,NO,False,False,False
2020-11-28,2020,24,YES,13.21,17,NO,,24,YES,4.0,0,NO,,23,NO,,24,YES,20.0,24,YES,7.0,NO,False,False,False
2020-11-29,2020,23,NO,,14,NO,,24,YES,22.0,0,NO,,12,NO,,24,YES,8.0,24,YES,14.0,NO,False,False,False
2020-11-30,2020,24,YES,13.32,15,NO,,24,YES,0.0,0,NO,,21,NO,,24,YES,0.0,24,YES,0.0,NO,False,False,False
2020-12-01,2020,24,YES,13.22,23,NO,,24,YES,0.0,0,NO,,24,YES,0.0,24,YES,0.0,24,YES,0.0,NO,False,False,False
2020-12-02,2020,24,YES,13.18,24,YES,15.81,24,YES,0.0,0,NO,,24,YES,0.0,24,YES,0.0,24,YES,0.0,NO,False,False,False
2020-12-03,2020,24,YES,12.76,24,YES,15.81,24,YES,0.0,0,NO,,24,YES,0.0,24,YES,0.0,24,YES,0.0,NO,False,False,False
2020-12-04,2020,24,YES,0.0,24,YES,0.0,24,YES,0.0,0,NO,,24,YES,0.0,24,YES,0.0,24,YES,0.0,NO,False,False,False
2020-12-05,2020,24,YES,0.0,24,YES,0.0,24,YES,0.0,0,NO,,24,YES,0.0,24,YES,0.0,24,YES,0.0,NO,False,False,False
2020-12-06,2020,24,YES,0.0,24,YES,0.0,24,YES,0.0,0,NO,,24,YES,0.0,24,YES,0.0,24,YES,0.0,NO,False,False,False
2020-12-07,2020,24,YES,0.0,24,YES,0.0,24,YES,0.0,0,NO,,24,YES,0.0,24,YES,0.0,24,YES,0.0,NO,False,False,False
2020-12-08,2020,24,YES,0.0,24,YES,0.0,24,YES,0.0,0,NO,,24,YES,0.0,24,YES,0.0,24,YES,0.0,NO,False,False,False
2020-12-09,2020,24,YES,0.0,24,YES,0.0,24,YES,0.0,0,NO,,24,YES,0.0,24,YES,0.0,24,YES,0.0,NO,False,False,False
2020-12-10,2020,24,YES,0.0,24,YES,0.0,24,YES,0.0,0,NO,,24,YES,0.0,24,YES,0.0,24,YES,0.0,NO,False,False,False
2020-12-11,2020,24,YES,0.0,24,YES,0.0,24,YES,0.0,0,NO,,24,YES,0.0,24,YES,0.0,24,YES,0.0,NO,False,False,False
2020-12-12,2020,24,YES,0.0,24,YES,0.0,24,YES,0.0,0,NO,,24,YES,0.0,24,YES,0.0,24,YES,0.0,NO,False,False,False
2020-12-13,2020,24,YES,0.0,24,YES,0.0,24,YES,0.0,0,NO,,24,YES,0.0,24,YES,0.0,24,YES,0.0,NO,False,False,False
2020-12-14,2020,24,YES,0.0,24,YES,0.0,24,YES,0.0,0,NO,,24,YES,0.0,24,YES,0.0,24,YES,0.0,NO,False,False,False
2020-12-15,2020,24,YES,0.0,24,YES,0.0,24,YES,0.0,0,NO,,24,YES,0.0,24,YES,0.0,24,YES,0.0,NO,False,False,False
2020-12-16,2020,24,YES,0.0,24,YES,0.0,24,YES,0.0,0,NO,,24,YES,0.0,24,YES,0.0,24,YES,0.0,NO,False,False,False
2020-12-17,2020,24,YES,0.0,24,YES,0.0,24,YES,0.0,0,NO,,24,YES,0.0,24,YES,0.0,24,YES,0.0,NO,False,False,False
2020-12-18,2020,24,YES,0.0,24,YES,0.0,24,YES,0.0,0,NO,,24,YES,0.0,24,YES,0.0,24,YES,0.0,NO,False,False,False
2020-12-19,2020,24,YES,0.0,24,YES,0.0,24,YES,0.0,0,NO,,24,YES,0.0,24,YES,0.0,24,YES,0.0,NO,False,False,False
2020-12-20,2020,24,YES,0.0,24,YES,0.0,24,YES,0.0,0,NO,,24,YES,0.0,24,YES,0.0,24,YES,0.0,NO,False,False,False
2020-12-21,2020,24,YES,0.0,24,YES,0.0,24,YES,0.0,0,NO,,24,YES,0.0,24,YES,0.0,24,YES,0.0,NO,False,False,False
2020-12-22,2020,24,YES,0.0,24,YES,0.0,24,YES,0.0,0,NO,,24,YES,0.0,24,YES,0.0,24,YES,0.0,NO,False,False,False
2020-12-23,2020,24,YES,0.0,24,YES,0.0,24,YES,0.0,0,NO,,24,YES,0.0,24,YES,0.0,24,YES,0.0,NO,False,False,False
2020-12-24,2020,24,YES,0.0,24,YES,0.0,24,YES,0.0,0,NO,,24,YES,0.0,24,YES,0.0,24,YES,0.0,NO,False,False,False
2020-12-25,2020,24,YES,0.0,24,YES,0.0,24,YES,0.0,0,NO,,24,YES,0.0,24,YES,0.0,24,YES,0.0,NO,False,False,False
2020-12-26,2020,24,YES,0.0,24,YES,0.0,24,YES,0.0,0,NO,,24,YES,0.0,24,YES,0.0,24,YES,0.0,NO,False,False,False
2020-12-27,2020,24,YES,0.0,24,YES,0.0,24,YES,0.0,0,NO,,24,YES,0.0,24,YES,0.0,24,YES,0.0,NO,False,False,False
2020-12-28,2020,24,YES,0.0,24,YES,0.0,24,YES,0.0,0,NO,,24,YES,0.0,24,YES,0.0,24,YES,0.0,NO,False,False,False
2020-12-29,2020,24,YES,0.0,24,YES,0.0,24,YES,0.0,0,NO,,24,YES,0.0,24,YES,0.0,24,YES,0.0,NO,False,False,False
2020-12-30,2020,24,YES,0.0,24,YES,0.0,24,YES,0.0,0,NO,,24,YES,0.0,24,YES,0.0,24,YES,0.0,NO,False,False,False
2020-12-31,2020,0,NO,,0,NO,,24,YES,0.0,0,NO,,0,NO,,24,YES,0.0,24,YES,0.0,NO,False,False,False
2021-01-01,2021,24,YES,12.78,24,YES,15.8,24,YES,0.0,24,YES,0.0,24,YES,0.0,24,YES,0.0,24,YES,1.0,YES,False,False,False
2021-01-02,2021,24,YES,12.75,24,YES,15.8,24,YES,0.0,24,YES,1.0,24,YES,0.0,24,YES,0.0,24,YES,0.0,YES,True,False,False
2021-01-03,2021,24,YES,13.2,24,YES,16.27,24,YES,45.0,24,YES,54.0,24,YES,41.0,24,YES,28.0,24,YES,38.0,YES,True,True,False
2021-01-04,2021,24,YES,12.89,24,YES,15.8,24,YES,0.0,24,YES,4.0,24,YES,1.0,24,YES,0.0,24,YES,1.0,YES,True,True,True
2021-01-05,2021,24,YES,12.8,24,YES,15.8,24,YES,0.0,24,YES,1.0,24,YES,0.0,24,YES,0.0,24,YES,0.0,YES,True,True,True
2021-01-06,2021,24,YES,12.79,24,YES,15.8,24,YES,1.0,24,YES,1.0,24,YES,0.0,24,YES,0.0,24,YES,0.0,YES,True,True,True
2021-01-07,2021,24,YES,12.72,24,YES,15.8,24,YES,0.0,24,YES,0.0,24,YES,0.0,24,YES,0.0,24,YES,1.0,YES,True,True,True
2021-01-08,2021,24,YES,12.78,24,YES,15.8,24,YES,0.0,24,YES,0.0,24,YES,0.0,24,YES,0.0,24,YES,0.0,YES,True,True,True
2021-01-09,2021,24,YES,12.74,24,YES,15.8,24,YES,0.0,24,YES,0.0,24,YES,0.0,24,YES,0.0,24,YES,0.0,YES,True,True,True
2021-01-10,2021,24,YES,12.67,24,YES,15.8,24,YES,0.0,24,YES,0.0,24,YES,0.0,24,YES,0.0,24,YES,0.0,YES,True,True,True
2021-01-11,2021,24,YES,12.64,24,YES,15.8,24,YES,0.0,24,YES,0.0,24,YES,0.0,24,YES,0.0,24,YES,0.0,YES,True,True,True
2021-01-12,2021,24,YES,12.6,24,YES,15.8,24,YES,0.0,24,YES,0.0,24,YES,0.0,24,YES,0.0,24,YES,0.0,YES,True,True,True
2021-01-13,2021,24,YES,12.59,24,YES,15.8,24,YES,0.0,24,YES,0.0,24,YES,0.0,24,YES,0.0,24,YES,0.0,YES,True,True,True
2021-01-14,2021,24,YES,12.57,24,YES,15.8,24,YES,0.0,24,YES,0.0,24,YES,0.0,24,YES,0.0,24,YES,0.0,YES,True,True,True
2021-01-15,2021,24,YES,12.54,24,YES,15.8,24,YES,0.0,24,YES,0.0,24,YES,0.0,24,YES,0.0,24,YES,0.0,YES,True,True,True
2021-01-16,2021,24,YES,12.51,24,YES,15.8,24,YES,0.0,24,YES,0.0,24,YES,0.0,24,YES,0.0,24,YES,0.0,YES,True,True,True
2021-01-17,2021,24,YES,12.48,24,YES,15.8,24,YES,2.0,24,YES,5.0,24,YES,1.0,24,YES,0.0,24,YES,1.0,YES,True,True,True
2021-01-18,2021,24,YES,12.48,23,NO,,24,YES,0.0,24,YES,2.0,24,YES,0.0,24,YES,0.0,24,YES,0.0,NO,False,False,False
2021-01-19,2021,24,YES,12.44,24,YES,15.8,24,YES,0.0,24,YES,3.0,24,YES,0.0,24,YES,0.0,24,YES,1.0,YES,False,False,False
2021-01-20,2021,24,YES,16.21,24,YES,19.06,24,YES,110.0,24,YES,159.0,24,YES,84.0,24,YES,109.0,24,YES,67.0,YES,True,False,False
2021-01-21,2021,24,YES,15.2,24,YES,18.09,24,YES,0.0,24,YES,0.0,24,YES,0.0,24,YES,0.0,24,YES,2.0,YES,True,True,False
2021-01-22,2021,24,YES,12.79,24,YES,18.09,24,YES,7.0,24,YES,8.0,24,YES,4.0,24,YES,1.0,24,YES,2.0,YES,True,True,True
2021-01-23,2021,24,YES,12.66,24,YES,18.09,24,YES,0.0,24,YES,0.0,24,YES,0.0,24,YES,0.0,24,YES,0.0,YES,True,True,True
2021-01-24,2021,24,YES,12.79,24,YES,18.09,24,YES,0.0,24,YES,0.0,24,YES,13.0,24,YES,0.0,24,YES,9.0,YES,True,True,True
2021-01-25,2021,24,YES,12.55,24,YES,18.09,24,YES,4.0,24,YES,2.0,24,YES,0.0,24,YES,1.0,24,YES,7.0,YES,True,True,True
2021-01-26,2021,24,YES,12.56,24,YES,15.82,24,YES,1.0,24,YES,5.0,24,YES,0.0,24,YES,1.0,24,YES,1.0,YES,True,True,True
2021-01-27,2021,24,YES,12.56,24,YES,15.82,24,YES,1.0,24,YES,3.0,24,YES,3.0,24,YES,0.0,24,YES,0.0,YES,True,True,True
2021-01-28,2021,24,YES,12.5,24,YES,15.83,24,YES,0.0,24,YES,0.0,24,YES,0.0,24,YES,0.0,24,YES,1.0,YES,True,True,True
2021-01-29,2021,24,YES,12.49,24,YES,15.81,24,YES,0.0,24,YES,0.0,24,YES,0.0,24,YES,0.0,24,YES,0.0,YES,True,True,True
2021-01-30,2021,24,YES,12.44,24,YES,15.81,24,YES,0.0,24,YES,0.0,24,YES,0.0,24,YES,0.0,24,YES,0.0,YES,True,True,True
2021-01-31,2021,24,YES,12.41,23,NO,,24,YES,0.0,24,YES,1.0,24,YES,0.0,24,YES,0.0,24,YES,0.0,NO,False,False,False
2021-02-01,2021,24,YES,12.36,24,YES,15.81,24,YES,0.0,24,YES,0.0,24,YES,0.0,24,YES,0.0,24,YES,0.0,YES,False,False,False
2021-02-02,2021,24,YES,12.37,23,NO,,24,YES,0.0,24,YES,0.0,24,YES,0.0,24,YES,0.0,24,YES,0.0,NO,False,False,False
2021-02-03,2021,24,YES,12.34,24,YES,15.81,24,YES,0.0,24,YES,0.0,24,YES,0.0,24,YES,0.0,24,YES,1.0,YES,False,False,False
2021-02-04,2021,24,YES,12.3,24,YES,15.81,24,YES,0.0,24,YES,0.0,24,YES,0.0,24,YES,0.0,24,YES,0.0,YES,True,False,False
2021-02-05,2021,24,YES,12.3,24,YES,15.81,24,YES,0.0,24,YES,0.0,24,YES,0.0,24,YES,0.0,24,YES,0.0,YES,True,True,False
2021-02-06,2021,24,YES,12.28,24,YES,15.81,24,YES,0.0,24,YES,0.0,24,YES,0.0,24,YES,0.0,24,YES,0.0,YES,True,True,True
2021-02-07,2021,24,YES,12.25,23,NO,,24,YES,0.0,24,YES,0.0,24,YES,0.0,24,YES,0.0,24,YES,0.0,NO,False,False,False
2021-02-08,2021,24,YES,12.22,24,YES,15.81,24,YES,0.0,24,YES,1.0,24,YES,0.0,24,YES,0.0,24,YES,0.0,YES,False,False,False
2021-02-09,2021,24,YES,12.28,24,YES,15.81,24,YES,14.0,24,YES,23.0,24,YES,5.0,24,YES,3.0,24,YES,8.0,YES,True,False,False
2021-02-10,2021,24,YES,12.24,23,NO,,24,YES,1.0,24,YES,5.0,24,YES,0.0,24,YES,2.0,24,YES,1.0,NO,False,False,False
2021-02-11,2021,24,YES,12.21,24,YES,15.81,24,YES,0.0,24,YES,0.0,24,YES,0.0,24,YES,0.0,24,YES,0.0,YES,False,False,False
2021-02-12,2021,24,YES,12.38,24,YES,15.81,24,YES,0.0,24,YES,1.0,24,YES,11.0,24,YES,1.0,24,YES,12.0,YES,True,False,False
2021-02-13,2021,24,YES,12.18,24,YES,15.81,24,YES,12.0,24,YES,4.0,24,YES,0.0,24,YES,10.0,24,YES,6.0,YES,True,True,False
2021-02-14,2021,24,YES,12.16,24,YES,15.81,24,YES,0.0,24,YES,1.0,24,YES,0.0,24,YES,1.0,24,YES,0.0,YES,True,True,True
2021-02-15,2021,24,YES,12.16,24,YES,15.81,24,YES,0.0,24,YES,0.0,24,YES,0.0,24,YES,0.0,24,YES,0.0,YES,True,True,True
2021-02-16,2021,24,YES,12.13,24,YES,15.81,24,YES,0.0,24,YES,0.0,24,YES,0.0,24,YES,0.0,24,YES,1.0,YES,True,True,True
2021-02-17,2021,24,YES,12.11,24,YES,15.81,24,YES,0.0,24,YES,0.0,24,YES,0.0,24,YES,0.0,24,YES,0.0,YES,True,True,True
2021-02-18,2021,24,YES,12.11,24,YES,15.81,24,YES,0.0,24,YES,0.0,24,YES,0.0,24,YES,0.0,24,YES,0.0,YES,True,True,True
2021-02-19,2021,24,YES,12.1,24,YES,15.81,24,YES,0.0,24,YES,0.0,24,YES,0.0,24,YES,0.0,24,YES,0.0,YES,True,True,True
2021-02-20,2021,24,YES,12.1,24,YES,15.81,24,YES,0.0,24,YES,0.0,24,YES,0.0,24,YES,0.0,24,YES,0.0,YES,True,True,True
2021-02-21,2021,24,YES,12.1,24,YES,15.81,24,YES,0.0,24,YES,1.0,24,YES,1.0,24,YES,0.0,24,YES,0.0,YES,True,True,True
2021-02-22,2021,24,YES,12.09,24,YES,15.81,24,YES,11.0,24,YES,10.0,24,YES,3.0,24,YES,11.0,24,YES,6.0,YES,True,True,True
2021-02-23,2021,24,YES,12.09,24,YES,15.81,24,YES,0.0,24,YES,0.0,24,YES,0.0,24,YES,0.0,24,YES,1.0,YES,True,True,True
2021-02-24,2021,24,YES,12.09,23,NO,,24,YES,0.0,24,YES,0.0,24,YES,0.0,24,YES,0.0,24,YES,0.0,NO,False,False,False
2021-02-25,2021,24,YES,12.09,24,YES,15.81,24,YES,0.0,24,YES,0.0,24,YES,0.0,24,YES,0.0,24,YES,0.0,YES,False,False,False
2021-02-26,2021,24,YES,12.09,24,YES,15.81,24,YES,0.0,24,YES,0.0,24,YES,0.0,24,YES,0.0,24,YES,0.0,YES,True,False,False
2021-02-27,2021,24,YES,12.09,24,YES,15.81,24,YES,0.0,24,YES,0.0,24,YES,0.0,24,YES,0.0,24,YES,1.0,YES,True,True,False
2021-02-28,2021,24,YES,12.09,23,NO,,24,YES,0.0,24,YES,0.0,24,YES,11.0,24,YES,1.0,24,YES,2.0,NO,False,False,False
2021-03-01,2021,24,YES,12.09,24,YES,15.81,24,YES,0.0,24,YES,0.0,24,YES,0.0,24,YES,0.0,24,YES,0.0,YES,False,False,False
2021-03-02,2021,24,YES,12.09,24,YES,15.81,24,YES,0.0,24,YES,0.0,24,YES,23.0,24,YES,37.0,24,YES,0.0,YES,True,False,False
2021-03-03,2021,24,YES,12.09,23,NO,,24,YES,0.0,24,YES,0.0,24,YES,0.0,24,YES,0.0,24,YES,0.0,NO,False,False,False
2021-03-04,2021,24,YES,12.09,24,YES,15.81,24,YES,0.0,24,YES,0.0,24,YES,0.0,24,YES,0.0,24,YES,0.0,YES,False,False,False
2021-03-05,2021,24,YES,12.08,24,YES,15.81,24,YES,0.0,24,YES,0.0,24,YES,0.0,24,YES,0.0,24,YES,0.0,YES,True,False,False
2021-03-06,2021,24,YES,12.08,24,YES,15.81,24,YES,0.0,24,YES,0.0,24,YES,0.0,24,YES,0.0,24,YES,0.0,YES,True,True,False
2021-03-07,2021,24,YES,12.08,24,YES,15.81,24,YES,0.0,24,YES,0.0,24,YES,0.0,24,YES,0.0,24,YES,0.0,YES,True,True,True
2021-03-08,2021,24,YES,12.08,24,YES,15.81,24,YES,0.0,24,YES,0.0,24,YES,0.0,24,YES,0.0,24,YES,0.0,YES,True,True,True
2021-03-09,2021,24,YES,12.08,24,YES,15.81,24,YES,0.0,24,YES,0.0,24,YES,0.0,24,YES,0.0,24,YES,0.0,YES,True,True,True
2021-03-10,2021,24,YES,12.08,24,YES,15.81,24,YES,0.0,24,YES,0.0,24,YES,0.0,24,YES,0.0,24,YES,0.0,YES,True,True,True
2021-03-11,2021,24,YES,12.08,24,YES,15.81,24,YES,0.0,24,YES,2.0,24,YES,0.0,24,YES,0.0,24,YES,0.0,YES,True,True,True
2021-03-12,2021,24,YES,12.08,24,YES,15.81,24,YES,3.0,24,YES,5.0,24,YES,2.0,24,YES,5.0,24,YES,2.0,YES,True,True,True
2021-03-13,2021,24,YES,12.07,24,YES,15.81,24,YES,0.0,24,YES,1.0,24,YES,0.0,24,YES,0.0,24,YES,0.0,YES,True,True,True
2021-03-14,2021,24,YES,12.07,24,YES,15.81,24,YES,0.0,24,YES,1.0,24,YES,0.0,24,YES,0.0,24,YES,0.0,YES,True,True,True
2021-03-15,2021,24,YES,12.07,24,YES,15.81,24,YES,0.0,24,YES,3.0,24,YES,4.0,24,YES,0.0,24,YES,3.0,YES,True,True,True
2021-03-16,2021,24,YES,12.07,24,YES,15.81,24,YES,0.0,24,YES,0.0,24,YES,0.0,24,YES,0.0,24,YES,0.0,YES,True,True,True
2021-03-17,2021,24,YES,12.07,24,YES,15.81,24,YES,0.0,24,YES,0.0,24,YES,0.0,24,YES,8.0,24,YES,0.0,YES,True,True,True
2021-03-18,2021,24,YES,12.07,24,YES,15.81,24,YES,0.0,24,YES,0.0,24,YES,2.0,24,YES,0.0,24,YES,0.0,YES,True,True,True
2021-03-19,2021,24,YES,12.07,24,YES,15.81,24,YES,2.0,24,YES,0.0,24,YES,0.0,24,YES,1.0,24,YES,0.0,YES,True,True,True
2021-03-20,2021,23,NO,,23,NO,,24,YES,1.0,24,YES,0.0,24,YES,0.0,24,YES,40.0,24,YES,1.0,NO,False,False,False
2021-03-21,2021,24,YES,12.07,24,YES,15.81,24,YES,1.0,24,YES,5.0,24,YES,8.0,24,YES,30.0,24,YES,13.0,YES,False,False,False
2021-03-22,2021,24,YES,12.07,24,YES,15.81,24,YES,0.0,24,YES,0.0,24,YES,0.0,24,YES,0.0,24,YES,0.0,YES,True,False,False
2021-03-23,2021,24,YES,12.07,24,YES,15.81,24,YES,0.0,24,YES,0.0,24,YES,0.0,24,YES,0.0,24,YES,0.0,YES,True,True,False
2021-03-24,2021,24,YES,12.07,24,YES,15.81,24,YES,0.0,24,YES,0.0,24,YES,0.0,24,YES,0.0,24,YES,0.0,YES,True,True,True
2021-03-25,2021,24,YES,12.07,24,YES,15.81,24,YES,0.0,24,YES,0.0,24,YES,0.0,24,YES,0.0,24,YES,0.0,YES,True,True,True
2021-03-26,2021,24,YES,12.07,24,YES,15.81,24,YES,0.0,24,YES,0.0,24,YES,0.0,24,YES,0.0,24,YES,0.0,YES,True,True,True
2021-03-27,2021,24,YES,12.07,24,YES,15.81,24,YES,0.0,24,YES,0.0,24,YES,0.0,24,YES,0.0,24,YES,0.0,YES,True,True,True
2021-03-28,2021,24,YES,12.07,24,YES,15.81,24,YES,0.0,24,YES,0.0,24,YES,0.0,24,YES,0.0,24,YES,0.0,YES,True,True,True
2021-03-29,2021,24,YES,12.06,24,YES,15.81,24,YES,0.0,24,YES,0.0,24,YES,0.0,24,YES,0.0,24,YES,0.0,YES,True,True,True
2021-03-30,2021,24,YES,12.06,24,YES,15.81,24,YES,0.0,24,YES,0.0,24,YES,0.0,24,YES,0.0,24,YES,0.0,YES,True,True,True
2021-03-31,2021,24,YES,12.06,24,YES,15.81,24,YES,0.0,24,YES,0.0,24,YES,0.0,24,YES,0.0,24,YES,0.0,YES,True,True,True
2021-04-01,2021,24,YES,12.063,24,YES,15.81,24,YES,0.0,24,YES,0.0,24,YES,0.0,24,YES,0.0,24,YES,0.0,YES,True,True,True
2021-04-02,2021,24,YES,12.06,24,YES,15.81,24,YES,0.0,24,YES,0.0,24,YES,0.0,24,YES,0.0,24,YES,0.0,YES,True,True,True
2021-04-03,2021,24,YES,12.06,24,YES,15.81,24,YES,0.0,24,YES,0.0,24,YES,0.0,24,YES,0.0,24,YES,0.0,YES,True,True,True
2021-04-04,2021,24,YES,12.06,23,NO,,24,YES,6.0,24,YES,15.0,24,YES,1.0,24,YES,1.0,24,YES,5.0,NO,False,False,False
2021-04-05,2021,24,YES,12.06,24,YES,15.81,24,YES,0.0,24,YES,0.0,24,YES,0.0,24,YES,0.0,24,YES,0.0,YES,False,False,False
2021-04-06,2021,24,YES,12.05,24,YES,15.81,24,YES,0.0,24,YES,0.0,24,YES,0.0,24,YES,0.0,24,YES,0.0,YES,True,False,False
2021-04-07,2021,24,YES,12.05,24,YES,15.81,24,YES,0.0,24,YES,1.0,24,YES,0.0,24,YES,0.0,24,YES,0.0,YES,True,True,False
2021-04-08,2021,24,YES,12.05,24,YES,15.81,24,YES,0.0,24,YES,0.0,24,YES,0.0,24,YES,0.0,24,YES,0.0,YES,True,True,True
2021-04-09,2021,24,YES,12.05,24,YES,15.81,24,YES,0.0,24,YES,0.0,24,YES,0.0,24,YES,0.0,24,YES,0.0,YES,True,True,True
2021-04-10,2021,24,YES,12.05,24,YES,15.81,24,YES,0.0,24,YES,0.0,24,YES,0.0,24,YES,0.0,24,YES,0.0,YES,True,True,True
2021-04-11,2021,24,YES,12.05,24,YES,15.81,24,YES,0.0,24,YES,0.0,24,YES,0.0,24,YES,0.0,24,YES,0.0,YES,True,True,True
2021-04-12,2021,24,YES,12.05,24,YES,15.81,24,YES,0.0,24,YES,0.0,24,YES,0.0,24,YES,0.0,24,YES,0.0,YES,True,True,True
2021-04-13,2021,24,YES,12.05,24,YES,15.81,24,YES,0.0,24,YES,0.0,24,YES,0.0,24,YES,0.0,24,YES,0.0,YES,True,True,True
2021-04-14,2021,24,YES,12.05,24,YES,15.81,24,YES,0.0,24,YES,0.0,24,YES,0.0,24,YES,0.0,24,YES,0.0,YES,True,True,True
2021-04-15,2021,24,YES,12.05,24,YES,15.81,24,YES,0.0,24,YES,0.0,24,YES,0.0,24,YES,0.0,24,YES,0.0,YES,True,True,True
2021-04-16,2021,24,YES,12.05,24,YES,15.81,24,YES,0.0,24,YES,0.0,24,YES,0.0,24,YES,0.0,24,YES,0.0,YES,True,True,True
2021-04-17,2021,24,YES,12.05,24,YES,15.81,24,YES,0.0,24,YES,0.0,24,YES,0.0,24,YES,0.0,24,YES,0.0,YES,True,True,True
2021-04-18,2021,24,YES,12.05,24,YES,15.81,24,YES,0.0,24,YES,0.0,24,YES,0.0,24,YES,0.0,24,YES,0.0,YES,True,True,True
2021-04-19,2021,24,YES,12.04,24,YES,15.81,24,YES,0.0,24,YES,0.0,24,YES,40.0,24,YES,3.0,24,YES,1.0,YES,True,True,True
2021-04-20,2021,24,YES,12.04,24,YES,15.81,24,YES,3.0,24,YES,2.0,24,YES,0.0,24,YES,3.0,24,YES,4.0,YES,True,True,True
2021-04-21,2021,24,YES,12.04,24,YES,15.81,24,YES,2.0,24,YES,4.0,24,YES,0.0,24,YES,0.0,24,YES,0.0,YES,True,True,True
2021-04-22,2021,24,YES,12.04,24,YES,15.81,24,YES,0.0,24,YES,1.0,24,YES,0.0,24,YES,0.0,24,YES,4.0,YES,True,True,True
2021-04-23,2021,24,YES,12.04,24,YES,15.81,24,YES,0.0,24,YES,0.0,24,YES,0.0,24,YES,0.0,24,YES,0.0,YES,True,True,True
2021-04-24,2021,24,YES,12.04,23,NO,,24,YES,0.0,24,YES,0.0,24,YES,0.0,24,YES,0.0,24,YES,0.0,NO,False,False,False
2021-04-25,2021,24,YES,12.04,23,NO,,24,YES,0.0,24,YES,1.0,24,YES,0.0,24,YES,0.0,24,YES,0.0,NO,False,False,False
2021-04-26,2021,24,YES,12.04,24,YES,15.81,24,YES,0.0,24,YES,3.0,24,YES,0.0,24,YES,0.0,24,YES,1.0,YES,False,False,False
2021-04-27,2021,24,YES,12.04,24,YES,15.81,24,YES,0.0,24,YES,0.0,24,YES,0.0,24,YES,0.0,24,YES,0.0,YES,True,False,False
2021-04-28,2021,24,YES,12.04,24,YES,15.81,24,YES,0.0,24,YES,0.0,24,YES,0.0,24,YES,0.0,24,YES,0.0,YES,True,True,False
2021-04-29,2021,24,YES,12.04,24,YES,15.81,24,YES,0.0,24,YES,0.0,24,YES,0.0,24,YES,0.0,24,YES,0.0,YES,True,True,True
2021-04-30,2021,24,YES,12.04,24,YES,15.81,24,YES,0.0,24,YES,0.0,24,YES,0.0,24,YES,0.0,24,YES,0.0,YES,True,True,True
2021-05-01,2021,24,YES,12.04,24,YES,15.81,24,YES,0.0,24,YES,0.0,24,YES,0.0,24,YES,0.0,24,YES,0.0,YES,True,True,True
2021-05-02,2021,24,YES,12.04,23,NO,,24,YES,0.0,24,YES,0.0,24,YES,0.0,24,YES,0.0,24,YES,0.0,NO,False,False,False
2021-05-03,2021,24,YES,12.04,24,YES,15.81,24,YES,0.0,24,YES,0.0,24,YES,0.0,24,YES,0.0,24,YES,0.0,YES,False,False,False
2021-05-04,2021,24,YES,12.9,24,YES,15.81,24,YES,0.0,24,YES,0.0,24,YES,0.0,24,YES,0.0,24,YES,0.0,YES,True,False,False
2021-05-05,2021,24,YES,11.9,24,YES,15.81,24,YES,0.0,24,YES,0.0,24,YES,0.0,24,YES,0.0,24,YES,0.0,YES,True,True,False
2021-05-06,2021,24,YES,11.42,24,YES,15.81,24,YES,0.0,24,YES,0.0,24,YES,0.0,24,YES,0.0,24,YES,0.0,YES,True,True,True
2021-05-07,2021,24,YES,12.42,24,YES,15.81,24,YES,0.0,24,YES,0.0,24,YES,0.0,24,YES,0.0,24,YES,0.0,YES,True,True,True
2021-05-08,2021,24,YES,11.42,22,NO,,24,YES,0.0,24,YES,0.0,23,NO,,24,YES,0.0,24,YES,0.0,NO,False,False,False
2021-05-09,2021,24,YES,12.42,24,YES,15.81,24,YES,0.0,24,YES,0.0,24,YES,0.0,24,YES,3.0,24,YES,0.0,YES,False,False,False
2021-05-10,2021,24,YES,11.42,24,YES,15.81,24,YES,1.0,24,YES,2.0,24,YES,0.0,24,YES,0.0,24,YES,0.0,YES,True,False,False
2021-05-11,2021,24,YES,11.42,24,YES,15.81,24,YES,0.0,24,YES,0.0,24,YES,0.0,24,YES,0.0,24,YES,0.0,YES,True,True,False
2021-05-12,2021,24,YES,11.42,24,YES,15.81,24,YES,0.0,24,YES,0.0,24,YES,0.0,24,YES,1.0,24,YES,0.0,YES,True,True,True
2021-05-13,2021,24,YES,11.42,24,YES,15.81,24,YES,0.0,24,YES,0.0,24,YES,0.0,24,YES,0.0,24,YES,0.0,YES,True,True,True
2021-05-14,2021,24,YES,11.42,24,YES,15.81,24,YES,0.0,24,YES,0.0,24,YES,0.0,24,YES,0.0,24,YES,0.0,YES,True,True,True
2021-05-15,2021,24,YES,11.42,24,YES,15.81,24,YES,0.0,24,YES,0.0,24,YES,0.0,24,YES,0.0,24,YES,0.0,YES,True,True,True
2021-05-16,2021,24,YES,11.42,24,YES,15.81,24,YES,0.0,24,YES,0.0,24,YES,0.0,24,YES,0.0,24,YES,0.0,YES,True,True,True
2021-05-17,2021,24,YES,11.42,24,YES,15.81,24,YES,0.0,24,YES,0.0,24,YES,0.0,24,YES,0.0,24,YES,0.0,YES,True,True,True
2021-05-18,2021,24,YES,11.42,24,YES,15.81,24,YES,0.0,24,YES,0.0,24,YES,0.0,24,YES,0.0,24,YES,0.0,YES,True,True,True
2021-05-19,2021,24,YES,11.42,24,YES,15.81,24,YES,0.0,24,YES,0.0,24,YES,0.0,24,YES,0.0,24,YES,0.0,YES,True,True,True
2021-05-20,2021,24,YES,11.42,24,YES,15.81,24,YES,0.0,24,YES,0.0,24,YES,0.0,24,YES,0.0,24,YES,0.0,YES,True,True,True
2021-05-21,2021,24,YES,11.42,24,YES,15.81,24,YES,0.0,24,YES,0.0,24,YES,0.0,24,YES,3.0,24,YES,0.0,YES,True,True,True
2021-05-22,2021,23,NO,,22,NO,,24,YES,12.0,24,YES,4.0,24,YES,17.0,24,YES,7.0,24,YES,0.0,NO,False,False,False
2021-05-23,2021,23,NO,,23,NO,,24,YES,0.0,24,YES,0.0,24,YES,8.0,24,YES,25.0,24,YES,1.0,NO,False,False,False
2021-05-24,2021,24,YES,11.42,24,YES,15.82,24,YES,0.0,24,YES,0.0,24,YES,0.0,24,YES,43.0,24,YES,0.0,YES,False,False,False
2021-05-25,2021,24,YES,11.42,24,YES,15.82,24,YES,0.0,24,YES,0.0,24,YES,9.0,24,YES,29.0,24,YES,0.0,YES,True,False,False
2021-05-26,2021,24,YES,11.42,24,YES,15.82,24,YES,0.0,24,YES,5.0,24,YES,0.0,24,YES,1.0,24,YES,0.0,YES,True,True,False
2021-05-27,2021,24,YES,11.42,24,YES,15.82,24,YES,0.0,24,YES,0.0,24,YES,0.0,24,YES,0.0,24,YES,0.0,YES,True,True,True
2021-05-28,2021,24,YES,11.42,17,NO,,24,YES,0.0,24,YES,5.0,24,YES,0.0,24,YES,0.0,24,YES,0.0,NO,False,False,False
2021-05-29,2021,24,YES,11.42,22,NO,,24,YES,0.0,24,YES,0.0,23,NO,,24,YES,1.0,24,YES,0.0,NO,False,False,False
2021-05-30,2021,24,YES,11.42,24,YES,15.82,24,YES,7.0,24,YES,17.0,24,YES,0.0,24,YES,1.0,24,YES,5.0,YES,False,False,False
2021-05-31,2021,24,YES,11.42,24,YES,15.81,24,YES,11.0,24,YES,0.0,24,YES,11.0,24,YES,0.0,24,YES,2.0,YES,True,False,False
2021-06-01,2021,24,YES,11.42,20,NO,,24,YES,2.0,24,YES,1.0,24,YES,0.0,24,YES,0.0,24,YES,1.0,NO,False,False,False
2021-06-02,2021,24,YES,12.3,24,YES,15.94,24,YES,45.0,24,YES,43.0,24,YES,31.0,24,YES,31.0,24,YES,37.0,YES,False,False,False
2021-06-03,2021,24,YES,12.19,24,YES,15.81,24,YES,0.0,24,YES,1.0,24,YES,1.0,24,YES,0.0,24,YES,1.0,YES,True,False,False
2021-06-04,2021,24,YES,12.19,24,YES,15.81,24,YES,0.0,24,YES,0.0,24,YES,0.0,24,YES,0.0,24,YES,0.0,YES,True,True,False
2021-06-05,2021,24,YES,12.18,24,YES,15.81,24,YES,1.0,24,YES,0.0,24,YES,0.0,24,YES,0.0,24,YES,0.0,YES,True,True,True
2021-06-06,2021,24,YES,12.18,23,NO,,24,YES,0.0,24,YES,0.0,24,YES,0.0,24,YES,0.0,24,YES,0.0,NO,False,False,False
2021-06-07,2021,24,YES,12.19,24,YES,15.81,24,YES,13.0,24,YES,121.0,24,YES,5.0,24,YES,5.0,24,YES,15.0,YES,False,False,False
2021-06-08,2021,24,YES,12.32,24,YES,15.81,24,YES,1.0,24,YES,2.0,24,YES,0.0,24,YES,27.0,24,YES,0.0,YES,True,False,False
2021-06-09,2021,24,YES,12.56,24,YES,18.81,24,YES,2.0,24,YES,8.0,24,YES,27.0,24,YES,23.0,24,YES,3.0,YES,True,True,False
2021-06-10,2021,24,YES,11.82,24,YES,15.81,24,YES,5.0,24,YES,5.0,24,YES,10.0,24,YES,4.0,24,YES,11.0,YES,True,True,True
2021-06-11,2021,24,YES,11.82,24,YES,15.82,24,YES,1.0,24,YES,2.0,24,YES,1.0,24,YES,1.0,24,YES,0.0,YES,True,True,True
2021-06-12,2021,24,YES,11.82,24,YES,15.81,24,YES,0.0,24,YES,0.0,24,YES,0.0,24,YES,0.0,24,YES,0.0,YES,True,True,True
2021-06-13,2021,24,YES,11.82,23,NO,,24,YES,0.0,24,YES,1.0,23,NO,,24,YES,0.0,23,NO,,NO,False,False,False
2021-06-14,2021,24,YES,11.82,24,YES,15.81,24,YES,0.0,24,YES,0.0,24,YES,0.0,24,YES,0.0,24,YES,0.0,YES,False,False,False
2021-06-15,2021,24,YES,11.82,24,YES,15.81,24,YES,0.0,24,YES,0.0,24,YES,0.0,24,YES,0.0,24,YES,0.0,YES,True,False,False
2021-06-16,2021,24,YES,11.82,24,YES,15.81,24,YES,0.0,24,YES,0.0,24,YES,0.0,24,YES,0.0,24,YES,0.0,YES,True,True,False
2021-06-17,2021,24,YES,11.82,24,YES,15.81,24,YES,0.0,24,YES,0.0,24,YES,0.0,24,YES,0.0,24,YES,0.0,YES,True,True,True
2021-06-18,2021,24,YES,11.81,24,YES,15.81,24,YES,0.0,24,YES,0.0,24,YES,0.0,24,YES,0.0,24,YES,0.0,YES,True,True,True
2021-06-19,2021,24,YES,11.81,19,NO,,24,YES,0.0,24,YES,0.0,24,YES,0.0,24,YES,0.0,24,YES,0.0,NO,False,False,False
2021-06-20,2021,23,NO,,23,NO,,24,YES,13.0,24,YES,13.0,24,YES,5.0,24,YES,77.0,24,YES,7.0,NO,False,False,False
2021-06-21,2021,24,YES,12.2,24,YES,15.81,24,YES,0.0,24,YES,11.0,24,YES,0.0,24,YES,10.0,24,YES,1.0,YES,False,False,False
2021-06-22,2021,24,YES,12.37,24,YES,15.81,24,YES,18.0,24,YES,39.0,24,YES,30.0,24,YES,6.0,24,YES,34.0,YES,True,False,False
2021-06-23,2021,24,YES,12.2,24,YES,15.81,24,YES,0.0,24,YES,24.0,24,YES,0.0,24,YES,3.0,24,YES,9.0,YES,True,True,False
2021-06-24,2021,24,YES,12.2,24,YES,15.81,24,YES,0.0,24,YES,16.0,24,YES,0.0,24,YES,0.0,24,YES,0.0,YES,True,True,True
2021-06-25,2021,24,YES,12.19,24,YES,15.81,24,YES,15.0,24,YES,33.0,24,YES,0.0,24,YES,0.0,24,YES,10.0,YES,True,True,True
2021-06-26,2021,24,YES,12.19,23,NO,,24,YES,1.0,24,YES,5.0,24,YES,0.0,24,YES,0.0,24,YES,0.0,NO,False,False,False
2021-06-27,2021,23,NO,,24,YES,16.77,24,YES,45.0,24,YES,3.0,24,YES,70.0,24,YES,1.0,24,YES,29.0,NO,False,False,False
2021-06-28,2021,24,YES,12.19,24,YES,15.81,24,YES,15.0,24,YES,12.0,24,YES,25.0,24,YES,10.0,24,YES,9.0,YES,False,False,False
2021-06-29,2021,24,YES,12.19,24,YES,15.81,24,YES,0.0,24,YES,0.0,24,YES,1.0,24,YES,6.0,24,YES,0.0,YES,True,False,False
2021-06-30,2021,24,YES,12.18,24,YES,15.81,24,YES,0.0,24,YES,0.0,24,YES,0.0,24,YES,0.0,24,YES,0.0,YES,True,True,False
2021-07-01,2021,24,YES,12.18,24,YES,15.81,24,YES,11.0,24,YES,57.0,24,YES,10.0,24,YES,23.0,24,YES,11.0,YES,True,True,True
2021-07-02,2021,24,YES,12.85,24,YES,16.05,24,YES,11.0,24,YES,23.0,24,YES,18.0,24,YES,39.0,24,YES,22.0,YES,True,True,True
2021-07-03,2021,24,YES,13.05,24,YES,16.49,24,YES,58.0,24,YES,63.0,24,YES,40.0,24,YES,30.0,24,YES,49.0,YES,True,True,True
2021-07-04,2021,24,YES,12.61,22,NO,,24,YES,3.0,24,YES,11.0,24,YES,2.0,24,YES,1.0,24,YES,1.0,NO,False,False,False
2021-07-05,2021,24,YES,15.58,24,YES,15.82,24,YES,30.0,24,YES,40.0,24,YES,7.0,24,YES,52.0,24,YES,6.0,YES,False,False,False
2021-07-06,2021,24,YES,14.5,24,YES,17.75,24,YES,3.0,24,YES,2.0,24,YES,48.0,24,YES,23.0,24,YES,38.0,YES,True,False,False
2021-07-07,2021,24,YES,11.9,24,YES,15.85,24,YES,6.0,24,YES,4.0,24,YES,0.0,24,YES,0.0,24,YES,2.0,YES,True,True,False
2021-07-08,2021,24,YES,12.26,24,YES,15.83,24,YES,1.0,24,YES,0.0,24,YES,0.0,24,YES,1.0,24,YES,0.0,YES,True,True,True
2021-07-09,2021,24,YES,12.2,24,YES,15.83,24,YES,0.0,24,YES,1.0,24,YES,0.0,24,YES,0.0,24,YES,0.0,YES,True,True,True
2021-07-10,2021,24,YES,11.9,24,YES,15.83,24,YES,2.0,24,YES,3.0,24,YES,1.0,24,YES,1.0,24,YES,1.0,YES,True,True,True
2021-07-11,2021,24,YES,11.9,24,YES,15.83,24,YES,1.0,24,YES,0.0,24,YES,0.0,24,YES,0.0,24,YES,0.0,YES,True,True,True
2021-07-12,2021,24,YES,11.98,24,YES,15.83,24,YES,2.0,24,YES,0.0,24,YES,0.0,24,YES,0.0,24,YES,0.0,YES,True,True,True
2021-07-13,2021,24,YES,12.1,24,YES,15.9,24,YES,0.0,24,YES,3.0,24,YES,14.0,24,YES,0.0,24,YES,11.0,YES,True,True,True
2021-07-14,2021,24,YES,11.94,24,YES,15.83,24,YES,8.0,24,YES,0.0,24,YES,7.0,24,YES,0.0,24,YES,2.0,YES,True,True,True
2021-07-15,2021,24,YES,11.9,24,YES,15.83,24,YES,0.0,24,YES,0.0,24,YES,1.0,24,YES,0.0,24,YES,19.0,YES,True,True,True
2021-07-16,2021,24,YES,11.95,24,YES,15.83,24,YES,4.0,24,YES,22.0,24,YES,0.0,24,YES,2.0,24,YES,1.0,YES,True,True,True
2021-07-17,2021,24,YES,11.94,24,YES,15.83,24,YES,1.0,24,YES,0.0,24,YES,0.0,24,YES,3.0,24,YES,0.0,YES,True,True,True
2021-07-18,2021,24,YES,11.9,24,YES,15.83,24,YES,7.0,24,YES,9.0,24,YES,9.0,24,YES,16.0,24,YES,19.0,YES,True,True,True
2021-07-19,2021,24,YES,11.9,24,YES,15.82,24,YES,12.0,24,YES,13.0,24,YES,3.0,24,YES,9.0,24,YES,10.0,YES,True,True,True
2021-07-20,2021,24,YES,12.33,24,YES,16.38,24,YES,49.0,24,YES,41.0,24,YES,31.0,24,YES,42.0,24,YES,28.0,YES,True,True,True
2021-07-21,2021,24,YES,13.13,24,YES,16.53,24,YES,46.0,24,YES,44.0,24,YES,41.0,24,YES,27.0,24,YES,40.0,YES,True,True,True
2021-07-22,2021,24,YES,14.05,24,YES,16.97,24,YES,75.0,24,YES,67.0,24,YES,90.0,24,YES,43.0,24,YES,92.0,YES,True,True,True
2021-07-23,2021,23,NO,,23,NO,,24,YES,187.0,24,YES,142.0,24,YES,110.0,24,YES,85.0,24,YES,145.0,NO,False,False,False
2021-07-24,2021,24,YES,16.52,24,YES,18.99,24,YES,68.0,24,YES,65.0,24,YES,101.0,24,YES,81.0,24,YES,103.0,YES,False,False,False
2021-07-25,2021,24,YES,15.7,24,YES,18.16,24,YES,29.0,24,YES,26.0,24,YES,19.0,24,YES,55.0,24,YES,23.0,YES,True,False,False
2021-07-26,2021,24,YES,13.88,24,YES,16.51,24,YES,14.0,24,YES,17.0,24,YES,14.0,24,YES,25.0,24,YES,8.0,YES,True,True,False
2021-07-27,2021,24,YES,15.69,24,YES,18.08,24,YES,48.0,24,YES,63.0,24,YES,48.0,24,YES,68.0,24,YES,59.0,YES,True,True,True
2021-07-28,2021,24,YES,15.58,24,YES,17.96,24,YES,43.0,24,YES,34.0,24,YES,25.0,24,YES,33.0,24,YES,27.0,YES,True,True,True
2021-07-29,2021,24,YES,14.27,24,YES,16.82,24,YES,3.0,24,YES,2.0,24,YES,14.0,24,YES,41.0,24,YES,19.0,YES,True,True,True
2021-07-30,2021,24,YES,15.41,24,YES,16.27,24,YES,10.0,24,YES,8.0,24,YES,6.0,24,YES,11.0,24,YES,7.0,YES,True,True,True
2021-07-31,2021,24,YES,12.97,23,NO,,24,YES,9.0,24,YES,5.0,23,NO,,23,NO,,23,NO,,NO,False,False,False
2021-08-01,2021,24,YES,15.82,22,NO,,24,YES,3.0,24,YES,2.0,24,YES,7.0,24,YES,129.0,24,YES,4.0,NO,False,False,False
2021-08-02,2021,24,YES,15.43,24,YES,17.7,24,YES,20.0,24,YES,24.0,24,YES,11.0,24,YES,10.0,24,YES,23.0,YES,False,False,False
2021-08-03,2021,23,NO,,23,NO,,24,YES,1.0,24,YES,2.0,24,YES,0.0,24,YES,10.0,24,YES,5.0,NO,False,False,False
2021-08-04,2021,24,YES,12.94,24,YES,15.95,24,YES,0.0,24,YES,6.0,24,YES,0.0,22,NO,,22,NO,,NO,False,False,False
2021-08-05,2021,24,YES,12.73,24,YES,16.11,24,YES,24.0,24,YES,10.0,24,YES,6.0,24,YES,8.0,24,YES,13.0,YES,False,False,False
2021-08-06,2021,24,YES,12.56,24,YES,15.91,24,YES,5.0,24,YES,2.0,24,YES,1.0,24,YES,1.0,24,YES,0.0,YES,True,False,False
2021-08-07,2021,24,YES,12.3,24,YES,15.89,24,YES,0.0,24,YES,0.0,24,YES,0.0,24,YES,14.0,24,YES,0.0,YES,True,True,False
2021-08-08,2021,24,YES,12.4,24,YES,15.9,24,YES,0.0,24,YES,0.0,24,YES,0.0,24,YES,1.0,24,YES,0.0,YES,True,True,True
2021-08-09,2021,24,YES,12.3,24,YES,15.89,24,YES,0.0,24,YES,0.0,24,YES,1.0,24,YES,1.0,24,YES,0.0,YES,True,True,True
2021-08-10,2021,24,YES,12.27,24,YES,15.9,24,YES,3.0,24,YES,2.0,24,YES,2.0,24,YES,20.0,24,YES,5.0,YES,True,True,True
2021-08-11,2021,24,YES,12.24,24,YES,15.9,24,YES,1.0,24,YES,1.0,24,YES,0.0,24,YES,0.0,24,YES,0.0,YES,True,True,True
2021-08-12,2021,24,YES,12.16,24,YES,15.89,24,YES,0.0,24,YES,0.0,24,YES,0.0,24,YES,0.0,24,YES,0.0,YES,True,True,True
2021-08-13,2021,24,YES,12.16,24,YES,15.88,24,YES,0.0,24,YES,0.0,24,YES,0.0,24,YES,5.0,24,YES,1.0,YES,True,True,True
2021-08-14,2021,24,YES,13.05,24,YES,17.35,24,YES,56.0,24,YES,37.0,24,YES,7.0,24,YES,19.0,24,YES,46.0,YES,True,True,True
2021-08-15,2021,24,YES,12.43,24,YES,16.46,24,YES,3.0,24,YES,4.0,24,YES,0.0,24,YES,0.0,24,YES,6.0,YES,True,True,True
2021-08-16,2021,24,YES,12.18,24,YES,15.89,24,YES,0.0,24,YES,1.0,24,YES,0.0,24,YES,0.0,24,YES,0.0,YES,True,True,True
2021-08-17,2021,24,YES,12.21,24,YES,15.9,24,YES,18.0,24,YES,2.0,24,YES,0.0,24,YES,0.0,24,YES,4.0,YES,True,True,True
2021-08-18,2021,24,YES,12.74,24,YES,16.41,24,YES,65.0,24,YES,15.0,24,YES,7.0,24,YES,33.0,24,YES,10.0,YES,True,True,True
2021-08-19,2021,24,YES,12.89,24,YES,17.59,24,YES,14.0,24,YES,1.0,24,YES,3.0,24,YES,0.0,24,YES,1.0,YES,True,True,True
2021-08-20,2021,0,NO,,0,NO,,24,YES,1.0,24,YES,0.0,24,YES,0.0,24,YES,0.0,24,YES,0.0,NO,False,False,False
2021-08-21,2021,24,YES,13.5,21,NO,,24,YES,1.0,24,YES,1.0,24,YES,101.0,24,YES,36.0,24,YES,68.0,NO,False,False,False
2021-08-22,2021,24,YES,13.07,24,YES,16.25,24,YES,20.0,24,YES,11.0,24,YES,40.0,24,YES,37.0,24,YES,7.0,YES,False,False,False
2021-08-23,2021,24,YES,12.51,24,YES,15.96,24,YES,0.0,24,YES,13.0,24,YES,0.0,24,YES,13.0,24,YES,0.0,YES,True,False,False
2021-08-24,2021,24,YES,12.32,24,YES,15.92,24,YES,5.0,24,YES,1.0,24,YES,3.0,24,YES,3.0,24,YES,4.0,YES,True,True,False
2021-08-25,2021,24,YES,12.79,24,YES,15.952,24,YES,0.0,24,YES,0.0,24,YES,26.0,24,YES,0.0,24,YES,5.0,YES,True,True,True
2021-08-26,2021,24,YES,12.43,24,YES,15.93,24,YES,1.0,24,YES,1.0,24,YES,14.0,24,YES,1.0,24,YES,0.0,YES,True,True,True
2021-08-27,2021,24,YES,12.39,24,YES,15.92,24,YES,8.0,24,YES,3.0,24,YES,6.0,24,YES,10.0,24,YES,4.0,YES,True,True,True
2021-08-28,2021,24,YES,12.28,24,YES,15.92,24,YES,3.0,24,YES,3.0,24,YES,10.0,24,YES,3.0,24,YES,5.0,YES,True,True,True
2021-08-29,2021,24,YES,13.49,23,NO,,24,YES,1.0,24,YES,7.0,24,YES,15.0,24,YES,69.0,24,YES,9.0,NO,False,False,False
2021-08-30,2021,23,NO,,22,NO,,24,YES,0.0,24,YES,0.0,24,YES,0.0,24,YES,61.0,24,YES,3.0,NO,False,False,False
2021-08-31,2021,24,YES,12.22,22,NO,,24,YES,0.0,24,YES,0.0,24,YES,0.0,24,YES,0.0,24,YES,0.0,NO,False,False,False
2021-09-01,2021,24,YES,12.36,23,NO,,24,YES,0.0,24,YES,1.0,24,YES,0.0,24,YES,1.0,24,YES,0.0,NO,False,False,False
2021-09-02,2021,24,YES,13.72,24,YES,16.76,24,YES,28.0,24,YES,29.0,24,YES,0.0,24,YES,37.0,24,YES,3.0,YES,False,False,False
2021-09-03,2021,24,YES,15.51,24,YES,17.42,24,YES,33.0,24,YES,8.0,24,YES,41.0,24,YES,46.0,24,YES,68.0,YES,True,False,False
2021-09-04,2021,24,YES,12.71,24,YES,16.01,24,YES,2.0,24,YES,1.0,24,YES,1.0,24,YES,1.0,24,YES,2.0,YES,True,True,False
2021-09-05,2021,24,YES,12.73,23,NO,,24,YES,5.0,24,YES,0.0,24,YES,28.0,24,YES,1.0,24,YES,8.0,NO,False,False,False
2021-09-06,2021,24,YES,12.58,24,YES,15.99,24,YES,36.0,24,YES,3.0,24,YES,5.0,24,YES,2.0,24,YES,17.0,YES,False,False,False
2021-09-07,2021,24,YES,13.9,24,YES,16.45,24,YES,0.0,24,YES,17.0,24,YES,0.0,24,YES,2.0,24,YES,0.0,YES,True,False,False
2021-09-08,2021,24,YES,14.65,21,NO,,24,YES,65.0,24,YES,11.0,24,YES,54.0,24,YES,83.0,24,YES,53.0,NO,False,False,False
2021-09-09,2021,24,YES,14.95,23,NO,,24,YES,42.0,24,YES,6.0,24,YES,41.0,24,YES,38.0,24,YES,53.0,NO,False,False,False
2021-09-10,2021,24,YES,13.26,24,YES,16.08,24,YES,11.0,24,YES,12.0,24,YES,28.0,24,YES,32.0,24,YES,29.0,YES,False,False,False
2021-09-11,2021,24,YES,14.0,24,YES,16.58,24,YES,2.0,24,YES,3.0,24,YES,23.0,24,YES,54.0,24,YES,16.0,YES,True,False,False
2021-09-12,2021,24,YES,13.22,24,YES,16.01,24,YES,7.0,24,YES,5.0,24,YES,5.0,24,YES,7.0,24,YES,17.0,YES,True,True,False
2021-09-13,2021,24,YES,12.91,24,YES,16.01,24,YES,17.0,24,YES,3.0,24,YES,8.0,24,YES,0.0,24,YES,20.0,YES,True,True,True
2021-09-14,2021,24,YES,12.75,24,YES,15.94,24,YES,0.0,24,YES,0.0,24,YES,4.0,24,YES,35.0,24,YES,0.0,YES,True,True,True
2021-09-15,2021,24,YES,12.7,24,YES,15.92,24,YES,9.0,24,YES,11.0,24,YES,13.0,24,YES,4.0,24,YES,1.0,YES,True,True,True
2021-09-16,2021,24,YES,12.62,24,YES,15.94,24,YES,17.0,24,YES,21.0,24,YES,17.0,24,YES,10.0,24,YES,31.0,YES,True,True,True
2021-09-17,2021,24,YES,12.62,24,YES,19.93,24,YES,0.0,24,YES,0.0,24,YES,0.0,24,YES,0.0,24,YES,0.0,YES,True,True,True
2021-09-18,2021,24,YES,12.55,24,YES,15.92,24,YES,6.0,24,YES,9.0,24,YES,2.0,24,YES,4.0,24,YES,3.0,YES,True,True,True
2021-09-19,2021,24,YES,12.56,23,NO,,24,YES,4.0,24,YES,7.0,23,NO,,24,YES,4.0,24,YES,5.0,NO,False,False,False
2021-09-20,2021,24,YES,12.52,24,YES,15.92,24,YES,0.0,24,YES,3.0,24,YES,0.0,24,YES,0.0,24,YES,1.0,YES,False,False,False
2021-09-21,2021,24,YES,12.59,24,YES,15.92,24,YES,10.0,24,YES,4.0,24,YES,7.0,24,YES,0.0,24,YES,1.0,YES,True,False,False
2021-09-22,2021,24,YES,12.49,23,NO,,24,YES,0.0,24,YES,0.0,24,YES,0.0,24,YES,0.0,24,YES,0.0,NO,False,False,False
2021-09-23,2021,24,YES,12.47,23,NO,,24,YES,0.0,24,YES,0.0,24,YES,0.0,24,YES,0.0,24,YES,0.0,NO,False,False,False
2021-09-24,2021,24,YES,12.5,23,NO,,24,YES,0.0,24,YES,0.0,24,YES,0.0,24,YES,0.0,24,YES,0.0,NO,False,False,False
2021-09-25,2021,24,YES,12.41,24,YES,15.9,24,YES,0.0,24,YES,1.0,24,YES,0.0,24,YES,0.0,24,YES,0.0,YES,False,False,False
2021-09-26,2021,22,NO,,22,NO,,24,YES,1.0,24,YES,4.0,24,YES,5.0,24,YES,9.0,24,YES,3.0,NO,False,False,False
2021-09-27,2021,24,YES,12.93,24,YES,15.9,24,YES,9.0,24,YES,5.0,24,YES,0.0,24,YES,19.0,24,YES,1.0,YES,False,False,False
2021-09-28,2021,24,YES,12.58,23,NO,,24,YES,0.0,24,YES,2.0,24,YES,54.0,24,YES,27.0,24,YES,2.0,NO,False,False,False
2021-09-29,2021,24,YES,12.45,24,YES,16.09,24,YES,3.0,24,YES,6.0,24,YES,8.0,24,YES,0.0,24,YES,9.0,YES,False,False,False
2021-09-30,2021,24,YES,12.44,24,YES,15.98,24,YES,9.0,24,YES,14.0,24,YES,18.0,24,YES,13.0,24,YES,4.0,YES,True,False,False
2021-10-01,2021,24,YES,12.39,21,NO,,24,YES,0.0,24,YES,0.0,24,YES,0.0,24,YES,0.0,24,YES,0.0,NO,False,False,False
2021-10-02,2021,24,YES,12.73,23,NO,,24,YES,5.0,24,YES,11.0,24,YES,15.0,24,YES,7.0,24,YES,41.0,NO,False,False,False
2021-10-03,2021,24,YES,12.64,24,YES,15.93,24,YES,13.0,24,YES,21.0,24,YES,20.0,24,YES,37.0,24,YES,15.0,YES,False,False,False
2021-10-04,2021,24,YES,12.39,21,NO,,24,YES,3.0,24,YES,6.0,24,YES,4.0,24,YES,42.0,24,YES,5.0,NO,False,False,False
2021-10-05,2021,24,YES,13.12,23,NO,,24,YES,9.0,24,YES,10.0,24,YES,6.0,24,YES,5.0,24,YES,9.0,NO,False,False,False
2021-10-06,2021,24,YES,12.65,23,NO,,24,YES,1.0,24,YES,0.0,24,YES,0.0,24,YES,0.0,24,YES,0.0,NO,False,False,False
2021-10-07,2021,24,YES,12.49,24,YES,15.9,24,YES,0.0,24,YES,0.0,24,YES,0.0,24,YES,1.0,24,YES,0.0,YES,False,False,False
2021-10-08,2021,24,YES,12.42,23,NO,,24,YES,0.0,24,YES,0.0,24,YES,0.0,24,YES,0.0,24,YES,0.0,NO,False,False,False
2021-10-09,2021,24,YES,12.4,24,YES,15.91,24,YES,0.0,24,YES,1.0,24,YES,0.0,24,YES,0.0,24,YES,0.0,YES,False,False,False
2021-10-10,2021,24,YES,12.4,22,NO,,24,YES,4.0,24,YES,0.0,24,YES,0.0,24,YES,12.0,24,YES,2.0,NO,False,False,False
2021-10-11,2021,24,YES,12.42,22,NO,,24,YES,0.0,24,YES,4.0,24,YES,9.0,24,YES,7.0,24,YES,6.0,NO,False,False,False
2021-10-12,2021,24,YES,12.5,24,YES,15.9,24,YES,18.0,24,YES,29.0,24,YES,12.0,24,YES,14.0,24,YES,9.0,YES,False,False,False
2021-10-13,2021,24,YES,12.57,23,NO,,24,YES,14.0,24,YES,1.0,24,YES,9.0,24,YES,11.0,24,YES,29.0,NO,False,False,False
2021-10-14,2021,24,YES,12.6,21,NO,,24,YES,18.0,24,YES,35.0,24,YES,17.0,24,YES,9.0,24,YES,18.0,NO,False,False,False
2021-10-15,2021,24,YES,12.71,24,YES,16.23,24,YES,49.0,24,YES,2.0,24,YES,19.0,24,YES,2.0,24,YES,15.0,YES,False,False,False
2021-10-16,2021,24,YES,12.47,20,NO,,24,YES,0.0,24,YES,1.0,24,YES,0.0,24,YES,0.0,24,YES,0.0,NO,False,False,False
2021-10-17,2021,24,YES,12.4,24,YES,15.92,24,YES,1.0,24,YES,5.0,24,YES,0.0,24,YES,0.0,24,YES,1.0,YES,False,False,False
2021-10-18,2021,24,YES,12.38,22,NO,,24,YES,2.0,24,YES,5.0,24,YES,0.0,24,YES,0.0,24,YES,1.0,NO,False,False,False
2021-10-19,2021,24,YES,12.37,24,YES,15.9,24,YES,0.0,24,YES,0.0,24,YES,0.0,24,YES,0.0,24,YES,0.0,YES,False,False,False
2021-10-20,2021,24,YES,12.38,24,YES,15.9,24,YES,2.0,24,YES,4.0,24,YES,0.0,24,YES,0.0,24,YES,1.0,YES,True,False,False
2021-10-21,2021,24,YES,12.37,24,YES,15.9,24,YES,4.0,24,YES,1.0,24,YES,0.0,24,YES,0.0,24,YES,4.0,YES,True,True,False
2021-10-22,2021,24,YES,12.37,24,YES,15.9,24,YES,0.0,24,YES,0.0,24,YES,0.0,24,YES,0.0,24,YES,0.0,YES,True,True,True
2021-10-23,2021,24,YES,12.37,24,YES,15.9,24,YES,8.0,24,YES,16.0,24,YES,6.0,24,YES,4.0,24,YES,10.0,YES,True,True,True
2021-10-24,2021,24,YES,12.39,24,YES,15.9,24,YES,11.0,24,YES,14.0,24,YES,13.0,24,YES,13.0,24,YES,12.0,YES,True,True,True
2021-10-25,2021,24,YES,12.38,23,NO,,24,YES,5.0,24,YES,12.0,24,YES,1.0,24,YES,6.0,24,YES,4.0,NO,False,False,False
2021-10-26,2021,24,YES,12.39,24,YES,15.9,24,YES,0.0,24,YES,0.0,24,YES,10.0,24,YES,0.0,24,YES,0.0,YES,False,False,False
2021-10-27,2021,24,YES,12.37,24,YES,15.9,24,YES,0.0,24,YES,0.0,24,YES,0.0,24,YES,0.0,24,YES,0.0,YES,True,False,False
2021-10-28,2021,24,YES,0.0,24,YES,0.0,24,YES,0.0,24,YES,0.0,24,YES,0.0,24,YES,0.0,24,YES,0.0,YES,True,True,False
2021-10-29,2021,24,YES,0.0,24,YES,0.0,24,YES,0.0,24,YES,0.0,24,YES,0.0,24,YES,0.0,24,YES,0.0,YES,True,True,True
2021-10-30,2021,24,YES,0.0,24,YES,0.0,24,YES,0.0,24,YES,0.0,24,YES,0.0,24,YES,0.0,24,YES,0.0,YES,True,True,True
2021-10-31,2021,24,YES,0.0,24,YES,0.0,24,YES,0.0,24,YES,0.0,24,YES,0.0,24,YES,0.0,24,YES,0.0,YES,True,True,True
2021-11-01,2021,24,YES,12.36,24,YES,15.89,24,YES,1.0,24,YES,4.0,24,YES,0.0,24,YES,0.0,24,YES,0.0,YES,True,True,True
2021-11-02,2021,24,YES,12.36,23,NO,,24,YES,0.0,24,YES,1.0,24,YES,0.0,24,YES,0.0,24,YES,0.0,NO,False,False,False
2021-11-03,2021,24,YES,12.36,23,NO,,24,YES,0.0,24,YES,0.0,24,YES,0.0,24,YES,0.0,24,YES,0.0,NO,False,False,False
2021-11-04,2021,24,YES,12.36,23,NO,,24,YES,0.0,24,YES,0.0,23,NO,,24,YES,0.0,24,YES,0.0,NO,False,False,False
2021-11-05,2021,24,YES,12.36,24,YES,15.89,24,YES,2.0,24,YES,2.0,24,YES,0.0,24,YES,4.0,24,YES,0.0,YES,False,False,False
2021-11-06,2021,24,YES,12.36,23,NO,,24,YES,0.0,24,YES,4.0,24,YES,0.0,24,YES,10.0,24,YES,0.0,NO,False,False,False
2021-11-07,2021,24,YES,12.35,24,YES,15.89,24,YES,0.0,24,YES,0.0,24,YES,0.0,24,YES,0.0,24,YES,0.0,YES,False,False,False
2021-11-08,2021,24,YES,12.78,23,NO,,24,YES,8.0,24,YES,6.0,23,NO,,23,NO,,23,NO,,NO,False,False,False
2021-11-09,2021,24,YES,12.35,24,YES,15.91,24,YES,0.0,24,YES,0.0,24,YES,4.0,24,YES,0.0,24,YES,0.0,YES,False,False,False
2021-11-10,2021,24,YES,12.35,24,YES,15.89,24,YES,0.0,24,YES,0.0,24,YES,0.0,24,YES,0.0,24,YES,0.0,YES,True,False,False
2021-11-11,2021,24,YES,12.35,24,YES,15.88,24,YES,0.0,24,YES,0.0,24,YES,0.0,24,YES,0.0,24,YES,0.0,YES,True,True,False
2021-11-12,2021,24,YES,12.35,23,NO,,24,YES,0.0,24,YES,0.0,24,YES,0.0,24,YES,0.0,24,YES,0.0,NO,False,False,False
2021-11-13,2021,24,YES,12.35,24,YES,15.88,24,YES,0.0,24,YES,0.0,24,YES,0.0,24,YES,0.0,24,YES,0.0,YES,False,False,False
2021-11-14,2021,24,YES,12.34,24,YES,15.88,24,YES,1.0,24,YES,1.0,24,YES,0.0,24,YES,0.0,24,YES,0.0,YES,True,False,False
2021-11-15,2021,24,YES,12.341,24,YES,15.88,24,YES,3.0,24,YES,2.0,24,YES,11.0,24,YES,2.0,24,YES,5.0,YES,True,True,False
2021-11-16,2021,24,YES,12.34,20,NO,,24,YES,5.0,24,YES,16.0,24,YES,4.0,24,YES,14.0,24,YES,9.0,NO,False,False,False
2021-11-17,2021,24,YES,12.33,21,NO,,24,YES,1.0,24,YES,3.0,24,YES,0.0,24,YES,0.0,24,YES,0.0,NO,False,False,False
2021-11-18,2021,24,YES,12.33,21,NO,,24,YES,0.0,24,YES,0.0,19,NO,,21,NO,,22,NO,,NO,False,False,False
2021-11-19,2021,24,YES,12.33,23,NO,,24,YES,0.0,24,YES,0.0,24,YES,0.0,24,YES,0.0,24,YES,0.0,NO,False,False,False
2021-11-20,2021,24,YES,12.33,23,NO,,24,YES,2.0,24,YES,6.0,24,YES,3.0,24,YES,18.0,24,YES,3.0,NO,False,False,False
2021-11-21,2021,24,YES,12.38,24,YES,15.88,24,YES,0.0,24,YES,0.0,24,YES,6.0,24,YES,14.0,24,YES,0.0,YES,False,False,False
2021-11-22,2021,24,YES,12.33,22,NO,,24,YES,0.0,24,YES,4.0,23,NO,,23,NO,,24,YES,1.0,NO,False,False,False
2021-11-23,2021,24,YES,12.33,24,YES,15.88,24,YES,0.0,24,YES,0.0,24,YES,0.0,24,YES,0.0,24,YES,0.0,YES,False,False,False
2021-11-24,2021,24,YES,12.33,24,YES,15.88,24,YES,1.0,24,YES,1.0,24,YES,0.0,24,YES,0.0,24,YES,0.0,YES,True,False,False
2021-11-25,2021,24,YES,12.76,24,YES,15.88,24,YES,7.0,24,YES,14.0,24,YES,1.0,24,YES,8.0,24,YES,5.0,YES,True,True,False
2021-11-26,2021,24,YES,12.77,24,YES,15.88,24,YES,0.0,24,YES,0.0,24,YES,0.0,24,YES,0.0,24,YES,0.0,YES,True,True,True
2021-11-27,2021,24,YES,12.74,22,NO,,24,YES,0.0,24,YES,4.0,24,YES,1.0,24,YES,0.0,24,YES,0.0,NO,False,False,False
2021-11-28,2021,24,YES,12.79,24,YES,15.88,24,YES,16.0,24,YES,14.0,24,YES,8.0,24,YES,9.0,24,YES,14.0,YES,False,False,False
2021-11-29,2021,24,YES,12.83,24,YES,15.888,24,YES,0.0,24,YES,0.0,24,YES,0.0,24,YES,0.0,24,YES,0.0,YES,True,False,False
2021-11-30,2021,24,YES,12.74,24,YES,15.88,24,YES,3.0,24,YES,0.0,24,YES,0.0,24,YES,1.0,24,YES,0.0,YES,True,True,False
2021-12-01,2021,24,YES,12.73,24,YES,15.88,24,YES,0.0,24,YES,0.0,24,YES,0.0,24,YES,0.0,24,YES,0.0,YES,True,True,True
2021-12-02,2021,24,YES,12.71,23,NO,,24,YES,0.0,24,YES,0.0,24,YES,0.0,24,YES,0.0,24,YES,0.0,NO,False,False,False
2021-12-03,2021,24,YES,12.71,24,YES,15.88,24,YES,0.0,24,YES,0.0,24,YES,0.0,24,YES,0.0,24,YES,0.0,YES,False,False,False
2021-12-04,2021,24,YES,12.73,23,NO,,24,YES,0.0,24,YES,0.0,24,YES,0.0,24,YES,0.0,24,YES,0.0,NO,False,False,False
2021-12-05,2021,24,YES,12.7,23,NO,,24,YES,0.0,24,YES,0.0,24,YES,0.0,24,YES,0.0,24,YES,0.0,NO,False,False,False
2021-12-06,2021,24,YES,12.7,24,YES,15.88,24,YES,0.0,24,YES,0.0,24,YES,0.0,24,YES,0.0,24,YES,0.0,YES,False,False,False
2021-12-07,2021,24,YES,12.71,24,YES,15.88,24,YES,0.0,24,YES,0.0,24,YES,0.0,24,YES,0.0,24,YES,0.0,YES,True,False,False
2021-12-08,2021,24,YES,12.7,23,NO,,24,YES,0.0,24,YES,0.0,24,YES,0.0,24,YES,0.0,23,NO,,NO,False,False,False
2021-12-09,2021,24,YES,12.7,12,NO,,24,YES,0.0,24,YES,0.0,24,YES,0.0,24,YES,0.0,24,YES,0.0,NO,False,False,False
2021-12-10,2021,24,YES,12.9,8,NO,,24,YES,0.0,24,YES,0.0,24,YES,0.0,24,YES,0.0,24,YES,0.0,NO,False,False,False
2021-12-11,2021,24,YES,12.7,8,NO,,24,YES,0.0,24,YES,0.0,24,YES,0.0,24,YES,0.0,24,YES,0.0,NO,False,False,False
2021-12-12,2021,24,YES,12.7,19,NO,,24,YES,0.0,24,YES,0.0,22,NO,,24,YES,0.0,24,YES,0.0,NO,False,False,False
2021-12-13,2021,24,YES,12.9,21,NO,,24,YES,0.0,24,YES,0.0,21,NO,,24,YES,0.0,24,YES,0.0,NO,False,False,False
2021-12-14,2021,24,YES,12.69,22,NO,,24,YES,0.0,24,YES,0.0,24,YES,0.0,24,YES,0.0,24,YES,0.0,NO,False,False,False
2021-12-15,2021,24,YES,11.69,21,NO,,24,YES,0.0,24,YES,0.0,23,NO,,24,YES,0.0,24,YES,0.0,NO,False,False,False
2021-12-16,2021,24,YES,11.71,24,YES,15.874,24,YES,3.0,24,YES,8.0,24,YES,0.0,24,YES,0.0,24,YES,0.0,YES,False,False,False
2021-12-17,2021,24,YES,11.76,24,YES,15.87,24,YES,7.0,24,YES,12.0,24,YES,3.0,24,YES,3.0,24,YES,4.0,YES,True,False,False
2021-12-18,2021,24,YES,12.4,24,YES,16.07,24,YES,53.0,24,YES,56.0,24,YES,29.0,24,YES,24.0,24,YES,33.0,YES,True,True,False
2021-12-19,2021,24,YES,12.57,24,YES,16.05,24,YES,6.0,24,YES,1.0,24,YES,7.0,24,YES,3.0,24,YES,7.0,YES,True,True,True
2021-12-20,2021,24,YES,12.21,23,NO,,24,YES,1.0,24,YES,0.0,24,YES,0.0,24,YES,4.0,24,YES,2.0,NO,False,False,False
2021-12-21,2021,24,YES,12.08,23,NO,,24,YES,0.0,24,YES,0.0,24,YES,0.0,24,YES,0.0,24,YES,0.0,NO,False,False,False
2021-12-22,2021,24,YES,12.2,20,NO,,24,YES,37.0,24,YES,27.0,24,YES,0.0,24,YES,15.0,24,YES,2.0,NO,False,False,False
2021-12-23,2021,24,YES,12.09,23,NO,,24,YES,0.0,24,YES,0.0,24,YES,0.0,24,YES,0.0,24,YES,0.0,NO,False,False,False
2021-12-24,2021,24,YES,12.09,19,NO,,24,YES,2.0,24,YES,0.0,20,NO,,24,YES,0.0,24,YES,0.0,NO,False,False,False
2021-12-25,2021,0,NO,,0,NO,,24,YES,0.0,24,YES,0.0,24,YES,0.0,24,YES,0.0,24,YES,0.0,NO,False,False,False
2021-12-26,2021,24,YES,12.08,18,NO,,24,YES,4.0,24,YES,8.0,22,NO,,24,YES,8.0,24,YES,6.0,NO,False,False,False
2021-12-27,2021,24,YES,12.08,24,YES,15.87,24,YES,0.0,24,YES,0.0,24,YES,0.0,24,YES,0.0,24,YES,0.0,YES,False,False,False
2021-12-28,2021,24,YES,12.08,22,NO,,24,YES,0.0,24,YES,0.0,24,YES,1.0,24,YES,0.0,24,YES,0.0,NO,False,False,False
2021-12-29,2021,24,YES,12.08,24,YES,15.89,24,YES,0.0,24,YES,0.0,24,YES,0.0,24,YES,0.0,24,YES,0.0,YES,False,False,False
2021-12-30,2021,24,YES,12.08,24,YES,15.87,24,YES,0.0,24,YES,0.0,24,YES,0.0,24,YES,0.0,24,YES,0.0,YES,True,False,False
2021-12-31,2021,24,YES,0.0,24,YES,0.0,24,YES,0.0,24,YES,0.0,24,YES,0.0,24,YES,0.0,24,YES,0.0,YES,True,True,False
2022-01-01,2022,24,YES,12.08,24,YES,15.87,24,YES,0.0,24,YES,0.0,24,YES,0.0,24,YES,0.0,24,YES,0.0,YES,True,True,True
2022-01-02,2022,24,YES,12.071,24,YES,15.87,24,YES,0.0,24,YES,0.0,24,YES,0.0,24,YES,0.0,24,YES,0.0,YES,True,True,True
2022-01-03,2022,24,YES,12.07,23,NO,,24,YES,0.0,24,YES,0.0,22,NO,,24,YES,0.0,24,YES,0.0,NO,False,False,False
2022-01-04,2022,24,YES,12.07,22,NO,,24,YES,0.0,24,YES,0.0,24,YES,0.0,24,YES,0.0,24,YES,0.0,NO,False,False,False
2022-01-05,2022,24,YES,12.07,19,NO,,24,YES,0.0,24,YES,0.0,16,NO,,24,YES,0.0,24,YES,0.0,NO,False,False,False
2022-01-06,2022,24,YES,12.06,24,YES,15.87,24,YES,0.0,24,YES,0.0,24,YES,0.0,24,YES,0.0,24,YES,0.0,YES,False,False,False
2022-01-07,2022,23,NO,,21,NO,,24,YES,0.0,24,YES,0.0,23,NO,,24,YES,0.0,24,YES,0.0,NO,False,False,False
2022-01-08,2022,24,YES,12.06,21,NO,,24,YES,6.0,24,YES,10.0,24,YES,0.0,24,YES,0.0,23,NO,,NO,False,False,False
2022-01-09,2022,24,YES,12.06,13,NO,,24,YES,0.0,24,YES,0.0,16,NO,,24,YES,0.0,24,YES,0.0,NO,False,False,False
2022-01-10,2022,24,YES,12.06,21,NO,,24,YES,0.0,24,YES,0.0,20,NO,,24,YES,0.0,24,YES,0.0,NO,False,False,False
2022-01-11,2022,24,YES,12.05,24,YES,15.87,24,YES,0.0,24,YES,0.0,24,YES,0.0,24,YES,0.0,24,YES,0.0,YES,False,False,False
2022-01-12,2022,24,YES,12.05,20,NO,,24,YES,0.0,24,YES,0.0,21,NO,,24,YES,0.0,24,YES,0.0,NO,False,False,False
2022-01-13,2022,24,YES,12.05,23,NO,,24,YES,0.0,24,YES,0.0,19,NO,,24,YES,0.0,24,YES,0.0,NO,False,False,False
2022-01-14,2022,24,YES,12.64,23,NO,,24,YES,0.0,24,YES,0.0,22,NO,,24,YES,0.0,24,YES,0.0,NO,False,False,False
2022-01-15,2022,24,YES,12.4,23,NO,,24,YES,0.0,24,YES,0.0,23,NO,,24,YES,0.0,24,YES,0.0,NO,False,False,False
2022-01-16,2022,24,YES,12.04,23,NO,,24,YES,0.0,24,YES,0.0,24,YES,0.0,24,YES,0.0,24,YES,0.0,NO,False,False,False
2022-01-17,2022,24,YES,12.04,19,NO,,24,YES,0.0,24,YES,0.0,24,YES,0.0,24,YES,0.0,24,YES,0.0,NO,False,False,False
2022-01-18,2022,24,YES,12.04,22,NO,,24,YES,0.0,24,YES,0.0,23,NO,,24,YES,0.0,24,YES,0.0,NO,False,False,False
2022-01-19,2022,24,YES,12.03,17,NO,,24,YES,0.0,24,YES,0.0,14,NO,,24,YES,0.0,24,YES,0.0,NO,False,False,False
2022-01-20,2022,24,YES,12.03,23,NO,,24,YES,0.0,24,YES,0.0,23,NO,,24,YES,0.0,24,YES,0.0,NO,False,False,False
2022-01-21,2022,24,YES,12.03,18,NO,,24,YES,1.0,24,YES,2.0,24,YES,0.0,24,YES,0.0,24,YES,0.0,NO,False,False,False
2022-01-22,2022,24,YES,12.03,22,NO,,24,YES,0.0,24,YES,0.0,24,YES,0.0,24,YES,0.0,24,YES,0.0,NO,False,False,False
2022-01-23,2022,24,YES,12.03,22,NO,,24,YES,0.0,24,YES,0.0,21,NO,,24,YES,3.0,24,YES,0.0,NO,False,False,False
2022-01-24,2022,24,YES,12.02,22,NO,,24,YES,0.0,24,YES,0.0,23,NO,,24,YES,0.0,24,YES,0.0,NO,False,False,False
2022-01-25,2022,24,YES,12.02,24,YES,15.86,24,YES,0.0,24,YES,0.0,24,YES,0.0,24,YES,0.0,24,YES,0.0,YES,False,False,False
2022-01-26,2022,24,YES,12.02,23,NO,,24,YES,7.0,24,YES,11.0,22,NO,,24,YES,3.0,24,YES,7.0,NO,False,False,False
2022-01-27,2022,24,YES,12.02,19,NO,,24,YES,0.0,24,YES,0.0,24,YES,0.0,24,YES,0.0,24,YES,0.0,NO,False,False,False
2022-01-28,2022,24,YES,12.02,24,YES,15.86,24,YES,0.0,24,YES,0.0,24,YES,0.0,24,YES,0.0,24,YES,0.0,YES,False,False,False
2022-01-29,2022,24,YES,12.01,23,NO,,24,YES,0.0,24,YES,0.0,24,YES,0.0,24,YES,0.0,24,YES,0.0,NO,False,False,False
2022-01-30,2022,24,YES,12.01,24,YES,15.86,24,YES,0.0,24,YES,3.0,24,YES,1.0,24,YES,9.0,24,YES,11.0,YES,False,False,False
2022-01-31,2022,24,YES,12.01,24,YES,15.86,24,YES,0.0,24,YES,0.0,24,YES,0.0,24,YES,0.0,24,YES,0.0,YES,True,False,False
2022-02-01,2022,24,YES,12.01,19,NO,,24,YES,0.0,24,YES,0.0,22,NO,,22,NO,,24,YES,0.0,NO,False,False,False
2022-02-02,2022,24,YES,12.0,22,NO,,24,YES,0.0,24,YES,0.0,22,NO,,24,YES,0.0,24,YES,0.0,NO,False,False,False
2022-02-03,2022,24,YES,12.0,24,YES,15.86,24,YES,0.0,24,YES,0.0,24,YES,0.0,24,YES,0.0,24,YES,0.0,YES,False,False,False
2022-02-04,2022,24,YES,12.0,23,NO,,24,YES,0.0,24,YES,0.0,24,YES,0.0,24,YES,0.0,24,YES,0.0,NO,False,False,False
2022-02-05,2022,24,YES,12.0,23,NO,,24,YES,0.0,24,YES,0.0,24,YES,0.0,24,YES,0.0,24,YES,0.0,NO,False,False,False
2022-02-06,2022,24,YES,11.99,24,YES,15.86,24,YES,0.0,24,YES,0.0,24,YES,0.0,24,YES,0.0,24,YES,0.0,YES,False,False,False
2022-02-07,2022,24,YES,11.99,22,NO,,24,YES,0.0,24,YES,0.0,24,YES,0.0,24,YES,0.0,24,YES,0.0,NO,False,False,False
2022-02-08,2022,24,YES,11.99,24,YES,15.86,24,YES,0.0,24,YES,0.0,24,YES,0.0,24,YES,0.0,24,YES,0.0,YES,False,False,False
2022-02-09,2022,24,YES,11.99,22,NO,,24,YES,0.0,24,YES,0.0,24,YES,0.0,24,YES,0.0,24,YES,0.0,NO,False,False,False
2022-02-10,2022,24,YES,11.98,24,YES,15.86,24,YES,0.0,24,YES,0.0,24,YES,0.0,24,YES,0.0,24,YES,0.0,YES,False,False,False
2022-02-11,2022,24,YES,11.99,21,NO,,24,YES,0.0,24,YES,0.0,24,YES,0.0,24,YES,0.0,24,YES,0.0,NO,False,False,False
2022-02-12,2022,24,YES,11.98,24,YES,15.86,24,YES,0.0,24,YES,0.0,24,YES,0.0,24,YES,0.0,24,YES,0.0,YES,False,False,False
2022-02-13,2022,24,YES,11.98,23,NO,,24,YES,0.0,24,YES,1.0,24,YES,0.0,24,YES,0.0,24,YES,0.0,NO,False,False,False
2022-02-14,2022,24,YES,11.97,24,YES,15.86,24,YES,0.0,24,YES,1.0,24,YES,1.0,24,YES,0.0,24,YES,0.0,YES,False,False,False
2022-02-15,2022,24,YES,11.97,22,NO,,24,YES,0.0,24,YES,0.0,22,NO,,24,YES,0.0,24,YES,0.0,NO,False,False,False
2022-02-16,2022,24,YES,11.97,24,YES,15.86,24,YES,0.0,24,YES,0.0,24,YES,0.0,24,YES,0.0,24,YES,0.0,YES,False,False,False
2022-02-17,2022,24,YES,11.97,23,NO,,24,YES,0.0,24,YES,0.0,23,NO,,24,YES,0.0,24,YES,0.0,NO,False,False,False
2022-02-18,2022,24,YES,11.96,24,YES,15.86,24,YES,0.0,24,YES,0.0,24,YES,0.0,24,YES,0.0,24,YES,0.0,YES,False,False,False
2022-02-19,2022,24,YES,11.96,23,NO,,24,YES,0.0,24,YES,0.0,24,YES,0.0,24,YES,0.0,24,YES,0.0,NO,False,False,False
2022-02-20,2022,24,YES,11.96,23,NO,,24,YES,0.0,24,YES,0.0,24,YES,0.0,24,YES,0.0,24,YES,0.0,NO,False,False,False
2022-02-21,2022,24,YES,11.96,23,NO,,24,YES,0.0,24,YES,0.0,24,YES,0.0,24,YES,0.0,24,YES,0.0,NO,False,False,False
2022-02-22,2022,24,YES,11.95,24,YES,15.86,24,YES,11.0,24,YES,26.0,24,YES,5.0,24,YES,11.0,24,YES,10.0,YES,False,False,False
2022-02-23,2022,24,YES,11.95,23,NO,,24,YES,0.0,24,YES,0.0,24,YES,0.0,24,YES,0.0,24,YES,0.0,NO,False,False,False
2022-02-24,2022,24,YES,11.95,23,NO,,24,YES,0.0,24,YES,0.0,24,YES,0.0,24,YES,0.0,24,YES,0.0,NO,False,False,False
2022-02-25,2022,24,YES,11.95,24,YES,15.86,24,YES,2.0,24,YES,2.0,24,YES,0.0,24,YES,0.0,24,YES,0.0,YES,False,False,False
2022-02-26,2022,24,YES,11.95,24,YES,15.86,24,YES,0.0,24,YES,0.0,24,YES,0.0,24,YES,0.0,24,YES,0.0,YES,True,False,False
2022-02-27,2022,24,YES,11.94,24,YES,15.86,24,YES,0.0,24,YES,0.0,24,YES,0.0,24,YES,0.0,24,YES,0.0,YES,True,True,False
2022-02-28,2022,24,YES,11.94,24,YES,15.86,24,YES,0.0,24,YES,0.0,24,YES,0.0,24,YES,0.0,24,YES,0.0,YES,True,True,True
2022-03-01,2022,24,YES,11.94,24,YES,15.86,24,YES,0.0,24,YES,0.0,22,NO,,22,NO,,24,YES,0.0,NO,False,False,False
2022-03-02,2022,24,YES,11.93,22,NO,,24,YES,0.0,24,YES,0.0,22,NO,,24,YES,0.0,24,YES,0.0,NO,False,False,False
2022-03-03,2022,24,YES,11.93,22,NO,,24,YES,0.0,24,YES,0.0,21,NO,,24,YES,0.0,24,YES,0.0,NO,False,False,False
2022-03-04,2022,24,YES,11.93,23,NO,,24,YES,0.0,24,YES,0.0,23,NO,,24,YES,0.0,24,YES,0.0,NO,False,False,False
2022-03-05,2022,24,YES,11.93,24,YES,15.86,24,YES,0.0,24,YES,0.0,24,YES,0.0,24,YES,0.0,24,YES,0.0,YES,False,False,False
2022-03-06,2022,24,YES,11.92,23,NO,,24,YES,0.0,24,YES,0.0,24,YES,0.0,24,YES,0.0,24,YES,0.0,NO,False,False,False
2022-03-07,2022,24,YES,11.92,24,YES,15.86,24,YES,0.0,24,YES,0.0,24,YES,0.0,24,YES,0.0,24,YES,0.0,YES,False,False,False
2022-03-08,2022,24,YES,11.92,24,YES,15.86,24,YES,0.0,24,YES,0.0,24,YES,0.0,24,YES,0.0,24,YES,0.0,YES,True,False,False
2022-03-09,2022,24,YES,11.92,22,NO,,24,YES,0.0,24,YES,0.0,23,NO,,24,YES,0.0,24,YES,0.0,NO,False,False,False
2022-03-10,2022,24,YES,11.91,24,YES,15.86,24,YES,0.0,24,YES,0.0,23,NO,,24,YES,0.0,24,YES,0.0,NO,False,False,False
2022-03-11,2022,24,YES,11.91,23,NO,,24,YES,4.0,24,YES,0.0,24,YES,0.0,24,YES,5.0,24,YES,0.0,NO,False,False,False
2022-03-12,2022,24,YES,11.91,24,YES,15.87,24,YES,43.0,24,YES,44.0,24,YES,10.0,24,YES,18.0,24,YES,22.0,YES,False,False,False
2022-03-13,2022,24,YES,11.91,24,YES,15.86,24,YES,0.0,24,YES,1.0,24,YES,0.0,24,YES,0.0,24,YES,0.0,YES,True,False,False
2022-03-14,2022,24,YES,12.18,24,YES,15.86,24,YES,5.0,24,YES,4.0,24,YES,7.0,24,YES,0.0,24,YES,1.0,YES,True,True,False
2022-03-15,2022,24,YES,12.08,24,YES,16.03,24,YES,15.0,24,YES,14.0,22,NO,,24,YES,0.0,24,YES,1.0,NO,False,False,False
2022-03-16,2022,24,YES,12.08,23,NO,,24,YES,0.0,24,YES,1.0,24,YES,0.0,24,YES,0.0,24,YES,2.0,NO,False,False,False
2022-03-17,2022,24,YES,12.08,24,YES,15.86,24,YES,0.0,24,YES,0.0,23,NO,,24,YES,0.0,24,YES,0.0,NO,False,False,False
2022-03-18,2022,24,YES,12.07,24,YES,15.86,24,YES,0.0,24,YES,6.0,24,YES,0.0,24,YES,1.0,24,YES,24.0,YES,False,False,False
2022-03-19,2022,24,YES,12.09,24,YES,15.86,24,YES,22.0,24,YES,0.0,24,YES,23.0,24,YES,4.0,24,YES,14.0,YES,True,False,False
2022-03-20,2022,24,YES,12.08,23,NO,,24,YES,0.0,24,YES,0.0,24,YES,0.0,24,YES,0.0,24,YES,0.0,NO,False,False,False
2022-03-21,2022,24,YES,12.08,24,YES,15.86,24,YES,0.0,24,YES,0.0,24,YES,0.0,24,YES,0.0,24,YES,0.0,YES,False,False,False
2022-03-22,2022,24,YES,12.08,22,NO,,24,YES,0.0,24,YES,0.0,22,NO,,22,NO,,24,YES,0.0,NO,False,False,False
2022-03-23,2022,24,YES,12.07,23,NO,,24,YES,0.0,24,YES,0.0,24,YES,0.0,24,YES,2.0,24,YES,0.0,NO,False,False,False
2022-03-24,2022,24,YES,12.07,24,YES,15.86,24,YES,0.0,24,YES,0.0,23,NO,,24,YES,0.0,24,YES,0.0,NO,False,False,False
2022-03-25,2022,24,YES,12.07,23,NO,,24,YES,0.0,24,YES,0.0,24,YES,0.0,24,YES,0.0,24,YES,0.0,NO,False,False,False
2022-03-26,2022,24,YES,12.063,24,YES,15.86,24,YES,0.0,24,YES,0.0,24,YES,0.0,24,YES,0.0,24,YES,0.0,YES,False,False,False
2022-03-27,2022,24,YES,12.06,23,NO,,24,YES,0.0,24,YES,0.0,22,NO,,24,YES,0.0,24,YES,0.0,NO,False,False,False
2022-03-28,2022,24,YES,12.06,24,YES,15.86,24,YES,0.0,24,YES,0.0,24,YES,0.0,24,YES,0.0,24,YES,0.0,YES,False,False,False
2022-03-29,2022,24,YES,12.05,24,YES,15.86,24,YES,0.0,24,YES,1.0,24,YES,0.0,24,YES,0.0,24,YES,0.0,YES,True,False,False
2022-03-30,2022,24,YES,12.05,23,NO,,24,YES,0.0,24,YES,0.0,22,NO,,24,YES,0.0,24,YES,0.0,NO,False,False,False
2022-03-31,2022,24,YES,11.22,24,YES,15.86,24,YES,0.0,24,YES,0.0,24,YES,0.0,24,YES,0.0,24,YES,0.0,YES,False,False,False
2022-04-01,2022,24,YES,11.26,24,YES,15.86,24,YES,1.0,24,YES,2.0,22,NO,,22,NO,,24,YES,0.0,NO,False,False,False
2022-04-02,2022,24,YES,11.27,24,YES,15.86,24,YES,0.0,24,YES,0.0,24,YES,0.0,24,YES,0.0,24,YES,0.0,YES,False,False,False
2022-04-03,2022,24,YES,11.28,24,YES,15.86,24,YES,0.0,24,YES,0.0,24,YES,4.0,24,YES,2.0,24,YES,3.0,YES,True,False,False
2022-04-04,2022,24,YES,11.36,24,YES,15.95,24,YES,35.0,24,YES,46.0,24,YES,30.0,24,YES,27.0,24,YES,27.0,YES,True,True,False
2022-04-05,2022,24,YES,12.68,24,YES,16.06,24,YES,51.0,24,YES,69.0,24,YES,52.0,24,YES,56.0,24,YES,55.0,YES,True,True,True
2022-04-06,2022,24,YES,12.15,24,YES,15.86,24,YES,2.0,24,YES,3.0,24,YES,0.0,24,YES,0.0,24,YES,6.0,YES,True,True,True
2022-04-07,2022,24,YES,11.97,24,YES,15.86,24,YES,0.0,24,YES,0.0,24,YES,0.0,24,YES,0.0,24,YES,0.0,YES,True,True,True
2022-04-08,2022,24,YES,12.04,24,YES,15.93,24,YES,4.0,24,YES,5.0,24,YES,0.0,24,YES,2.0,24,YES,15.0,YES,True,True,True
2022-04-09,2022,24,YES,11.97,24,YES,15.86,24,YES,0.0,24,YES,0.0,24,YES,0.0,24,YES,0.0,24,YES,0.0,YES,True,True,True
2022-04-10,2022,24,YES,11.97,24,YES,15.86,24,YES,1.0,24,YES,2.0,24,YES,1.0,24,YES,0.0,24,YES,1.0,YES,True,True,True
2022-04-11,2022,24,YES,11.97,24,YES,15.86,24,YES,0.0,24,YES,0.0,24,YES,0.0,24,YES,0.0,24,YES,0.0,YES,True,True,True
2022-04-12,2022,24,YES,11.97,24,YES,15.86,24,YES,2.0,24,YES,8.0,24,YES,1.0,24,YES,3.0,24,YES,4.0,YES,True,True,True
2022-04-13,2022,24,YES,11.96,24,YES,15.86,24,YES,0.0,24,YES,0.0,24,YES,0.0,24,YES,0.0,24,YES,0.0,YES,True,True,True
2022-04-14,2022,24,YES,11.96,24,YES,15.86,24,YES,0.0,24,YES,0.0,24,YES,0.0,24,YES,0.0,24,YES,0.0,YES,True,True,True
2022-04-15,2022,24,YES,11.96,24,YES,15.86,24,YES,0.0,24,YES,0.0,22,NO,,24,YES,0.0,24,YES,0.0,NO,False,False,False
2022-04-16,2022,24,YES,11.95,23,NO,,24,YES,0.0,24,YES,0.0,24,YES,0.0,24,YES,2.0,24,YES,4.0,NO,False,False,False
2022-04-17,2022,24,YES,11.95,24,YES,15.86,24,YES,2.0,24,YES,1.0,23,NO,,24,YES,0.0,24,YES,0.0,NO,False,False,False
2022-04-18,2022,24,YES,11.94,24,YES,15.86,24,YES,0.0,24,YES,0.0,24,YES,0.0,24,YES,0.0,24,YES,0.0,YES,False,False,False
2022-04-19,2022,24,YES,11.94,24,YES,15.86,24,YES,0.0,24,YES,0.0,24,YES,0.0,24,YES,0.0,24,YES,0.0,YES,True,False,False
2022-04-20,2022,24,YES,11.93,24,YES,15.86,24,YES,0.0,24,YES,0.0,24,YES,0.0,24,YES,0.0,24,YES,0.0,YES,True,True,False
2022-04-21,2022,24,YES,11.93,24,YES,15.86,24,YES,0.0,24,YES,0.0,24,YES,14.0,24,YES,2.0,24,YES,7.0,YES,True,True,True
2022-04-22,2022,24,YES,11.93,24,YES,15.86,24,YES,0.0,24,YES,0.0,24,YES,0.0,24,YES,16.0,24,YES,0.0,YES,True,True,True
2022-04-23,2022,24,YES,11.932,24,YES,15.86,24,YES,0.0,24,YES,0.0,24,YES,0.0,24,YES,0.0,24,YES,0.0,YES,True,True,True
2022-04-24,2022,24,YES,11.93,24,YES,15.86,24,YES,1.0,24,YES,4.0,24,YES,0.0,24,YES,1.0,24,YES,1.0,YES,True,True,True
2022-04-25,2022,24,YES,11.92,24,YES,15.86,24,YES,0.0,24,YES,1.0,24,YES,0.0,24,YES,4.0,24,YES,0.0,YES,True,True,True
2022-04-26,2022,24,YES,11.92,24,YES,15.86,24,YES,0.0,24,YES,0.0,24,YES,0.0,24,YES,0.0,24,YES,0.0,YES,True,True,True
2022-04-27,2022,24,YES,11.92,24,YES,15.86,24,YES,7.0,24,YES,11.0,24,YES,1.0,24,YES,0.0,24,YES,3.0,YES,True,True,True
2022-04-28,2022,24,YES,11.92,24,YES,15.86,24,YES,0.0,24,YES,0.0,24,YES,0.0,24,YES,0.0,24,YES,0.0,YES,True,True,True
2022-04-29,2022,24,YES,11.92,24,YES,15.86,24,YES,0.0,24,YES,0.0,24,YES,0.0,24,YES,14.0,24,YES,0.0,YES,True,True,True
2022-04-30,2022,24,YES,11.91,24,YES,15.86,24,YES,0.0,24,YES,0.0,24,YES,0.0,24,YES,0.0,24,YES,0.0,YES,True,True,True
2022-05-01,2022,24,YES,11.91,23,NO,,24,YES,0.0,24,YES,0.0,22,NO,,22,NO,,24,YES,0.0,NO,False,False,False
2022-05-02,2022,24,YES,11.91,24,YES,15.86,24,YES,0.0,24,YES,0.0,22,NO,,24,YES,0.0,24,YES,0.0,NO,False,False,False
2022-05-03,2022,24,YES,11.91,24,YES,15.865,24,YES,0.0,24,YES,0.0,24,YES,0.0,24,YES,0.0,24,YES,0.0,YES,False,False,False
2022-05-04,2022,24,YES,11.9,24,YES,15.86,24,YES,0.0,24,YES,0.0,24,YES,0.0,24,YES,0.0,24,YES,0.0,YES,True,False,False
2022-05-05,2022,24,YES,11.9,24,YES,15.86,24,YES,0.0,24,YES,0.0,24,YES,0.0,24,YES,0.0,24,YES,0.0,YES,True,True,False
2022-05-06,2022,24,YES,12.18,24,YES,15.86,24,YES,0.0,24,YES,0.0,24,YES,19.0,24,YES,0.0,24,YES,0.0,YES,True,True,True
2022-05-07,2022,24,YES,11.97,24,YES,15.86,24,YES,0.0,24,YES,0.0,24,YES,0.0,24,YES,0.0,24,YES,0.0,YES,True,True,True
2022-05-08,2022,24,YES,11.97,24,YES,15.86,24,YES,0.0,24,YES,0.0,24,YES,0.0,24,YES,0.0,24,YES,0.0,YES,True,True,True
2022-05-09,2022,24,YES,11.97,24,YES,15.86,24,YES,0.0,24,YES,0.0,24,YES,0.0,24,YES,0.0,24,YES,0.0,YES,True,True,True
2022-05-10,2022,24,YES,11.96,24,YES,15.86,24,YES,0.0,24,YES,0.0,24,YES,0.0,24,YES,0.0,24,YES,0.0,YES,True,True,True
2022-05-11,2022,24,YES,11.96,24,YES,15.86,24,YES,0.0,24,YES,0.0,24,YES,0.0,24,YES,4.0,24,YES,0.0,YES,True,True,True
2022-05-12,2022,24,YES,11.96,24,YES,15.86,24,YES,0.0,24,YES,0.0,24,YES,0.0,24,YES,0.0,24,YES,0.0,YES,True,True,True
2022-05-13,2022,24,YES,11.95,24,YES,15.86,24,YES,0.0,24,YES,1.0,24,YES,0.0,24,YES,0.0,24,YES,0.0,YES,True,True,True
2022-05-14,2022,24,YES,11.95,24,YES,15.86,24,YES,36.0,24,YES,12.0,24,YES,1.0,24,YES,16.0,24,YES,0.0,YES,True,True,True
2022-05-15,2022,24,YES,11.95,24,YES,15.86,24,YES,8.0,24,YES,28.0,22,NO,,24,YES,32.0,24,YES,6.0,NO,False,False,False
2022-05-16,2022,24,YES,11.98,24,YES,15.86,24,YES,0.0,24,YES,16.0,24,YES,5.0,24,YES,12.0,24,YES,0.0,YES,False,False,False
2022-05-17,2022,24,YES,12.86,23,NO,,24,YES,4.0,24,YES,2.0,23,NO,,24,YES,24.0,24,YES,18.0,NO,False,False,False
2022-05-18,2022,24,YES,11.98,24,YES,15.86,24,YES,21.0,24,YES,19.0,24,YES,5.0,24,YES,22.0,24,YES,2.0,YES,False,False,False
2022-05-19,2022,24,YES,11.97,24,YES,15.86,24,YES,11.0,24,YES,3.0,24,YES,1.0,24,YES,6.0,24,YES,6.0,YES,True,False,False
2022-05-20,2022,24,YES,11.97,24,YES,15.86,24,YES,5.0,24,YES,4.0,24,YES,10.0,24,YES,18.0,24,YES,7.0,YES,True,True,False
2022-05-21,2022,24,YES,11.97,24,YES,15.86,24,YES,0.0,24,YES,0.0,24,YES,0.0,24,YES,0.0,24,YES,0.0,YES,True,True,True
2022-05-22,2022,24,YES,12.99,24,YES,16.61,24,YES,86.0,24,YES,87.0,24,YES,23.0,24,YES,34.0,24,YES,55.0,YES,True,True,True
2022-05-23,2022,24,YES,12.46,24,YES,16.01,24,YES,1.0,24,YES,5.0,24,YES,23.0,24,YES,4.0,24,YES,13.0,YES,True,True,True
2022-05-24,2022,24,YES,11.99,24,YES,15.86,24,YES,0.0,24,YES,0.0,24,YES,0.0,24,YES,0.0,24,YES,0.0,YES,True,True,True
2022-05-25,2022,24,YES,11.56,24,YES,15.86,24,YES,0.0,24,YES,0.0,24,YES,0.0,24,YES,0.0,24,YES,0.0,YES,True,True,True
2022-05-26,2022,24,YES,11.96,24,YES,15.86,24,YES,0.0,24,YES,1.0,24,YES,17.0,24,YES,5.0,24,YES,1.0,YES,True,True,True
2022-05-27,2022,24,YES,11.93,24,YES,15.869,24,YES,0.0,24,YES,0.0,24,YES,0.0,24,YES,7.0,24,YES,0.0,YES,True,True,True
2022-05-28,2022,24,YES,11.92,24,YES,15.86,24,YES,3.0,24,YES,10.0,24,YES,2.0,24,YES,0.0,24,YES,1.0,YES,True,True,True
2022-05-29,2022,24,YES,11.91,24,YES,15.86,24,YES,1.0,24,YES,2.0,24,YES,0.0,24,YES,0.0,24,YES,0.0,YES,True,True,True
2022-05-30,2022,24,YES,11.9,24,YES,15.86,24,YES,3.0,24,YES,0.0,24,YES,0.0,24,YES,0.0,24,YES,2.0,YES,True,True,True
2022-05-31,2022,24,YES,12.37,24,YES,15.89,24,YES,3.0,24,YES,3.0,24,YES,5.0,24,YES,1.0,24,YES,4.0,YES,True,True,True
2022-06-01,2022,24,YES,11.45,23,NO,,24,YES,1.0,24,YES,1.0,24,YES,1.0,24,YES,3.0,24,YES,2.0,NO,False,False,False
2022-06-02,2022,24,YES,11.46,24,YES,15.86,24,YES,1.0,24,YES,0.0,22,NO,,24,YES,1.0,24,YES,0.0,NO,False,False,False
2022-06-03,2022,24,YES,11.43,24,YES,15.86,24,YES,0.0,24,YES,0.0,24,YES,0.0,24,YES,0.0,24,YES,0.0,YES,False,False,False
2022-06-04,2022,24,YES,11.44,24,YES,15.86,24,YES,0.0,24,YES,6.0,24,YES,0.0,24,YES,15.0,24,YES,0.0,YES,True,False,False
2022-06-05,2022,24,YES,11.45,23,NO,,24,YES,0.0,24,YES,1.0,24,YES,1.0,24,YES,0.0,24,YES,0.0,NO,False,False,False
2022-06-06,2022,24,YES,11.41,23,NO,,24,YES,1.0,24,YES,32.0,24,YES,0.0,24,YES,11.0,24,YES,1.0,NO,False,False,False
2022-06-07,2022,24,YES,11.4,24,YES,15.86,24,YES,0.0,24,YES,0.0,24,YES,0.0,24,YES,0.0,24,YES,0.0,YES,False,False,False
2022-06-08,2022,24,YES,11.52,24,YES,15.86,24,YES,14.0,24,YES,9.0,24,YES,0.0,24,YES,10.0,24,YES,2.0,YES,True,False,False
2022-06-09,2022,24,YES,11.35,24,YES,15.86,24,YES,0.0,24,YES,0.0,24,YES,0.0,24,YES,0.0,24,YES,0.0,YES,True,True,False
2022-06-10,2022,24,YES,11.31,24,YES,15.86,24,YES,0.0,24,YES,0.0,24,YES,0.0,24,YES,0.0,24,YES,0.0,YES,True,True,True
2022-06-11,2022,24,YES,11.37,19,NO,,24,YES,3.0,24,YES,0.0,24,YES,2.0,24,YES,23.0,24,YES,0.0,NO,False,False,False
2022-06-12,2022,24,YES,11.46,24,YES,15.86,24,YES,2.0,24,YES,0.0,24,YES,11.0,24,YES,0.0,24,YES,21.0,YES,False,False,False
2022-06-13,2022,24,YES,11.68,22,NO,,24,YES,31.0,24,YES,38.0,24,YES,18.0,24,YES,1.0,24,YES,54.0,NO,False,False,False
2022-06-14,2022,24,YES,11.57,24,YES,15.86,24,YES,6.0,24,YES,0.0,24,YES,7.0,24,YES,12.0,24,YES,1.0,YES,False,False,False
2022-06-15,2022,24,YES,11.89,24,YES,16.19,24,YES,5.0,24,YES,1.0,22,NO,,24,YES,27.0,24,YES,7.0,NO,False,False,False
2022-06-16,2022,24,YES,11.61,24,YES,15.86,24,YES,0.0,24,YES,29.0,24,YES,10.0,24,YES,0.0,24,YES,0.0,YES,False,False,False
2022-06-17,2022,24,YES,11.52,24,YES,15.87,24,YES,0.0,24,YES,0.0,23,NO,,24,YES,0.0,24,YES,0.0,NO,False,False,False
2022-06-18,2022,24,YES,11.51,24,YES,15.86,24,YES,0.0,24,YES,6.0,24,YES,1.0,24,YES,7.0,24,YES,0.0,YES,False,False,False
2022-06-19,2022,24,YES,12.54,21,NO,,24,YES,56.0,24,YES,0.0,24,YES,11.0,24,YES,1.0,24,YES,0.0,NO,False,False,False
2022-06-20,2022,24,YES,11.68,23,NO,,24,YES,0.0,24,YES,3.0,24,YES,6.0,24,YES,3.0,24,YES,7.0,NO,False,False,False
2022-06-21,2022,24,YES,11.43,24,YES,15.87,24,YES,0.0,24,YES,1.0,24,YES,0.0,24,YES,0.0,24,YES,0.0,YES,False,False,False
2022-06-22,2022,24,YES,12.58,24,YES,16.33,24,YES,25.0,24,YES,27.0,24,YES,75.0,24,YES,28.0,24,YES,50.0,YES,True,False,False
2022-06-23,2022,24,YES,11.74,23,NO,,24,YES,0.0,24,YES,0.0,23,NO,,24,YES,0.0,24,YES,0.0,NO,False,False,False
2022-06-24,2022,24,YES,11.43,22,NO,,24,YES,0.0,24,YES,0.0,24,YES,0.0,24,YES,0.0,24,YES,0.0,NO,False,False,False
2022-06-25,2022,24,YES,11.4,23,NO,,24,YES,0.0,24,YES,0.0,24,YES,0.0,24,YES,0.0,24,YES,0.0,NO,False,False,False
2022-06-26,2022,24,YES,11.39,24,YES,15.87,24,YES,9.0,24,YES,10.0,24,YES,1.0,24,YES,4.0,24,YES,4.0,YES,False,False,False
2022-06-27,2022,24,YES,11.42,24,YES,15.87,24,YES,1.0,24,YES,41.0,24,YES,0.0,24,YES,0.0,24,YES,0.0,YES,True,False,False
2022-06-28,2022,24,YES,11.98,24,YES,15.87,24,YES,0.0,24,YES,2.0,24,YES,25.0,24,YES,1.0,24,YES,0.0,YES,True,True,False
2022-06-29,2022,24,YES,13.34,18,NO,,24,YES,8.0,24,YES,14.0,24,YES,11.0,24,YES,7.0,24,YES,5.0,NO,False,False,False
2022-06-30,2022,24,YES,11.84,22,NO,,24,YES,21.0,24,YES,6.0,24,YES,8.0,24,YES,36.0,24,YES,13.0,NO,False,False,False
2022-07-01,2022,24,YES,11.6,22,NO,,24,YES,0.0,24,YES,0.0,24,YES,4.0,24,YES,5.0,24,YES,4.0,NO,False,False,False
2022-07-02,2022,24,YES,11.58,22,NO,,24,YES,0.0,24,YES,0.0,22,NO,,24,YES,0.0,24,YES,0.0,NO,False,False,False
2022-07-03,2022,24,YES,11.52,24,YES,15.897,24,YES,0.0,24,YES,0.0,24,YES,0.0,24,YES,0.0,24,YES,0.0,YES,False,False,False
2022-07-04,2022,24,YES,11.78,24,YES,15.87,24,YES,1.0,24,YES,10.0,24,YES,12.0,24,YES,29.0,24,YES,3.0,YES,True,False,False
2022-07-05,2022,24,YES,11.64,24,YES,15.87,24,YES,1.0,24,YES,0.0,24,YES,9.0,24,YES,7.0,24,YES,9.0,YES,True,True,False
2022-07-06,2022,24,YES,11.52,21,NO,,24,YES,22.0,24,YES,20.0,22,NO,,24,YES,3.0,24,YES,3.0,NO,False,False,False
2022-07-07,2022,24,YES,12.66,23,NO,,24,YES,9.0,24,YES,13.0,22,NO,,24,YES,64.0,22,NO,,NO,False,False,False
2022-07-08,2022,24,YES,11.59,23,NO,,24,YES,2.0,24,YES,4.0,24,YES,3.0,24,YES,0.0,24,YES,3.0,NO,False,False,False
2022-07-09,2022,24,YES,11.52,23,NO,,24,YES,1.0,24,YES,1.0,24,YES,2.0,24,YES,0.0,24,YES,0.0,NO,False,False,False
2022-07-10,2022,24,YES,11.51,23,NO,,24,YES,0.0,24,YES,0.0,23,NO,,24,YES,0.0,24,YES,1.0,NO,False,False,False
2022-07-11,2022,24,YES,11.55,23,NO,,24,YES,1.0,24,YES,0.0,24,YES,0.0,24,YES,2.0,24,YES,0.0,NO,False,False,False
2022-07-12,2022,24,YES,12.17,23,NO,,24,YES,11.0,24,YES,33.0,23,NO,,24,YES,78.0,24,YES,11.0,NO,False,False,False
2022-07-13,2022,24,YES,12.04,24,YES,15.87,24,YES,1.0,24,YES,3.0,24,YES,0.0,24,YES,0.0,24,YES,1.0,YES,False,False,False
2022-07-14,2022,24,YES,11.73,21,NO,,24,YES,0.0,24,YES,2.0,23,NO,,24,YES,0.0,24,YES,0.0,NO,False,False,False
2022-07-15,2022,24,YES,12.32,22,NO,,24,YES,0.0,24,YES,0.0,21,NO,,24,YES,33.0,24,YES,0.0,NO,False,False,False
2022-07-16,2022,24,YES,13.79,23,NO,,24,YES,1.0,24,YES,5.0,24,YES,67.0,24,YES,47.0,24,YES,15.0,NO,False,False,False
2022-07-17,2022,23,NO,,22,NO,,24,YES,17.0,24,YES,35.0,23,NO,,24,YES,4.0,24,YES,7.0,NO,False,False,False
2022-07-18,2022,24,YES,12.12,23,NO,,24,YES,6.0,24,YES,3.0,24,YES,13.0,24,YES,7.0,24,YES,4.0,NO,False,False,False
2022-07-19,2022,24,YES,11.72,24,YES,15.87,24,YES,0.0,24,YES,1.0,24,YES,0.0,24,YES,0.0,24,YES,0.0,YES,False,False,False
2022-07-20,2022,23,NO,,22,NO,,24,YES,22.0,24,YES,30.0,24,YES,12.0,24,YES,35.0,24,YES,17.0,NO,False,False,False
2022-07-21,2022,24,YES,12.14,24,YES,15.87,24,YES,3.0,24,YES,4.0,24,YES,4.0,24,YES,2.0,24,YES,4.0,YES,False,False,False
2022-07-22,2022,24,YES,11.76,24,YES,15.87,24,YES,8.0,24,YES,0.0,24,YES,0.0,24,YES,1.0,24,YES,2.0,YES,True,False,False
2022-07-23,2022,24,YES,12.18,24,YES,15.87,24,YES,4.0,24,YES,1.0,24,YES,23.0,24,YES,3.0,24,YES,4.0,YES,True,True,False
2022-07-24,2022,24,YES,11.65,24,YES,15.87,24,YES,1.0,24,YES,0.0,24,YES,0.0,24,YES,0.0,24,YES,1.0,YES,True,True,True
2022-07-25,2022,24,YES,11.82,24,YES,15.87,24,YES,0.0,24,YES,0.0,24,YES,1.0,24,YES,0.0,24,YES,33.0,YES,True,True,True
2022-07-26,2022,24,YES,11.71,24,YES,15.95,24,YES,21.0,24,YES,6.0,24,YES,2.0,24,YES,1.0,24,YES,11.0,YES,True,True,True
2022-07-27,2022,24,YES,11.73,24,YES,15.87,24,YES,2.0,24,YES,0.0,24,YES,0.0,24,YES,19.0,24,YES,3.0,YES,True,True,True
2022-07-28,2022,24,YES,12.03,24,YES,15.87,24,YES,0.0,24,YES,0.0,24,YES,0.0,24,YES,0.0,24,YES,0.0,YES,True,True,True
2022-07-29,2022,24,YES,12.04,24,YES,15.87,24,YES,1.0,24,YES,3.0,24,YES,8.0,24,YES,9.0,24,YES,2.0,YES,True,True,True
2022-07-30,2022,23,NO,,24,YES,17.26,24,YES,59.0,24,YES,54.0,24,YES,47.0,24,YES,30.0,24,YES,71.0,NO,False,False,False
2022-07-31,2022,24,YES,12.86,23,NO,,24,YES,19.0,24,YES,4.0,24,YES,2.0,24,YES,37.0,22,NO,,NO,False,False,False
2022-08-01,2022,24,YES,14.92,23,NO,,24,YES,19.0,24,YES,51.0,24,YES,27.0,24,YES,153.0,24,YES,45.0,NO,False,False,False
2022-08-02,2022,24,YES,13.36,23,NO,,24,YES,0.0,24,YES,0.0,22,NO,,24,YES,0.0,24,YES,1.0,NO,False,False,False
2022-08-03,2022,24,YES,12.06,24,YES,15.88,24,YES,0.0,24,YES,0.0,24,YES,0.0,24,YES,0.0,24,YES,0.0,YES,False,False,False
2022-08-04,2022,24,YES,12.94,24,YES,16.42,24,YES,52.0,24,YES,46.0,24,YES,50.0,24,YES,49.0,24,YES,35.0,YES,True,False,False
2022-08-05,2022,18,NO,,18,NO,,24,YES,17.0,24,YES,30.0,24,YES,31.0,24,YES,36.0,24,YES,16.0,NO,False,False,False
2022-08-06,2022,24,YES,13.28,24,YES,16.31,24,YES,6.0,24,YES,0.0,24,YES,16.0,24,YES,6.0,24,YES,17.0,YES,False,False,False
2022-08-07,2022,24,YES,12.91,24,YES,15.94,24,YES,13.0,24,YES,10.0,24,YES,13.0,24,YES,23.0,24,YES,15.0,YES,True,False,False
2022-08-08,2022,24,YES,12.38,24,YES,15.88,24,YES,2.0,24,YES,0.0,24,YES,6.0,24,YES,2.0,24,YES,2.0,YES,True,True,False
2022-08-09,2022,24,YES,12.09,24,YES,15.88,24,YES,0.0,24,YES,0.0,24,YES,0.0,24,YES,0.0,24,YES,0.0,YES,True,True,True
2022-08-10,2022,23,NO,,23,NO,,24,YES,0.0,24,YES,0.0,24,YES,0.0,24,YES,0.0,24,YES,0.0,NO,False,False,False
2022-08-11,2022,24,YES,11.96,24,YES,15.88,24,YES,1.0,24,YES,0.0,24,YES,0.0,24,YES,7.0,24,YES,0.0,YES,False,False,False
2022-08-12,2022,22,NO,,22,NO,,24,YES,9.0,24,YES,25.0,24,YES,0.0,24,YES,53.0,24,YES,6.0,NO,False,False,False
2022-08-13,2022,24,YES,13.41,24,YES,16.34,24,YES,7.0,24,YES,3.0,24,YES,50.0,24,YES,12.0,24,YES,21.0,YES,False,False,False
2022-08-14,2022,24,YES,13.3,24,YES,16.31,24,YES,8.0,24,YES,0.0,24,YES,58.0,24,YES,3.0,24,YES,6.0,YES,True,False,False
2022-08-15,2022,16,NO,,16,NO,,24,YES,19.0,24,YES,23.0,23,NO,,24,YES,9.0,24,YES,17.0,NO,False,False,False
2022-08-16,2022,23,NO,,23,NO,,24,YES,0.0,24,YES,0.0,24,YES,0.0,24,YES,0.0,24,YES,0.0,NO,False,False,False
2022-08-17,2022,23,NO,,24,YES,15.88,24,YES,13.0,24,YES,12.0,23,NO,,24,YES,0.0,24,YES,1.0,NO,False,False,False
2022-08-18,2022,24,YES,12.07,24,YES,15.88,24,YES,0.0,24,YES,0.0,24,YES,0.0,24,YES,2.0,24,YES,0.0,YES,False,False,False
2022-08-19,2022,24,YES,12.01,24,YES,15.88,24,YES,11.0,24,YES,0.0,24,YES,1.0,24,YES,0.0,24,YES,0.0,YES,True,False,False
2022-08-20,2022,24,YES,12.37,24,YES,15.88,24,YES,0.0,24,YES,0.0,24,YES,32.0,24,YES,5.0,24,YES,0.0,YES,True,True,False
2022-08-21,2022,24,YES,12.1,24,YES,15.95,24,YES,2.0,24,YES,0.0,24,YES,8.0,24,YES,0.0,24,YES,8.0,YES,True,True,True
2022-08-22,2022,23,NO,,24,YES,16.04,24,YES,37.0,24,YES,63.0,24,YES,9.0,24,YES,31.0,24,YES,20.0,NO,False,False,False
2022-08-23,2022,24,YES,15.5,24,YES,18.1,24,YES,52.0,24,YES,62.0,24,YES,74.0,24,YES,86.0,24,YES,53.0,YES,False,False,False
2022-08-24,2022,24,YES,14.06,23,NO,,24,YES,0.0,24,YES,0.0,24,YES,1.0,24,YES,0.0,24,YES,0.0,NO,False,False,False
2022-08-25,2022,24,YES,12.58,24,YES,15.88,24,YES,0.0,24,YES,0.0,24,YES,0.0,24,YES,0.0,24,YES,0.0,YES,False,False,False
2022-08-26,2022,17,NO,,16,NO,,24,YES,0.0,24,YES,0.0,24,YES,0.0,24,YES,0.0,24,YES,4.0,NO,False,False,False
2022-08-27,2022,24,YES,12.11,24,YES,15.87,24,YES,2.0,24,YES,4.0,24,YES,0.0,24,YES,0.0,24,YES,1.0,YES,False,False,False
2022-08-28,2022,23,NO,,17,NO,,24,YES,8.0,24,YES,0.0,22,NO,,24,YES,3.0,24,YES,2.0,NO,False,False,False
2022-08-29,2022,23,NO,,23,NO,,24,YES,33.0,24,YES,4.0,24,YES,35.0,22,NO,,24,YES,16.0,NO,False,False,False
2022-08-30,2022,24,YES,12.1,24,YES,15.87,24,YES,4.0,24,YES,2.0,24,YES,1.0,24,YES,2.0,24,YES,3.0,YES,False,False,False
2022-08-31,2022,24,YES,12.31,24,YES,15.87,24,YES,2.0,24,YES,1.0,24,YES,2.0,24,YES,9.0,24,YES,0.0,YES,True,False,False
2022-09-01,2022,24,YES,11.99,21,NO,,24,YES,9.0,24,YES,2.0,19,NO,,22,NO,,24,YES,0.0,NO,False,False,False
2022-09-02,2022,24,YES,12.18,24,YES,15.87,24,YES,19.0,24,YES,16.0,24,YES,3.0,24,YES,5.0,24,YES,7.0,YES,False,False,False
2022-09-03,2022,24,YES,13.41,24,YES,16.54,24,YES,56.0,24,YES,39.0,24,YES,60.0,24,YES,48.0,24,YES,48.0,YES,True,False,False
2022-09-04,2022,16,NO,,15,NO,,24,YES,4.0,24,YES,3.0,24,YES,16.0,24,YES,8.0,24,YES,6.0,NO,False,False,False
2022-09-05,2022,24,YES,12.31,24,YES,15.89,24,YES,1.0,24,YES,0.0,24,YES,1.0,24,YES,0.0,24,YES,0.0,YES,False,False,False
2022-09-06,2022,24,YES,12.2,24,YES,15.88,24,YES,0.0,24,YES,0.0,24,YES,1.0,24,YES,0.0,23,NO,,NO,False,False,False
2022-09-07,2022,24,YES,12.09,24,YES,15.88,24,YES,0.0,24,YES,0.0,24,YES,0.0,24,YES,0.0,24,YES,0.0,YES,False,False,False
2022-09-08,2022,24,YES,12.17,24,YES,15.88,24,YES,23.0,24,YES,14.0,24,YES,1.0,24,YES,17.0,24,YES,1.0,YES,True,False,False
2022-09-09,2022,24,YES,13.4,24,YES,16.37,24,YES,0.0,24,YES,13.0,24,YES,1.0,24,YES,7.0,24,YES,2.0,YES,True,True,False
2022-09-10,2022,24,YES,14.1,24,YES,16.82,24,YES,49.0,24,YES,51.0,24,YES,38.0,24,YES,43.0,24,YES,41.0,YES,True,True,True
2022-09-11,2022,24,YES,12.54,24,YES,15.89,24,YES,0.0,24,YES,1.0,24,YES,0.0,24,YES,5.0,24,YES,0.0,YES,True,True,True
2022-09-12,2022,24,YES,12.27,23,NO,,24,YES,2.0,24,YES,7.0,23,NO,,24,YES,0.0,24,YES,1.0,NO,False,False,False
2022-09-13,2022,24,YES,12.11,24,YES,15.89,24,YES,0.0,24,YES,0.0,24,YES,0.0,24,YES,0.0,24,YES,0.0,YES,False,False,False
2022-09-14,2022,24,YES,12.05,24,YES,15.89,24,YES,1.0,24,YES,2.0,24,YES,2.0,24,YES,0.0,24,YES,0.0,YES,True,False,False
2022-09-15,2022,24,YES,12.02,24,YES,15.88,24,YES,0.0,24,YES,0.0,24,YES,0.0,24,YES,0.0,24,YES,0.0,YES,True,True,False
2022-09-16,2022,23,NO,,24,YES,15.88,24,YES,1.0,24,YES,4.0,24,YES,0.0,24,YES,11.0,24,YES,0.0,NO,False,False,False
2022-09-17,2022,24,YES,12.08,24,YES,15.88,24,YES,2.0,24,YES,8.0,24,YES,6.0,24,YES,10.0,24,YES,3.0,YES,False,False,False
2022-09-18,2022,24,YES,12.03,24,YES,15.88,24,YES,3.0,24,YES,2.0,24,YES,9.0,24,YES,2.0,24,YES,4.0,YES,True,False,False
2022-09-19,2022,24,YES,12.74,24,YES,15.88,24,YES,22.0,24,YES,19.0,24,YES,31.0,24,YES,74.0,24,YES,22.0,YES,True,True,False
2022-09-20,2022,24,YES,13.13,24,YES,16.74,24,YES,25.0,24,YES,11.0,24,YES,1.0,24,YES,1.0,24,YES,18.0,YES,True,True,True
2022-09-21,2022,24,YES,12.33,24,YES,15.89,24,YES,24.0,24,YES,23.0,24,YES,9.0,24,YES,8.0,24,YES,14.0,YES,True,True,True
2022-09-22,2022,24,YES,12.51,24,YES,15.88,24,YES,10.0,24,YES,3.0,24,YES,7.0,24,YES,13.0,24,YES,5.0,YES,True,True,True
2022-09-23,2022,24,YES,13.75,23,NO,,24,YES,2.0,24,YES,63.0,24,YES,17.0,24,YES,21.0,24,YES,9.0,NO,False,False,False
2022-09-24,2022,24,YES,12.71,24,YES,15.89,24,YES,1.0,24,YES,2.0,24,YES,0.0,24,YES,0.0,24,YES,0.0,YES,False,False,False
2022-09-25,2022,24,YES,18.44,24,YES,21.13,24,YES,164.0,24,YES,164.0,24,YES,90.0,24,YES,124.0,24,YES,103.0,YES,True,False,False
2022-09-26,2022,24,YES,16.57,24,YES,18.89,24,YES,2.0,24,YES,6.0,24,YES,0.0,24,YES,0.0,24,YES,0.0,YES,True,True,False
2022-09-27,2022,24,YES,14.04,23,NO,,24,YES,57.0,24,YES,5.0,24,YES,21.0,24,YES,4.0,24,YES,41.0,NO,False,False,False
2022-09-28,2022,24,YES,13.36,24,YES,16.091,24,YES,9.0,24,YES,24.0,24,YES,8.0,24,YES,6.0,24,YES,9.0,YES,False,False,False
2022-09-29,2022,24,YES,13.43,24,YES,16.33,24,YES,4.0,24,YES,1.0,24,YES,6.0,24,YES,3.0,24,YES,0.0,YES,True,False,False
2022-09-30,2022,24,YES,12.52,24,YES,15.9,24,YES,4.0,24,YES,0.0,23,NO,,24,YES,13.0,24,YES,5.0,NO,False,False,False
2022-10-01,2022,24,YES,12.39,24,YES,15.89,24,YES,1.0,24,YES,2.0,22,NO,,22,NO,,24,YES,1.0,NO,False,False,False
2022-10-02,2022,24,YES,12.31,24,YES,15.89,24,YES,3.0,24,YES,7.0,22,NO,,24,YES,5.0,24,YES,3.0,NO,False,False,False
2022-10-03,2022,24,YES,12.58,24,YES,15.89,24,YES,3.0,24,YES,2.0,24,YES,3.0,24,YES,3.0,24,YES,3.0,YES,False,False,False
2022-10-04,2022,24,YES,12.25,24,YES,15.89,24,YES,0.0,24,YES,0.0,24,YES,0.0,24,YES,0.0,24,YES,0.0,YES,True,False,False
2022-10-05,2022,24,YES,12.2,24,YES,15.89,24,YES,2.0,24,YES,0.0,24,YES,0.0,24,YES,0.0,24,YES,2.0,YES,True,True,False
2022-10-06,2022,24,YES,12.18,24,YES,15.89,24,YES,0.0,24,YES,1.0,24,YES,0.0,24,YES,0.0,24,YES,0.0,YES,True,True,True
2022-10-07,2022,24,YES,12.16,24,YES,15.89,24,YES,0.0,24,YES,0.0,24,YES,0.0,24,YES,0.0,24,YES,0.0,YES,True,True,True
2022-10-08,2022,24,YES,12.18,22,NO,,24,YES,0.0,24,YES,1.0,24,YES,4.0,24,YES,0.0,24,YES,0.0,NO,False,False,False
2022-10-09,2022,24,YES,12.2,24,YES,15.89,24,YES,0.0,24,YES,0.0,24,YES,0.0,24,YES,0.0,24,YES,0.0,YES,False,False,False
2022-10-10,2022,24,YES,12.12,24,YES,15.89,24,YES,3.0,24,YES,0.0,24,YES,0.0,24,YES,0.0,24,YES,3.0,YES,True,False,False
2022-10-11,2022,24,YES,12.58,24,YES,16.28,24,YES,2.0,24,YES,50.0,24,YES,15.0,24,YES,22.0,24,YES,2.0,YES,True,True,False
2022-10-12,2022,24,YES,12.15,24,YES,15.89,24,YES,0.0,24,YES,3.0,24,YES,0.0,24,YES,0.0,24,YES,0.0,YES,True,True,True
2022-10-13,2022,24,YES,13.32,24,YES,16.82,24,YES,78.0,24,YES,0.0,24,YES,49.0,24,YES,0.0,24,YES,78.0,YES,True,True,True
2022-10-14,2022,24,YES,12.56,23,NO,,24,YES,2.0,24,YES,28.0,23,NO,,24,YES,4.0,24,YES,2.0,NO,False,False,False
2022-10-15,2022,24,YES,12.38,24,YES,15.89,24,YES,0.0,24,YES,0.0,24,YES,0.0,24,YES,1.0,24,YES,0.0,YES,False,False,False
2022-10-16,2022,24,YES,12.14,24,YES,15.89,24,YES,1.0,24,YES,3.0,24,YES,1.0,24,YES,1.0,24,YES,1.0,YES,True,False,False
2022-10-17,2022,24,YES,12.06,24,YES,15.89,24,YES,0.0,24,YES,2.0,23,NO,,24,YES,1.0,24,YES,0.0,NO,False,False,False
2022-10-18,2022,24,YES,12.24,24,YES,15.89,24,YES,3.0,24,YES,9.0,24,YES,3.0,24,YES,30.0,24,YES,3.0,YES,False,False,False
2022-10-19,2022,24,YES,12.5,24,YES,16.19,24,YES,26.0,24,YES,15.0,24,YES,19.0,24,YES,18.0,24,YES,26.0,YES,True,False,False
2022-10-20,2022,24,YES,13.0,24,YES,16.21,24,YES,1.0,24,YES,29.0,24,YES,63.0,24,YES,37.0,24,YES,1.0,YES,True,True,False
2022-10-21,2022,24,YES,12.22,24,YES,15.9,24,YES,0.0,24,YES,0.0,24,YES,0.0,24,YES,9.0,24,YES,0.0,YES,True,True,True
2022-10-22,2022,24,YES,12.1,24,YES,15.89,24,YES,6.0,24,YES,19.0,24,YES,4.0,24,YES,4.0,24,YES,6.0,YES,True,True,True
2022-10-23,2022,24,YES,12.06,24,YES,15.89,24,YES,0.0,24,YES,1.0,24,YES,0.0,24,YES,0.0,24,YES,0.0,YES,True,True,True
2022-10-24,2022,24,YES,12.02,23,NO,,24,YES,0.0,24,YES,0.0,24,YES,0.0,24,YES,0.0,24,YES,0.0,NO,False,False,False
2022-10-25,2022,24,YES,14.14,24,YES,16.75,24,YES,103.0,24,YES,122.0,24,YES,81.0,24,YES,52.0,24,YES,103.0,YES,False,False,False
2022-10-26,2022,24,YES,13.32,24,YES,16.06,24,YES,0.0,24,YES,0.0,24,YES,0.0,24,YES,0.0,24,YES,0.0,YES,True,False,False
2022-10-27,2022,24,YES,12.4,24,YES,15.9,24,YES,1.0,24,YES,0.0,24,YES,0.0,24,YES,0.0,24,YES,1.0,YES,True,True,False
2022-10-28,2022,24,YES,13.39,24,YES,16.25,24,YES,46.0,24,YES,115.0,24,YES,31.0,24,YES,39.0,24,YES,46.0,YES,True,True,True
2022-10-29,2022,24,YES,17.37,24,YES,20.05,24,YES,111.0,24,YES,116.0,24,YES,118.0,24,YES,121.0,24,YES,111.0,YES,True,True,True
2022-10-30,2022,24,YES,16.01,24,YES,18.36,24,YES,14.0,24,YES,13.0,24,YES,9.0,24,YES,6.0,24,YES,14.0,YES,True,True,True
2022-10-31,2022,24,YES,13.56,24,YES,16.13,24,YES,0.0,24,YES,0.0,24,YES,1.0,24,YES,0.0,24,YES,0.0,YES,True,True,True
2022-11-01,2022,24,YES,13.18,24,YES,16.09,24,YES,10.0,24,YES,8.0,22,NO,,22,NO,,24,YES,9.0,NO,False,False,False
2022-11-02,2022,24,YES,13.04,24,YES,16.09,24,YES,0.0,24,YES,0.0,24,YES,0.0,20,NO,,24,YES,0.0,NO,False,False,False
2022-11-03,2022,23,NO,,23,NO,,24,YES,1.0,24,YES,0.0,24,YES,6.0,24,YES,0.0,24,YES,0.0,NO,False,False,False
2022-11-04,2022,23,NO,,24,YES,16.39,24,YES,0.0,24,YES,0.0,24,YES,17.0,24,YES,7.0,24,YES,25.0,NO,False,False,False
2022-11-05,2022,23,NO,,23,NO,,24,YES,0.0,24,YES,4.0,24,YES,3.0,24,YES,0.0,24,YES,0.0,NO,False,False,False
2022-11-06,2022,24,YES,12.87,23,NO,,24,YES,0.0,24,YES,3.0,23,NO,,24,YES,1.0,24,YES,0.0,NO,False,False,False
2022-11-07,2022,24,YES,12.82,24,YES,15.95,24,YES,0.0,24,YES,0.0,24,YES,0.0,24,YES,0.0,24,YES,1.0,YES,False,False,False
2022-11-08,2022,24,YES,12.81,24,YES,16.02,24,YES,0.0,24,YES,0.0,24,YES,0.0,24,YES,0.0,24,YES,0.0,YES,True,False,False
2022-11-09,2022,24,YES,12.78,24,YES,15.96,24,YES,0.0,24,YES,0.0,24,YES,0.0,24,YES,0.0,24,YES,0.0,YES,True,True,False
2022-11-10,2022,24,YES,12.79,24,YES,15.88,24,YES,4.0,24,YES,8.0,24,YES,4.0,24,YES,7.0,24,YES,7.0,YES,True,True,True
2022-11-11,2022,24,YES,12.73,24,YES,15.88,24,YES,0.0,24,YES,0.0,24,YES,0.0,24,YES,0.0,24,YES,0.0,YES,True,True,True
2022-11-12,2022,24,YES,12.79,22,NO,,24,YES,15.0,24,YES,30.0,24,YES,4.0,24,YES,15.0,24,YES,6.0,NO,False,False,False
2022-11-13,2022,24,YES,12.7,24,YES,15.88,24,YES,0.0,24,YES,0.0,24,YES,0.0,24,YES,0.0,24,YES,0.0,YES,False,False,False
2022-11-14,2022,24,YES,12.66,24,YES,15.88,24,YES,0.0,24,YES,0.0,24,YES,0.0,24,YES,0.0,24,YES,0.0,YES,True,False,False
2022-11-15,2022,24,YES,12.64,24,YES,15.88,24,YES,2.0,24,YES,4.0,22,NO,,24,YES,4.0,24,YES,1.0,NO,False,False,False
2022-11-16,2022,24,YES,12.71,24,YES,15.88,24,YES,19.0,24,YES,26.0,24,YES,11.0,24,YES,10.0,24,YES,11.0,YES,False,False,False
2022-11-17,2022,24,YES,12.71,24,YES,15.88,24,YES,6.0,24,YES,9.0,23,NO,,24,YES,7.0,24,YES,7.0,NO,False,False,False
2022-11-18,2022,24,YES,12.69,24,YES,15.88,24,YES,4.0,24,YES,6.0,24,YES,4.0,24,YES,5.0,24,YES,3.0,YES,False,False,False
2022-11-19,2022,24,YES,12.83,24,YES,15.88,24,YES,23.0,24,YES,31.0,24,YES,21.0,24,YES,11.0,24,YES,20.0,YES,True,False,False
2022-11-20,2022,24,YES,12.76,24,YES,15.9,24,YES,7.0,24,YES,13.0,24,YES,6.0,24,YES,16.0,24,YES,6.0,YES,True,True,False
2022-11-21,2022,24,YES,12.75,24,YES,15.88,24,YES,0.0,24,YES,2.0,24,YES,0.0,23,NO,,24,YES,0.0,NO,False,False,False
2022-11-22,2022,24,YES,12.69,24,YES,15.87,24,YES,6.0,24,YES,3.0,24,YES,2.0,24,YES,0.0,24,YES,4.0,YES,False,False,False
2022-11-23,2022,24,YES,12.66,23,NO,,24,YES,0.0,24,YES,0.0,24,YES,0.0,24,YES,0.0,24,YES,0.0,NO,False,False,False
2022-11-24,2022,24,YES,12.63,24,YES,15.87,24,YES,0.0,24,YES,3.0,24,YES,0.0,24,YES,0.0,24,YES,0.0,YES,False,False,False
2022-11-25,2022,24,YES,12.63,24,YES,15.87,24,YES,1.0,24,YES,4.0,24,YES,0.0,24,YES,0.0,24,YES,0.0,YES,True,False,False
2022-11-26,2022,24,YES,12.61,24,YES,15.87,24,YES,0.0,24,YES,0.0,24,YES,0.0,24,YES,0.0,24,YES,0.0,YES,True,True,False
2022-11-27,2022,24,YES,12.59,24,YES,15.87,24,YES,0.0,24,YES,0.0,24,YES,0.0,24,YES,0.0,24,YES,0.0,YES,True,True,True
2022-11-28,2022,24,YES,12.54,24,YES,15.87,24,YES,0.0,24,YES,2.0,24,YES,0.0,24,YES,0.0,24,YES,0.0,YES,True,True,True
2022-11-29,2022,24,YES,12.52,24,YES,15.87,24,YES,0.0,24,YES,0.0,24,YES,0.0,24,YES,0.0,24,YES,0.0,YES,True,True,True
2022-11-30,2022,24,YES,12.53,24,YES,15.87,24,YES,4.0,24,YES,11.0,24,YES,2.0,24,YES,11.0,24,YES,6.0,YES,True,True,True
2022-12-01,2022,24,YES,12.59,24,YES,15.87,24,YES,6.0,24,YES,9.0,24,YES,5.0,24,YES,4.0,24,YES,5.0,YES,True,True,True
2022-12-02,2022,24,YES,12.52,24,YES,15.87,24,YES,0.0,24,YES,1.0,22,NO,,24,YES,1.0,24,YES,0.0,NO,False,False,False
2022-12-03,2022,24,YES,12.49,24,YES,15.87,24,YES,1.0,24,YES,3.0,24,YES,0.0,24,YES,2.0,24,YES,0.0,YES,False,False,False
2022-12-04,2022,24,YES,12.46,24,YES,15.87,24,YES,0.0,24,YES,2.0,24,YES,1.0,24,YES,3.0,24,YES,1.0,YES,True,False,False
2022-12-05,2022,24,YES,12.45,24,YES,15.87,24,YES,0.0,24,YES,0.0,24,YES,0.0,24,YES,0.0,24,YES,0.0,YES,True,True,False
2022-12-06,2022,24,YES,12.45,24,YES,15.87,24,YES,0.0,24,YES,0.0,24,YES,0.0,24,YES,0.0,24,YES,0.0,YES,True,True,True
2022-12-07,2022,24,YES,12.41,24,YES,15.87,24,YES,0.0,24,YES,0.0,24,YES,0.0,24,YES,0.0,24,YES,0.0,YES,True,True,True
2022-12-08,2022,9,NO,,9,NO,,24,YES,0.0,24,YES,1.0,24,YES,0.0,24,YES,0.0,24,YES,0.0,NO,False,False,False
2022-12-09,2022,23,NO,,23,NO,,24,YES,3.0,24,YES,4.0,24,YES,3.0,24,YES,5.0,24,YES,1.0,NO,False,False,False
2022-12-10,2022,24,YES,12.72,24,YES,16.38,24,YES,23.0,24,YES,48.0,24,YES,19.0,24,YES,13.0,24,YES,40.0,YES,False,False,False
2022-12-11,2022,24,YES,12.46,23,NO,,24,YES,1.0,24,YES,0.0,24,YES,0.0,24,YES,0.0,24,YES,0.0,NO,False,False,False
2022-12-12,2022,24,YES,12.43,24,YES,15.88,24,YES,0.0,24,YES,0.0,24,YES,0.0,24,YES,0.0,24,YES,0.0,YES,False,False,False
2022-12-13,2022,24,YES,12.38,24,YES,15.87,24,YES,0.0,24,YES,0.0,24,YES,0.0,24,YES,0.0,24,YES,0.0,YES,True,False,False
2022-12-14,2022,24,YES,12.38,24,YES,15.87,24,YES,3.0,24,YES,16.0,24,YES,1.0,24,YES,9.0,24,YES,9.0,YES,True,True,False
2022-12-15,2022,24,YES,12.37,24,YES,15.87,24,YES,8.0,24,YES,8.0,22,NO,,24,YES,1.0,24,YES,1.0,NO,False,False,False
2022-12-16,2022,20,NO,,20,NO,,24,YES,0.0,24,YES,0.0,24,YES,0.0,24,YES,0.0,24,YES,0.0,NO,False,False,False
2022-12-17,2022,24,YES,12.36,24,YES,15.87,24,YES,2.0,24,YES,1.0,22,NO,,24,YES,3.0,24,YES,3.0,NO,False,False,False
2022-12-18,2022,12,NO,,12,NO,,24,YES,0.0,24,YES,3.0,24,YES,0.0,24,YES,0.0,24,YES,0.0,NO,False,False,False
2022-12-19,2022,17,NO,,17,NO,,24,YES,0.0,24,YES,2.0,24,YES,0.0,24,YES,0.0,24,YES,0.0,NO,False,False,False
2022-12-20,2022,24,YES,12.34,24,YES,15.87,24,YES,14.0,24,YES,19.0,24,YES,5.0,24,YES,12.0,24,YES,12.0,YES,False,False,False
2022-12-21,2022,24,YES,12.42,24,YES,15.87,24,YES,12.0,24,YES,1.0,24,YES,1.0,24,YES,2.0,24,YES,2.0,YES,True,False,False
2022-12-22,2022,7,NO,,7,NO,,24,YES,7.0,24,YES,19.0,24,YES,4.0,24,YES,4.0,24,YES,4.0,NO,False,False,False
2022-12-23,2022,22,NO,,22,NO,,24,YES,0.0,24,YES,0.0,24,YES,0.0,24,YES,0.0,24,YES,0.0,NO,False,False,False
2022-12-24,2022,8,NO,,8,NO,,24,YES,0.0,24,YES,0.0,24,YES,0.0,24,YES,0.0,24,YES,0.0,NO,False,False,False
2022-12-25,2022,24,YES,12.3,24,YES,15.87,24,YES,0.0,24,YES,0.0,24,YES,0.0,24,YES,0.0,24,YES,0.0,YES,False,False,False
2022-12-26,2022,24,YES,12.27,23,NO,,24,YES,0.0,24,YES,0.0,24,YES,0.0,24,YES,0.0,24,YES,0.0,NO,False,False,False
2022-12-27,2022,24,YES,12.22,24,YES,15.87,24,YES,0.0,24,YES,0.0,24,YES,0.0,24,YES,0.0,24,YES,0.0,YES,False,False,False
2022-12-28,2022,24,YES,12.19,24,YES,15.87,24,YES,1.0,24,YES,2.0,24,YES,0.0,24,YES,1.0,24,YES,1.0,YES,True,False,False
2022-12-29,2022,20,NO,,19,NO,,24,YES,6.0,24,YES,3.0,23,NO,,23,NO,,23,NO,,NO,False,False,False
2022-12-30,2022,21,NO,,22,NO,,24,YES,0.0,24,YES,0.0,24,YES,0.0,24,YES,0.0,24,YES,0.0,NO,False,False,False
2022-12-31,2022,20,NO,,20,NO,,24,YES,0.0,24,YES,0.0,24,YES,0.0,24,YES,0.0,24,YES,0.0,NO,False,False,False
2023-01-01,2023,24,YES,12.17,24,YES,15.87,24,YES,4.0,24,YES,7.0,24,YES,6.0,24,YES,5.0,24,YES,8.0,YES,False,False,False
2023-01-02,2023,24,YES,12.34,24,YES,15.87,24,YES,16.0,24,YES,21.0,24,YES,21.0,24,YES,29.0,24,YES,18.0,YES,True,False,False
2023-01-03,2023,24,YES,12.41,24,YES,15.87,24,YES,11.0,24,YES,20.0,24,YES,6.0,24,YES,8.0,24,YES,10.0,YES,True,True,False
2023-01-04,2023,24,YES,12.68,24,YES,15.87,24,YES,25.0,24,YES,35.0,24,YES,23.0,24,YES,28.0,24,YES,23.0,YES,True,True,True
2023-01-05,2023,24,YES,14.33,24,YES,17.04,24,YES,21.0,24,YES,41.0,24,YES,26.0,24,YES,67.0,24,YES,26.0,YES,True,True,True
2023-01-06,2023,24,YES,13.15,24,YES,15.88,24,YES,2.0,24,YES,8.0,24,YES,3.0,24,YES,11.0,24,YES,3.0,YES,True,True,True
2023-01-07,2023,24,YES,12.65,24,YES,15.88,24,YES,0.0,24,YES,0.0,24,YES,0.0,24,YES,0.0,24,YES,0.0,YES,True,True,True
2023-01-08,2023,24,YES,12.46,24,YES,15.87,24,YES,0.0,24,YES,0.0,24,YES,0.0,21,NO,,24,YES,0.0,NO,False,False,False
2023-01-09,2023,24,YES,12.41,24,YES,15.87,24,YES,0.0,24,YES,0.0,24,YES,0.0,24,YES,0.0,24,YES,0.0,YES,False,False,False
2023-01-10,2023,24,YES,12.38,24,YES,15.87,24,YES,0.0,24,YES,0.0,24,YES,0.0,24,YES,0.0,24,YES,0.0,YES,True,False,False
2023-01-11,2023,24,YES,12.36,24,YES,15.87,24,YES,0.0,24,YES,0.0,24,YES,0.0,24,YES,0.0,24,YES,0.0,YES,True,True,False
2023-01-12,2023,24,YES,12.33,24,YES,15.87,24,YES,0.0,24,YES,0.0,24,YES,0.0,24,YES,0.0,24,YES,0.0,YES,True,True,True
2023-01-13,2023,24,YES,12.29,24,YES,15.87,24,YES,0.0,24,YES,0.0,24,YES,0.0,24,YES,0.0,24,YES,0.0,YES,True,True,True
2023-01-14,2023,24,YES,12.28,24,YES,15.87,24,YES,1.0,24,YES,7.0,24,YES,1.0,24,YES,0.0,24,YES,0.0,YES,True,True,True
2023-01-15,2023,24,YES,12.37,24,YES,15.87,24,YES,20.0,24,YES,21.0,24,YES,12.0,24,YES,14.0,24,YES,18.0,YES,True,True,True
2023-01-16,2023,24,YES,12.32,24,YES,15.87,24,YES,0.0,24,YES,1.0,23,NO,,24,YES,0.0,24,YES,0.0,NO,False,False,False
2023-01-17,2023,24,YES,12.26,24,YES,15.87,24,YES,0.0,24,YES,0.0,24,YES,0.0,24,YES,0.0,24,YES,0.0,YES,False,False,False
2023-01-18,2023,24,YES,12.28,24,YES,15.87,24,YES,0.0,24,YES,1.0,24,YES,0.0,21,NO,,24,YES,0.0,NO,False,False,False
2023-01-19,2023,24,YES,12.28,24,YES,15.87,24,YES,0.0,24,YES,0.0,24,YES,0.0,23,NO,,24,YES,0.0,NO,False,False,False
2023-01-20,2023,24,YES,12.26,24,YES,15.87,24,YES,0.0,24,YES,0.0,24,YES,0.0,24,YES,0.0,24,YES,0.0,YES,False,False,False
2023-01-21,2023,24,YES,12.27,23,NO,,24,YES,0.0,24,YES,1.0,24,YES,0.0,24,YES,0.0,24,YES,0.0,NO,False,False,False
2023-01-22,2023,24,YES,12.26,24,YES,15.87,24,YES,0.0,24,YES,1.0,24,YES,0.0,24,YES,0.0,24,YES,0.0,YES,False,False,False
2023-01-23,2023,24,YES,12.19,24,YES,15.87,24,YES,0.0,24,YES,0.0,24,YES,0.0,24,YES,0.0,24,YES,0.0,YES,True,False,False
2023-01-24,2023,24,YES,12.2,24,YES,15.87,24,YES,0.0,24,YES,0.0,24,YES,0.0,24,YES,0.0,24,YES,0.0,YES,True,True,False
2023-01-25,2023,24,YES,12.19,24,YES,15.87,24,YES,0.0,24,YES,0.0,24,YES,0.0,24,YES,0.0,24,YES,0.0,YES,True,True,True
2023-01-26,2023,24,YES,12.18,24,YES,15.87,24,YES,0.0,24,YES,0.0,24,YES,0.0,24,YES,0.0,24,YES,0.0,YES,True,True,True
2023-01-27,2023,24,YES,12.18,23,NO,,24,YES,0.0,24,YES,0.0,24,YES,0.0,24,YES,0.0,24,YES,0.0,NO,False,False,False
2023-01-28,2023,24,YES,12.18,24,YES,15.87,24,YES,0.0,24,YES,0.0,24,YES,0.0,24,YES,0.0,24,YES,0.0,YES,False,False,False
2023-01-29,2023,24,YES,12.18,24,YES,15.87,24,YES,0.0,24,YES,0.0,24,YES,0.0,24,YES,0.0,24,YES,0.0,YES,True,False,False
2023-01-30,2023,24,YES,12.18,23,NO,,24,YES,0.0,24,YES,0.0,24,YES,0.0,24,YES,0.0,24,YES,0.0,NO,False,False,False
2023-01-31,2023,24,YES,12.18,24,YES,15.87,24,YES,0.0,24,YES,0.0,24,YES,0.0,24,YES,0.0,24,YES,0.0,YES,False,False,False
2023-02-01,2023,24,YES,12.17,24,YES,15.87,24,YES,0.0,24,YES,1.0,24,YES,0.0,24,YES,0.0,24,YES,1.0,YES,True,False,False
2023-02-02,2023,24,YES,12.17,24,YES,15.87,24,YES,0.0,24,YES,0.0,24,YES,0.0,24,YES,0.0,24,YES,0.0,YES,True,True,False
2023-02-03,2023,24,YES,12.17,24,YES,15.87,24,YES,0.0,24,YES,0.0,24,YES,0.0,24,YES,0.0,24,YES,0.0,YES,True,True,True
2023-02-04,2023,24,YES,12.17,24,YES,15.87,24,YES,0.0,24,YES,0.0,24,YES,0.0,24,YES,0.0,24,YES,0.0,YES,True,True,True
2023-02-05,2023,24,YES,12.17,24,YES,15.87,24,YES,0.0,24,YES,0.0,24,YES,0.0,24,YES,0.0,24,YES,0.0,YES,True,True,True
2023-02-06,2023,24,YES,12.17,24,YES,15.87,24,YES,0.0,24,YES,0.0,24,YES,0.0,24,YES,0.0,24,YES,0.0,YES,True,True,True
2023-02-07,2023,24,YES,12.17,24,YES,15.87,24,YES,1.0,24,YES,0.0,24,YES,0.0,24,YES,0.0,24,YES,0.0,YES,True,True,True
2023-02-08,2023,24,YES,12.16,24,YES,15.87,24,YES,0.0,24,YES,0.0,24,YES,0.0,24,YES,0.0,22,NO,,NO,False,False,False
2023-02-09,2023,24,YES,12.16,24,YES,15.87,24,YES,0.0,24,YES,0.0,24,YES,0.0,24,YES,0.0,24,YES,0.0,YES,False,False,False
2023-02-10,2023,24,YES,12.16,23,NO,,24,YES,0.0,24,YES,0.0,24,YES,0.0,24,YES,0.0,24,YES,0.0,NO,False,False,False
2023-02-11,2023,24,YES,12.16,23,NO,,24,YES,0.0,24,YES,0.0,24,YES,0.0,24,YES,0.0,24,YES,0.0,NO,False,False,False
2023-02-12,2023,24,YES,12.16,24,YES,15.87,24,YES,0.0,24,YES,0.0,24,YES,0.0,24,YES,0.0,24,YES,0.0,YES,False,False,False
2023-02-13,2023,24,YES,12.16,24,YES,15.87,24,YES,0.0,24,YES,0.0,24,YES,0.0,24,YES,0.0,24,YES,0.0,YES,True,False,False
2023-02-14,2023,24,YES,12.16,24,YES,15.87,24,YES,0.0,24,YES,0.0,24,YES,0.0,24,YES,0.0,24,YES,0.0,YES,True,True,False
2023-02-15,2023,24,YES,12.16,24,YES,15.87,24,YES,0.0,24,YES,0.0,24,YES,0.0,24,YES,0.0,24,YES,0.0,YES,True,True,True
2023-02-16,2023,24,YES,12.16,23,NO,,24,YES,0.0,24,YES,0.0,24,YES,0.0,23,NO,,23,NO,,NO,False,False,False
2023-02-17,2023,24,YES,12.16,23,NO,,24,YES,0.0,24,YES,0.0,23,NO,,23,NO,,23,NO,,NO,False,False,False
2023-02-18,2023,24,YES,12.15,23,NO,,24,YES,2.0,24,YES,3.0,24,YES,1.0,24,YES,0.0,24,YES,1.0,NO,False,False,False
2023-02-19,2023,24,YES,12.15,24,YES,15.871,24,YES,5.0,24,YES,14.0,24,YES,1.0,24,YES,3.0,24,YES,3.0,YES,False,False,False
2023-02-20,2023,24,YES,12.15,24,YES,15.87,24,YES,23.0,24,YES,19.0,24,YES,4.0,24,YES,34.0,24,YES,9.0,YES,True,False,False
2023-02-21,2023,24,YES,12.15,24,YES,15.87,24,YES,0.0,24,YES,0.0,24,YES,0.0,24,YES,0.0,24,YES,0.0,YES,True,True,False
2023-02-22,2023,24,YES,12.15,23,NO,,24,YES,0.0,24,YES,0.0,23,NO,,24,YES,0.0,24,YES,0.0,NO,False,False,False
2023-02-23,2023,24,YES,12.15,24,YES,15.87,24,YES,0.0,24,YES,0.0,24,YES,0.0,24,YES,0.0,24,YES,0.0,YES,False,False,False
2023-02-24,2023,24,YES,12.15,24,YES,15.87,24,YES,0.0,24,YES,0.0,24,YES,0.0,24,YES,0.0,24,YES,0.0,YES,True,False,False
2023-02-25,2023,24,YES,12.15,24,YES,15.87,24,YES,0.0,24,YES,0.0,24,YES,0.0,24,YES,0.0,24,YES,0.0,YES,True,True,False
2023-02-26,2023,24,YES,12.15,24,YES,15.87,24,YES,0.0,24,YES,0.0,24,YES,0.0,24,YES,0.0,24,YES,0.0,YES,True,True,True
2023-02-27,2023,24,YES,12.15,24,YES,15.87,24,YES,0.0,24,YES,0.0,24,YES,0.0,24,YES,0.0,24,YES,0.0,YES,True,True,True
2023-02-28,2023,24,YES,12.15,24,YES,15.87,24,YES,0.0,24,YES,0.0,24,YES,0.0,24,YES,0.0,24,YES,0.0,YES,True,True,True
2023-03-01,2023,24,YES,12.15,24,YES,15.87,24,YES,0.0,24,YES,0.0,24,YES,0.0,24,YES,0.0,24,YES,0.0,YES,True,True,True
2023-03-02,2023,24,YES,12.14,24,YES,15.87,24,YES,0.0,24,YES,0.0,24,YES,0.0,24,YES,0.0,24,YES,0.0,YES,True,True,True
2023-03-03,2023,24,YES,12.14,24,YES,15.87,24,YES,0.0,24,YES,0.0,24,YES,0.0,24,YES,0.0,24,YES,0.0,YES,True,True,True
2023-03-04,2023,24,YES,12.14,24,YES,15.87,24,YES,0.0,24,YES,0.0,24,YES,0.0,24,YES,0.0,24,YES,0.0,YES,True,True,True
2023-03-05,2023,24,YES,12.14,24,YES,15.87,24,YES,0.0,24,YES,0.0,24,YES,0.0,24,YES,0.0,24,YES,0.0,YES,True,True,True
2023-03-06,2023,24,YES,12.141,24,YES,15.87,24,YES,0.0,24,YES,0.0,24,YES,0.0,24,YES,0.0,24,YES,0.0,YES,True,True,True
2023-03-07,2023,24,YES,12.14,24,YES,15.87,24,YES,0.0,24,YES,0.0,24,YES,0.0,24,YES,0.0,24,YES,0.0,YES,True,True,True
2023-03-08,2023,24,YES,12.14,24,YES,15.87,24,YES,0.0,24,YES,0.0,24,YES,0.0,24,YES,0.0,24,YES,0.0,YES,True,True,True
2023-03-09,2023,24,YES,12.13,22,NO,,24,YES,0.0,24,YES,0.0,22,NO,,22,NO,,22,NO,,NO,False,False,False
2023-03-10,2023,24,YES,12.15,20,NO,,24,YES,0.0,24,YES,0.0,22,NO,,22,NO,,22,NO,,NO,False,False,False
2023-03-11,2023,24,YES,12.13,24,YES,15.87,24,YES,0.0,24,YES,0.0,24,YES,0.0,24,YES,0.0,24,YES,0.0,YES,False,False,False
2023-03-12,2023,24,YES,12.13,24,YES,15.87,24,YES,0.0,24,YES,0.0,24,YES,0.0,24,YES,0.0,24,YES,0.0,YES,True,False,False
2023-03-13,2023,24,YES,12.13,23,NO,,24,YES,0.0,24,YES,0.0,24,YES,4.0,24,YES,0.0,24,YES,0.0,NO,False,False,False
2023-03-14,2023,24,YES,12.13,24,YES,15.87,24,YES,0.0,24,YES,0.0,24,YES,0.0,24,YES,0.0,24,YES,0.0,YES,False,False,False
2023-03-15,2023,24,YES,12.13,24,YES,15.87,24,YES,0.0,24,YES,0.0,24,YES,0.0,23,NO,,24,YES,0.0,NO,False,False,False
2023-03-16,2023,24,YES,12.13,24,YES,15.87,24,YES,0.0,24,YES,0.0,24,YES,0.0,24,YES,0.0,24,YES,0.0,YES,False,False,False
2023-03-17,2023,24,YES,12.12,24,YES,15.87,24,YES,0.0,24,YES,0.0,24,YES,0.0,24,YES,0.0,24,YES,0.0,YES,True,False,False
2023-03-18,2023,24,YES,12.12,24,YES,15.87,24,YES,0.0,24,YES,0.0,24,YES,0.0,24,YES,0.0,24,YES,0.0,YES,True,True,False
2023-03-19,2023,24,YES,12.12,24,YES,15.87,24,YES,0.0,24,YES,0.0,24,YES,0.0,24,YES,0.0,24,YES,0.0,YES,True,True,True
2023-03-20,2023,24,YES,12.12,23,NO,,24,YES,0.0,24,YES,0.0,24,YES,0.0,24,YES,0.0,24,YES,0.0,NO,False,False,False
2023-03-21,2023,24,YES,12.12,24,YES,15.87,24,YES,0.0,24,YES,0.0,24,YES,0.0,24,YES,1.0,24,YES,0.0,YES,False,False,False
2023-03-22,2023,24,YES,12.12,23,NO,,24,YES,0.0,24,YES,0.0,24,YES,0.0,24,YES,0.0,24,YES,0.0,NO,False,False,False
2023-03-23,2023,23,NO,,22,NO,,24,YES,0.0,24,YES,0.0,24,YES,0.0,24,YES,0.0,24,YES,0.0,NO,False,False,False
2023-03-24,2023,24,YES,12.121,24,YES,15.877,24,YES,0.0,24,YES,0.0,24,YES,0.0,24,YES,0.0,24,YES,0.0,YES,False,False,False
2023-03-25,2023,24,YES,12.12,23,NO,,24,YES,0.0,24,YES,0.0,24,YES,0.0,24,YES,0.0,24,YES,0.0,NO,False,False,False
2023-03-26,2023,24,YES,12.124,23,NO,,24,YES,0.0,24,YES,0.0,24,YES,0.0,24,YES,0.0,24,YES,0.0,NO,False,False,False
2023-03-27,2023,24,YES,12.11,23,NO,,24,YES,0.0,24,YES,0.0,23,NO,,23,NO,,23,NO,,NO,False,False,False
2023-03-28,2023,24,YES,11.79,24,YES,15.87,24,YES,0.0,24,YES,0.0,24,YES,0.0,24,YES,0.0,24,YES,0.0,YES,False,False,False
2023-03-29,2023,24,YES,11.79,24,YES,15.87,24,YES,0.0,24,YES,0.0,24,YES,0.0,24,YES,0.0,24,YES,0.0,YES,True,False,False
2023-03-30,2023,24,YES,11.79,24,YES,15.87,24,YES,0.0,24,YES,0.0,24,YES,0.0,24,YES,0.0,24,YES,0.0,YES,True,True,False
2023-03-31,2023,24,YES,11.79,24,YES,15.87,24,YES,0.0,24,YES,0.0,24,YES,8.0,24,YES,0.0,24,YES,0.0,YES,True,True,True
2023-04-01,2023,24,YES,11.79,24,YES,15.87,24,YES,0.0,24,YES,0.0,24,YES,0.0,24,YES,0.0,24,YES,0.0,YES,True,True,True
2023-04-02,2023,24,YES,11.79,24,YES,15.87,24,YES,4.0,24,YES,0.0,24,YES,0.0,24,YES,0.0,24,YES,0.0,YES,True,True,True
2023-04-03,2023,24,YES,11.79,24,YES,15.87,24,YES,20.0,24,YES,28.0,24,YES,5.0,24,YES,5.0,24,YES,18.0,YES,True,True,True
2023-04-04,2023,24,YES,11.79,24,YES,15.87,24,YES,0.0,24,YES,0.0,24,YES,0.0,24,YES,0.0,24,YES,0.0,YES,True,True,True
2023-04-05,2023,24,YES,11.79,24,YES,15.87,24,YES,0.0,24,YES,0.0,24,YES,0.0,24,YES,0.0,24,YES,0.0,YES,True,True,True
2023-04-06,2023,24,YES,11.79,24,YES,15.87,24,YES,0.0,24,YES,0.0,24,YES,0.0,24,YES,0.0,24,YES,0.0,YES,True,True,True
2023-04-07,2023,24,YES,11.79,24,YES,15.87,24,YES,0.0,24,YES,0.0,24,YES,0.0,24,YES,0.0,24,YES,0.0,YES,True,True,True
2023-04-08,2023,24,YES,11.78,24,YES,15.87,24,YES,0.0,24,YES,0.0,24,YES,0.0,24,YES,0.0,24,YES,0.0,YES,True,True,True
2023-04-09,2023,24,YES,11.78,24,YES,15.87,24,YES,0.0,24,YES,0.0,24,YES,0.0,24,YES,0.0,24,YES,0.0,YES,True,True,True
2023-04-10,2023,24,YES,11.78,24,YES,15.87,24,YES,0.0,24,YES,0.0,24,YES,0.0,24,YES,0.0,24,YES,0.0,YES,True,True,True
2023-04-11,2023,24,YES,11.78,24,YES,15.87,24,YES,0.0,24,YES,0.0,24,YES,0.0,24,YES,0.0,24,YES,0.0,YES,True,True,True
2023-04-12,2023,24,YES,11.78,24,YES,15.87,24,YES,3.0,24,YES,3.0,24,YES,7.0,24,YES,2.0,24,YES,7.0,YES,True,True,True
2023-04-13,2023,24,YES,13.03,24,YES,16.22,24,YES,52.0,24,YES,47.0,24,YES,61.0,24,YES,45.0,24,YES,93.0,YES,True,True,True
2023-04-14,2023,24,YES,12.31,24,YES,15.87,24,YES,0.0,24,YES,2.0,24,YES,0.0,24,YES,0.0,24,YES,0.0,YES,True,True,True
2023-04-15,2023,24,YES,12.31,22,NO,,24,YES,5.0,24,YES,0.0,24,YES,0.0,24,YES,0.0,24,YES,0.0,NO,False,False,False
2023-04-16,2023,24,YES,12.3,24,YES,15.87,24,YES,1.0,24,YES,0.0,24,YES,0.0,24,YES,0.0,24,YES,0.0,YES,False,False,False
2023-04-17,2023,24,YES,12.3,24,YES,15.87,24,YES,0.0,24,YES,1.0,24,YES,0.0,24,YES,4.0,24,YES,0.0,YES,True,False,False
2023-04-18,2023,24,YES,12.3,24,YES,15.87,24,YES,0.0,24,YES,0.0,24,YES,0.0,24,YES,0.0,24,YES,0.0,YES,True,True,False
2023-04-19,2023,24,YES,12.3,24,YES,15.87,24,YES,0.0,24,YES,0.0,24,YES,0.0,24,YES,0.0,24,YES,0.0,YES,True,True,True
2023-04-20,2023,24,YES,12.29,24,YES,15.87,24,YES,0.0,24,YES,0.0,24,YES,0.0,24,YES,0.0,24,YES,0.0,YES,True,True,True
2023-04-21,2023,24,YES,12.29,24,YES,15.87,24,YES,0.0,24,YES,0.0,24,YES,0.0,24,YES,0.0,24,YES,0.0,YES,True,True,True
2023-04-22,2023,24,YES,12.29,24,YES,15.87,24,YES,1.0,24,YES,0.0,24,YES,0.0,24,YES,0.0,24,YES,0.0,YES,True,True,True
2023-04-23,2023,24,YES,12.28,24,YES,15.87,24,YES,0.0,24,YES,0.0,24,YES,0.0,24,YES,0.0,24,YES,0.0,YES,True,True,True
2023-04-24,2023,24,YES,12.28,23,NO,,24,YES,0.0,24,YES,0.0,24,YES,0.0,24,YES,0.0,24,YES,0.0,NO,False,False,False
2023-04-25,2023,24,YES,11.88,24,YES,15.87,24,YES,0.0,24,YES,0.0,24,YES,0.0,24,YES,0.0,24,YES,0.0,YES,False,False,False
2023-04-26,2023,24,YES,11.88,24,YES,15.87,24,YES,0.0,24,YES,0.0,24,YES,0.0,24,YES,0.0,24,YES,0.0,YES,True,False,False
2023-04-27,2023,24,YES,11.88,24,YES,15.87,24,YES,0.0,24,YES,0.0,24,YES,0.0,24,YES,0.0,24,YES,0.0,YES,True,True,False
2023-04-28,2023,24,YES,11.88,24,YES,15.87,24,YES,0.0,24,YES,0.0,24,YES,0.0,24,YES,0.0,24,YES,0.0,YES,True,True,True
2023-04-29,2023,24,YES,11.88,23,NO,,24,YES,0.0,24,YES,0.0,24,YES,0.0,24,YES,2.0,24,YES,1.0,NO,False,False,False
2023-04-30,2023,24,YES,11.88,23,NO,,24,YES,0.0,24,YES,0.0,24,YES,0.0,24,YES,0.0,24,YES,0.0,NO,False,False,False
2023-05-01,2023,24,YES,11.88,24,YES,15.87,24,YES,0.0,24,YES,0.0,24,YES,0.0,23,NO,,24,YES,0.0,NO,False,False,False
2023-05-02,2023,24,YES,11.88,24,YES,15.87,24,YES,0.0,24,YES,0.0,24,YES,0.0,24,YES,0.0,24,YES,0.0,YES,False,False,False
2023-05-03,2023,24,YES,11.88,24,YES,15.87,24,YES,0.0,24,YES,0.0,24,YES,0.0,24,YES,0.0,24,YES,0.0,YES,True,False,False
2023-05-04,2023,24,YES,11.88,24,YES,15.87,24,YES,2.0,24,YES,0.0,24,YES,0.0,24,YES,0.0,24,YES,1.0,YES,True,True,False
2023-05-05,2023,24,YES,11.88,24,YES,15.87,24,YES,0.0,24,YES,0.0,24,YES,0.0,24,YES,0.0,24,YES,0.0,YES,True,True,True
2023-05-06,2023,24,YES,11.88,24,YES,15.87,24,YES,0.0,24,YES,0.0,24,YES,0.0,24,YES,0.0,24,YES,0.0,YES,True,True,True
2023-05-07,2023,24,YES,11.88,24,YES,15.87,24,YES,0.0,24,YES,0.0,24,YES,0.0,24,YES,0.0,24,YES,0.0,YES,True,True,True
2023-05-08,2023,24,YES,11.88,24,YES,15.87,24,YES,0.0,24,YES,0.0,24,YES,0.0,24,YES,24.0,24,YES,7.0,YES,True,True,True
2023-05-09,2023,24,YES,11.91,24,YES,15.87,24,YES,0.0,23,NO,,24,YES,14.0,24,YES,1.0,24,YES,0.0,NO,False,False,False
2023-05-10,2023,24,YES,11.92,23,NO,,24,YES,3.0,24,YES,3.0,24,YES,0.0,24,YES,2.0,24,YES,0.0,NO,False,False,False
2023-05-11,2023,24,YES,11.92,24,YES,15.87,24,YES,0.0,24,YES,0.0,24,YES,0.0,24,YES,0.0,24,YES,0.0,YES,False,False,False
2023-05-12,2023,24,YES,11.92,24,YES,15.87,24,YES,16.0,24,YES,7.0,24,YES,1.0,22,NO,,22,NO,,NO,False,False,False
2023-05-13,2023,24,YES,11.95,24,YES,15.87,24,YES,0.0,24,YES,18.0,24,YES,0.0,24,YES,0.0,24,YES,0.0,YES,False,False,False
2023-05-14,2023,24,YES,11.92,24,YES,15.87,24,YES,2.0,24,YES,1.0,24,YES,6.0,24,YES,32.0,24,YES,4.0,YES,True,False,False
2023-05-15,2023,24,YES,12.64,24,YES,15.87,24,YES,21.0,24,YES,0.0,24,YES,23.0,24,YES,0.0,24,YES,11.0,YES,True,True,False
2023-05-16,2023,24,YES,12.42,24,YES,15.87,24,YES,0.0,24,YES,0.0,24,YES,0.0,24,YES,4.0,24,YES,1.0,YES,True,True,True
2023-05-17,2023,24,YES,12.41,24,YES,15.87,24,YES,7.0,24,YES,3.0,24,YES,0.0,24,YES,1.0,24,YES,11.0,YES,True,True,True
2023-05-18,2023,24,YES,12.41,24,YES,15.87,24,YES,5.0,24,YES,1.0,24,YES,0.0,24,YES,0.0,24,YES,2.0,YES,True,True,True
2023-05-19,2023,24,YES,12.41,23,NO,,24,YES,0.0,24,YES,0.0,24,YES,0.0,24,YES,5.0,24,YES,0.0,NO,False,False,False
2023-05-20,2023,24,YES,12.41,24,YES,15.87,24,YES,0.0,24,YES,0.0,24,YES,6.0,24,YES,0.0,24,YES,2.0,YES,False,False,False
2023-05-21,2023,24,YES,12.66,24,YES,16.16,24,YES,16.0,24,YES,1.0,24,YES,3.0,24,YES,19.0,24,YES,39.0,YES,True,False,False
2023-05-22,2023,24,YES,12.42,24,YES,15.89,24,YES,0.0,24,YES,0.0,24,YES,1.0,24,YES,23.0,24,YES,1.0,YES,True,True,False
2023-05-23,2023,24,YES,11.52,24,YES,15.89,24,YES,58.0,24,YES,0.0,24,YES,0.0,24,YES,7.0,24,YES,14.0,YES,True,True,True
2023-05-24,2023,24,YES,11.53,24,YES,15.97,24,YES,0.0,24,YES,1.0,24,YES,9.0,24,YES,19.0,24,YES,2.0,YES,True,True,True
2023-05-25,2023,24,YES,11.53,24,YES,15.97,24,YES,8.0,24,YES,47.0,24,YES,5.0,24,YES,25.0,24,YES,18.0,YES,True,True,True
2023-05-26,2023,24,YES,11.54,24,YES,15.91,24,YES,3.0,24,YES,1.0,24,YES,0.0,24,YES,0.0,24,YES,1.0,YES,True,True,True
2023-05-27,2023,24,YES,12.17,24,YES,15.91,24,YES,21.0,24,YES,102.0,24,YES,3.0,24,YES,45.0,24,YES,3.0,YES,True,True,True
2023-05-28,2023,24,YES,12.01,24,YES,15.91,24,YES,0.0,24,YES,1.0,24,YES,0.0,24,YES,0.0,24,YES,0.0,YES,True,True,True
2023-05-29,2023,24,YES,12.01,24,YES,15.91,24,YES,12.0,24,YES,26.0,24,YES,0.0,24,YES,26.0,24,YES,4.0,YES,True,True,True
2023-05-30,2023,24,YES,12.04,24,YES,15.91,24,YES,5.0,24,YES,0.0,24,YES,0.0,24,YES,0.0,24,YES,0.0,YES,True,True,True
2023-05-31,2023,24,YES,12.01,24,YES,15.91,24,YES,0.0,24,YES,5.0,24,YES,0.0,24,YES,0.0,24,YES,0.0,YES,True,True,True
2023-06-01,2023,24,YES,12.01,24,YES,15.91,24,YES,1.0,24,YES,1.0,24,YES,1.0,24,YES,8.0,23,NO,,NO,False,False,False
2023-06-02,2023,24,YES,12.01,24,YES,15.9,24,YES,1.0,24,YES,1.0,24,YES,1.0,24,YES,1.0,24,YES,1.0,YES,False,False,False
2023-06-03,2023,24,YES,12.02,23,NO,,24,YES,0.0,24,YES,0.0,24,YES,0.0,24,YES,0.0,24,YES,0.0,NO,False,False,False
2023-06-04,2023,24,YES,12.01,23,NO,,24,YES,0.0,24,YES,0.0,24,YES,14.0,24,YES,16.0,24,YES,18.0,NO,False,False,False
2023-06-05,2023,24,YES,12.01,24,YES,15.9,24,YES,0.0,24,YES,0.0,24,YES,0.0,24,YES,7.0,24,YES,21.0,YES,False,False,False
2023-06-06,2023,24,YES,12.01,24,YES,15.9,24,YES,1.0,24,YES,21.0,24,YES,10.0,24,YES,5.0,24,YES,30.0,YES,True,False,False
2023-06-07,2023,24,YES,11.81,24,YES,15.89,24,YES,0.0,24,YES,0.0,24,YES,0.0,24,YES,0.0,24,YES,0.0,YES,True,True,False
2023-06-08,2023,24,YES,11.81,24,YES,15.9,24,YES,0.0,24,YES,0.0,24,YES,6.0,24,YES,17.0,24,YES,0.0,YES,True,True,True
2023-06-09,2023,24,YES,11.81,24,YES,15.9,24,YES,0.0,24,YES,1.0,24,YES,0.0,24,YES,4.0,24,YES,2.0,YES,True,True,True
2023-06-10,2023,24,YES,12.93,24,YES,15.91,24,YES,52.0,24,YES,53.0,24,YES,44.0,24,YES,60.0,24,YES,63.0,YES,True,True,True
2023-06-11,2023,24,YES,13.32,24,YES,16.18,24,YES,20.0,24,YES,21.0,24,YES,18.0,24,YES,46.0,24,YES,68.0,YES,True,True,True
2023-06-12,2023,24,YES,12.49,24,YES,15.89,24,YES,14.0,24,YES,14.0,24,YES,14.0,24,YES,5.0,24,YES,17.0,YES,True,True,True
2023-06-13,2023,24,YES,11.82,24,YES,15.89,24,YES,1.0,24,YES,3.0,24,YES,0.0,24,YES,1.0,24,YES,4.0,YES,True,True,True
2023-06-14,2023,24,YES,11.81,24,YES,15.89,24,YES,0.0,24,YES,0.0,24,YES,0.0,24,YES,0.0,24,YES,0.0,YES,True,True,True
2023-06-15,2023,24,YES,12.14,24,YES,15.89,24,YES,38.0,24,YES,28.0,24,YES,16.0,24,YES,17.0,24,YES,19.0,YES,True,True,True
2023-06-16,2023,24,YES,11.81,24,YES,15.89,24,YES,1.0,24,YES,4.0,24,YES,0.0,24,YES,4.0,24,YES,0.0,YES,True,True,True
2023-06-17,2023,24,YES,11.81,24,YES,15.9,24,YES,0.0,24,YES,0.0,24,YES,0.0,24,YES,0.0,24,YES,0.0,YES,True,True,True
2023-06-18,2023,24,YES,12.4,24,YES,15.89,24,YES,0.0,24,YES,0.0,24,YES,0.0,24,YES,1.0,24,YES,3.0,YES,True,True,True
2023-06-19,2023,24,YES,12.02,23,NO,,24,YES,34.0,24,YES,5.0,24,YES,2.0,24,YES,7.0,24,YES,15.0,NO,False,False,False
2023-06-20,2023,24,YES,11.81,24,YES,15.89,24,YES,3.0,24,YES,5.0,24,YES,9.0,24,YES,0.0,24,YES,0.0,YES,False,False,False
2023-06-21,2023,24,YES,12.01,24,YES,15.89,24,YES,6.0,24,YES,26.0,24,YES,0.0,24,YES,40.0,24,YES,1.0,YES,True,False,False
2023-06-22,2023,24,YES,11.81,23,NO,,24,YES,0.0,24,YES,0.0,24,YES,30.0,24,YES,5.0,24,YES,0.0,NO,False,False,False
2023-06-23,2023,24,YES,11.81,24,YES,15.89,24,YES,0.0,24,YES,0.0,24,YES,5.0,24,YES,0.0,24,YES,0.0,YES,False,False,False
2023-06-24,2023,24,YES,11.81,24,YES,15.89,24,YES,0.0,24,YES,0.0,24,YES,0.0,23,NO,,24,YES,0.0,NO,False,False,False
2023-06-25,2023,24,YES,11.81,24,YES,15.89,24,YES,1.0,24,YES,2.0,24,YES,0.0,22,NO,,22,NO,,NO,False,False,False
2023-06-26,2023,24,YES,11.81,24,YES,15.89,24,YES,4.0,24,YES,3.0,24,YES,0.0,24,YES,1.0,24,YES,2.0,YES,False,False,False
2023-06-27,2023,24,YES,11.81,24,YES,15.89,24,YES,0.0,24,YES,0.0,24,YES,2.0,24,YES,0.0,24,YES,0.0,YES,True,False,False
2023-06-28,2023,24,YES,11.92,24,YES,15.89,24,YES,23.0,24,YES,14.0,24,YES,30.0,24,YES,34.0,24,YES,28.0,YES,True,True,False
2023-06-29,2023,24,YES,11.81,23,NO,,24,YES,1.0,24,YES,0.0,24,YES,2.0,24,YES,2.0,24,YES,2.0,NO,False,False,False
2023-06-30,2023,24,YES,11.81,24,YES,15.89,24,YES,0.0,24,YES,0.0,24,YES,0.0,24,YES,0.0,24,YES,1.0,YES,False,False,False
2023-07-01,2023,24,YES,12.01,24,YES,15.89,24,YES,5.0,24,YES,57.0,24,YES,0.0,24,YES,37.0,24,YES,8.0,YES,True,False,False
2023-07-02,2023,24,YES,11.91,24,YES,15.89,24,YES,1.0,24,YES,0.0,24,YES,9.0,24,YES,10.0,24,YES,1.0,YES,True,True,False
2023-07-03,2023,24,YES,11.81,24,YES,15.89,24,YES,0.0,24,YES,0.0,24,YES,0.0,24,YES,0.0,24,YES,0.0,YES,True,True,True
2023-07-04,2023,24,YES,11.81,24,YES,15.89,24,YES,0.0,24,YES,0.0,24,YES,0.0,24,YES,0.0,24,YES,0.0,YES,True,True,True
2023-07-05,2023,24,YES,11.81,24,YES,15.89,24,YES,0.0,24,YES,1.0,24,YES,0.0,24,YES,0.0,24,YES,0.0,YES,True,True,True
2023-07-06,2023,24,YES,11.81,22,NO,,24,YES,0.0,24,YES,0.0,24,YES,0.0,24,YES,0.0,24,YES,0.0,NO,False,False,False
2023-07-07,2023,24,YES,11.8,24,YES,15.89,24,YES,0.0,24,YES,8.0,24,YES,5.0,24,YES,0.0,24,YES,0.0,YES,False,False,False
2023-07-08,2023,24,YES,11.8,24,YES,15.89,24,YES,0.0,24,YES,2.0,24,YES,6.0,24,YES,0.0,24,YES,1.0,YES,True,False,False
2023-07-09,2023,24,YES,11.94,24,YES,15.89,24,YES,43.0,24,YES,0.0,24,YES,1.0,24,YES,0.0,24,YES,4.0,YES,True,True,False
2023-07-10,2023,24,YES,11.81,23,NO,,24,YES,0.0,24,YES,0.0,24,YES,2.0,24,YES,0.0,24,YES,0.0,NO,False,False,False
2023-07-11,2023,24,YES,11.81,24,YES,15.89,24,YES,20.0,24,YES,6.0,24,YES,0.0,24,YES,0.0,24,YES,6.0,YES,False,False,False
2023-07-12,2023,24,YES,11.81,24,YES,15.89,24,YES,21.0,24,YES,14.0,24,YES,8.0,24,YES,17.0,24,YES,13.0,YES,True,False,False
2023-07-13,2023,24,YES,14.15,24,YES,17.42,24,YES,106.0,24,YES,85.0,24,YES,99.0,24,YES,32.0,24,YES,103.0,YES,True,True,False
2023-07-14,2023,24,YES,13.33,24,YES,16.22,24,YES,36.0,24,YES,35.0,24,YES,41.0,24,YES,46.0,24,YES,38.0,YES,True,True,True
2023-07-15,2023,24,YES,13.5,24,YES,16.42,24,YES,59.0,24,YES,46.0,24,YES,43.0,24,YES,56.0,24,YES,42.0,YES,True,True,True
2023-07-16,2023,24,YES,13.57,24,YES,16.25,24,YES,10.0,24,YES,14.0,24,YES,17.0,24,YES,41.0,24,YES,11.0,YES,True,True,True
2023-07-17,2023,24,YES,12.79,24,YES,15.901,24,YES,0.0,24,YES,2.0,24,YES,4.0,24,YES,4.0,24,YES,2.0,YES,True,True,True
2023-07-18,2023,24,YES,12.17,24,YES,15.9,24,YES,1.0,24,YES,4.0,24,YES,0.0,24,YES,0.0,24,YES,1.0,YES,True,True,True
2023-07-19,2023,24,YES,12.31,24,YES,15.9,24,YES,5.0,24,YES,0.0,24,YES,7.0,24,YES,0.0,24,YES,8.0,YES,True,True,True
2023-07-20,2023,24,YES,12.73,22,NO,,24,YES,0.0,24,YES,0.0,24,YES,47.0,24,YES,6.0,24,YES,15.0,NO,False,False,False
2023-07-21,2023,24,YES,11.86,24,YES,15.95,24,YES,1.0,24,YES,0.0,24,YES,3.0,24,YES,20.0,24,YES,0.0,YES,False,False,False
2023-07-22,2023,24,YES,11.91,24,YES,15.92,24,YES,2.0,24,YES,5.0,24,YES,5.0,24,YES,11.0,24,YES,11.0,YES,True,False,False
2023-07-23,2023,24,YES,12.3,24,YES,15.92,24,YES,54.0,24,YES,31.0,24,YES,14.0,24,YES,32.0,24,YES,15.0,YES,True,True,False
2023-07-24,2023,24,YES,13.61,23,NO,,24,YES,97.0,24,YES,50.0,24,YES,4.0,24,YES,1.0,24,YES,23.0,NO,False,False,False
2023-07-25,2023,24,YES,13.32,24,YES,16.23,24,YES,39.0,24,YES,39.0,24,YES,30.0,24,YES,23.0,24,YES,17.0,YES,False,False,False
2023-07-26,2023,24,YES,15.36,24,YES,18.23,24,YES,56.0,24,YES,51.0,24,YES,80.0,24,YES,139.0,24,YES,67.0,YES,True,False,False
2023-07-27,2023,24,YES,15.92,24,YES,18.69,24,YES,35.0,24,YES,41.0,24,YES,51.0,24,YES,69.0,24,YES,43.0,YES,True,True,False
2023-07-28,2023,24,YES,14.94,24,YES,17.56,24,YES,41.0,24,YES,33.0,24,YES,53.0,24,YES,55.0,24,YES,49.0,YES,True,True,True
2023-07-29,2023,24,YES,16.66,23,NO,,24,YES,83.0,24,YES,73.0,24,YES,83.0,24,YES,120.0,24,YES,121.0,NO,False,False,False
2023-07-30,2023,24,YES,15.46,24,YES,17.82,24,YES,16.0,24,YES,20.0,24,YES,37.0,24,YES,20.0,24,YES,22.0,YES,False,False,False
2023-07-31,2023,24,YES,14.21,23,NO,,24,YES,26.0,24,YES,21.0,24,YES,34.0,24,YES,39.0,24,YES,36.0,NO,False,False,False
2023-08-01,2023,24,YES,14.35,24,YES,16.89,24,YES,21.0,24,YES,23.0,24,YES,25.0,24,YES,45.0,24,YES,35.0,YES,False,False,False
2023-08-02,2023,24,YES,16.0,24,YES,18.43,24,YES,100.0,24,YES,86.0,24,YES,125.0,23,NO,,24,YES,116.0,NO,False,False,False
2023-08-03,2023,24,YES,15.78,24,YES,18.27,24,YES,3.0,24,YES,3.0,24,YES,2.0,24,YES,13.0,24,YES,3.0,YES,False,False,False
2023-08-04,2023,23,NO,,24,YES,16.1,24,YES,1.0,24,YES,1.0,24,YES,2.0,24,YES,3.0,24,YES,0.0,NO,False,False,False
2023-08-05,2023,24,YES,12.76,24,YES,15.94,24,YES,10.0,24,YES,3.0,24,YES,0.0,24,YES,1.0,24,YES,1.0,YES,False,False,False
2023-08-06,2023,24,YES,13.35,24,YES,15.94,24,YES,4.0,24,YES,7.0,24,YES,0.0,23,NO,,24,YES,2.0,NO,False,False,False
2023-08-07,2023,24,YES,12.36,24,YES,15.94,24,YES,11.0,24,YES,28.0,24,YES,6.0,24,YES,4.0,24,YES,23.0,YES,False,False,False
2023-08-08,2023,24,YES,12.38,24,YES,15.94,24,YES,2.0,24,YES,15.0,24,YES,0.0,24,YES,6.0,24,YES,0.0,YES,True,False,False
2023-08-09,2023,24,YES,12.28,23,NO,,24,YES,0.0,24,YES,0.0,23,NO,,24,YES,0.0,24,YES,0.0,NO,False,False,False
2023-08-10,2023,24,YES,12.25,24,YES,15.93,24,YES,2.0,24,YES,0.0,24,YES,7.0,24,YES,0.0,24,YES,2.0,YES,False,False,False
2023-08-11,2023,24,YES,12.97,24,YES,16.3,24,YES,33.0,24,YES,26.0,24,YES,2.0,24,YES,0.0,24,YES,11.0,YES,True,False,False
2023-08-12,2023,24,YES,12.6,24,YES,15.94,24,YES,4.0,24,YES,4.0,24,YES,6.0,24,YES,0.0,24,YES,9.0,YES,True,True,False
2023-08-13,2023,24,YES,12.43,24,YES,15.93,24,YES,0.0,24,YES,56.0,24,YES,3.0,24,YES,26.0,24,YES,3.0,YES,True,True,True
2023-08-14,2023,24,YES,12.96,24,YES,16.2,24,YES,53.0,24,YES,2.0,24,YES,14.0,22,NO,,22,NO,,NO,False,False,False
2023-08-15,2023,24,YES,12.32,24,YES,15.94,24,YES,0.0,24,YES,0.0,24,YES,1.0,24,YES,0.0,24,YES,0.0,YES,False,False,False
2023-08-16,2023,24,YES,12.24,24,YES,15.92,24,YES,3.0,24,YES,7.0,24,YES,6.0,24,YES,14.0,24,YES,1.0,YES,True,False,False
2023-08-17,2023,24,YES,12.45,24,YES,15.92,24,YES,7.0,24,YES,4.0,24,YES,12.0,24,YES,8.0,24,YES,20.0,YES,True,True,False
2023-08-18,2023,24,YES,12.31,23,NO,,24,YES,14.0,24,YES,0.0,24,YES,1.0,24,YES,22.0,24,YES,14.0,NO,False,False,False
2023-08-19,2023,24,YES,12.53,23,NO,,24,YES,0.0,24,YES,19.0,24,YES,1.0,24,YES,60.0,24,YES,10.0,NO,False,False,False
2023-08-20,2023,24,YES,12.14,24,YES,15.91,24,YES,0.0,24,YES,0.0,24,YES,0.0,24,YES,0.0,24,YES,0.0,YES,False,False,False
2023-08-21,2023,24,YES,12.74,24,YES,15.91,24,YES,25.0,24,YES,28.0,24,YES,7.0,24,YES,67.0,24,YES,16.0,YES,True,False,False
2023-08-22,2023,24,YES,12.9,24,YES,16.09,24,YES,28.0,24,YES,9.0,24,YES,8.0,24,YES,34.0,24,YES,45.0,YES,True,True,False
2023-08-23,2023,24,YES,14.08,23,NO,,24,YES,45.0,24,YES,37.0,24,YES,29.0,24,YES,83.0,24,YES,44.0,NO,False,False,False
2023-08-24,2023,24,YES,13.96,24,YES,16.55,24,YES,11.0,24,YES,7.0,24,YES,4.0,24,YES,10.0,24,YES,71.0,YES,False,False,False
2023-08-25,2023,24,YES,12.83,23,NO,,24,YES,22.0,24,YES,10.0,24,YES,1.0,24,YES,0.0,24,YES,2.0,NO,False,False,False
2023-08-26,2023,24,YES,12.63,24,YES,15.92,24,YES,12.0,24,YES,20.0,24,YES,1.0,24,YES,7.0,24,YES,8.0,YES,False,False,False
2023-08-27,2023,24,YES,12.61,24,YES,15.92,24,YES,4.0,24,YES,7.0,24,YES,3.0,24,YES,11.0,24,YES,4.0,YES,True,False,False
2023-08-28,2023,24,YES,12.8,24,YES,15.92,24,YES,9.0,24,YES,71.0,24,YES,0.0,24,YES,6.0,24,YES,3.0,YES,True,True,False
2023-08-29,2023,24,YES,12.76,24,YES,15.92,24,YES,16.0,24,YES,24.0,24,YES,8.0,24,YES,4.0,24,YES,13.0,YES,True,True,True
2023-08-30,2023,24,YES,15.69,23,NO,,24,YES,82.0,24,YES,68.0,24,YES,150.0,23,NO,,24,YES,153.0,NO,False,False,False
2023-08-31,2023,24,YES,15.79,20,NO,,24,YES,46.0,24,YES,39.0,24,YES,51.0,24,YES,75.0,24,YES,65.0,NO,False,False,False
2023-09-01,2023,24,YES,15.34,17,NO,,24,YES,31.0,24,YES,31.0,24,YES,33.0,24,YES,66.0,24,YES,33.0,NO,False,False,False
2023-09-02,2023,24,YES,15.7,19,NO,,24,YES,63.0,24,YES,49.0,24,YES,63.0,24,YES,98.0,24,YES,58.0,NO,False,False,False
2023-09-03,2023,24,YES,15.77,16,NO,,24,YES,47.0,24,YES,36.0,24,YES,52.0,24,YES,39.0,24,YES,68.0,NO,False,False,False
2023-09-04,2023,24,YES,14.84,10,NO,,24,YES,9.0,24,YES,9.0,24,YES,8.0,24,YES,27.0,24,YES,9.0,NO,False,False,False
2023-09-05,2023,24,YES,13.62,15,NO,,24,YES,4.0,24,YES,6.0,24,YES,3.0,24,YES,0.0,24,YES,3.0,NO,False,False,False
2023-09-06,2023,24,YES,12.99,9,NO,,24,YES,0.0,24,YES,0.0,24,YES,0.0,24,YES,0.0,24,YES,0.0,NO,False,False,False
2023-09-07,2023,24,YES,12.65,5,NO,,24,YES,0.0,24,YES,0.0,24,YES,0.0,24,YES,0.0,24,YES,0.0,NO,False,False,False
2023-09-08,2023,24,YES,12.75,7,NO,,24,YES,0.0,24,YES,1.0,24,YES,7.0,24,YES,4.0,24,YES,1.0,NO,False,False,False
2023-09-09,2023,24,YES,12.71,6,NO,,24,YES,41.0,24,YES,2.0,24,YES,0.0,24,YES,8.0,24,YES,25.0,NO,False,False,False
2023-09-10,2023,24,YES,12.45,10,NO,,24,YES,0.0,24,YES,0.0,24,YES,0.0,24,YES,4.0,24,YES,1.0,NO,False,False,False
2023-09-11,2023,24,YES,12.33,11,NO,,24,YES,0.0,24,YES,1.0,24,YES,0.0,24,YES,0.0,24,YES,0.0,NO,False,False,False
2023-09-12,2023,24,YES,14.54,12,NO,,24,YES,15.0,24,YES,23.0,24,YES,114.0,24,YES,7.0,24,YES,28.0,NO,False,False,False
2023-09-13,2023,23,NO,,11,NO,,24,YES,3.0,24,YES,1.0,24,YES,35.0,24,YES,77.0,24,YES,3.0,NO,False,False,False
2023-09-14,2023,23,NO,,13,NO,,24,YES,19.0,24,YES,58.0,24,YES,30.0,24,YES,12.0,24,YES,4.0,NO,False,False,False
2023-09-15,2023,24,YES,12.84,10,NO,,24,YES,4.0,24,YES,7.0,24,YES,0.0,24,YES,33.0,24,YES,8.0,NO,False,False,False
2023-09-16,2023,24,YES,12.67,0,NO,,24,YES,0.0,24,YES,0.0,24,YES,9.0,24,YES,1.0,24,YES,19.0,NO,False,False,False
2023-09-17,2023,24,YES,13.31,6,NO,,24,YES,17.0,24,YES,14.0,24,YES,4.0,24,YES,39.0,24,YES,11.0,NO,False,False,False
2023-09-18,2023,24,YES,12.53,1,NO,,24,YES,0.0,24,YES,0.0,24,YES,0.0,24,YES,0.0,24,YES,0.0,NO,False,False,False
2023-09-19,2023,24,YES,12.59,14,NO,,24,YES,3.0,24,YES,0.0,24,YES,3.0,24,YES,20.0,24,YES,4.0,NO,False,False,False
2023-09-20,2023,24,YES,12.52,24,YES,15.94,24,YES,13.0,24,YES,2.0,24,YES,4.0,24,YES,2.0,24,YES,1.0,YES,False,False,False
2023-09-21,2023,24,YES,12.81,18,NO,,24,YES,41.0,24,YES,4.0,24,YES,27.0,24,YES,0.0,24,YES,16.0,NO,False,False,False
2023-09-22,2023,24,YES,12.27,1,NO,,24,YES,5.0,24,YES,7.0,22,NO,,22,NO,,22,NO,,NO,False,False,False
2023-09-23,2023,24,YES,13.17,12,NO,,24,YES,33.0,24,YES,5.0,24,YES,33.0,24,YES,8.0,24,YES,13.0,NO,False,False,False
2023-09-24,2023,24,YES,12.27,11,NO,,24,YES,0.0,24,YES,0.0,24,YES,4.0,24,YES,21.0,24,YES,1.0,NO,False,False,False
2023-09-25,2023,24,YES,12.84,8,NO,,24,YES,33.0,24,YES,8.0,24,YES,54.0,24,YES,9.0,23,NO,,NO,False,False,False
2023-09-26,2023,24,YES,14.89,13,NO,,24,YES,34.0,24,YES,34.0,24,YES,46.0,24,YES,16.0,24,YES,75.0,NO,False,False,False
2023-09-27,2023,24,YES,13.07,10,NO,,24,YES,2.0,24,YES,2.0,24,YES,0.0,24,YES,4.0,24,YES,1.0,NO,False,False,False
2023-09-28,2023,24,YES,13.49,13,NO,,24,YES,5.0,24,YES,1.0,24,YES,37.0,24,YES,6.0,24,YES,42.0,NO,False,False,False
2023-09-29,2023,24,YES,13.19,13,NO,,24,YES,7.0,24,YES,2.0,24,YES,18.0,24,YES,6.0,24,YES,17.0,NO,False,False,False
2023-09-30,2023,24,YES,13.24,15,NO,,24,YES,1.0,24,YES,0.0,24,YES,7.0,24,YES,41.0,24,YES,1.0,NO,False,False,False
2023-10-01,2023,24,YES,12.55,21,NO,,24,YES,2.0,24,YES,4.0,24,YES,5.0,24,YES,0.0,24,YES,4.0,NO,False,False,False
2023-10-02,2023,24,YES,13.3,8,NO,,24,YES,25.0,24,YES,16.0,24,YES,49.0,24,YES,19.0,24,YES,35.0,NO,False,False,False
2023-10-03,2023,24,YES,12.7,15,NO,,24,YES,16.0,24,YES,23.0,24,YES,13.0,24,YES,14.0,24,YES,8.0,NO,False,False,False
2023-10-04,2023,24,YES,12.86,22,NO,,24,YES,2.0,24,YES,0.0,24,YES,0.0,24,YES,3.0,24,YES,1.0,NO,False,False,False
2023-10-05,2023,24,YES,13.27,22,NO,,24,YES,15.0,24,YES,20.0,24,YES,39.0,24,YES,40.0,24,YES,23.0,NO,False,False,False
2023-10-06,2023,24,YES,12.91,19,NO,,24,YES,0.0,24,YES,0.0,24,YES,0.0,24,YES,0.0,24,YES,1.0,NO,False,False,False
2023-10-07,2023,24,YES,12.4,24,YES,15.96,24,YES,2.0,24,YES,0.0,24,YES,0.0,24,YES,0.0,24,YES,0.0,YES,False,False,False
2023-10-08,2023,24,YES,12.98,4,NO,,24,YES,28.0,24,YES,3.0,24,YES,6.0,24,YES,14.0,24,YES,1.0,NO,False,False,False
2023-10-09,2023,24,YES,12.32,2,NO,,24,YES,2.0,24,YES,4.0,22,NO,,24,YES,4.0,24,YES,2.0,NO,False,False,False
2023-10-10,2023,24,YES,12.33,24,YES,15.94,24,YES,6.0,24,YES,10.0,24,YES,10.0,24,YES,14.0,24,YES,9.0,YES,False,False,False
2023-10-11,2023,24,YES,12.28,24,YES,15.94,24,YES,5.0,24,YES,4.0,24,YES,4.0,24,YES,0.0,24,YES,5.0,YES,True,False,False
2023-10-12,2023,24,YES,12.17,24,YES,15.94,24,YES,0.0,24,YES,0.0,24,YES,0.0,24,YES,0.0,24,YES,0.0,YES,True,True,False
2023-10-13,2023,24,YES,12.13,24,YES,15.94,24,YES,0.0,24,YES,0.0,24,YES,0.0,24,YES,1.0,24,YES,0.0,YES,True,True,True
2023-10-14,2023,24,YES,12.52,24,YES,15.94,24,YES,26.0,24,YES,0.0,24,YES,0.0,24,YES,34.0,24,YES,16.0,YES,True,True,True
2023-10-15,2023,24,YES,12.46,23,NO,,24,YES,3.0,24,YES,8.0,24,YES,0.0,24,YES,0.0,24,YES,1.0,NO,False,False,False
2023-10-16,2023,24,YES,12.1,24,YES,15.94,24,YES,2.0,24,YES,4.0,24,YES,1.0,24,YES,3.0,24,YES,2.0,YES,False,False,False
2023-10-17,2023,24,YES,12.38,24,YES,15.94,24,YES,0.0,24,YES,0.0,24,YES,7.0,23,NO,,24,YES,4.0,NO,False,False,False
2023-10-18,2023,24,YES,12.11,7,NO,,24,YES,3.0,24,YES,4.0,24,YES,1.0,24,YES,9.0,24,YES,1.0,NO,False,False,False
2023-10-19,2023,24,YES,12.75,0,NO,,24,YES,6.0,24,YES,19.0,23,NO,,24,YES,13.0,24,YES,12.0,NO,False,False,False
2023-10-20,2023,20,NO,,0,NO,,24,YES,21.0,24,YES,16.0,22,NO,,24,YES,19.0,24,YES,8.0,NO,False,False,False
2023-10-21,2023,16,NO,,0,NO,,24,YES,1.0,24,YES,0.0,24,YES,0.0,24,YES,0.0,24,YES,0.0,NO,False,False,False
2023-10-22,2023,18,NO,,0,NO,,24,YES,1.0,24,YES,10.0,23,NO,,24,YES,1.0,24,YES,2.0,NO,False,False,False
2023-10-23,2023,21,NO,,0,NO,,24,YES,1.0,24,YES,5.0,24,YES,1.0,24,YES,0.0,24,YES,1.0,NO,False,False,False
2023-10-24,2023,24,YES,12.36,0,NO,,24,YES,6.0,24,YES,6.0,23,NO,,24,YES,18.0,23,NO,,NO,False,False,False
2023-10-25,2023,24,YES,12.12,0,NO,,24,YES,0.0,24,YES,0.0,24,YES,0.0,24,YES,1.0,24,YES,0.0,NO,False,False,False
2023-10-26,2023,24,YES,12.4,0,NO,,24,YES,0.0,24,YES,0.0,23,NO,,24,YES,9.0,24,YES,3.0,NO,False,False,False
2023-10-27,2023,24,YES,12.19,0,NO,,24,YES,1.0,24,YES,1.0,24,YES,0.0,24,YES,2.0,24,YES,4.0,NO,False,False,False
2023-10-28,2023,24,YES,12.09,0,NO,,24,YES,0.0,24,YES,0.0,24,YES,0.0,24,YES,0.0,24,YES,0.0,NO,False,False,False
2023-10-29,2023,24,YES,12.08,0,NO,,24,YES,0.0,24,YES,0.0,24,YES,0.0,24,YES,0.0,24,YES,0.0,NO,False,False,False
2023-10-30,2023,24,YES,12.08,0,NO,,24,YES,0.0,24,YES,0.0,22,NO,,22,NO,,24,YES,1.0,NO,False,False,False
2023-10-31,2023,0,NO,,0,NO,,24,YES,1.0,0,NO,,0,NO,,0,NO,,0,NO,,NO,False,False,False
2023-11-01,2023,24,YES,12.08,23,NO,,24,YES,11.0,24,YES,5.0,24,YES,11.0,24,YES,10.0,24,YES,14.0,NO,False,False,False
2023-11-02,2023,24,YES,12.07,24,YES,15.93,24,YES,1.0,24,YES,0.0,24,YES,0.0,22,NO,,24,YES,3.0,NO,False,False,False
2023-11-03,2023,24,YES,12.09,24,YES,16.08,24,YES,4.0,24,YES,0.0,24,YES,12.0,24,YES,2.0,24,YES,7.0,YES,False,False,False
2023-11-04,2023,24,YES,12.08,24,YES,15.95,24,YES,0.0,24,YES,0.0,24,YES,0.0,24,YES,0.0,24,YES,1.0,YES,True,False,False
2023-11-05,2023,24,YES,12.08,23,NO,,24,YES,0.0,24,YES,0.0,22,NO,,22,NO,,24,YES,3.0,NO,False,False,False
2023-11-06,2023,24,YES,12.08,24,YES,15.93,24,YES,1.0,24,YES,9.0,24,YES,1.0,24,YES,9.0,24,YES,1.0,YES,False,False,False
2023-11-07,2023,14,NO,,24,YES,15.93,24,YES,4.0,24,YES,6.0,24,YES,2.0,24,YES,6.0,24,YES,1.0,NO,False,False,False
2023-11-08,2023,23,NO,,23,NO,,24,YES,0.0,24,YES,1.0,24,YES,0.0,24,YES,1.0,24,YES,0.0,NO,False,False,False
2023-11-09,2023,23,NO,,24,YES,15.93,24,YES,0.0,24,YES,0.0,24,YES,0.0,24,YES,0.0,24,YES,0.0,NO,False,False,False
2023-11-10,2023,15,NO,,24,YES,15.93,24,YES,0.0,24,YES,0.0,24,YES,0.0,24,YES,0.0,24,YES,0.0,NO,False,False,False
2023-11-11,2023,18,NO,,24,YES,15.93,24,YES,0.0,24,YES,0.0,24,YES,0.0,24,YES,0.0,24,YES,1.0,NO,False,False,False
2023-11-12,2023,17,NO,,24,YES,15.933,24,YES,0.0,24,YES,2.0,24,YES,1.0,24,YES,3.0,24,YES,1.0,NO,False,False,False
2023-11-13,2023,21,NO,,24,YES,15.93,24,YES,1.0,24,YES,1.0,24,YES,3.0,24,YES,1.0,24,YES,6.0,NO,False,False,False
2023-11-14,2023,23,NO,,23,NO,,24,YES,0.0,24,YES,1.0,24,YES,0.0,24,YES,3.0,24,YES,1.0,NO,False,False,False
2023-11-15,2023,23,NO,,23,NO,,24,YES,1.0,24,YES,3.0,24,YES,0.0,24,YES,2.0,24,YES,2.0,NO,False,False,False
2023-11-16,2023,24,YES,12.07,24,YES,15.93,24,YES,0.0,24,YES,0.0,24,YES,0.0,24,YES,0.0,24,YES,0.0,YES,False,False,False
2023-11-17,2023,24,YES,12.07,24,YES,15.93,24,YES,0.0,24,YES,0.0,24,YES,0.0,24,YES,0.0,24,YES,0.0,YES,True,False,False
2023-11-18,2023,24,YES,12.07,24,YES,15.93,24,YES,0.0,24,YES,0.0,24,YES,0.0,24,YES,0.0,24,YES,0.0,YES,True,True,False
2023-11-19,2023,24,YES,12.07,24,YES,15.93,24,YES,0.0,24,YES,0.0,24,YES,0.0,24,YES,0.0,24,YES,0.0,YES,True,True,True
2023-11-20,2023,24,YES,12.07,24,YES,15.93,24,YES,0.0,24,YES,0.0,24,YES,0.0,24,YES,0.0,24,YES,0.0,YES,True,True,True
2023-11-21,2023,24,YES,12.07,24,YES,15.93,24,YES,0.0,24,YES,0.0,24,YES,0.0,24,YES,0.0,24,YES,0.0,YES,True,True,True
2023-11-22,2023,24,YES,12.07,24,YES,15.93,24,YES,0.0,24,YES,0.0,24,YES,0.0,24,YES,0.0,24,YES,0.0,YES,True,True,True
2023-11-23,2023,23,NO,,24,YES,15.96,24,YES,3.0,24,YES,6.0,24,YES,0.0,24,YES,5.0,24,YES,2.0,NO,False,False,False
2023-11-24,2023,24,YES,12.07,23,NO,,24,YES,1.0,24,YES,5.0,22,NO,,24,YES,2.0,24,YES,0.0,NO,False,False,False
2023-11-25,2023,24,YES,12.07,23,NO,,24,YES,13.0,24,YES,16.0,24,YES,3.0,24,YES,5.0,24,YES,7.0,NO,False,False,False
2023-11-26,2023,24,YES,12.07,24,YES,15.93,24,YES,3.0,24,YES,1.0,24,YES,0.0,24,YES,0.0,24,YES,1.0,YES,False,False,False
2023-11-27,2023,24,YES,12.07,24,YES,15.95,24,YES,0.0,24,YES,3.0,24,YES,0.0,24,YES,0.0,24,YES,0.0,YES,True,False,False
2023-11-28,2023,24,YES,12.07,24,YES,15.93,24,YES,10.0,24,YES,24.0,24,YES,6.0,24,YES,8.0,24,YES,7.0,YES,True,True,False
2023-11-29,2023,24,YES,12.07,24,YES,15.93,24,YES,0.0,24,YES,0.0,24,YES,0.0,24,YES,0.0,24,YES,1.0,YES,True,True,True
2023-11-30,2023,24,YES,12.07,24,YES,15.93,24,YES,0.0,24,YES,0.0,24,YES,0.0,24,YES,0.0,24,YES,0.0,YES,True,True,True
2023-12-01,2023,24,YES,12.07,24,YES,15.93,24,YES,2.0,24,YES,2.0,24,YES,1.0,24,YES,6.0,24,YES,1.0,YES,True,True,True
2023-12-02,2023,24,YES,12.07,24,YES,15.93,24,YES,0.0,24,YES,0.0,24,YES,0.0,24,YES,0.0,24,YES,0.0,YES,True,True,True
2023-12-03,2023,24,YES,12.07,24,YES,15.93,24,YES,9.0,24,YES,20.0,24,YES,3.0,24,YES,7.0,24,YES,7.0,YES,True,True,True
2023-12-04,2023,24,YES,12.06,24,YES,15.93,24,YES,0.0,24,YES,0.0,24,YES,1.0,24,YES,0.0,24,YES,0.0,YES,True,True,True
2023-12-05,2023,24,YES,12.11,24,YES,15.93,24,YES,0.0,24,YES,0.0,24,YES,2.0,24,YES,0.0,24,YES,0.0,YES,True,True,True
2023-12-06,2023,24,YES,12.07,24,YES,15.93,24,YES,0.0,24,YES,6.0,24,YES,0.0,24,YES,0.0,24,YES,0.0,YES,True,True,True
2023-12-07,2023,24,YES,12.07,24,YES,15.93,24,YES,0.0,24,YES,0.0,24,YES,0.0,24,YES,1.0,24,YES,0.0,YES,True,True,True
2023-12-08,2023,24,YES,12.07,24,YES,15.93,24,YES,0.0,24,YES,0.0,24,YES,0.0,24,YES,0.0,24,YES,0.0,YES,True,True,True
2023-12-09,2023,24,YES,12.07,24,YES,15.93,24,YES,0.0,24,YES,0.0,24,YES,0.0,24,YES,0.0,24,YES,0.0,YES,True,True,True
2023-12-10,2023,24,YES,12.07,23,NO,,24,YES,0.0,24,YES,1.0,24,YES,0.0,24,YES,0.0,24,YES,0.0,NO,False,False,False
2023-12-11,2023,24,YES,12.07,24,YES,15.93,24,YES,1.0,24,YES,0.0,24,YES,0.0,24,YES,2.0,24,YES,4.0,YES,False,False,False
2023-12-12,2023,24,YES,12.07,23,NO,,24,YES,0.0,24,YES,1.0,24,YES,0.0,24,YES,0.0,24,YES,0.0,NO,False,False,False
2023-12-13,2023,24,YES,12.07,24,YES,15.93,24,YES,0.0,24,YES,1.0,24,YES,0.0,24,YES,0.0,24,YES,0.0,YES,False,False,False
2023-12-14,2023,24,YES,12.07,24,YES,15.93,24,YES,0.0,24,YES,1.0,24,YES,0.0,24,YES,1.0,24,YES,1.0,YES,True,False,False
2023-12-15,2023,24,YES,12.07,24,YES,15.93,24,YES,7.0,24,YES,8.0,24,YES,4.0,24,YES,10.0,24,YES,7.0,YES,True,True,False
2023-12-16,2023,24,YES,12.07,24,YES,15.93,24,YES,0.0,24,YES,1.0,24,YES,1.0,24,YES,0.0,24,YES,1.0,YES,True,True,True
2023-12-17,2023,24,YES,12.07,24,YES,15.93,24,YES,8.0,24,YES,14.0,24,YES,2.0,24,YES,9.0,24,YES,2.0,YES,True,True,True
2023-12-18,2023,24,YES,12.07,24,YES,15.93,24,YES,1.0,24,YES,7.0,24,YES,2.0,24,YES,0.0,24,YES,2.0,YES,True,True,True
2023-12-19,2023,24,YES,12.07,24,YES,15.93,24,YES,0.0,24,YES,1.0,24,YES,0.0,24,YES,0.0,24,YES,0.0,YES,True,True,True
2023-12-20,2023,24,YES,12.07,24,YES,15.93,23,NO,,23,NO,,23,NO,,23,NO,,23,NO,,NO,False,False,False
2023-12-21,2023,24,YES,12.07,24,YES,15.93,24,YES,15.0,24,YES,14.0,24,YES,6.0,24,YES,1.0,24,YES,10.0,YES,False,False,False
2023-12-22,2023,24,YES,12.07,24,YES,15.93,24,YES,3.0,24,YES,3.0,24,YES,2.0,24,YES,0.0,24,YES,4.0,YES,True,False,False
2023-12-23,2023,24,YES,12.07,24,YES,15.93,24,YES,0.0,24,YES,1.0,24,YES,0.0,24,YES,0.0,24,YES,0.0,YES,True,True,False
2023-12-24,2023,24,YES,12.07,24,YES,15.93,24,YES,0.0,24,YES,0.0,24,YES,0.0,24,YES,0.0,24,YES,0.0,YES,True,True,True
2023-12-25,2023,24,YES,12.07,24,YES,15.93,24,YES,0.0,24,YES,0.0,24,YES,0.0,24,YES,0.0,24,YES,0.0,YES,True,True,True
2023-12-26,2023,24,YES,12.07,24,YES,15.93,24,YES,0.0,24,YES,1.0,24,YES,0.0,24,YES,0.0,24,YES,1.0,YES,True,True,True
2023-12-27,2023,24,YES,12.07,24,YES,15.93,24,YES,5.0,24,YES,4.0,24,YES,2.0,24,YES,0.0,24,YES,3.0,YES,True,True,True
2023-12-28,2023,24,YES,12.06,24,YES,15.93,24,YES,0.0,24,YES,0.0,24,YES,0.0,24,YES,0.0,24,YES,0.0,YES,True,True,True
2023-12-29,2023,24,YES,12.06,23,NO,,24,YES,0.0,24,YES,0.0,24,YES,0.0,24,YES,0.0,24,YES,0.0,NO,False,False,False
2023-12-30,2023,24,YES,12.06,24,YES,15.93,24,YES,0.0,24,YES,0.0,24,YES,0.0,24,YES,0.0,24,YES,0.0,YES,False,False,False
2023-12-31,2023,0,NO,,0,NO,,24,YES,0.0,0,NO,,0,NO,,0,NO,,0,NO,,NO,False,False,False
2024-01-01,2024,24,YES,12.07,24,YES,15.93,24,YES,0.0,24,YES,0.0,24,YES,0.0,24,YES,0.0,24,YES,8.0,YES,False,False,False
2024-01-02,2024,24,YES,12.07,23,NO,,24,YES,0.0,24,YES,0.0,22,NO,,22,NO,,22,NO,,NO,False,False,False
2024-01-03,2024,24,YES,12.07,24,YES,15.93,24,YES,0.0,24,YES,0.0,24,YES,0.0,24,YES,0.0,24,YES,0.0,YES,False,False,False
2024-01-04,2024,24,YES,12.07,24,YES,15.93,24,YES,0.0,24,YES,0.0,24,YES,0.0,24,YES,0.0,24,YES,0.0,YES,True,False,False
2024-01-05,2024,24,YES,12.07,24,YES,15.93,24,YES,0.0,24,YES,0.0,24,YES,0.0,24,YES,0.0,24,YES,0.0,YES,True,True,False
2024-01-06,2024,24,YES,12.07,24,YES,15.93,24,YES,0.0,24,YES,0.0,24,YES,0.0,24,YES,0.0,24,YES,0.0,YES,True,True,True
2024-01-07,2024,24,YES,12.07,24,YES,15.93,24,YES,0.0,24,YES,0.0,24,YES,0.0,24,YES,0.0,24,YES,0.0,YES,True,True,True
2024-01-08,2024,24,YES,12.07,24,YES,15.93,24,YES,22.0,24,YES,56.0,24,YES,8.0,24,YES,0.0,24,YES,12.0,YES,True,True,True
2024-01-09,2024,24,YES,12.07,24,YES,15.93,24,YES,0.0,24,YES,1.0,24,YES,1.0,24,YES,0.0,24,YES,0.0,YES,True,True,True
2024-01-10,2024,24,YES,12.07,24,YES,15.93,24,YES,1.0,24,YES,6.0,24,YES,6.0,24,YES,0.0,24,YES,4.0,YES,True,True,True
2024-01-11,2024,24,YES,12.07,24,YES,15.93,24,YES,0.0,24,YES,0.0,24,YES,0.0,24,YES,0.0,24,YES,0.0,YES,True,True,True
2024-01-12,2024,24,YES,12.07,24,YES,15.93,24,YES,0.0,24,YES,0.0,24,YES,0.0,24,YES,0.0,24,YES,0.0,YES,True,True,True
2024-01-13,2024,24,YES,12.07,24,YES,15.93,24,YES,0.0,24,YES,0.0,24,YES,0.0,24,YES,0.0,24,YES,0.0,YES,True,True,True
2024-01-14,2024,24,YES,12.07,24,YES,15.93,24,YES,0.0,24,YES,0.0,24,YES,0.0,24,YES,0.0,24,YES,0.0,YES,True,True,True
2024-01-15,2024,24,YES,12.07,24,YES,15.93,24,YES,0.0,24,YES,0.0,24,YES,0.0,24,YES,0.0,24,YES,0.0,YES,True,True,True
2024-01-16,2024,24,YES,12.06,24,YES,15.93,24,YES,0.0,24,YES,0.0,24,YES,0.0,24,YES,0.0,24,YES,0.0,YES,True,True,True
2024-01-17,2024,24,YES,12.06,24,YES,15.93,24,YES,0.0,24,YES,0.0,24,YES,0.0,24,YES,0.0,24,YES,0.0,YES,True,True,True
2024-01-18,2024,24,YES,12.06,24,YES,15.93,24,YES,0.0,24,YES,0.0,24,YES,0.0,24,YES,0.0,24,YES,0.0,YES,True,True,True
2024-01-19,2024,24,YES,12.06,24,YES,15.93,24,YES,0.0,24,YES,0.0,24,YES,0.0,24,YES,0.0,24,YES,1.0,YES,True,True,True
2024-01-20,2024,24,YES,12.06,24,YES,15.93,24,YES,0.0,24,YES,1.0,24,YES,0.0,24,YES,0.0,24,YES,0.0,YES,True,True,True
2024-01-21,2024,24,YES,12.06,24,YES,15.93,24,YES,0.0,24,YES,0.0,24,YES,0.0,24,YES,0.0,24,YES,0.0,YES,True,True,True
2024-01-22,2024,24,YES,12.06,24,YES,15.93,22,NO,,22,NO,,24,YES,0.0,24,YES,0.0,24,YES,0.0,NO,False,False,False
2024-01-23,2024,24,YES,12.06,24,YES,15.93,24,YES,0.0,24,YES,0.0,24,YES,0.0,24,YES,0.0,24,YES,0.0,YES,False,False,False
2024-01-24,2024,24,YES,12.06,24,YES,15.93,24,YES,0.0,24,YES,0.0,24,YES,0.0,24,YES,0.0,24,YES,0.0,YES,True,False,False
2024-01-25,2024,24,YES,12.06,24,YES,15.93,24,YES,0.0,24,YES,0.0,24,YES,0.0,24,YES,0.0,24,YES,0.0,YES,True,True,False
2024-01-26,2024,24,YES,12.06,24,YES,15.93,24,YES,0.0,24,YES,0.0,24,YES,0.0,24,YES,0.0,24,YES,0.0,YES,True,True,True
2024-01-27,2024,24,YES,12.06,24,YES,15.93,24,YES,0.0,24,YES,0.0,24,YES,0.0,24,YES,0.0,24,YES,0.0,YES,True,True,True
2024-01-28,2024,24,YES,12.06,24,YES,15.93,24,YES,0.0,24,YES,0.0,24,YES,0.0,24,YES,0.0,24,YES,0.0,YES,True,True,True
2024-01-29,2024,24,YES,12.06,24,YES,15.93,24,YES,0.0,24,YES,0.0,24,YES,0.0,24,YES,0.0,24,YES,0.0,YES,True,True,True
2024-01-30,2024,24,YES,12.05,24,YES,15.93,24,YES,0.0,24,YES,0.0,24,YES,0.0,24,YES,0.0,24,YES,0.0,YES,True,True,True
2024-01-31,2024,24,YES,12.05,24,YES,15.93,24,YES,0.0,24,YES,0.0,24,YES,0.0,24,YES,0.0,24,YES,0.0,YES,True,True,True
2024-02-01,2024,24,YES,12.05,24,YES,15.93,24,YES,0.0,24,YES,0.0,24,YES,0.0,24,YES,0.0,24,YES,0.0,YES,True,True,True
2024-02-02,2024,24,YES,12.05,24,YES,15.93,24,YES,0.0,24,YES,0.0,24,YES,0.0,24,YES,0.0,24,YES,0.0,YES,True,True,True
2024-02-03,2024,24,YES,12.05,24,YES,15.93,24,YES,0.0,24,YES,0.0,24,YES,0.0,24,YES,0.0,24,YES,0.0,YES,True,True,True
2024-02-04,2024,24,YES,12.05,24,YES,15.93,24,YES,0.0,24,YES,0.0,24,YES,0.0,24,YES,0.0,24,YES,0.0,YES,True,True,True
2024-02-05,2024,24,YES,12.05,24,YES,15.93,24,YES,0.0,24,YES,0.0,24,YES,0.0,24,YES,0.0,24,YES,0.0,YES,True,True,True
2024-02-06,2024,24,YES,12.05,24,YES,15.93,24,YES,0.0,24,YES,0.0,24,YES,0.0,24,YES,0.0,24,YES,0.0,YES,True,True,True
2024-02-07,2024,24,YES,12.05,24,YES,15.93,24,YES,0.0,24,YES,0.0,24,YES,0.0,24,YES,0.0,24,YES,0.0,YES,True,True,True
2024-02-08,2024,24,YES,12.05,24,YES,15.93,24,YES,0.0,24,YES,0.0,24,YES,0.0,24,YES,0.0,24,YES,0.0,YES,True,True,True
2024-02-09,2024,24,YES,12.05,23,NO,,24,YES,0.0,24,YES,0.0,22,NO,,24,YES,0.0,24,YES,0.0,NO,False,False,False
2024-02-10,2024,24,YES,12.05,23,NO,,24,YES,0.0,24,YES,0.0,24,YES,0.0,24,YES,0.0,24,YES,0.0,NO,False,False,False
2024-02-11,2024,24,YES,12.05,24,YES,15.93,24,YES,0.0,24,YES,0.0,24,YES,0.0,24,YES,0.0,24,YES,0.0,YES,False,False,False
2024-02-12,2024,24,YES,12.05,24,YES,15.93,24,YES,0.0,24,YES,0.0,24,YES,0.0,24,YES,0.0,24,YES,0.0,YES,True,False,False
2024-02-13,2024,24,YES,12.05,24,YES,15.93,24,YES,0.0,24,YES,0.0,24,YES,0.0,24,YES,0.0,24,YES,0.0,YES,True,True,False
2024-02-14,2024,24,YES,12.05,24,YES,15.93,24,YES,0.0,24,YES,0.0,22,NO,,22,NO,,22,NO,,NO,False,False,False
2024-02-15,2024,24,YES,12.04,24,YES,15.93,24,YES,0.0,24,YES,0.0,24,YES,0.0,24,YES,0.0,24,YES,0.0,YES,False,False,False
2024-02-16,2024,24,YES,12.04,24,YES,15.93,24,YES,0.0,24,YES,0.0,24,YES,0.0,24,YES,0.0,24,YES,0.0,YES,True,False,False
2024-02-17,2024,24,YES,12.04,24,YES,15.93,24,YES,0.0,24,YES,0.0,24,YES,0.0,24,YES,0.0,24,YES,0.0,YES,True,True,False
2024-02-18,2024,24,YES,12.04,24,YES,15.93,24,YES,0.0,24,YES,0.0,24,YES,0.0,24,YES,0.0,24,YES,0.0,YES,True,True,True
2024-02-19,2024,24,YES,12.04,24,YES,15.93,24,YES,0.0,24,YES,0.0,24,YES,0.0,24,YES,0.0,24,YES,0.0,YES,True,True,True
2024-02-20,2024,24,YES,12.04,24,YES,15.93,24,YES,0.0,24,YES,0.0,24,YES,0.0,24,YES,0.0,24,YES,0.0,YES,True,True,True
2024-02-21,2024,24,YES,12.04,24,YES,15.93,24,YES,0.0,24,YES,0.0,24,YES,0.0,24,YES,0.0,24,YES,0.0,YES,True,True,True
2024-02-22,2024,24,YES,12.04,24,YES,15.93,24,YES,0.0,24,YES,0.0,24,YES,0.0,24,YES,0.0,24,YES,0.0,YES,True,True,True
2024-02-23,2024,24,YES,11.51,23,NO,,24,YES,0.0,24,YES,0.0,24,YES,0.0,24,YES,0.0,24,YES,0.0,NO,False,False,False
2024-02-24,2024,24,YES,11.1,23,NO,,24,YES,0.0,24,YES,1.0,24,YES,0.0,24,YES,0.0,24,YES,0.0,NO,False,False,False
2024-02-25,2024,24,YES,11.1,24,YES,15.93,24,YES,0.0,24,YES,0.0,24,YES,0.0,24,YES,0.0,24,YES,0.0,YES,False,False,False
2024-02-26,2024,24,YES,11.1,23,NO,,24,YES,0.0,24,YES,0.0,24,YES,0.0,24,YES,0.0,24,YES,0.0,NO,False,False,False
2024-02-27,2024,24,YES,11.1,24,YES,15.93,24,YES,0.0,24,YES,0.0,24,YES,0.0,24,YES,0.0,24,YES,0.0,YES,False,False,False
2024-02-28,2024,24,YES,11.1,24,YES,15.93,24,YES,0.0,24,YES,0.0,24,YES,0.0,24,YES,0.0,24,YES,0.0,YES,True,False,False
2024-02-29,2024,24,YES,11.1,24,YES,15.93,24,YES,0.0,24,YES,0.0,24,YES,0.0,24,YES,0.0,24,YES,0.0,YES,True,True,False
2024-03-01,2024,24,YES,11.1,24,YES,15.93,24,YES,0.0,24,YES,0.0,24,YES,0.0,24,YES,0.0,24,YES,0.0,YES,True,True,True
2024-03-02,2024,23,NO,,23,NO,,24,YES,0.0,24,YES,0.0,24,YES,0.0,24,YES,0.0,24,YES,0.0,NO,False,False,False
2024-03-03,2024,23,NO,,24,YES,15.93,24,YES,0.0,24,YES,0.0,24,YES,0.0,24,YES,0.0,24,YES,0.0,NO,False,False,False
2024-03-04,2024,24,YES,11.1,23,NO,,24,YES,0.0,24,YES,0.0,23,NO,,23,NO,,23,NO,,NO,False,False,False
2024-03-05,2024,23,NO,,23,NO,,24,YES,0.0,24,YES,0.0,24,YES,0.0,24,YES,0.0,24,YES,0.0,NO,False,False,False
2024-03-06,2024,24,YES,11.1,24,YES,15.93,24,YES,0.0,24,YES,0.0,24,YES,0.0,24,YES,0.0,24,YES,0.0,YES,False,False,False
2024-03-07,2024,24,YES,11.1,24,YES,15.93,24,YES,0.0,24,YES,0.0,24,YES,0.0,24,YES,0.0,24,YES,0.0,YES,True,False,False
2024-03-08,2024,24,YES,11.1,24,YES,15.93,24,YES,0.0,24,YES,0.0,24,YES,0.0,24,YES,0.0,24,YES,0.0,YES,True,True,False
2024-03-09,2024,24,YES,11.1,24,YES,15.93,24,YES,0.0,24,YES,0.0,24,YES,0.0,24,YES,0.0,24,YES,0.0,YES,True,True,True
2024-03-10,2024,16,NO,,23,NO,,24,YES,0.0,24,YES,0.0,24,YES,0.0,24,YES,0.0,24,YES,0.0,NO,False,False,False
2024-03-11,2024,19,NO,,24,YES,15.93,24,YES,0.0,24,YES,0.0,24,YES,0.0,24,YES,0.0,24,YES,0.0,NO,False,False,False
2024-03-12,2024,11,NO,,24,YES,15.93,24,YES,0.0,24,YES,0.0,24,YES,0.0,24,YES,0.0,24,YES,0.0,NO,False,False,False
2024-03-13,2024,23,NO,,23,NO,,24,YES,0.0,24,YES,0.0,23,NO,,24,YES,0.0,24,YES,0.0,NO,False,False,False
2024-03-14,2024,21,NO,,24,YES,15.93,24,YES,0.0,24,YES,0.0,24,YES,0.0,24,YES,0.0,24,YES,0.0,NO,False,False,False
2024-03-15,2024,18,NO,,24,YES,15.93,24,YES,0.0,24,YES,0.0,24,YES,0.0,24,YES,0.0,24,YES,0.0,NO,False,False,False
2024-03-16,2024,24,YES,11.1,24,YES,15.93,24,YES,0.0,24,YES,0.0,24,YES,0.0,24,YES,0.0,24,YES,0.0,YES,False,False,False
2024-03-17,2024,24,YES,11.1,24,YES,15.93,24,YES,0.0,24,YES,0.0,24,YES,0.0,24,YES,0.0,24,YES,0.0,YES,True,False,False
2024-03-18,2024,24,YES,11.1,24,YES,15.93,24,YES,0.0,24,YES,0.0,24,YES,0.0,24,YES,0.0,24,YES,0.0,YES,True,True,False
2024-03-19,2024,24,YES,11.1,24,YES,15.93,24,YES,0.0,24,YES,0.0,24,YES,4.0,24,YES,0.0,24,YES,0.0,YES,True,True,True
2024-03-20,2024,24,YES,11.1,24,YES,15.93,24,YES,0.0,24,YES,0.0,24,YES,0.0,24,YES,0.0,24,YES,0.0,YES,True,True,True
2024-03-21,2024,24,YES,11.1,24,YES,15.93,24,YES,0.0,24,YES,0.0,24,YES,0.0,24,YES,0.0,24,YES,0.0,YES,True,True,True
2024-03-22,2024,24,YES,11.1,24,YES,15.93,24,YES,0.0,24,YES,0.0,24,YES,0.0,24,YES,0.0,24,YES,0.0,YES,True,True,True
2024-03-23,2024,24,YES,11.1,23,NO,,24,YES,0.0,24,YES,0.0,22,NO,,24,YES,0.0,24,YES,0.0,NO,False,False,False
2024-03-24,2024,24,YES,11.1,24,YES,15.93,24,YES,0.0,24,YES,0.0,24,YES,0.0,24,YES,0.0,24,YES,0.0,YES,False,False,False
2024-03-25,2024,24,YES,11.1,24,YES,15.93,24,YES,0.0,24,YES,0.0,24,YES,0.0,24,YES,0.0,24,YES,0.0,YES,True,False,False
2024-03-26,2024,24,YES,11.1,24,YES,15.93,24,YES,0.0,24,YES,1.0,24,YES,0.0,24,YES,0.0,24,YES,0.0,YES,True,True,False
2024-03-27,2024,24,YES,11.1,24,YES,15.93,24,YES,0.0,24,YES,0.0,24,YES,17.0,24,YES,0.0,24,YES,0.0,YES,True,True,True
2024-03-28,2024,24,YES,11.1,24,YES,15.93,24,YES,0.0,24,YES,0.0,24,YES,0.0,24,YES,0.0,24,YES,0.0,YES,True,True,True
2024-03-29,2024,24,YES,11.1,24,YES,15.93,24,YES,29.0,24,YES,6.0,24,YES,19.0,24,YES,0.0,24,YES,19.0,YES,True,True,True
2024-03-30,2024,24,YES,11.1,24,YES,15.93,24,YES,0.0,24,YES,0.0,24,YES,0.0,24,YES,0.0,24,YES,0.0,YES,True,True,True
2024-03-31,2024,24,YES,11.1,24,YES,15.93,24,YES,0.0,24,YES,0.0,24,YES,0.0,24,YES,0.0,24,YES,0.0,YES,True,True,True
2024-04-01,2024,24,YES,11.1,24,YES,15.93,24,YES,0.0,24,YES,0.0,24,YES,0.0,24,YES,0.0,24,YES,0.0,YES,True,True,True
2024-04-02,2024,24,YES,11.1,24,YES,15.93,24,YES,0.0,24,YES,0.0,24,YES,0.0,24,YES,0.0,24,YES,0.0,YES,True,True,True
2024-04-03,2024,24,YES,11.1,24,YES,15.93,24,YES,0.0,24,YES,0.0,24,YES,0.0,24,YES,0.0,24,YES,0.0,YES,True,True,True
2024-04-04,2024,24,YES,11.1,24,YES,15.93,24,YES,0.0,24,YES,0.0,24,YES,0.0,24,YES,0.0,24,YES,0.0,YES,True,True,True
2024-04-05,2024,24,YES,11.1,24,YES,15.93,24,YES,0.0,24,YES,0.0,24,YES,0.0,24,YES,0.0,24,YES,0.0,YES,True,True,True
2024-04-06,2024,24,YES,11.1,24,YES,15.93,24,YES,0.0,24,YES,0.0,24,YES,0.0,24,YES,0.0,24,YES,0.0,YES,True,True,True
2024-04-07,2024,23,NO,,24,YES,15.93,24,YES,0.0,24,YES,0.0,24,YES,0.0,24,YES,0.0,24,YES,0.0,NO,False,False,False
2024-04-08,2024,24,YES,11.1,24,YES,15.93,24,YES,0.0,24,YES,0.0,24,YES,0.0,24,YES,0.0,24,YES,0.0,YES,False,False,False
2024-04-09,2024,24,YES,11.1,24,YES,15.93,24,YES,0.0,24,YES,0.0,24,YES,0.0,24,YES,0.0,24,YES,0.0,YES,True,False,False
2024-04-10,2024,24,YES,11.1,24,YES,15.93,24,YES,0.0,24,YES,0.0,24,YES,0.0,24,YES,0.0,24,YES,0.0,YES,True,True,False
2024-04-11,2024,24,YES,11.1,24,YES,15.93,24,YES,0.0,24,YES,0.0,24,YES,0.0,24,YES,0.0,24,YES,0.0,YES,True,True,True
2024-04-12,2024,24,YES,11.1,24,YES,15.93,24,YES,0.0,24,YES,0.0,24,YES,0.0,24,YES,0.0,24,YES,0.0,YES,True,True,True
2024-04-13,2024,24,YES,11.1,24,YES,15.93,24,YES,0.0,24,YES,0.0,24,YES,0.0,24,YES,0.0,24,YES,0.0,YES,True,True,True
2024-04-14,2024,24,YES,11.1,24,YES,15.93,24,YES,0.0,24,YES,0.0,24,YES,0.0,24,YES,0.0,24,YES,0.0,YES,True,True,True
2024-04-15,2024,24,YES,11.1,24,YES,15.93,24,YES,0.0,24,YES,0.0,24,YES,0.0,24,YES,0.0,24,YES,0.0,YES,True,True,True
2024-04-16,2024,24,YES,11.1,24,YES,15.93,24,YES,0.0,24,YES,0.0,24,YES,0.0,24,YES,0.0,24,YES,0.0,YES,True,True,True
2024-04-17,2024,24,YES,11.1,24,YES,15.936,24,YES,0.0,24,YES,0.0,24,YES,0.0,24,YES,0.0,24,YES,0.0,YES,True,True,True
2024-04-18,2024,24,YES,11.1,24,YES,15.93,24,YES,0.0,24,YES,0.0,24,YES,0.0,24,YES,0.0,24,YES,0.0,YES,True,True,True
2024-04-19,2024,24,YES,11.1,24,YES,15.93,24,YES,0.0,24,YES,0.0,24,YES,0.0,24,YES,0.0,24,YES,0.0,YES,True,True,True
2024-04-20,2024,24,YES,11.1,24,YES,15.93,24,YES,0.0,24,YES,0.0,24,YES,0.0,24,YES,0.0,24,YES,0.0,YES,True,True,True
2024-04-21,2024,24,YES,11.1,24,YES,15.93,24,YES,0.0,24,YES,0.0,24,YES,0.0,24,YES,0.0,24,YES,0.0,YES,True,True,True
2024-04-22,2024,24,YES,11.1,23,NO,,24,YES,0.0,24,YES,0.0,24,YES,0.0,24,YES,0.0,24,YES,0.0,NO,False,False,False
2024-04-23,2024,24,YES,11.1,24,YES,15.93,24,YES,0.0,24,YES,0.0,24,YES,0.0,24,YES,0.0,24,YES,0.0,YES,False,False,False
2024-04-24,2024,24,YES,11.1,24,YES,15.93,24,YES,0.0,24,YES,28.0,24,YES,0.0,24,YES,0.0,24,YES,0.0,YES,True,False,False
2024-04-25,2024,24,YES,11.1,23,NO,,24,YES,0.0,24,YES,0.0,24,YES,0.0,24,YES,0.0,24,YES,0.0,NO,False,False,False
2024-04-26,2024,24,YES,11.1,24,YES,15.93,24,YES,0.0,24,YES,0.0,24,YES,0.0,24,YES,0.0,24,YES,0.0,YES,False,False,False
2024-04-27,2024,24,YES,11.1,24,YES,15.93,24,YES,0.0,24,YES,0.0,24,YES,0.0,24,YES,0.0,24,YES,0.0,YES,True,False,False
2024-04-28,2024,24,YES,11.1,24,YES,15.93,24,YES,0.0,24,YES,0.0,24,YES,0.0,24,YES,0.0,24,YES,0.0,YES,True,True,False
2024-04-29,2024,24,YES,11.1,24,YES,15.93,24,YES,0.0,24,YES,0.0,24,YES,0.0,24,YES,0.0,24,YES,0.0,YES,True,True,True
2024-04-30,2024,24,YES,11.1,24,YES,15.93,24,YES,0.0,24,YES,0.0,24,YES,0.0,24,YES,0.0,24,YES,0.0,YES,True,True,True
2024-05-01,2024,24,YES,11.1,24,YES,15.93,24,YES,0.0,24,YES,0.0,24,YES,0.0,24,YES,0.0,24,YES,0.0,YES,True,True,True
2024-05-02,2024,24,YES,11.1,24,YES,15.93,24,YES,0.0,24,YES,0.0,24,YES,0.0,24,YES,0.0,24,YES,0.0,YES,True,True,True
2024-05-03,2024,24,YES,11.1,24,YES,15.93,24,YES,0.0,24,YES,0.0,24,YES,0.0,24,YES,0.0,24,YES,0.0,YES,True,True,True
2024-05-04,2024,24,YES,11.1,24,YES,15.93,24,YES,0.0,24,YES,0.0,24,YES,0.0,24,YES,0.0,24,YES,0.0,YES,True,True,True
2024-05-05,2024,24,YES,11.1,24,YES,15.93,24,YES,0.0,24,YES,0.0,24,YES,0.0,24,YES,0.0,24,YES,0.0,YES,True,True,True
2024-05-06,2024,24,YES,11.1,24,YES,15.93,24,YES,0.0,24,YES,0.0,24,YES,0.0,24,YES,0.0,24,YES,0.0,YES,True,True,True
2024-05-07,2024,24,YES,11.1,24,YES,15.93,24,YES,0.0,24,YES,0.0,24,YES,0.0,24,YES,0.0,24,YES,0.0,YES,True,True,True
2024-05-08,2024,24,YES,11.1,24,YES,15.93,24,YES,0.0,24,YES,2.0,24,YES,0.0,24,YES,0.0,24,YES,0.0,YES,True,True,True
2024-05-09,2024,24,YES,11.1,24,YES,15.93,24,YES,0.0,24,YES,0.0,24,YES,0.0,24,YES,0.0,24,YES,0.0,YES,True,True,True
2024-05-10,2024,24,YES,11.1,24,YES,15.93,24,YES,0.0,24,YES,0.0,24,YES,9.0,24,YES,0.0,24,YES,0.0,YES,True,True,True
2024-05-11,2024,24,YES,11.1,24,YES,15.93,24,YES,0.0,24,YES,0.0,24,YES,0.0,24,YES,0.0,24,YES,0.0,YES,True,True,True
2024-05-12,2024,24,YES,11.1,24,YES,15.93,24,YES,0.0,24,YES,0.0,24,YES,0.0,24,YES,0.0,24,YES,0.0,YES,True,True,True
2024-05-13,2024,24,YES,11.1,24,YES,15.93,24,YES,2.0,24,YES,0.0,24,YES,38.0,24,YES,0.0,24,YES,0.0,YES,True,True,True
2024-05-14,2024,24,YES,11.1,24,YES,15.93,24,YES,45.0,24,YES,33.0,24,YES,0.0,24,YES,1.0,24,YES,12.0,YES,True,True,True
2024-05-15,2024,24,YES,11.1,24,YES,15.93,24,YES,0.0,24,YES,0.0,24,YES,13.0,24,YES,0.0,24,YES,4.0,YES,True,True,True
2024-05-16,2024,24,YES,11.1,24,YES,15.93,24,YES,1.0,24,YES,1.0,24,YES,0.0,24,YES,0.0,24,YES,12.0,YES,True,True,True
2024-05-17,2024,24,YES,11.1,24,YES,15.93,24,YES,0.0,24,YES,0.0,24,YES,27.0,24,YES,0.0,24,YES,5.0,YES,True,True,True
2024-05-18,2024,24,YES,11.1,24,YES,15.93,24,YES,0.0,24,YES,0.0,24,YES,0.0,24,YES,0.0,24,YES,0.0,YES,True,True,True
2024-05-19,2024,24,YES,11.1,24,YES,15.93,24,YES,0.0,24,YES,0.0,24,YES,1.0,24,YES,0.0,24,YES,2.0,YES,True,True,True
2024-05-20,2024,24,YES,11.36,24,YES,15.93,24,YES,0.0,24,YES,0.0,24,YES,0.0,24,YES,0.0,24,YES,0.0,YES,True,True,True
2024-05-21,2024,24,YES,11.36,24,YES,15.93,24,YES,0.0,24,YES,0.0,24,YES,0.0,24,YES,0.0,24,YES,0.0,YES,True,True,True
2024-05-22,2024,24,YES,11.65,24,YES,15.93,24,YES,0.0,24,YES,0.0,24,YES,0.0,24,YES,0.0,24,YES,0.0,YES,True,True,True
2024-05-23,2024,24,YES,11.35,24,YES,15.93,24,YES,0.0,24,YES,0.0,24,YES,0.0,24,YES,0.0,24,YES,0.0,YES,True,True,True
2024-05-24,2024,24,YES,11.34,24,YES,15.93,24,YES,0.0,24,YES,0.0,24,YES,0.0,24,YES,0.0,24,YES,0.0,YES,True,True,True
2024-05-25,2024,24,YES,11.59,23,NO,,24,YES,60.0,24,YES,62.0,22,NO,,24,YES,64.0,24,YES,47.0,NO,False,False,False
2024-05-26,2024,24,YES,12.09,24,YES,15.93,24,YES,49.0,24,YES,47.0,24,YES,42.0,24,YES,78.0,24,YES,67.0,YES,False,False,False
2024-05-27,2024,24,YES,11.99,23,NO,,24,YES,31.0,24,YES,37.0,22,NO,,22,NO,,24,YES,22.0,NO,False,False,False
2024-05-28,2024,24,YES,11.84,24,YES,15.93,24,YES,8.0,24,YES,0.0,24,YES,20.0,24,YES,1.0,24,YES,1.0,YES,False,False,False
2024-05-29,2024,24,YES,11.84,24,YES,15.93,24,YES,3.0,24,YES,4.0,24,YES,5.0,24,YES,9.0,24,YES,15.0,YES,True,False,False
2024-05-30,2024,24,YES,11.84,24,YES,15.93,24,YES,0.0,24,YES,0.0,24,YES,0.0,24,YES,0.0,24,YES,1.0,YES,True,True,False
2024-05-31,2024,24,YES,11.83,24,YES,15.93,24,YES,0.0,24,YES,0.0,24,YES,0.0,24,YES,0.0,24,YES,1.0,YES,True,True,True
2024-06-01,2024,24,YES,11.83,24,YES,15.93,24,YES,1.0,24,YES,0.0,24,YES,0.0,24,YES,0.0,23,NO,,NO,False,False,False
2024-06-02,2024,24,YES,12.12,24,YES,15.93,24,YES,10.0,24,YES,16.0,24,YES,12.0,24,YES,43.0,24,YES,20.0,YES,False,False,False
2024-06-03,2024,24,YES,11.84,24,YES,15.93,24,YES,1.0,24,YES,17.0,24,YES,4.0,24,YES,4.0,24,YES,3.0,YES,True,False,False
2024-06-04,2024,24,YES,11.84,24,YES,15.93,24,YES,0.0,23,NO,,24,YES,0.0,24,YES,0.0,24,YES,0.0,NO,False,False,False
2024-06-05,2024,24,YES,12.98,24,YES,15.94,24,YES,16.0,24,YES,16.0,24,YES,25.0,24,YES,85.0,24,YES,24.0,YES,False,False,False
2024-06-06,2024,24,YES,12.14,24,YES,16.16,24,YES,55.0,24,YES,7.0,24,YES,5.0,24,YES,22.0,24,YES,43.0,YES,True,False,False
2024-06-07,2024,24,YES,11.84,24,YES,15.93,24,YES,8.0,24,YES,31.0,24,YES,0.0,24,YES,29.0,24,YES,2.0,YES,True,True,False
2024-06-08,2024,24,YES,11.84,24,YES,15.93,24,YES,0.0,24,YES,0.0,24,YES,5.0,24,YES,0.0,24,YES,0.0,YES,True,True,True
2024-06-09,2024,24,YES,11.84,24,YES,15.93,24,YES,3.0,24,YES,61.0,24,YES,0.0,24,YES,3.0,24,YES,1.0,YES,True,True,True
2024-06-10,2024,24,YES,11.88,24,YES,15.93,24,YES,25.0,24,YES,0.0,24,YES,16.0,24,YES,16.0,24,YES,8.0,YES,True,True,True
2024-06-11,2024,20,NO,,24,YES,15.93,24,YES,0.0,24,YES,0.0,24,YES,0.0,24,YES,0.0,24,YES,1.0,NO,False,False,False
2024-06-12,2024,23,NO,,23,NO,,24,YES,0.0,24,YES,16.0,24,YES,1.0,24,YES,1.0,24,YES,1.0,NO,False,False,False
2024-06-13,2024,24,YES,11.89,24,YES,15.93,24,YES,2.0,24,YES,0.0,24,YES,5.0,24,YES,0.0,24,YES,4.0,YES,False,False,False
2024-06-14,2024,24,YES,11.83,24,YES,15.93,24,YES,0.0,24,YES,1.0,24,YES,0.0,24,YES,4.0,24,YES,0.0,YES,True,False,False
2024-06-15,2024,24,YES,11.82,24,YES,15.93,24,YES,0.0,24,YES,0.0,24,YES,0.0,24,YES,0.0,24,YES,0.0,YES,True,True,False
2024-06-16,2024,24,YES,11.82,24,YES,15.93,24,YES,0.0,24,YES,2.0,24,YES,5.0,24,YES,97.0,24,YES,1.0,YES,True,True,True
2024-06-17,2024,24,YES,11.84,24,YES,15.93,24,YES,7.0,24,YES,0.0,24,YES,22.0,24,YES,7.0,24,YES,7.0,YES,True,True,True
2024-06-18,2024,24,YES,12.5,24,YES,16.44,24,YES,6.0,24,YES,0.0,24,YES,54.0,24,YES,30.0,24,YES,16.0,YES,True,True,True
2024-06-19,2024,24,YES,11.84,24,YES,15.94,24,YES,0.0,24,YES,0.0,24,YES,1.0,24,YES,7.0,24,YES,0.0,YES,True,True,True
2024-06-20,2024,24,YES,11.48,24,YES,15.94,24,YES,0.0,24,YES,2.0,24,YES,0.0,24,YES,12.0,24,YES,0.0,YES,True,True,True
2024-06-21,2024,24,YES,11.48,24,YES,15.94,24,YES,2.0,24,YES,1.0,24,YES,14.0,24,YES,0.0,24,YES,25.0,YES,True,True,True
2024-06-22,2024,24,YES,11.48,23,NO,,24,YES,19.0,24,YES,44.0,24,YES,11.0,24,YES,11.0,24,YES,18.0,NO,False,False,False
2024-06-23,2024,24,YES,11.81,24,YES,15.94,24,YES,21.0,24,YES,15.0,24,YES,6.0,24,YES,67.0,24,YES,9.0,YES,False,False,False
2024-06-24,2024,24,YES,12.2,24,YES,15.94,24,YES,17.0,24,YES,7.0,24,YES,41.0,24,YES,19.0,24,YES,16.0,YES,True,False,False
2024-06-25,2024,23,NO,,24,YES,15.94,24,YES,0.0,24,YES,0.0,24,YES,0.0,24,YES,0.0,24,YES,0.0,NO,False,False,False
2024-06-26,2024,24,YES,11.5,24,YES,15.94,24,YES,12.0,24,YES,1.0,24,YES,6.0,24,YES,7.0,24,YES,7.0,YES,False,False,False
2024-06-27,2024,24,YES,11.49,22,NO,,24,YES,0.0,24,YES,0.0,24,YES,0.0,24,YES,0.0,24,YES,0.0,NO,False,False,False
2024-06-28,2024,24,YES,11.49,24,YES,15.94,24,YES,0.0,24,YES,0.0,24,YES,0.0,24,YES,0.0,24,YES,0.0,YES,False,False,False
2024-06-29,2024,23,NO,,24,YES,15.94,24,YES,0.0,24,YES,0.0,24,YES,0.0,24,YES,0.0,24,YES,0.0,NO,False,False,False
2024-06-30,2024,23,NO,,24,YES,15.94,24,YES,12.0,24,YES,8.0,24,YES,4.0,24,YES,15.0,24,YES,7.0,NO,False,False,False
2024-07-01,2024,24,YES,11.48,24,YES,15.94,24,YES,0.0,24,YES,0.0,24,YES,0.0,24,YES,0.0,24,YES,0.0,YES,False,False,False
2024-07-02,2024,24,YES,11.5,24,YES,15.94,24,YES,13.0,24,YES,2.0,24,YES,11.0,24,YES,34.0,24,YES,23.0,YES,True,False,False
2024-07-03,2024,23,NO,,24,YES,15.94,24,YES,0.0,24,YES,0.0,24,YES,0.0,24,YES,0.0,24,YES,0.0,NO,False,False,False
2024-07-04,2024,24,YES,11.49,24,YES,15.94,24,YES,4.0,24,YES,0.0,24,YES,4.0,24,YES,4.0,24,YES,4.0,YES,False,False,False
2024-07-05,2024,24,YES,11.49,24,YES,15.94,24,YES,3.0,24,YES,0.0,24,YES,4.0,24,YES,0.0,24,YES,5.0,YES,True,False,False
2024-07-06,2024,24,YES,11.48,24,YES,15.94,24,YES,0.0,24,YES,1.0,24,YES,0.0,24,YES,0.0,24,YES,0.0,YES,True,True,False
2024-07-07,2024,24,YES,11.48,24,YES,15.94,24,YES,0.0,24,YES,0.0,24,YES,0.0,24,YES,4.0,24,YES,0.0,YES,True,True,True
2024-07-08,2024,24,YES,11.87,23,NO,,24,YES,0.0,24,YES,0.0,24,YES,50.0,24,YES,10.0,24,YES,2.0,NO,False,False,False
2024-07-09,2024,9,NO,,24,YES,15.94,24,YES,15.0,24,YES,7.0,24,YES,15.0,24,YES,27.0,24,YES,10.0,NO,False,False,False
2024-07-10,2024,9,NO,,24,YES,15.94,24,YES,0.0,24,YES,0.0,24,YES,0.0,24,YES,0.0,24,YES,0.0,NO,False,False,False
2024-07-11,2024,8,NO,,24,YES,15.94,24,YES,2.0,24,YES,2.0,24,YES,0.0,24,YES,0.0,24,YES,0.0,NO,False,False,False
2024-07-12,2024,12,NO,,24,YES,15.94,24,YES,4.0,24,YES,0.0,24,YES,2.0,24,YES,3.0,24,YES,3.0,NO,False,False,False
2024-07-13,2024,24,YES,11.48,24,YES,15.94,24,YES,0.0,24,YES,0.0,24,YES,1.0,24,YES,3.0,24,YES,2.0,YES,False,False,False
2024-07-14,2024,24,YES,11.48,24,YES,15.94,24,YES,6.0,24,YES,0.0,24,YES,1.0,24,YES,2.0,24,YES,3.0,YES,True,False,False
2024-07-15,2024,24,YES,11.47,24,YES,15.94,24,YES,3.0,24,YES,0.0,24,YES,9.0,24,YES,5.0,24,YES,6.0,YES,True,True,False
2024-07-16,2024,24,YES,11.47,24,YES,15.94,24,YES,4.0,24,YES,0.0,24,YES,1.0,24,YES,3.0,24,YES,3.0,YES,True,True,True
2024-07-17,2024,24,YES,11.46,24,YES,15.94,24,YES,0.0,24,YES,1.0,24,YES,0.0,24,YES,0.0,24,YES,1.0,YES,True,True,True
2024-07-18,2024,24,YES,11.46,24,YES,15.94,24,YES,12.0,24,YES,1.0,24,YES,5.0,24,YES,10.0,24,YES,10.0,YES,True,True,True
2024-07-19,2024,24,YES,11.46,24,YES,15.94,24,YES,1.0,24,YES,1.0,24,YES,3.0,24,YES,1.0,24,YES,0.0,YES,True,True,True
2024-07-20,2024,24,YES,11.45,24,YES,15.94,24,YES,0.0,24,YES,0.0,24,YES,0.0,24,YES,0.0,24,YES,1.0,YES,True,True,True
2024-07-21,2024,24,YES,11.45,24,YES,15.94,24,YES,42.0,24,YES,13.0,24,YES,23.0,24,YES,7.0,24,YES,30.0,YES,True,True,True
2024-07-22,2024,24,YES,13.11,24,YES,16.41,23,NO,,24,YES,33.0,23,NO,,23,NO,,23,NO,,NO,False,False,False
2024-07-23,2024,23,NO,,24,YES,18.92,24,YES,180.0,24,YES,54.0,24,YES,204.0,24,YES,202.0,24,YES,205.0,NO,False,False,False
2024-07-24,2024,23,NO,,23,NO,,24,YES,204.0,24,YES,217.0,24,YES,373.0,24,YES,350.0,24,YES,312.0,NO,False,False,False
2024-07-25,2024,24,YES,15.03,24,YES,17.74,24,YES,3.0,24,YES,10.0,24,YES,0.0,24,YES,11.0,24,YES,0.0,YES,False,False,False
2024-07-26,2024,19,NO,,24,YES,16.77,24,YES,1.0,24,YES,7.0,24,YES,3.0,24,YES,5.0,24,YES,0.0,NO,False,False,False
2024-07-27,2024,10,NO,,24,YES,16.41,24,YES,0.0,24,YES,1.0,24,YES,0.0,24,YES,1.0,24,YES,1.0,NO,False,False,False
2024-07-28,2024,20,NO,,24,YES,16.42,24,YES,18.0,24,YES,57.0,24,YES,20.0,24,YES,15.0,24,YES,12.0,NO,False,False,False
2024-07-29,2024,24,YES,13.03,24,YES,16.06,24,YES,1.0,24,YES,1.0,24,YES,0.0,24,YES,0.0,24,YES,0.0,YES,False,False,False
2024-07-30,2024,24,YES,12.55,24,YES,16.05,24,YES,4.0,24,YES,0.0,24,YES,13.0,24,YES,17.0,24,YES,5.0,YES,True,False,False
2024-07-31,2024,24,YES,12.1,23,NO,,24,YES,4.0,24,YES,0.0,24,YES,1.0,24,YES,2.0,24,YES,0.0,NO,False,False,False
2024-08-01,2024,24,YES,12.12,24,YES,16.04,24,YES,20.0,24,YES,20.0,24,YES,11.0,24,YES,37.0,24,YES,0.0,YES,False,False,False
2024-08-02,2024,24,YES,13.02,24,YES,16.04,24,YES,3.0,24,YES,35.0,24,YES,37.0,24,YES,31.0,24,YES,9.0,YES,True,False,False
2024-08-03,2024,24,YES,12.33,24,YES,16.04,24,YES,0.0,24,YES,0.0,24,YES,32.0,24,YES,0.0,24,YES,0.0,YES,True,True,False
2024-08-04,2024,24,YES,12.0,24,YES,16.04,24,YES,24.0,24,YES,0.0,24,YES,7.0,24,YES,0.0,24,YES,4.0,YES,True,True,True
2024-08-05,2024,24,YES,12.69,24,YES,16.04,24,YES,13.0,24,YES,32.0,24,YES,5.0,24,YES,47.0,24,YES,15.0,YES,True,True,True
2024-08-06,2024,24,YES,12.22,24,YES,16.04,24,YES,4.0,24,YES,5.0,24,YES,2.0,24,YES,7.0,24,YES,3.0,YES,True,True,True
2024-08-07,2024,24,YES,12.37,24,YES,16.06,24,YES,13.0,24,YES,8.0,24,YES,4.0,24,YES,11.0,24,YES,17.0,YES,True,True,True
2024-08-08,2024,24,YES,12.5,24,YES,16.06,24,YES,8.0,24,YES,2.0,24,YES,2.0,24,YES,5.0,24,YES,8.0,YES,True,True,True
2024-08-09,2024,24,YES,12.59,24,YES,16.06,24,YES,11.0,24,YES,7.0,24,YES,11.0,24,YES,27.0,24,YES,15.0,YES,True,True,True
2024-08-10,2024,24,YES,12.96,24,YES,16.02,24,YES,11.0,24,YES,3.0,24,YES,36.0,24,YES,8.0,24,YES,26.0,YES,True,True,True
2024-08-11,2024,24,YES,12.32,24,YES,15.92,24,YES,1.0,24,YES,1.0,24,YES,3.0,24,YES,9.0,24,YES,0.0,YES,True,True,True
2024-08-12,2024,24,YES,12.26,24,YES,15.92,24,YES,2.0,24,YES,1.0,24,YES,9.0,24,YES,1.0,24,YES,22.0,YES,True,True,True
2024-08-13,2024,24,YES,12.46,24,YES,15.99,24,YES,0.0,24,YES,0.0,24,YES,4.0,24,YES,1.0,24,YES,1.0,YES,True,True,True
2024-08-14,2024,24,YES,12.2,24,YES,15.92,24,YES,5.0,24,YES,4.0,24,YES,0.0,24,YES,0.0,24,YES,2.0,YES,True,True,True
2024-08-15,2024,24,YES,12.25,24,YES,15.92,24,YES,0.0,24,YES,1.0,24,YES,4.0,24,YES,2.0,24,YES,0.0,YES,True,True,True
2024-08-16,2024,24,YES,12.14,24,YES,15.91,24,YES,1.0,24,YES,1.0,24,YES,0.0,24,YES,1.0,24,YES,3.0,YES,True,True,True
2024-08-17,2024,24,YES,12.09,24,YES,15.91,24,YES,0.0,24,YES,0.0,24,YES,0.0,24,YES,0.0,24,YES,0.0,YES,True,True,True
2024-08-18,2024,24,YES,12.35,24,YES,15.91,24,YES,1.0,24,YES,6.0,24,YES,11.0,24,YES,0.0,24,YES,0.0,YES,True,True,True
2024-08-19,2024,23,NO,,23,NO,,24,YES,0.0,24,YES,0.0,24,YES,3.0,24,YES,1.0,24,YES,3.0,NO,False,False,False
2024-08-20,2024,24,YES,12.48,24,YES,15.92,24,YES,0.0,24,YES,0.0,24,YES,33.0,24,YES,6.0,24,YES,0.0,YES,False,False,False
2024-08-21,2024,24,YES,12.04,24,YES,15.92,24,YES,1.0,24,YES,11.0,24,YES,4.0,24,YES,0.0,24,YES,3.0,YES,True,False,False
2024-08-22,2024,24,YES,12.02,24,YES,15.92,24,YES,8.0,24,YES,0.0,24,YES,0.0,24,YES,0.0,24,YES,0.0,YES,True,True,False
2024-08-23,2024,24,YES,12.06,24,YES,15.92,24,YES,15.0,24,YES,3.0,24,YES,0.0,24,YES,5.0,24,YES,16.0,YES,True,True,True
2024-08-24,2024,24,YES,12.02,24,YES,15.92,24,YES,0.0,24,YES,1.0,24,YES,14.0,24,YES,0.0,24,YES,0.0,YES,True,True,True
2024-08-25,2024,24,YES,12.2,24,YES,15.92,24,YES,31.0,24,YES,14.0,24,YES,3.0,24,YES,19.0,24,YES,18.0,YES,True,True,True
2024-08-26,2024,24,YES,12.02,24,YES,15.91,24,YES,0.0,24,YES,5.0,24,YES,7.0,24,YES,25.0,24,YES,5.0,YES,True,True,True
2024-08-27,2024,24,YES,14.3,24,YES,16.97,24,YES,65.0,24,YES,53.0,24,YES,97.0,24,YES,134.0,24,YES,92.0,YES,True,True,True
2024-08-28,2024,24,YES,13.88,24,YES,16.28,24,YES,6.0,24,YES,6.0,24,YES,8.0,24,YES,4.0,24,YES,8.0,YES,True,True,True
2024-08-29,2024,24,YES,12.42,24,YES,15.92,24,YES,1.0,24,YES,42.0,24,YES,1.0,24,YES,0.0,24,YES,1.0,YES,True,True,True
2024-08-30,2024,24,YES,13.51,23,NO,,24,YES,1.0,24,YES,0.0,23,NO,,23,NO,,23,NO,,NO,False,False,False
2024-08-31,2024,24,YES,12.94,24,YES,15.92,24,YES,4.0,24,YES,0.0,24,YES,0.0,24,YES,0.0,24,YES,0.0,YES,False,False,False
2024-09-01,2024,24,YES,15.22,24,YES,19.17,24,YES,181.0,24,YES,117.0,24,YES,107.0,24,YES,112.0,24,YES,148.0,YES,True,False,False
2024-09-02,2024,24,YES,16.98,24,YES,20.13,24,YES,65.0,24,YES,67.0,24,YES,69.0,24,YES,77.0,24,YES,59.0,YES,True,True,False
2024-09-03,2024,24,YES,15.3,24,YES,17.86,24,YES,68.0,24,YES,21.0,24,YES,58.0,24,YES,128.0,24,YES,67.0,YES,True,True,True
2024-09-04,2024,24,YES,15.1,24,YES,17.56,24,YES,57.0,24,YES,7.0,24,YES,52.0,24,YES,61.0,24,YES,55.0,YES,True,True,True
2024-09-05,2024,24,YES,15.14,24,YES,17.66,24,YES,53.0,24,YES,14.0,24,YES,33.0,24,YES,24.0,24,YES,50.0,YES,True,True,True
2024-09-06,2024,24,YES,14.14,24,YES,16.61,24,YES,0.0,24,YES,0.0,24,YES,1.0,24,YES,5.0,24,YES,0.0,YES,True,True,True
2024-09-07,2024,24,YES,13.68,24,YES,16.21,24,YES,0.0,24,YES,0.0,24,YES,0.0,24,YES,0.0,24,YES,0.0,YES,True,True,True
2024-09-08,2024,24,YES,13.26,24,YES,16.06,24,YES,0.0,24,YES,0.0,24,YES,0.0,24,YES,0.0,24,YES,0.0,YES,True,True,True
2024-09-09,2024,24,YES,13.03,24,YES,16.0,24,YES,0.0,24,YES,0.0,24,YES,0.0,24,YES,0.0,24,YES,0.0,YES,True,True,True
2024-09-10,2024,23,NO,,24,YES,16.0,24,YES,1.0,24,YES,0.0,24,YES,0.0,24,YES,0.0,24,YES,0.0,NO,False,False,False
2024-09-11,2024,24,YES,12.86,24,YES,16.28,24,YES,25.0,24,YES,16.0,24,YES,33.0,24,YES,47.0,24,YES,31.0,YES,False,False,False
2024-09-12,2024,24,YES,12.77,24,YES,16.0,24,YES,0.0,24,YES,0.0,24,YES,2.0,24,YES,1.0,24,YES,1.0,YES,True,False,False
2024-09-13,2024,24,YES,12.91,24,YES,16.0,24,YES,1.0,24,YES,49.0,24,YES,35.0,24,YES,12.0,24,YES,1.0,YES,True,True,False
2024-09-14,2024,24,YES,12.74,24,YES,16.0,24,YES,17.0,24,YES,12.0,24,YES,4.0,24,YES,16.0,24,YES,5.0,YES,True,True,True
2024-09-15,2024,24,YES,13.21,24,YES,16.32,24,YES,26.0,24,YES,25.0,24,YES,16.0,24,YES,22.0,24,YES,46.0,YES,True,True,True
2024-09-16,2024,22,NO,,24,YES,16.0,24,YES,15.0,24,YES,8.0,24,YES,5.0,24,YES,26.0,24,YES,17.0,NO,False,False,False
2024-09-17,2024,23,NO,,24,YES,17.0,24,YES,37.0,24,YES,25.0,24,YES,22.0,24,YES,25.0,24,YES,63.0,NO,False,False,False
2024-09-18,2024,23,NO,,24,YES,16.41,24,YES,26.0,24,YES,30.0,24,YES,40.0,24,YES,51.0,24,YES,46.0,NO,False,False,False
2024-09-19,2024,24,YES,13.15,24,YES,16.0,24,YES,9.0,24,YES,4.0,24,YES,7.0,24,YES,18.0,24,YES,9.0,YES,False,False,False
2024-09-20,2024,24,YES,13.04,24,YES,16.0,24,YES,0.0,24,YES,0.0,24,YES,0.0,24,YES,2.0,24,YES,0.0,YES,True,False,False
2024-09-21,2024,23,NO,,23,NO,,24,YES,4.0,24,YES,6.0,24,YES,10.0,24,YES,46.0,24,YES,4.0,NO,False,False,False
2024-09-22,2024,24,YES,12.93,24,YES,16.0,24,YES,1.0,24,YES,4.0,24,YES,0.0,24,YES,0.0,24,YES,0.0,YES,False,False,False
2024-09-23,2024,24,YES,12.73,24,YES,16.0,24,YES,0.0,24,YES,0.0,24,YES,0.0,24,YES,0.0,24,YES,0.0,YES,True,False,False
2024-09-24,2024,24,YES,12.64,24,YES,16.0,24,YES,0.0,24,YES,0.0,24,YES,5.0,24,YES,0.0,24,YES,0.0,YES,True,True,False
2024-09-25,2024,24,YES,12.58,24,YES,16.0,24,YES,0.0,24,YES,0.0,24,YES,0.0,24,YES,0.0,24,YES,0.0,YES,True,True,True
2024-09-26,2024,24,YES,12.54,22,NO,,24,YES,0.0,24,YES,0.0,24,YES,17.0,24,YES,12.0,24,YES,9.0,NO,False,False,False
2024-09-27,2024,24,YES,12.49,24,YES,16.0,24,YES,8.0,24,YES,0.0,24,YES,5.0,24,YES,1.0,24,YES,10.0,YES,False,False,False
2024-09-28,2024,24,YES,12.46,24,YES,16.0,24,YES,0.0,24,YES,0.0,24,YES,0.0,24,YES,0.0,24,YES,0.0,YES,True,False,False
2024-09-29,2024,24,YES,12.42,24,YES,16.0,24,YES,43.0,24,YES,63.0,24,YES,27.0,24,YES,16.0,24,YES,22.0,YES,True,True,False
2024-09-30,2024,24,YES,12.4,24,YES,16.0,24,YES,0.0,24,YES,1.0,24,YES,3.0,24,YES,10.0,24,YES,1.0,YES,True,True,True
2024-10-01,2024,23,NO,,24,YES,16.0,24,YES,0.0,24,YES,0.0,22,NO,,22,NO,,22,NO,,NO,False,False,False
2024-10-02,2024,24,YES,12.38,24,YES,16.0,24,YES,0.0,24,YES,0.0,24,YES,0.0,24,YES,0.0,24,YES,0.0,YES,False,False,False
2024-10-03,2024,22,NO,,23,NO,,24,YES,0.0,24,YES,0.0,24,YES,0.0,24,YES,1.0,24,YES,0.0,NO,False,False,False
2024-10-04,2024,23,NO,,24,YES,16.0,24,YES,1.0,24,YES,0.0,24,YES,1.0,24,YES,4.0,24,YES,18.0,NO,False,False,False
2024-10-05,2024,24,YES,12.37,24,YES,16.0,24,YES,23.0,24,YES,31.0,24,YES,17.0,24,YES,37.0,24,YES,17.0,YES,False,False,False
2024-10-06,2024,24,YES,13.0,24,YES,16.06,24,YES,37.0,24,YES,32.0,24,YES,31.0,24,YES,62.0,24,YES,39.0,YES,True,False,False
2024-10-07,2024,24,YES,13.06,23,NO,,24,YES,0.0,24,YES,1.0,24,YES,3.0,24,YES,1.0,24,YES,0.0,NO,False,False,False
2024-10-08,2024,24,YES,13.45,24,YES,16.11,24,YES,12.0,24,YES,1.0,24,YES,38.0,24,YES,58.0,24,YES,17.0,YES,False,False,False
2024-10-09,2024,24,YES,12.98,24,YES,16.0,24,YES,0.0,24,YES,0.0,24,YES,22.0,24,YES,4.0,24,YES,1.0,YES,True,False,False
2024-10-10,2024,24,YES,12.69,23,NO,,24,YES,5.0,24,YES,1.0,22,NO,,24,YES,0.0,24,YES,1.0,NO,False,False,False
2024-10-11,2024,24,YES,12.6,24,YES,16.0,24,YES,6.0,24,YES,1.0,24,YES,13.0,24,YES,1.0,24,YES,1.0,YES,False,False,False
2024-10-12,2024,24,YES,13.78,24,YES,16.26,24,YES,20.0,24,YES,0.0,24,YES,49.0,24,YES,4.0,24,YES,4.0,YES,True,False,False
2024-10-13,2024,24,YES,12.92,23,NO,,24,YES,0.0,24,YES,0.0,23,NO,,24,YES,9.0,24,YES,0.0,NO,False,False,False
2024-10-14,2024,24,YES,12.67,24,YES,16.0,24,YES,2.0,24,YES,1.0,24,YES,6.0,23,NO,,23,NO,,NO,False,False,False
2024-10-15,2024,24,YES,12.73,24,YES,16.0,24,YES,0.0,24,YES,1.0,24,YES,27.0,24,YES,3.0,24,YES,26.0,YES,False,False,False
2024-10-16,2024,24,YES,12.59,22,NO,,24,YES,0.0,24,YES,2.0,22,NO,,24,YES,0.0,24,YES,0.0,NO,False,False,False
2024-10-17,2024,24,YES,12.45,24,YES,16.0,24,YES,0.0,24,YES,0.0,24,YES,0.0,24,YES,0.0,24,YES,0.0,YES,False,False,False
2024-10-18,2024,24,YES,12.36,24,YES,16.0,24,YES,0.0,24,YES,0.0,24,YES,0.0,24,YES,0.0,24,YES,0.0,YES,True,False,False
2024-10-19,2024,23,NO,,24,YES,16.0,24,YES,0.0,24,YES,0.0,24,YES,1.0,24,YES,5.0,24,YES,1.0,NO,False,False,False
2024-10-20,2024,24,YES,12.35,24,YES,16.0,24,YES,28.0,24,YES,31.0,24,YES,19.0,24,YES,20.0,24,YES,25.0,YES,False,False,False
2024-10-21,2024,21,NO,,21,NO,,24,YES,0.0,24,YES,0.0,20,NO,,24,YES,0.0,24,YES,0.0,NO,False,False,False
2024-10-22,2024,23,NO,,19,NO,,24,YES,74.0,24,YES,103.0,23,NO,,24,YES,51.0,24,YES,59.0,NO,False,False,False
2024-10-23,2024,18,NO,,2,NO,,24,YES,50.0,24,YES,57.0,8,NO,,24,YES,77.0,24,YES,80.0,NO,False,False,False
2024-10-24,2024,14,NO,,9,NO,,24,YES,181.0,24,YES,39.0,23,NO,,24,YES,120.0,24,YES,118.0,NO,False,False,False
2024-10-25,2024,24,YES,15.08,10,NO,,24,YES,0.0,24,YES,0.0,24,YES,0.0,24,YES,8.0,24,YES,0.0,NO,False,False,False
2024-10-26,2024,24,YES,14.24,8,NO,,24,YES,1.0,24,YES,0.0,24,YES,0.0,24,YES,8.0,24,YES,0.0,NO,False,False,False
2024-10-27,2024,24,YES,13.92,12,NO,,24,YES,0.0,24,YES,0.0,24,YES,0.0,24,YES,0.0,24,YES,0.0,NO,False,False,False
2024-10-28,2024,24,YES,13.61,20,NO,,24,YES,0.0,24,YES,0.0,24,YES,0.0,24,YES,0.0,24,YES,0.0,NO,False,False,False
2024-10-29,2024,24,YES,13.24,13,NO,,24,YES,0.0,24,YES,2.0,23,NO,,24,YES,3.0,24,YES,0.0,NO,False,False,False
2024-10-30,2024,24,YES,13.15,0,NO,,24,YES,24.0,24,YES,4.0,23,NO,,24,YES,3.0,24,YES,7.0,NO,False,False,False
2024-10-31,2024,24,YES,13.13,0,NO,,24,YES,4.0,24,YES,0.0,24,YES,0.0,24,YES,16.0,24,YES,1.0,NO,False,False,False
2024-11-01,2024,24,YES,13.14,1,NO,,24,YES,1.0,24,YES,0.0,22,NO,,21,NO,,24,YES,8.0,NO,False,False,False
2024-11-02,2024,24,YES,13.12,0,NO,,24,YES,0.0,24,YES,0.0,24,YES,0.0,24,YES,0.0,24,YES,0.0,NO,False,False,False
2024-11-03,2024,24,YES,13.09,0,NO,,24,YES,0.0,24,YES,1.0,24,YES,3.0,24,YES,4.0,24,YES,1.0,NO,False,False,False
2024-11-04,2024,24,YES,13.06,0,NO,,24,YES,0.0,24,YES,0.0,24,YES,7.0,24,YES,17.0,24,YES,4.0,NO,False,False,False
2024-11-05,2024,24,YES,13.03,1,NO,,24,YES,10.0,24,YES,0.0,21,NO,,24,YES,14.0,24,YES,27.0,NO,False,False,False
2024-11-06,2024,24,YES,13.21,0,NO,,24,YES,14.0,24,YES,13.0,21,NO,,22,NO,,24,YES,6.0,NO,False,False,False
2024-11-07,2024,24,YES,13.12,0,NO,,24,YES,0.0,24,YES,1.0,24,YES,0.0,24,YES,0.0,24,YES,1.0,NO,False,False,False
2024-11-08,2024,24,YES,13.08,0,NO,,24,YES,0.0,24,YES,0.0,16,NO,,24,YES,0.0,24,YES,0.0,NO,False,False,False
2024-11-09,2024,24,YES,13.05,0,NO,,24,YES,0.0,24,YES,0.0,24,YES,0.0,24,YES,0.0,24,YES,0.0,NO,False,False,False
2024-11-10,2024,24,YES,13.02,0,NO,,24,YES,2.0,24,YES,0.0,24,YES,0.0,24,YES,11.0,24,YES,5.0,NO,False,False,False
2024-11-11,2024,24,YES,12.99,0,NO,,24,YES,0.0,24,YES,0.0,22,NO,,24,YES,0.0,24,YES,0.0,NO,False,False,False
2024-11-12,2024,24,YES,13.17,0,NO,,24,YES,0.0,24,YES,0.0,23,NO,,24,YES,1.0,24,YES,0.0,NO,False,False,False
2024-11-13,2024,24,YES,12.86,0,NO,,24,YES,30.0,24,YES,3.0,23,NO,,24,YES,27.0,24,YES,22.0,NO,False,False,False
2024-11-14,2024,23,NO,,0,NO,,24,YES,0.0,24,YES,0.0,24,YES,0.0,24,YES,0.0,24,YES,0.0,NO,False,False,False
2024-11-15,2024,24,YES,12.85,0,NO,,24,YES,0.0,24,YES,0.0,23,NO,,24,YES,0.0,24,YES,0.0,NO,False,False,False
2024-11-16,2024,24,YES,12.83,0,NO,,24,YES,3.0,24,YES,0.0,24,YES,0.0,24,YES,0.0,24,YES,4.0,NO,False,False,False
2024-11-17,2024,24,YES,12.8,0,NO,,24,YES,21.0,24,YES,14.0,24,YES,15.0,24,YES,23.0,24,YES,17.0,NO,False,False,False
2024-11-18,2024,24,YES,12.8,0,NO,,24,YES,0.0,24,YES,0.0,24,YES,0.0,24,YES,0.0,24,YES,0.0,NO,False,False,False
2024-11-19,2024,24,YES,12.66,0,NO,,24,YES,0.0,24,YES,0.0,24,YES,0.0,24,YES,0.0,24,YES,0.0,NO,False,False,False
2024-11-20,2024,24,YES,12.57,22,NO,,24,YES,0.0,24,YES,0.0,24,YES,0.0,24,YES,0.0,24,YES,0.0,NO,False,False,False
2024-11-21,2024,24,YES,12.54,23,NO,,24,YES,0.0,24,YES,0.0,24,YES,0.0,24,YES,0.0,24,YES,0.0,NO,False,False,False
2024-11-22,2024,24,YES,12.53,22,NO,,24,YES,0.0,24,YES,0.0,22,NO,,24,YES,0.0,24,YES,0.0,NO,False,False,False
2024-11-23,2024,24,YES,12.47,23,NO,,24,YES,0.0,24,YES,0.0,24,YES,0.0,24,YES,0.0,24,YES,0.0,NO,False,False,False
2024-11-24,2024,24,YES,12.44,24,YES,15.8,24,YES,0.0,24,YES,0.0,24,YES,0.0,24,YES,0.0,24,YES,0.0,YES,False,False,False
2024-11-25,2024,24,YES,12.4,24,YES,15.8,24,YES,0.0,24,YES,0.0,24,YES,0.0,24,YES,0.0,24,YES,1.0,YES,True,False,False
2024-11-26,2024,24,YES,12.38,23,NO,,24,YES,0.0,24,YES,0.0,22,NO,,24,YES,0.0,24,YES,0.0,NO,False,False,False
2024-11-27,2024,24,YES,12.35,24,YES,15.8,24,YES,0.0,24,YES,0.0,24,YES,0.0,24,YES,0.0,24,YES,0.0,YES,False,False,False
2024-11-28,2024,23,NO,,24,YES,15.8,24,YES,0.0,24,YES,0.0,24,YES,0.0,24,YES,0.0,24,YES,0.0,NO,False,False,False
2024-11-29,2024,24,YES,12.33,23,NO,,24,YES,6.0,24,YES,0.0,24,YES,1.0,24,YES,4.0,24,YES,7.0,NO,False,False,False
2024-11-30,2024,24,YES,12.31,24,YES,15.8,24,YES,5.0,24,YES,0.0,24,YES,5.0,24,YES,9.0,24,YES,9.0,YES,False,False,False
2024-12-01,2024,24,YES,12.31,24,YES,15.8,24,YES,7.0,24,YES,0.0,24,YES,6.0,24,YES,7.0,24,YES,11.0,YES,True,False,False
2024-12-02,2024,24,YES,12.31,24,YES,15.88,24,YES,6.0,24,YES,0.0,22,NO,,24,YES,0.0,24,YES,3.0,NO,False,False,False
2024-12-03,2024,24,YES,12.35,24,YES,15.8,24,YES,0.0,24,YES,0.0,24,YES,1.0,24,YES,0.0,24,YES,1.0,YES,False,False,False
2024-12-04,2024,24,YES,12.35,24,YES,15.8,24,YES,0.0,24,YES,0.0,24,YES,2.0,24,YES,6.0,24,YES,5.0,YES,True,False,False
2024-12-05,2024,24,YES,12.32,23,NO,,24,YES,0.0,24,YES,2.0,22,NO,,24,YES,0.0,24,YES,0.0,NO,False,False,False
2024-12-06,2024,24,YES,12.29,24,YES,15.8,24,YES,2.0,24,YES,3.0,24,YES,1.0,24,YES,2.0,24,YES,4.0,YES,False,False,False
2024-12-07,2024,24,YES,12.28,23,NO,,24,YES,0.0,24,YES,1.0,24,YES,1.0,24,YES,0.0,24,YES,0.0,NO,False,False,False
2024-12-08,2024,23,NO,,15,NO,,24,YES,8.0,24,YES,13.0,24,YES,5.0,24,YES,9.0,24,YES,6.0,NO,False,False,False
2024-12-09,2024,24,YES,12.27,0,NO,,24,YES,0.0,24,YES,2.0,24,YES,1.0,24,YES,2.0,24,YES,0.0,NO,False,False,False
2024-12-10,2024,24,YES,12.31,0,NO,,24,YES,12.0,24,YES,18.0,21,NO,,24,YES,7.0,24,YES,12.0,NO,False,False,False
2024-12-11,2024,24,YES,12.28,0,NO,,24,YES,0.0,24,YES,1.0,23,NO,,24,YES,0.0,24,YES,0.0,NO,False,False,False
2024-12-12,2024,24,YES,12.29,0,NO,,24,YES,2.0,24,YES,2.0,16,NO,,24,YES,0.0,24,YES,0.0,NO,False,False,False
2024-12-13,2024,24,YES,12.3,0,NO,,24,YES,0.0,24,YES,0.0,21,NO,,24,YES,0.0,24,YES,0.0,NO,False,False,False
2024-12-14,2024,11,NO,,0,NO,,24,YES,0.0,24,YES,0.0,15,NO,,24,YES,0.0,24,YES,0.0,NO,False,False,False
2024-12-15,2024,24,YES,12.28,0,NO,,24,YES,0.0,24,YES,0.0,17,NO,,24,YES,0.0,24,YES,0.0,NO,False,False,False
2024-12-16,2024,24,YES,12.25,0,NO,,24,YES,0.0,24,YES,0.0,21,NO,,24,YES,0.0,24,YES,0.0,NO,False,False,False
2024-12-17,2024,24,YES,12.25,0,NO,,24,YES,2.0,24,YES,6.0,17,NO,,24,YES,3.0,24,YES,3.0,NO,False,False,False
2024-12-18,2024,24,YES,12.24,0,NO,,24,YES,0.0,24,YES,0.0,21,NO,,24,YES,0.0,24,YES,0.0,NO,False,False,False
2024-12-19,2024,24,YES,12.22,0,NO,,24,YES,0.0,24,YES,0.0,13,NO,,24,YES,0.0,24,YES,0.0,NO,False,False,False
2024-12-20,2024,24,YES,12.19,0,NO,,24,YES,0.0,24,YES,0.0,18,NO,,24,YES,0.0,24,YES,0.0,NO,False,False,False
2024-12-21,2024,24,YES,12.23,0,NO,,24,YES,1.0,24,YES,0.0,24,YES,0.0,24,YES,0.0,24,YES,1.0,NO,False,False,False
2024-12-22,2024,24,YES,12.17,0,NO,,24,YES,0.0,24,YES,0.0,20,NO,,24,YES,0.0,24,YES,0.0,NO,False,False,False
2024-12-23,2024,24,YES,12.14,0,NO,,24,YES,0.0,24,YES,1.0,13,NO,,24,YES,0.0,24,YES,0.0,NO,False,False,False
2024-12-24,2024,24,YES,12.27,0,NO,,24,YES,23.0,24,YES,2.0,12,NO,,24,YES,32.0,24,YES,22.0,NO,False,False,False
2024-12-25,2024,24,YES,12.41,0,NO,,24,YES,27.0,24,YES,0.0,11,NO,,24,YES,10.0,24,YES,24.0,NO,False,False,False
2024-12-26,2024,24,YES,12.35,0,NO,,24,YES,2.0,24,YES,0.0,19,NO,,24,YES,0.0,24,YES,1.0,NO,False,False,False
2024-12-27,2024,24,YES,12.36,0,NO,,24,YES,24.0,24,YES,2.0,16,NO,,24,YES,13.0,24,YES,19.0,NO,False,False,False
2024-12-28,2024,24,YES,12.52,1,NO,,24,YES,12.0,24,YES,0.0,24,YES,15.0,24,YES,17.0,24,YES,10.0,NO,False,False,False
2024-12-29,2024,24,YES,12.45,0,NO,,24,YES,15.0,24,YES,0.0,13,NO,,24,YES,7.0,24,YES,16.0,NO,False,False,False
2024-12-30,2024,24,YES,12.5,0,NO,,24,YES,9.0,24,YES,0.0,20,NO,,24,YES,11.0,24,YES,7.0,NO,False,False,False
2024-12-31,2024,24,YES,12.48,0,NO,,24,YES,0.0,24,YES,0.0,16,NO,,24,YES,0.0,24,YES,0.0,NO,False,False,False
2025-01-01,2025,24,YES,12.5,0,NO,,24,YES,0.0,24,YES,0.0,21,NO,,24,YES,0.0,24,YES,0.0,NO,False,False,False
2025-01-02,2025,24,YES,12.48,0,NO,,24,YES,4.0,24,YES,0.0,10,NO,,24,YES,0.0,24,YES,0.0,NO,False,False,False
2025-01-03,2025,24,YES,12.65,0,NO,,24,YES,3.0,24,YES,0.0,18,NO,,24,YES,5.0,24,YES,14.0,NO,False,False,False
2025-01-04,2025,24,YES,12.5,0,NO,,24,YES,0.0,24,YES,0.0,12,NO,,24,YES,0.0,24,YES,0.0,NO,False,False,False
2025-01-05,2025,24,YES,12.44,0,NO,,24,YES,0.0,24,YES,0.0,24,YES,0.0,24,YES,0.0,24,YES,0.0,NO,False,False,False
2025-01-06,2025,24,YES,12.42,0,NO,,24,YES,0.0,24,YES,0.0,20,NO,,24,YES,0.0,24,YES,0.0,NO,False,False,False
2025-01-07,2025,24,YES,12.41,0,NO,,24,YES,0.0,24,YES,0.0,20,NO,,24,YES,0.0,24,YES,0.0,NO,False,False,False
2025-01-08,2025,24,YES,12.39,0,NO,,24,YES,0.0,24,YES,0.0,22,NO,,24,YES,0.0,24,YES,0.0,NO,False,False,False
2025-01-09,2025,24,YES,12.39,19,NO,,24,YES,0.0,24,YES,0.0,24,YES,0.0,24,YES,0.0,24,YES,0.0,NO,False,False,False
2025-01-10,2025,24,YES,12.36,24,YES,15.79,24,YES,0.0,24,YES,0.0,24,YES,0.0,24,YES,0.0,24,YES,0.0,YES,False,False,False
2025-01-11,2025,24,YES,12.35,24,YES,15.79,24,YES,0.0,24,YES,0.0,24,YES,0.0,24,YES,0.0,24,YES,0.0,YES,True,False,False
2025-01-12,2025,24,YES,12.35,24,YES,15.79,24,YES,0.0,24,YES,0.0,24,YES,0.0,24,YES,0.0,24,YES,0.0,YES,True,True,False
2025-01-13,2025,24,YES,12.33,24,YES,15.79,24,YES,0.0,24,YES,0.0,24,YES,0.0,24,YES,0.0,24,YES,0.0,YES,True,True,True
2025-01-14,2025,24,YES,12.33,24,YES,15.79,24,YES,0.0,24,YES,0.0,24,YES,0.0,24,YES,0.0,24,YES,0.0,YES,True,True,True
2025-01-15,2025,24,YES,12.32,24,YES,15.79,24,YES,0.0,24,YES,0.0,24,YES,0.0,24,YES,0.0,24,YES,0.0,YES,True,True,True
2025-01-16,2025,24,YES,12.33,24,YES,15.79,24,YES,0.0,24,YES,0.0,24,YES,0.0,24,YES,0.0,24,YES,0.0,YES,True,True,True
2025-01-17,2025,24,YES,12.28,24,YES,15.79,24,YES,0.0,24,YES,0.0,24,YES,0.0,24,YES,0.0,24,YES,0.0,YES,True,True,True
2025-01-18,2025,24,YES,12.24,23,NO,,24,YES,0.0,24,YES,0.0,24,YES,0.0,24,YES,0.0,24,YES,0.0,NO,False,False,False
2025-01-19,2025,24,YES,12.19,24,YES,15.79,24,YES,0.0,24,YES,0.0,24,YES,0.0,24,YES,0.0,24,YES,0.0,YES,False,False,False
2025-01-20,2025,24,YES,12.21,24,YES,15.79,24,YES,3.0,24,YES,0.0,24,YES,0.0,24,YES,9.0,24,YES,0.0,YES,True,False,False
2025-01-21,2025,24,YES,12.21,24,YES,15.79,24,YES,0.0,24,YES,0.0,24,YES,0.0,24,YES,0.0,24,YES,0.0,YES,True,True,False
2025-01-22,2025,24,YES,12.18,18,NO,,24,YES,0.0,24,YES,0.0,24,YES,0.0,24,YES,0.0,24,YES,0.0,NO,False,False,False
2025-01-23,2025,24,YES,12.17,0,NO,,24,YES,0.0,24,YES,0.0,24,YES,0.0,24,YES,0.0,24,YES,0.0,NO,False,False,False
2025-01-24,2025,24,YES,12.17,24,YES,15.78,24,YES,0.0,24,YES,0.0,24,YES,0.0,24,YES,0.0,24,YES,0.0,YES,False,False,False
2025-01-25,2025,24,YES,12.15,24,YES,15.78,24,YES,0.0,24,YES,0.0,24,YES,0.0,24,YES,0.0,24,YES,0.0,YES,True,False,False
2025-01-26,2025,24,YES,12.12,24,YES,15.78,24,YES,0.0,24,YES,0.0,24,YES,0.0,24,YES,0.0,24,YES,0.0,YES,True,True,False
2025-01-27,2025,24,YES,12.1,24,YES,15.78,24,YES,0.0,24,YES,0.0,24,YES,0.0,24,YES,0.0,24,YES,0.0,YES,True,True,True
2025-01-28,2025,24,YES,12.06,24,YES,15.78,24,YES,0.0,24,YES,0.0,24,YES,0.0,24,YES,0.0,24,YES,0.0,YES,True,True,True
2025-01-29,2025,24,YES,12.07,24,YES,15.78,24,YES,0.0,24,YES,0.0,24,YES,0.0,24,YES,0.0,24,YES,0.0,YES,True,True,True
2025-01-30,2025,24,YES,12.02,24,YES,15.78,24,YES,0.0,24,YES,0.0,24,YES,0.0,24,YES,0.0,24,YES,0.0,YES,True,True,True
2025-01-31,2025,24,YES,12.02,24,YES,15.78,24,YES,0.0,24,YES,0.0,24,YES,0.0,24,YES,0.0,24,YES,0.0,YES,True,True,True
2025-02-01,2025,24,YES,12.0,24,YES,15.78,24,YES,0.0,24,YES,0.0,24,YES,0.0,24,YES,0.0,24,YES,0.0,YES,True,True,True
2025-02-02,2025,24,YES,11.96,24,YES,15.78,24,YES,0.0,24,YES,0.0,24,YES,0.0,24,YES,0.0,24,YES,0.0,YES,True,True,True
2025-02-03,2025,24,YES,11.94,24,YES,15.78,24,YES,0.0,24,YES,0.0,24,YES,0.0,24,YES,0.0,24,YES,1.0,YES,True,True,True
2025-02-04,2025,24,YES,11.95,24,YES,15.78,24,YES,0.0,24,YES,0.0,24,YES,0.0,24,YES,0.0,24,YES,0.0,YES,True,True,True
2025-02-05,2025,24,YES,11.93,24,YES,15.78,24,YES,0.0,24,YES,0.0,24,YES,0.0,24,YES,0.0,24,YES,0.0,YES,True,True,True
2025-02-06,2025,24,YES,11.92,24,YES,15.78,24,YES,0.0,24,YES,0.0,24,YES,0.0,24,YES,0.0,24,YES,0.0,YES,True,True,True
2025-02-07,2025,24,YES,11.94,24,YES,15.78,24,YES,1.0,24,YES,0.0,24,YES,0.0,24,YES,0.0,24,YES,1.0,YES,True,True,True
2025-02-08,2025,24,YES,11.95,24,YES,15.78,24,YES,0.0,24,YES,0.0,24,YES,1.0,24,YES,0.0,24,YES,0.0,YES,True,True,True
2025-02-09,2025,18,NO,,24,YES,15.78,24,YES,0.0,24,YES,0.0,24,YES,0.0,24,YES,0.0,24,YES,0.0,NO,False,False,False
2025-02-10,2025,24,YES,11.94,23,NO,,24,YES,3.0,24,YES,0.0,22,NO,,22,NO,,24,YES,3.0,NO,False,False,False
2025-02-11,2025,24,YES,11.94,24,YES,15.78,24,YES,0.0,24,YES,1.0,24,YES,0.0,24,YES,0.0,24,YES,2.0,YES,False,False,False
2025-02-12,2025,24,YES,11.92,23,NO,,24,YES,0.0,24,YES,0.0,24,YES,0.0,24,YES,0.0,24,YES,0.0,NO,False,False,False
2025-02-13,2025,24,YES,11.93,24,YES,15.78,24,YES,1.0,24,YES,0.0,24,YES,1.0,24,YES,9.0,24,YES,0.0,YES,False,False,False
2025-02-14,2025,24,YES,11.89,24,YES,15.78,24,YES,0.0,24,YES,0.0,24,YES,0.0,24,YES,0.0,24,YES,0.0,YES,True,False,False
2025-02-15,2025,24,YES,11.88,24,YES,15.78,24,YES,2.0,24,YES,0.0,24,YES,0.0,24,YES,5.0,24,YES,0.0,YES,True,True,False
2025-02-16,2025,24,YES,11.94,24,YES,15.78,24,YES,0.0,24,YES,0.0,24,YES,0.0,24,YES,0.0,24,YES,1.0,YES,True,True,True
2025-02-17,2025,24,YES,12.09,24,YES,15.78,24,YES,0.0,24,YES,0.0,24,YES,19.0,24,YES,36.0,24,YES,7.0,YES,True,True,True
2025-02-18,2025,24,YES,11.87,24,YES,15.78,24,YES,0.0,24,YES,0.0,24,YES,4.0,24,YES,1.0,24,YES,0.0,YES,True,True,True
2025-02-19,2025,24,YES,11.82,24,YES,15.78,24,YES,0.0,24,YES,0.0,24,YES,0.0,24,YES,0.0,24,YES,0.0,YES,True,True,True
2025-02-20,2025,24,YES,11.82,24,YES,15.78,24,YES,0.0,24,YES,0.0,24,YES,1.0,24,YES,2.0,24,YES,2.0,YES,True,True,True
2025-02-21,2025,24,YES,11.82,24,YES,15.78,24,YES,0.0,24,YES,0.0,24,YES,0.0,24,YES,0.0,24,YES,0.0,YES,True,True,True
2025-02-22,2025,24,YES,11.83,24,YES,15.78,24,YES,0.0,24,YES,0.0,24,YES,0.0,24,YES,0.0,24,YES,0.0,YES,True,True,True
2025-02-23,2025,24,YES,11.82,24,YES,15.78,24,YES,0.0,24,YES,0.0,24,YES,0.0,24,YES,0.0,24,YES,0.0,YES,True,True,True
2025-02-24,2025,24,YES,11.82,24,YES,15.78,24,YES,0.0,24,YES,0.0,24,YES,0.0,24,YES,0.0,24,YES,0.0,YES,True,True,True
2025-02-25,2025,24,YES,11.82,24,YES,15.78,24,YES,0.0,24,YES,0.0,24,YES,0.0,24,YES,0.0,24,YES,0.0,YES,True,True,True
2025-02-26,2025,24,YES,11.82,24,YES,15.78,24,YES,0.0,24,YES,0.0,24,YES,0.0,24,YES,0.0,24,YES,0.0,YES,True,True,True
2025-02-27,2025,24,YES,11.82,24,YES,15.78,24,YES,0.0,24,YES,0.0,24,YES,0.0,24,YES,0.0,24,YES,0.0,YES,True,True,True
2025-02-28,2025,24,YES,11.82,24,YES,15.78,24,YES,0.0,24,YES,0.0,24,YES,0.0,24,YES,0.0,24,YES,0.0,YES,True,True,True
2025-03-01,2025,24,YES,11.81,24,YES,15.78,24,YES,0.0,24,YES,0.0,24,YES,0.0,24,YES,0.0,24,YES,0.0,YES,True,True,True
2025-03-02,2025,24,YES,11.81,24,YES,15.78,24,YES,0.0,24,YES,0.0,24,YES,0.0,24,YES,0.0,24,YES,0.0,YES,True,True,True
2025-03-03,2025,24,YES,11.81,24,YES,15.78,24,YES,0.0,24,YES,0.0,24,YES,0.0,24,YES,0.0,24,YES,0.0,YES,True,True,True
2025-03-04,2025,24,YES,11.81,24,YES,15.78,24,YES,0.0,24,YES,0.0,24,YES,0.0,24,YES,0.0,24,YES,0.0,YES,True,True,True
2025-03-05,2025,24,YES,11.81,24,YES,15.78,24,YES,0.0,24,YES,0.0,24,YES,0.0,24,YES,0.0,24,YES,0.0,YES,True,True,True
2025-03-06,2025,24,YES,11.8,24,YES,15.78,24,YES,0.0,24,YES,0.0,24,YES,0.0,24,YES,12.0,24,YES,0.0,YES,True,True,True
2025-03-07,2025,24,YES,11.8,24,YES,15.78,24,YES,0.0,24,YES,0.0,24,YES,0.0,24,YES,0.0,24,YES,0.0,YES,True,True,True
2025-03-08,2025,24,YES,11.82,24,YES,15.78,24,YES,3.0,24,YES,0.0,24,YES,18.0,24,YES,1.0,24,YES,1.0,YES,True,True,True
2025-03-09,2025,24,YES,11.82,24,YES,15.78,24,YES,1.0,24,YES,0.0,24,YES,1.0,24,YES,2.0,24,YES,0.0,YES,True,True,True
2025-03-10,2025,24,YES,11.82,24,YES,15.78,24,YES,0.0,24,YES,0.0,24,YES,0.0,24,YES,0.0,24,YES,0.0,YES,True,True,True
2025-03-11,2025,24,YES,11.81,24,YES,15.78,24,YES,0.0,24,YES,0.0,24,YES,0.0,24,YES,0.0,24,YES,0.0,YES,True,True,True
2025-03-12,2025,24,YES,11.81,24,YES,15.78,24,YES,0.0,24,YES,0.0,24,YES,0.0,24,YES,0.0,24,YES,0.0,YES,True,True,True
2025-03-13,2025,24,YES,11.81,24,YES,15.78,24,YES,0.0,24,YES,0.0,24,YES,0.0,24,YES,0.0,24,YES,0.0,YES,True,True,True
2025-03-14,2025,24,YES,11.81,24,YES,15.78,24,YES,0.0,24,YES,0.0,24,YES,0.0,24,YES,0.0,24,YES,0.0,YES,True,True,True
2025-03-15,2025,24,YES,11.81,24,YES,15.78,24,YES,0.0,24,YES,0.0,24,YES,0.0,24,YES,0.0,24,YES,0.0,YES,True,True,True
2025-03-16,2025,24,YES,11.8,24,YES,15.78,24,YES,0.0,24,YES,0.0,24,YES,0.0,24,YES,0.0,24,YES,0.0,YES,True,True,True
2025-03-17,2025,24,YES,11.8,24,YES,15.78,24,YES,0.0,24,YES,0.0,24,YES,0.0,24,YES,0.0,24,YES,0.0,YES,True,True,True
2025-03-18,2025,24,YES,11.8,24,YES,15.78,24,YES,0.0,24,YES,0.0,24,YES,0.0,24,YES,0.0,24,YES,0.0,YES,True,True,True
2025-03-19,2025,24,YES,11.8,24,YES,15.78,24,YES,0.0,24,YES,0.0,24,YES,0.0,24,YES,0.0,24,YES,0.0,YES,True,True,True
2025-03-20,2025,24,YES,11.79,24,YES,15.77,24,YES,0.0,24,YES,0.0,24,YES,0.0,24,YES,0.0,24,YES,0.0,YES,True,True,True
2025-03-21,2025,24,YES,11.79,24,YES,15.77,24,YES,0.0,24,YES,0.0,24,YES,0.0,24,YES,0.0,24,YES,0.0,YES,True,True,True
2025-03-22,2025,24,YES,11.79,24,YES,15.77,24,YES,0.0,24,YES,0.0,24,YES,0.0,24,YES,0.0,24,YES,0.0,YES,True,True,True
2025-03-23,2025,24,YES,11.79,24,YES,15.77,24,YES,0.0,24,YES,0.0,24,YES,0.0,24,YES,0.0,24,YES,0.0,YES,True,True,True
2025-03-24,2025,24,YES,11.78,24,YES,15.77,24,YES,0.0,24,YES,0.0,24,YES,0.0,24,YES,0.0,24,YES,0.0,YES,True,True,True
2025-03-25,2025,24,YES,11.78,24,YES,15.77,24,YES,0.0,24,YES,0.0,24,YES,0.0,24,YES,0.0,24,YES,0.0,YES,True,True,True
2025-03-26,2025,24,YES,11.78,24,YES,15.77,24,YES,0.0,24,YES,0.0,24,YES,0.0,24,YES,0.0,24,YES,0.0,YES,True,True,True
2025-03-27,2025,24,YES,11.78,23,NO,,24,YES,0.0,24,YES,0.0,22,NO,,22,NO,,24,YES,0.0,NO,False,False,False
2025-03-28,2025,24,YES,11.78,24,YES,15.77,24,YES,1.0,24,YES,0.0,24,YES,0.0,24,YES,0.0,24,YES,1.0,YES,False,False,False
2025-03-29,2025,24,YES,11.78,24,YES,15.78,24,YES,5.0,24,YES,0.0,24,YES,2.0,24,YES,3.0,24,YES,5.0,YES,True,False,False
2025-03-30,2025,24,YES,11.77,24,YES,15.77,24,YES,0.0,24,YES,0.0,24,YES,0.0,24,YES,0.0,24,YES,0.0,YES,True,True,False
2025-03-31,2025,24,YES,11.77,24,YES,15.77,24,YES,0.0,24,YES,0.0,24,YES,0.0,24,YES,0.0,24,YES,0.0,YES,True,True,True
2025-04-01,2025,24,YES,11.77,24,YES,15.77,24,YES,0.0,24,YES,0.0,24,YES,0.0,24,YES,0.0,24,YES,0.0,YES,True,True,True
2025-04-02,2025,24,YES,11.77,24,YES,15.77,24,YES,0.0,24,YES,0.0,24,YES,0.0,24,YES,0.0,24,YES,0.0,YES,True,True,True
2025-04-03,2025,24,YES,11.77,24,YES,15.77,24,YES,0.0,24,YES,0.0,24,YES,0.0,24,YES,0.0,24,YES,0.0,YES,True,True,True
2025-04-04,2025,24,YES,11.76,24,YES,15.77,24,YES,9.0,24,YES,10.0,24,YES,1.0,24,YES,0.0,24,YES,2.0,YES,True,True,True
2025-04-05,2025,24,YES,11.76,24,YES,15.77,24,YES,18.0,24,YES,0.0,24,YES,4.0,24,YES,1.0,24,YES,3.0,YES,True,True,True
2025-04-06,2025,24,YES,11.76,24,YES,15.77,24,YES,0.0,24,YES,0.0,24,YES,0.0,24,YES,0.0,24,YES,0.0,YES,True,True,True
2025-04-07,2025,24,YES,11.76,24,YES,15.77,24,YES,0.0,24,YES,0.0,24,YES,0.0,24,YES,0.0,24,YES,0.0,YES,True,True,True
2025-04-08,2025,24,YES,11.76,24,YES,15.77,24,YES,0.0,24,YES,0.0,24,YES,11.0,24,YES,0.0,24,YES,0.0,YES,True,True,True
2025-04-09,2025,24,YES,11.75,24,YES,15.77,24,YES,0.0,24,YES,0.0,24,YES,0.0,24,YES,0.0,24,YES,0.0,YES,True,True,True
2025-04-10,2025,24,YES,11.75,24,YES,15.77,24,YES,0.0,24,YES,0.0,24,YES,0.0,24,YES,0.0,24,YES,0.0,YES,True,True,True
2025-04-11,2025,24,YES,11.75,24,YES,15.77,24,YES,0.0,24,YES,0.0,24,YES,0.0,24,YES,0.0,24,YES,0.0,YES,True,True,True
2025-04-12,2025,24,YES,11.75,24,YES,15.77,24,YES,0.0,24,YES,0.0,24,YES,0.0,24,YES,0.0,24,YES,0.0,YES,True,True,True
2025-04-13,2025,24,YES,11.75,24,YES,15.77,24,YES,0.0,24,YES,5.0,24,YES,5.0,24,YES,42.0,24,YES,5.0,YES,True,True,True
2025-04-14,2025,24,YES,11.74,24,YES,15.77,24,YES,0.0,24,YES,0.0,24,YES,4.0,24,YES,0.0,24,YES,1.0,YES,True,True,True
2025-04-15,2025,24,YES,11.74,23,NO,,24,YES,0.0,24,YES,0.0,24,YES,0.0,24,YES,0.0,24,YES,1.0,NO,False,False,False
2025-04-16,2025,24,YES,11.74,24,YES,15.77,24,YES,0.0,24,YES,0.0,24,YES,0.0,24,YES,0.0,24,YES,0.0,YES,False,False,False
2025-04-17,2025,24,YES,11.74,24,YES,15.77,24,YES,0.0,24,YES,0.0,24,YES,0.0,24,YES,0.0,24,YES,0.0,YES,True,False,False
2025-04-18,2025,24,YES,11.74,24,YES,15.77,24,YES,0.0,24,YES,0.0,24,YES,0.0,24,YES,0.0,24,YES,0.0,YES,True,True,False
2025-04-19,2025,24,YES,11.73,24,YES,15.77,24,YES,0.0,24,YES,0.0,24,YES,0.0,24,YES,0.0,24,YES,0.0,YES,True,True,True
2025-04-20,2025,24,YES,11.73,24,YES,15.77,24,YES,0.0,24,YES,0.0,24,YES,0.0,24,YES,0.0,24,YES,0.0,YES,True,True,True
2025-04-21,2025,24,YES,11.73,24,YES,15.77,24,YES,0.0,24,YES,0.0,24,YES,0.0,24,YES,0.0,24,YES,0.0,YES,True,True,True
2025-04-22,2025,24,YES,11.73,24,YES,15.77,24,YES,0.0,24,YES,0.0,24,YES,0.0,24,YES,0.0,24,YES,0.0,YES,True,True,True
2025-04-23,2025,24,YES,11.72,23,NO,,24,YES,0.0,24,YES,0.0,24,YES,0.0,24,YES,0.0,24,YES,0.0,NO,False,False,False
2025-04-24,2025,24,YES,11.72,24,YES,15.77,24,YES,0.0,24,YES,0.0,24,YES,0.0,24,YES,0.0,24,YES,0.0,YES,False,False,False
2025-04-25,2025,24,YES,11.72,24,YES,15.77,24,YES,0.0,24,YES,0.0,24,YES,0.0,24,YES,0.0,24,YES,0.0,YES,True,False,False
2025-04-26,2025,24,YES,11.72,24,YES,15.77,24,YES,0.0,24,YES,0.0,24,YES,0.0,24,YES,0.0,24,YES,0.0,YES,True,True,False
2025-04-27,2025,24,YES,11.71,24,YES,15.77,24,YES,0.0,24,YES,0.0,24,YES,0.0,24,YES,0.0,24,YES,0.0,YES,True,True,True
2025-04-28,2025,24,YES,11.71,24,YES,15.77,24,YES,5.0,24,YES,0.0,24,YES,17.0,24,YES,31.0,24,YES,13.0,YES,True,True,True
2025-04-29,2025,24,YES,11.71,24,YES,15.77,24,YES,0.0,24,YES,0.0,24,YES,0.0,24,YES,0.0,24,YES,0.0,YES,True,True,True
2025-04-30,2025,24,YES,11.71,24,YES,15.77,24,YES,0.0,24,YES,0.0,24,YES,0.0,24,YES,0.0,24,YES,0.0,YES,True,True,True
2025-05-01,2025,24,YES,11.7,11,NO,,24,YES,0.0,24,YES,0.0,24,YES,30.0,24,YES,0.0,24,YES,1.0,NO,False,False,False
2025-05-02,2025,24,YES,11.7,0,NO,,24,YES,0.0,24,YES,0.0,22,NO,,24,YES,0.0,24,YES,0.0,NO,False,False,False
2025-05-03,2025,24,YES,11.7,0,NO,,24,YES,0.0,24,YES,0.0,24,YES,0.0,24,YES,0.0,24,YES,0.0,NO,False,False,False
2025-05-04,2025,24,YES,11.7,0,NO,,24,YES,0.0,24,YES,0.0,24,YES,0.0,24,YES,0.0,24,YES,0.0,NO,False,False,False
2025-05-05,2025,24,YES,11.7,11,NO,,24,YES,5.0,24,YES,1.0,24,YES,6.0,24,YES,8.0,24,YES,25.0,NO,False,False,False
2025-05-06,2025,24,YES,12.8,23,NO,,24,YES,20.0,24,YES,0.0,24,YES,35.0,24,YES,29.0,24,YES,93.0,NO,False,False,False
2025-05-07,2025,24,YES,11.82,24,YES,15.76,24,YES,2.0,24,YES,0.0,24,YES,0.0,24,YES,11.0,24,YES,7.0,YES,False,False,False
2025-05-08,2025,24,YES,11.82,23,NO,,24,YES,1.0,24,YES,0.0,24,YES,1.0,24,YES,0.0,24,YES,1.0,NO,False,False,False
2025-05-09,2025,24,YES,11.82,24,YES,15.76,24,YES,0.0,24,YES,0.0,24,YES,0.0,24,YES,0.0,24,YES,0.0,YES,False,False,False
2025-05-10,2025,24,YES,11.82,24,YES,15.76,24,YES,0.0,24,YES,0.0,23,NO,,24,YES,0.0,24,YES,0.0,NO,False,False,False
2025-05-11,2025,24,YES,11.81,24,YES,15.76,24,YES,0.0,24,YES,0.0,24,YES,3.0,24,YES,25.0,24,YES,16.0,YES,False,False,False
2025-05-12,2025,24,YES,11.81,24,YES,15.76,24,YES,6.0,24,YES,0.0,24,YES,2.0,24,YES,40.0,24,YES,4.0,YES,True,False,False
2025-05-13,2025,24,YES,11.92,24,YES,15.76,24,YES,5.0,24,YES,0.0,24,YES,30.0,24,YES,24.0,24,YES,8.0,YES,True,True,False
2025-05-14,2025,24,YES,11.82,24,YES,15.76,24,YES,0.0,24,YES,0.0,24,YES,4.0,24,YES,4.0,24,YES,1.0,YES,True,True,True
2025-05-15,2025,24,YES,11.82,23,NO,,24,YES,0.0,24,YES,3.0,24,YES,0.0,24,YES,0.0,24,YES,0.0,NO,False,False,False
2025-05-16,2025,24,YES,11.81,22,NO,,24,YES,0.0,24,YES,0.0,22,NO,,24,YES,0.0,24,YES,0.0,NO,False,False,False
2025-05-17,2025,24,YES,11.81,23,NO,,24,YES,0.0,24,YES,0.0,24,YES,0.0,24,YES,0.0,24,YES,0.0,NO,False,False,False
2025-05-18,2025,24,YES,11.81,24,YES,15.76,24,YES,0.0,24,YES,0.0,24,YES,0.0,24,YES,0.0,24,YES,0.0,YES,False,False,False
2025-05-19,2025,24,YES,11.81,24,YES,15.76,24,YES,0.0,24,YES,0.0,24,YES,0.0,24,YES,0.0,24,YES,0.0,YES,True,False,False
2025-05-20,2025,24,YES,11.8,22,NO,,24,YES,0.0,24,YES,0.0,20,NO,,22,NO,,24,YES,0.0,NO,False,False,False
2025-05-21,2025,24,YES,11.8,24,YES,15.76,24,YES,0.0,24,YES,0.0,24,YES,0.0,24,YES,0.0,24,YES,0.0,YES,False,False,False
2025-05-22,2025,24,YES,11.8,22,NO,,24,YES,0.0,24,YES,0.0,22,NO,,24,YES,2.0,24,YES,0.0,NO,False,False,False
2025-05-23,2025,24,YES,11.79,24,YES,15.76,24,YES,0.0,24,YES,0.0,24,YES,0.0,22,NO,,24,YES,0.0,NO,False,False,False
2025-05-24,2025,24,YES,11.79,24,YES,15.76,24,YES,0.0,24,YES,0.0,24,YES,0.0,24,YES,6.0,24,YES,0.0,YES,False,False,False
2025-05-25,2025,24,YES,11.79,24,YES,15.76,24,YES,0.0,24,YES,0.0,24,YES,0.0,24,YES,0.0,24,YES,0.0,YES,True,False,False
2025-05-26,2025,24,YES,11.79,22,NO,,24,YES,0.0,24,YES,0.0,22,NO,,24,YES,0.0,24,YES,0.0,NO,False,False,False
2025-05-27,2025,24,YES,11.18,21,NO,,24,YES,0.0,24,YES,0.0,21,NO,,24,YES,0.0,24,YES,0.0,NO,False,False,False
2025-05-28,2025,24,YES,11.18,24,YES,15.76,24,YES,0.0,24,YES,0.0,24,YES,0.0,22,NO,,22,NO,,NO,False,False,False
2025-05-29,2025,24,YES,11.18,23,NO,,24,YES,0.0,24,YES,0.0,23,NO,,23,NO,,24,YES,0.0,NO,False,False,False
2025-05-30,2025,24,YES,11.18,24,YES,15.76,24,YES,6.0,24,YES,11.0,24,YES,22.0,24,YES,39.0,24,YES,17.0,YES,False,False,False
2025-05-31,2025,24,YES,11.19,24,YES,15.76,24,YES,37.0,24,YES,41.0,24,YES,23.0,24,YES,12.0,24,YES,36.0,YES,True,False,False
2025-06-01,2025,24,YES,11.19,23,NO,,24,YES,0.0,24,YES,0.0,24,YES,0.0,24,YES,0.0,24,YES,1.0,NO,False,False,False
2025-06-02,2025,24,YES,11.19,24,YES,15.76,24,YES,7.0,24,YES,13.0,24,YES,7.0,24,YES,4.0,24,YES,15.0,YES,False,False,False
2025-06-03,2025,24,YES,11.19,24,YES,15.76,24,YES,4.0,24,YES,0.0,24,YES,1.0,24,YES,0.0,24,YES,0.0,YES,True,False,False
2025-06-04,2025,24,YES,11.19,20,NO,,24,YES,2.0,24,YES,1.0,19,NO,,24,YES,19.0,24,YES,3.0,NO,False,False,False
2025-06-05,2025,24,YES,11.19,23,NO,,24,YES,0.0,24,YES,3.0,22,NO,,24,YES,0.0,24,YES,3.0,NO,False,False,False
2025-06-06,2025,24,YES,12.22,23,NO,,24,YES,13.0,24,YES,11.0,24,YES,39.0,24,YES,8.0,24,YES,58.0,NO,False,False,False
2025-06-07,2025,24,YES,12.63,23,NO,,24,YES,79.0,24,YES,129.0,24,YES,44.0,24,YES,89.0,24,YES,88.0,NO,False,False,False
2025-06-08,2025,24,YES,11.97,23,NO,,24,YES,0.0,24,YES,1.0,22,NO,,24,YES,0.0,24,YES,1.0,NO,False,False,False
2025-06-09,2025,24,YES,11.9,24,YES,15.78,24,YES,33.0,24,YES,8.0,23,NO,,24,YES,39.0,24,YES,55.0,NO,False,False,False
2025-06-10,2025,24,YES,11.85,24,YES,15.78,24,YES,8.0,24,YES,9.0,24,YES,8.0,24,YES,7.0,24,YES,7.0,YES,False,False,False
2025-06-11,2025,24,YES,11.85,24,YES,15.78,24,YES,2.0,24,YES,1.0,24,YES,1.0,24,YES,3.0,24,YES,1.0,YES,True,False,False
2025-06-12,2025,24,YES,11.85,24,YES,15.78,24,YES,0.0,24,YES,0.0,24,YES,0.0,24,YES,1.0,24,YES,0.0,YES,True,True,False
2025-06-13,2025,24,YES,13.12,24,YES,15.78,24,YES,0.0,24,YES,0.0,24,YES,0.0,24,YES,0.0,24,YES,0.0,YES,True,True,True
2025-06-14,2025,24,YES,11.6,22,NO,,24,YES,0.0,24,YES,0.0,22,NO,,24,YES,0.0,24,YES,0.0,NO,False,False,False
2025-06-15,2025,24,YES,11.61,22,NO,,24,YES,0.0,24,YES,0.0,22,NO,,24,YES,14.0,24,YES,0.0,NO,False,False,False
2025-06-16,2025,24,YES,11.61,24,YES,15.78,24,YES,0.0,24,YES,2.0,23,NO,,24,YES,5.0,24,YES,2.0,NO,False,False,False
2025-06-17,2025,24,YES,11.62,23,NO,,24,YES,5.0,24,YES,12.0,23,NO,,24,YES,3.0,24,YES,3.0,NO,False,False,False
2025-06-18,2025,24,YES,11.63,24,YES,15.78,24,YES,1.0,24,YES,0.0,22,NO,,24,YES,0.0,24,YES,1.0,NO,False,False,False
2025-06-19,2025,24,YES,11.62,24,YES,15.78,24,YES,0.0,24,YES,0.0,24,YES,0.0,24,YES,0.0,24,YES,0.0,YES,False,False,False
2025-06-20,2025,24,YES,11.62,24,YES,15.78,24,YES,0.0,24,YES,0.0,24,YES,0.0,24,YES,2.0,24,YES,0.0,YES,True,False,False
2025-06-21,2025,24,YES,11.62,22,NO,,24,YES,3.0,24,YES,0.0,24,YES,4.0,24,YES,11.0,24,YES,3.0,NO,False,False,False
2025-06-22,2025,24,YES,11.62,23,NO,,24,YES,4.0,24,YES,5.0,23,NO,,23,NO,,24,YES,2.0,NO,False,False,False
2025-06-23,2025,24,YES,12.59,24,YES,15.78,24,YES,15.0,24,YES,26.0,24,YES,60.0,24,YES,20.0,24,YES,14.0,YES,False,False,False
2025-06-24,2025,24,YES,12.01,23,NO,,24,YES,25.0,24,YES,7.0,24,YES,4.0,24,YES,28.0,24,YES,37.0,NO,False,False,False
2025-06-25,2025,24,YES,11.92,23,NO,,24,YES,58.0,24,YES,16.0,23,NO,,24,YES,1.0,24,YES,28.0,NO,False,False,False
2025-06-26,2025,24,YES,12.92,22,NO,,24,YES,86.0,24,YES,62.0,23,NO,,24,YES,14.0,24,YES,87.0,NO,False,False,False
2025-06-27,2025,24,YES,12.51,23,NO,,24,YES,43.0,24,YES,41.0,24,YES,34.0,24,YES,7.0,24,YES,33.0,NO,False,False,False
2025-06-28,2025,24,YES,11.92,24,YES,15.78,24,YES,29.0,24,YES,6.0,24,YES,12.0,24,YES,5.0,24,YES,13.0,YES,False,False,False
2025-06-29,2025,24,YES,12.32,24,YES,15.78,24,YES,41.0,24,YES,4.0,24,YES,2.0,24,YES,61.0,24,YES,19.0,YES,True,False,False
2025-06-30,2025,24,YES,13.32,20,NO,,24,YES,42.0,24,YES,21.0,23,NO,,24,YES,40.0,24,YES,31.0,NO,False,False,False
2025-07-01,2025,24,YES,11.92,23,NO,,24,YES,3.0,24,YES,21.0,23,NO,,24,YES,3.0,24,YES,7.0,NO,False,False,False
2025-07-02,2025,24,YES,12.41,23,NO,,24,YES,35.0,24,YES,32.0,22,NO,,24,YES,48.0,24,YES,5.0,NO,False,False,False
2025-07-03,2025,24,YES,12.31,24,YES,15.77,24,YES,14.0,24,YES,11.0,24,YES,7.0,24,YES,7.0,24,YES,22.0,YES,False,False,False
2025-07-04,2025,24,YES,11.91,22,NO,,24,YES,11.0,24,YES,1.0,23,NO,,24,YES,2.0,24,YES,7.0,NO,False,False,False
2025-07-05,2025,24,YES,12.88,22,NO,,24,YES,27.0,24,YES,19.0,24,YES,28.0,24,YES,51.0,24,YES,42.0,NO,False,False,False
2025-07-06,2025,24,YES,12.45,21,NO,,24,YES,5.0,24,YES,8.0,20,NO,,24,YES,11.0,24,YES,4.0,NO,False,False,False
2025-07-07,2025,24,YES,12.02,16,NO,,24,YES,0.0,24,YES,1.0,17,NO,,24,YES,13.0,24,YES,8.0,NO,False,False,False
2025-07-08,2025,24,YES,12.0,23,NO,,24,YES,16.0,24,YES,4.0,23,NO,,24,YES,17.0,24,YES,6.0,NO,False,False,False
2025-07-09,2025,24,YES,13.29,19,NO,,24,YES,51.0,24,YES,73.0,24,YES,102.0,24,YES,85.0,24,YES,151.0,NO,False,False,False
2025-07-10,2025,24,YES,13.07,19,NO,,24,YES,8.0,24,YES,22.0,18,NO,,24,YES,18.0,24,YES,14.0,NO,False,False,False
2025-07-11,2025,24,YES,12.32,22,NO,,24,YES,40.0,24,YES,10.0,20,NO,,24,YES,4.0,24,YES,28.0,NO,False,False,False
2025-07-12,2025,24,YES,12.02,24,YES,15.78,24,YES,6.0,24,YES,2.0,24,YES,14.0,24,YES,23.0,24,YES,3.0,YES,False,False,False
2025-07-13,2025,24,YES,11.93,24,YES,15.78,24,YES,0.0,24,YES,1.0,24,YES,1.0,24,YES,3.0,24,YES,1.0,YES,True,False,False
2025-07-14,2025,24,YES,12.0,18,NO,,24,YES,8.0,24,YES,6.0,17,NO,,24,YES,4.0,24,YES,10.0,NO,False,False,False
2025-07-15,2025,24,YES,12.29,24,YES,15.78,24,YES,1.0,24,YES,2.0,24,YES,7.0,24,YES,0.0,24,YES,5.0,YES,False,False,False
2025-07-16,2025,24,YES,12.97,21,NO,,24,YES,1.0,24,YES,0.0,22,NO,,24,YES,12.0,24,YES,16.0,NO,False,False,False
2025-07-17,2025,24,YES,12.57,23,NO,,24,YES,13.0,24,YES,16.0,23,NO,,24,YES,27.0,24,YES,28.0,NO,False,False,False
2025-07-18,2025,24,YES,14.14,21,NO,,24,YES,12.0,24,YES,100.0,24,YES,79.0,24,YES,52.0,24,YES,79.0,NO,False,False,False
2025-07-19,2025,24,YES,15.21,11,NO,,24,YES,45.0,24,YES,101.0,24,YES,160.0,24,YES,149.0,24,YES,121.0,NO,False,False,False
2025-07-20,2025,24,YES,13.8,18,NO,,24,YES,32.0,24,YES,30.0,24,YES,22.0,22,NO,,24,YES,22.0,NO,False,False,False
2025-07-21,2025,24,YES,18.6,7,NO,,24,YES,27.0,24,YES,150.0,24,YES,316.0,24,YES,285.0,24,YES,224.0,NO,False,False,False
2025-07-22,2025,24,YES,16.67,11,NO,,24,YES,35.0,24,YES,70.0,24,YES,42.0,24,YES,299.0,24,YES,56.0,NO,False,False,False
2025-07-23,2025,24,YES,14.57,11,NO,,24,YES,34.0,24,YES,46.0,24,YES,44.0,24,YES,30.0,24,YES,40.0,NO,False,False,False
2025-07-24,2025,24,YES,14.84,14,NO,,24,YES,27.0,24,YES,71.0,24,YES,58.0,24,YES,49.0,24,YES,42.0,NO,False,False,False
2025-07-25,2025,24,YES,14.83,9,NO,,24,YES,27.0,24,YES,24.0,24,YES,24.0,24,YES,17.0,24,YES,25.0,NO,False,False,False
2025-07-26,2025,23,NO,,13,NO,,24,YES,20.0,24,YES,19.0,24,YES,16.0,24,YES,17.0,24,YES,19.0,NO,False,False,False
2025-07-27,2025,24,YES,14.8,15,NO,,24,YES,19.0,24,YES,74.0,24,YES,60.0,24,YES,69.0,24,YES,58.0,NO,False,False,False
2025-07-28,2025,24,YES,14.69,8,NO,,24,YES,13.0,24,YES,11.0,15,NO,,22,NO,,23,NO,,NO,False,False,False
2025-07-29,2025,24,YES,13.62,9,NO,,24,YES,12.0,24,YES,3.0,13,NO,,24,YES,3.0,24,YES,0.0,NO,False,False,False
2025-07-30,2025,24,YES,13.28,18,NO,,24,YES,8.0,24,YES,0.0,18,NO,,22,NO,,24,YES,0.0,NO,False,False,False
2025-07-31,2025,24,YES,13.15,14,NO,,24,YES,6.0,24,YES,0.0,22,NO,,24,YES,0.0,24,YES,0.0,NO,False,False,False
2025-08-01,2025,24,YES,13.07,22,NO,,24,YES,4.0,24,YES,0.0,23,NO,,24,YES,0.0,24,YES,0.0,NO,False,False,False
2025-08-02,2025,24,YES,13.02,21,NO,,24,YES,3.0,24,YES,0.0,23,NO,,24,YES,0.0,24,YES,0.0,NO,False,False,False
2025-08-03,2025,24,YES,12.98,24,YES,15.78,24,YES,2.0,24,YES,0.0,24,YES,0.0,24,YES,0.0,24,YES,0.0,YES,False,False,False
2025-08-04,2025,24,YES,12.94,9,NO,,24,YES,2.0,24,YES,0.0,16,NO,,21,NO,,22,NO,,NO,False,False,False
2025-08-05,2025,23,NO,,1,NO,,24,YES,1.0,24,YES,51.0,24,YES,13.0,24,YES,18.0,24,YES,34.0,NO,False,False,False
2025-08-06,2025,24,YES,12.99,1,NO,,24,YES,2.0,24,YES,2.0,23,NO,,24,YES,1.0,24,YES,11.0,NO,False,False,False
2025-08-07,2025,24,YES,12.89,4,NO,,23,NO,,23,NO,,22,NO,,22,NO,,23,NO,,NO,False,False,False
2025-08-08,2025,22,NO,,8,NO,,23,NO,,23,NO,,21,NO,,22,NO,,23,NO,,NO,False,False,False
2025-08-09,2025,24,YES,13.46,24,YES,15.77,24,YES,2.0,24,YES,0.0,24,YES,0.0,24,YES,0.0,24,YES,3.0,YES,False,False,False
2025-08-10,2025,24,YES,13.42,24,YES,15.77,24,YES,1.0,24,YES,0.0,24,YES,0.0,24,YES,0.0,24,YES,0.0,YES,True,False,False
2025-08-11,2025,24,YES,13.36,23,NO,,24,YES,2.0,24,YES,19.0,22,NO,,22,NO,,24,YES,3.0,NO,False,False,False
2025-08-12,2025,24,YES,14.54,17,NO,,24,YES,1.0,24,YES,3.0,24,YES,54.0,24,YES,6.0,24,YES,9.0,NO,False,False,False
2025-08-13,2025,24,YES,13.93,15,NO,,24,YES,1.0,24,YES,0.0,24,YES,8.0,24,YES,57.0,24,YES,0.0,NO,False,False,False
2025-08-14,2025,24,YES,13.79,22,NO,,24,YES,2.0,24,YES,3.0,24,YES,7.0,24,YES,4.0,24,YES,4.0,NO,False,False,False
2025-08-15,2025,24,YES,13.24,24,YES,15.79,24,YES,1.0,24,YES,3.0,24,YES,1.0,24,YES,42.0,24,YES,16.0,YES,False,False,False
2025-08-16,2025,24,YES,13.14,24,YES,15.79,24,YES,2.0,24,YES,0.0,24,YES,5.0,24,YES,2.0,24,YES,1.0,YES,True,False,False
2025-08-17,2025,24,YES,12.72,22,NO,,24,YES,1.0,24,YES,7.0,22,NO,,24,YES,0.0,24,YES,0.0,NO,False,False,False
2025-08-18,2025,24,YES,12.72,21,NO,,24,YES,2.0,24,YES,0.0,23,NO,,24,YES,0.0,24,YES,0.0,NO,False,False,False
2025-08-19,2025,24,YES,12.68,22,NO,,24,YES,2.0,24,YES,1.0,24,YES,1.0,24,YES,0.0,24,YES,0.0,NO,False,False,False
2025-08-20,2025,24,YES,12.66,23,NO,,24,YES,2.0,24,YES,11.0,24,YES,8.0,24,YES,6.0,24,YES,7.0,NO,False,False,False
2025-08-21,2025,24,YES,12.77,21,NO,,24,YES,2.0,24,YES,6.0,23,NO,,24,YES,7.0,24,YES,5.0,NO,False,False,False
2025-08-22,2025,24,YES,12.86,23,NO,,24,YES,2.0,24,YES,18.0,23,NO,,24,YES,10.0,24,YES,17.0,NO,False,False,False
2025-08-23,2025,24,YES,12.71,23,NO,,24,YES,2.0,24,YES,0.0,24,YES,0.0,24,YES,0.0,24,YES,0.0,NO,False,False,False
2025-08-24,2025,24,YES,13.03,20,NO,,24,YES,2.0,24,YES,1.0,24,YES,9.0,24,YES,6.0,24,YES,9.0,NO,False,False,False
2025-08-25,2025,24,YES,12.82,24,YES,15.79,24,YES,4.0,24,YES,26.0,24,YES,19.0,24,YES,30.0,24,YES,20.0,YES,False,False,False
2025-08-26,2025,24,YES,12.96,20,NO,,24,YES,2.0,0,NO,,24,YES,29.0,24,YES,5.0,24,YES,37.0,NO,False,False,False
2025-08-27,2025,24,YES,12.96,16,NO,,24,YES,3.0,0,NO,,21,NO,,24,YES,15.0,24,YES,30.0,NO,False,False,False
2025-08-28,2025,24,YES,13.28,17,NO,,24,YES,2.0,0,NO,,24,YES,36.0,24,YES,17.0,24,YES,38.0,NO,False,False,False
2025-08-29,2025,24,YES,12.79,24,YES,15.79,24,YES,3.0,0,NO,,24,YES,7.0,24,YES,1.0,24,YES,3.0,NO,False,False,False
2025-08-30,2025,24,YES,14.08,16,NO,,24,YES,2.0,0,NO,,24,YES,84.0,24,YES,3.0,24,YES,4.0,NO,False,False,False
2025-08-31,2025,24,YES,13.1,24,YES,15.79,24,YES,2.0,0,NO,,24,YES,50.0,24,YES,25.0,24,YES,29.0,NO,False,False,False
2025-09-01,2025,24,YES,12.91,24,YES,15.79,24,YES,3.0,24,YES,2.0,24,YES,11.0,24,YES,3.0,24,YES,13.0,YES,False,False,False
2025-09-02,2025,24,YES,12.76,7,NO,,24,YES,2.0,24,YES,2.0,24,YES,5.0,24,YES,11.0,24,YES,2.0,NO,False,False,False
2025-09-03,2025,24,YES,12.77,0,NO,,24,YES,2.0,24,YES,4.0,23,NO,,24,YES,2.0,24,YES,0.0,NO,False,False,False
2025-09-04,2025,24,YES,13.24,0,NO,,24,YES,3.0,24,YES,20.0,20,NO,,24,YES,34.0,0,NO,,NO,False,False,False
2025-09-05,2025,24,YES,12.99,2,NO,,24,YES,2.0,24,YES,6.0,23,NO,,24,YES,8.0,0,NO,,NO,False,False,False
2025-09-06,2025,24,YES,12.84,21,NO,,24,YES,2.0,24,YES,18.0,24,YES,12.0,24,YES,4.0,0,NO,,NO,False,False,False
2025-09-07,2025,24,YES,12.76,24,YES,15.79,24,YES,1.0,24,YES,5.0,24,YES,1.0,24,YES,4.0,0,NO,,NO,False,False,False
2025-09-08,2025,24,YES,12.83,22,NO,,24,YES,2.0,24,YES,8.0,22,NO,,24,YES,13.0,0,NO,,NO,False,False,False
2025-09-09,2025,24,YES,12.75,24,YES,15.79,24,YES,2.0,24,YES,19.0,24,YES,6.0,24,YES,12.0,0,NO,,NO,False,False,False
2025-09-10,2025,24,YES,12.85,23,NO,,24,YES,16.0,24,YES,24.0,24,YES,12.0,24,YES,13.0,0,NO,,NO,False,False,False
2025-09-11,2025,24,YES,12.82,23,NO,,24,YES,0.0,24,YES,0.0,24,YES,1.0,24,YES,0.0,0,NO,,NO,False,False,False
2025-09-12,2025,24,YES,12.97,23,NO,,24,YES,6.0,24,YES,0.0,24,YES,16.0,24,YES,10.0,0,NO,,NO,False,False,False
2025-09-13,2025,24,YES,14.06,12,NO,,24,YES,0.0,24,YES,0.0,24,YES,5.0,24,YES,1.0,0,NO,,NO,False,False,False
2025-09-14,2025,24,YES,14.21,17,NO,,24,YES,15.0,24,YES,22.0,24,YES,13.0,24,YES,20.0,0,NO,,NO,False,False,False
2025-09-15,2025,24,YES,13.08,24,YES,15.79,24,YES,3.0,24,YES,6.0,24,YES,5.0,24,YES,7.0,0,NO,,NO,False,False,False
2025-09-16,2025,24,YES,12.81,24,YES,15.79,24,YES,6.0,24,YES,0.0,24,YES,4.0,24,YES,4.0,0,NO,,NO,False,False,False
2025-09-17,2025,24,YES,13.16,24,YES,15.79,24,YES,25.0,24,YES,12.0,24,YES,2.0,24,YES,77.0,0,NO,,NO,False,False,False
2025-09-18,2025,24,YES,12.83,24,YES,15.79,24,YES,33.0,24,YES,1.0,24,YES,2.0,24,YES,1.0,0,NO,,NO,False,False,False
2025-09-19,2025,24,YES,12.8,24,YES,15.79,24,YES,0.0,24,YES,1.0,24,YES,0.0,24,YES,0.0,0,NO,,NO,False,False,False
2025-09-20,2025,24,YES,12.88,24,YES,15.79,24,YES,21.0,24,YES,10.0,24,YES,24.0,24,YES,7.0,0,NO,,NO,False,False,False
2025-09-21,2025,24,YES,12.77,24,YES,15.79,24,YES,7.0,24,YES,12.0,24,YES,1.0,24,YES,8.0,0,NO,,NO,False,False,False
2025-09-22,2025,24,YES,14.64,13,NO,,24,YES,77.0,24,YES,93.0,24,YES,81.0,24,YES,97.0,0,NO,,NO,False,False,False
2025-09-23,2025,24,YES,14.05,9,NO,,24,YES,28.0,24,YES,25.0,24,YES,33.0,24,YES,35.0,0,NO,,NO,False,False,False
2025-09-24,2025,24,YES,13.4,9,NO,,24,YES,5.0,24,YES,2.0,23,NO,,24,YES,4.0,0,NO,,NO,False,False,False
2025-09-25,2025,24,YES,14.38,14,NO,,24,YES,27.0,24,YES,13.0,24,YES,36.0,24,YES,14.0,0,NO,,NO,False,False,False
2025-09-26,2025,24,YES,14.11,4,NO,,24,YES,17.0,24,YES,29.0,24,YES,22.0,24,YES,19.0,0,NO,,NO,False,False,False
2025-09-27,2025,24,YES,13.09,0,NO,,24,YES,0.0,24,YES,0.0,24,YES,0.0,24,YES,0.0,0,NO,,NO,False,False,False
2025-09-28,2025,23,NO,,0,NO,,24,YES,1.0,24,YES,0.0,24,YES,4.0,24,YES,18.0,0,NO,,NO,False,False,False
2025-09-29,2025,24,YES,13.75,0,NO,,24,YES,12.0,24,YES,18.0,24,YES,51.0,24,YES,6.0,0,NO,,NO,False,False,False
2025-09-30,2025,24,YES,13.03,21,NO,,24,YES,3.0,24,YES,5.0,24,YES,4.0,24,YES,3.0,0,NO,,NO,False,False,False
2025-10-01,2025,0,NO,,0,NO,,0,NO,,0,NO,,0,NO,,24,YES,7.0,24,YES,7.0,NO,False,False,False
2025-10-02,2025,0,NO,,0,NO,,0,NO,,0,NO,,0,NO,,24,YES,8.0,24,YES,5.0,NO,False,False,False
2025-10-03,2025,0,NO,,0,NO,,0,NO,,0,NO,,0,NO,,24,YES,30.0,24,YES,9.0,NO,False,False,False
2025-10-04,2025,0,NO,,0,NO,,0,NO,,0,NO,,0,NO,,24,YES,0.0,24,YES,0.0,NO,False,False,False
2025-10-05,2025,0,NO,,0,NO,,0,NO,,0,NO,,0,NO,,24,YES,18.0,24,YES,2.0,NO,False,False,False
2025-10-06,2025,0,NO,,0,NO,,0,NO,,0,NO,,0,NO,,24,YES,0.0,24,YES,0.0,NO,False,False,False
2025-10-07,2025,0,NO,,0,NO,,0,NO,,0,NO,,0,NO,,24,YES,8.0,24,YES,10.0,NO,False,False,False
2025-10-08,2025,0,NO,,0,NO,,0,NO,,0,NO,,0,NO,,24,YES,13.0,24,YES,9.0,NO,False,False,False
2025-10-09,2025,0,NO,,0,NO,,0,NO,,0,NO,,0,NO,,24,YES,86.0,24,YES,10.0,NO,False,False,False
2025-10-10,2025,0,NO,,0,NO,,0,NO,,0,NO,,0,NO,,24,YES,2.0,24,YES,3.0,NO,False,False,False
2025-10-11,2025,0,NO,,0,NO,,0,NO,,0,NO,,0,NO,,24,YES,17.0,24,YES,2.0,NO,False,False,False
2025-10-12,2025,0,NO,,0,NO,,0,NO,,0,NO,,0,NO,,24,YES,4.0,24,YES,4.0,NO,False,False,False
2025-10-13,2025,0,NO,,0,NO,,0,NO,,0,NO,,0,NO,,24,YES,1.0,24,YES,1.0,NO,False,False,False
2025-10-14,2025,0,NO,,0,NO,,0,NO,,0,NO,,0,NO,,24,YES,2.0,24,YES,1.0,NO,False,False,False
2025-10-15,2025,0,NO,,0,NO,,0,NO,,0,NO,,0,NO,,24,YES,7.0,24,YES,0.0,NO,False,False,False
2025-10-16,2025,0,NO,,0,NO,,0,NO,,0,NO,,0,NO,,24,YES,2.0,24,YES,6.0,NO,False,False,False
2025-10-17,2025,0,NO,,0,NO,,0,NO,,0,NO,,0,NO,,24,YES,1.0,24,YES,1.0,NO,False,False,False
2025-10-18,2025,0,NO,,0,NO,,0,NO,,0,NO,,0,NO,,24,YES,19.0,24,YES,26.0,NO,False,False,False
2025-10-19,2025,0,NO,,0,NO,,0,NO,,0,NO,,0,NO,,24,YES,5.0,24,YES,9.0,NO,False,False,False
2025-10-20,2025,0,NO,,0,NO,,0,NO,,0,NO,,0,NO,,24,YES,0.0,24,YES,0.0,NO,False,False,False
2025-10-21,2025,0,NO,,0,NO,,0,NO,,0,NO,,0,NO,,24,YES,2.0,24,YES,5.0,NO,False,False,False
2025-10-22,2025,0,NO,,0,NO,,0,NO,,0,NO,,0,NO,,24,YES,0.0,24,YES,0.0,NO,False,False,False
2025-10-23,2025,0,NO,,0,NO,,0,NO,,0,NO,,0,NO,,24,YES,5.0,24,YES,2.0,NO,False,False,False
2025-10-24,2025,0,NO,,0,NO,,0,NO,,0,NO,,0,NO,,24,YES,5.0,24,YES,2.0,NO,False,False,False
2025-10-25,2025,0,NO,,0,NO,,0,NO,,0,NO,,0,NO,,24,YES,1.0,24,YES,0.0,NO,False,False,False
2025-10-26,2025,0,NO,,0,NO,,0,NO,,0,NO,,0,NO,,24,YES,9.0,24,YES,2.0,NO,False,False,False
2025-10-27,2025,0,NO,,0,NO,,0,NO,,0,NO,,0,NO,,24,YES,21.0,24,YES,13.0,NO,False,False,False
2025-10-28,2025,0,NO,,0,NO,,0,NO,,0,NO,,0,NO,,24,YES,0.0,24,YES,1.0,NO,False,False,False
2025-10-29,2025,0,NO,,0,NO,,0,NO,,0,NO,,0,NO,,24,YES,1.0,24,YES,1.0,NO,False,False,False
2025-10-30,2025,0,NO,,0,NO,,0,NO,,0,NO,,0,NO,,23,NO,,24,YES,15.0,NO,False,False,False
2025-10-31,2025,0,NO,,0,NO,,0,NO,,0,NO,,0,NO,,0,NO,,0,NO,,NO,False,False,False
2025-11-01,2025,24,YES,12.95,0,NO,,24,YES,0.0,24,YES,7.0,24,YES,8.0,24,YES,0.0,24,YES,8.0,NO,False,False,False
2025-11-02,2025,24,YES,12.93,0,NO,,24,YES,15.0,24,YES,16.0,24,YES,11.0,24,YES,3.0,24,YES,17.0,NO,False,False,False
2025-11-03,2025,24,YES,13.3,0,NO,,24,YES,37.0,24,YES,41.0,24,YES,38.0,24,YES,30.0,24,YES,39.0,NO,False,False,False
2025-11-04,2025,24,YES,13.09,0,NO,,24,YES,23.0,24,YES,36.0,24,YES,16.0,24,YES,34.0,24,YES,22.0,NO,False,False,False
2025-11-05,2025,24,YES,13.02,0,NO,,24,YES,0.0,24,YES,1.0,24,YES,6.0,24,YES,0.0,24,YES,7.0,NO,False,False,False
2025-11-06,2025,24,YES,13.08,0,NO,,24,YES,0.0,24,YES,0.0,24,YES,6.0,24,YES,3.0,24,YES,7.0,NO,False,False,False
2025-11-07,2025,24,YES,13.05,0,NO,,24,YES,0.0,24,YES,1.0,24,YES,9.0,24,YES,0.0,24,YES,12.0,NO,False,False,False
2025-11-08,2025,24,YES,12.89,0,NO,,24,YES,1.0,24,YES,0.0,24,YES,7.0,24,YES,0.0,24,YES,7.0,NO,False,False,False
2025-11-09,2025,24,YES,14.59,11,NO,,24,YES,158.0,24,YES,182.0,24,YES,89.0,24,YES,149.0,24,YES,134.0,NO,False,False,False
2025-11-10,2025,24,YES,14.27,16,NO,,24,YES,18.0,24,YES,23.0,24,YES,66.0,24,YES,50.0,24,YES,10.0,NO,False,False,False
2025-11-11,2025,24,YES,13.91,3,NO,,24,YES,1.0,24,YES,0.0,24,YES,0.0,24,YES,0.0,24,YES,0.0,NO,False,False,False
2025-11-12,2025,24,YES,13.33,0,NO,,24,YES,0.0,0,NO,,24,YES,0.0,24,YES,0.0,24,YES,0.0,NO,False,False,False
2025-11-13,2025,24,YES,13.31,2,NO,,24,YES,0.0,0,NO,,23,NO,,24,YES,0.0,24,YES,0.0,NO,False,False,False
2025-11-14,2025,24,YES,13.2,2,NO,,24,YES,4.0,0,NO,,24,YES,1.0,24,YES,0.0,24,YES,0.0,NO,False,False,False
2025-11-15,2025,24,YES,13.21,1,NO,,24,YES,8.0,0,NO,,24,YES,2.0,24,YES,16.0,24,YES,3.0,NO,False,False,False
2025-11-16,2025,24,YES,13.33,3,NO,,24,YES,2.0,0,NO,,23,NO,,24,YES,0.0,24,YES,0.0,NO,False,False,False
2025-11-17,2025,24,YES,13.55,2,NO,,24,YES,11.0,0,NO,,24,YES,19.0,24,YES,22.0,24,YES,16.0,NO,False,False,False
2025-11-18,2025,24,YES,13.36,1,NO,,24,YES,3.0,0,NO,,24,YES,0.0,24,YES,0.0,24,YES,3.0,NO,False,False,False
2025-11-19,2025,24,YES,13.35,2,NO,,24,YES,3.0,0,NO,,19,NO,,24,YES,1.0,24,YES,0.0,NO,False,False,False
2025-11-20,2025,24,YES,13.38,1,NO,,24,YES,0.0,0,NO,,23,NO,,24,YES,0.0,24,YES,0.0,NO,False,False,False
2025-11-21,2025,24,YES,13.38,0,NO,,24,YES,0.0,0,NO,,24,YES,0.0,24,YES,1.0,24,YES,1.0,NO,False,False,False
2025-11-22,2025,24,YES,13.33,2,NO,,24,YES,0.0,0,NO,,24,YES,0.0,24,YES,1.0,24,YES,0.0,NO,False,False,False
2025-11-23,2025,24,YES,13.07,2,NO,,24,YES,6.0,0,NO,,24,YES,4.0,24,YES,6.0,24,YES,2.0,NO,False,False,False
2025-11-24,2025,24,YES,13.09,0,NO,,24,YES,12.0,0,NO,,24,YES,5.0,24,YES,3.0,24,YES,6.0,NO,False,False,False
2025-11-25,2025,24,YES,13.11,2,NO,,24,YES,3.0,0,NO,,24,YES,4.0,24,YES,5.0,24,YES,2.0,NO,False,False,False
2025-11-26,2025,24,YES,13.05,3,NO,,24,YES,1.0,0,NO,,24,YES,0.0,24,YES,0.0,24,YES,2.0,NO,False,False,False
2025-11-27,2025,24,YES,13.04,1,NO,,24,YES,0.0,0,NO,,24,YES,0.0,24,YES,1.0,24,YES,1.0,NO,False,False,False
2025-11-28,2025,24,YES,13.31,2,NO,,24,YES,0.0,0,NO,,23,NO,,24,YES,2.0,24,YES,7.0,NO,False,False,False
2025-11-29,2025,24,YES,13.75,1,NO,,24,YES,8.0,0,NO,,24,YES,68.0,24,YES,25.0,24,YES,3.0,NO,False,False,False
2025-11-30,2025,24,YES,13.92,6,NO,,24,YES,28.0,0,NO,,24,YES,8.0,24,YES,50.0,24,YES,19.0,NO,False,False,False
2025-12-01,2025,24,YES,13.31,0,NO,,24,YES,5.0,24,YES,18.0,22,NO,,24,YES,1.0,24,YES,5.0,NO,False,False,False
2025-12-02,2025,24,YES,13.12,0,NO,,24,YES,0.0,24,YES,2.0,24,YES,0.0,24,YES,39.0,24,YES,1.0,NO,False,False,False
2025-12-03,2025,22,NO,,0,NO,,24,YES,0.0,24,YES,1.0,24,YES,0.0,24,YES,1.0,24,YES,0.0,NO,False,False,False
2025-12-04,2025,24,YES,12.99,1,NO,,24,YES,0.0,24,YES,0.0,23,NO,,24,YES,0.0,24,YES,0.0,NO,False,False,False
2025-12-05,2025,24,YES,12.95,0,NO,,24,YES,0.0,24,YES,0.0,24,YES,0.0,24,YES,0.0,24,YES,0.0,NO,False,False,False
2025-12-06,2025,24,YES,12.92,0,NO,,24,YES,0.0,24,YES,0.0,24,YES,0.0,24,YES,0.0,24,YES,0.0,NO,False,False,False
2025-12-07,2025,24,YES,12.89,2,NO,,24,YES,1.0,24,YES,2.0,24,YES,0.0,24,YES,0.0,24,YES,1.0,NO,False,False,False
2025-12-08,2025,24,YES,12.86,1,NO,,24,YES,0.0,24,YES,1.0,21,NO,,24,YES,0.0,24,YES,0.0,NO,False,False,False
2025-12-09,2025,24,YES,13.07,0,NO,,24,YES,48.0,24,YES,74.0,24,YES,40.0,24,YES,31.0,24,YES,41.0,NO,False,False,False
2025-12-10,2025,24,YES,12.89,0,NO,,24,YES,2.0,24,YES,3.0,24,YES,1.0,24,YES,7.0,24,YES,3.0,NO,False,False,False
2025-12-11,2025,24,YES,12.86,0,NO,,24,YES,1.0,24,YES,5.0,23,NO,,24,YES,3.0,24,YES,0.0,NO,False,False,False
2025-12-12,2025,24,YES,12.84,0,NO,,24,YES,10.0,24,YES,15.0,24,YES,3.0,24,YES,1.0,24,YES,7.0,NO,False,False,False
2025-12-13,2025,24,YES,12.82,2,NO,,24,YES,6.0,24,YES,9.0,24,YES,0.0,24,YES,9.0,24,YES,2.0,NO,False,False,False
2025-12-14,2025,24,YES,12.8,2,NO,,24,YES,0.0,24,YES,0.0,23,NO,,24,YES,0.0,24,YES,0.0,NO,False,False,False
2025-12-15,2025,24,YES,12.87,2,NO,,24,YES,21.0,24,YES,34.0,23,NO,,24,YES,11.0,24,YES,19.0,NO,False,False,False
2025-12-16,2025,24,YES,12.79,1,NO,,24,YES,5.0,24,YES,8.0,24,YES,3.0,24,YES,8.0,24,YES,6.0,NO,False,False,False
2025-12-17,2025,24,YES,12.77,1,NO,,24,YES,0.0,24,YES,0.0,24,YES,0.0,24,YES,0.0,24,YES,1.0,NO,False,False,False
2025-12-18,2025,24,YES,12.57,1,NO,,24,YES,8.0,24,YES,16.0,23,NO,,24,YES,10.0,24,YES,8.0,NO,False,False,False
2025-12-19,2025,24,YES,12.58,1,NO,,24,YES,1.0,24,YES,8.0,24,YES,5.0,24,YES,14.0,24,YES,6.0,NO,False,False,False
2025-12-20,2025,24,YES,12.7,1,NO,,24,YES,7.0,24,YES,7.0,24,YES,25.0,24,YES,7.0,24,YES,7.0,NO,False,False,False
2025-12-21,2025,24,YES,12.57,1,NO,,24,YES,0.0,24,YES,0.0,24,YES,4.0,24,YES,0.0,24,YES,0.0,NO,False,False,False
2025-12-22,2025,24,YES,12.63,0,NO,,24,YES,0.0,24,YES,4.0,24,YES,1.0,24,YES,14.0,24,YES,1.0,NO,False,False,False
2025-12-23,2025,24,YES,12.75,0,NO,,24,YES,0.0,24,YES,0.0,24,YES,0.0,24,YES,0.0,24,YES,0.0,NO,False,False,False
2025-12-24,2025,24,YES,12.73,0,NO,,24,YES,0.0,24,YES,0.0,24,YES,0.0,24,YES,0.0,24,YES,0.0,NO,False,False,False
2025-12-25,2025,24,YES,12.69,0,NO,,24,YES,4.0,24,YES,0.0,24,YES,0.0,24,YES,6.0,24,YES,2.0,NO,False,False,False
2025-12-26,2025,24,YES,12.65,0,NO,,24,YES,0.0,24,YES,0.0,24,YES,0.0,24,YES,0.0,24,YES,0.0,NO,False,False,False
2025-12-27,2025,24,YES,12.62,0,NO,,24,YES,0.0,24,YES,0.0,24,YES,0.0,24,YES,0.0,24,YES,0.0,NO,False,False,False
2025-12-28,2025,24,YES,12.58,0,NO,,24,YES,0.0,24,YES,0.0,24,YES,0.0,24,YES,0.0,24,YES,0.0,NO,False,False,False
2025-12-29,2025,24,YES,12.57,0,NO,,24,YES,0.0,24,YES,0.0,24,YES,0.0,24,YES,0.0,24,YES,0.0,NO,False,False,False
2025-12-30,2025,24,YES,12.6,0,NO,,24,YES,0.0,24,YES,0.0,24,YES,0.0,24,YES,0.0,24,YES,0.0,NO,False,False,False
2025-12-31,2025,24,YES,12.6,0,NO,,24,YES,0.0,24,YES,0.0,24,YES,0.0,24,YES,0.0,24,YES,0.0,NO,False,False,False
