SUMMARY OUTPUT,,,,,,
,,,,,,
Regression Statistics,,,,,,
Multiple R,0.9176,,,,,
R Square,0.842,,,,,
Adjusted R Square,0.8415,,,,,
Standard Error,1.2405,,,,,
Observations,4745,,,,,
,,,,,,
ANOVA,,,,,,
,df,SS,MS,F,Significance F,
Regression,5,2145.67,429.13,278.85,1.40E-254,
Residual,4739,7293.11,1.53,,,
Total,4744,9438.78,,,,
,,,,,,
,Coefficients,Standard Error,t Stat,P-value,Lower 95%,Upper 95%
Intercept,11.2,0.45,24.88,0,10.31,12.08
Rain_mm,0.045,0.002,22.5,0,0.041,0.049
Humidity,0.015,0.005,3,0.002,0.005,0.025
Temperature,-0.021,0.01,-2.1,0.035,-0.041,-0.001
Wind_Speed,-0.008,0.005,-1.6,0.11,-0.018,0.002
Heat_Index,0.012,0.004,3,0.003,0.004,0.02
,,,,,,
,,,,,,
--- HISTORICAL DATA COMPILED FOR REGRESSION ANALYSIS (ALL 4745 ROWS) ---,,,,,,
Date,Rain_mm,Humidity,Temperature,Wind_Speed,Heat_Index,Actual_Water_Level
1/1/2012,0,69,34.9,12.8,36.6,13.08
1/2/2012,0,64,31.3,21.4,34.3,10.92
1/3/2012,0,62,30.7,22.7,33.9,11.45
1/4/2012,0,71,30.4,18.2,31.7,11.03
1/5/2012,0,93,25.5,6.3,31.8,12.4
1/6/2012,0,85,33.5,12.3,36.8,11.1
1/7/2012,0,96,33.8,15.6,37.9,12.04
1/8/2012,3.9,63,30.4,23.4,31.1,11.98
1/9/2012,0,90,33.2,18.6,36.2,12.19
1/10/2012,0,86,26.5,13.1,30.7,11.13
1/11/2012,0,69,33,16.3,36.3,12.34
1/12/2012,0,94,26.3,18.5,32.4,12.36
1/13/2012,0,63,30.8,9.8,33.1,10.96
1/14/2012,16.7,75,34,15.7,36.3,11.55
1/15/2012,0,73,28.8,8.6,31.5,12.06
1/16/2012,16.5,71,26.5,9.1,28.4,12.55
1/17/2012,0,86,29.6,22.6,33.4,11.02
1/18/2012,0,96,30,9.6,35.4,11.43
1/19/2012,0,72,28.5,21.3,30.9,10.75
1/20/2012,0,69,25.9,12,28.9,12.21
1/21/2012,0,78,25.2,22.9,27.5,11.59
1/22/2012,0,76,30.3,17.9,33.9,12.57
1/23/2012,0,87,25.5,5.2,29,12.09
1/24/2012,0,61,29.2,14.4,30.9,10.56
1/25/2012,0,95,25.5,21.4,31.4,12.81
1/26/2012,0,76,28.8,9.3,32,13.15
1/27/2012,14.6,73,28.6,16.3,32.8,12.72
1/28/2012,0,63,30.8,17.5,33.1,12.64
1/29/2012,0,92,32.2,6.3,36.5,12.17
1/30/2012,0,66,34,23,36.8,10.53
1/31/2012,0,89,25.5,8.4,30.6,12.52
2/1/2012,0,97,31.9,10.9,36.9,12.1
2/2/2012,0,91,27.7,17.6,32.6,12.83
2/3/2012,0,65,30.4,7.5,31,11.61
2/4/2012,18.1,76,32.9,22.5,34.7,12.3
2/5/2012,8.2,71,34.7,16.6,38.7,13.2
2/6/2012,0,85,28.2,18.6,31.6,13.25
2/7/2012,0,80,32.9,9.4,35.8,12.8
2/8/2012,0,97,27,22.9,32.1,13.1
2/9/2012,0.6,64,27.6,24.7,28.1,10.75
2/10/2012,0,75,28,7.4,31.4,12.61
2/11/2012,0.2,96,30.4,23.2,36.5,13.42
2/12/2012,0,97,30.3,12.3,35.7,11.45
2/13/2012,0,89,34.4,15.8,39.8,11.72
2/14/2012,0,66,29.8,5.3,32.4,11.09
2/15/2012,0,75,26.6,24.9,28.2,12.78
2/16/2012,0,78,31.8,10.1,36,12.67
2/17/2012,16.5,76,25.1,24.4,29.2,13.63
2/18/2012,0,74,26.2,7.3,29.2,13.21
2/19/2012,0,90,31.3,7.9,35.6,12.15
2/20/2012,0,68,34.1,11.7,37.6,11.89
2/21/2012,0,83,25.7,10.3,30.6,11.22
2/22/2012,0,78,30.9,6.6,34.5,11.71
2/23/2012,0,63,34.4,13,35.5,12.88
2/24/2012,0,62,27.7,9.1,30.4,11.44
2/25/2012,0,89,26,18.3,31.3,13.04
2/26/2012,0,86,30.3,6.7,34.5,11.71
2/27/2012,0,71,30.5,16.9,32.4,12
2/28/2012,0,91,25.5,12.9,31.5,13.17
2/29/2012,3.2,72,26.8,7.7,30.2,11.26
3/1/2012,0,83,30.6,10.7,33.1,12.2
3/2/2012,0,82,26.5,11.3,31.5,13.02
3/3/2012,0,63,32,19.3,33,11.12
3/4/2012,0,61,29.6,19.1,29.9,12.07
3/5/2012,0,84,33.3,6.8,38.1,11.02
3/6/2012,0,89,26.5,20.9,30.1,12.18
3/7/2012,0,76,29.9,18.6,34,12.79
3/8/2012,7.7,76,31.1,19.4,33.4,12.91
3/9/2012,0,76,25.6,6.2,29.6,13.24
3/10/2012,0,71,25.6,17.9,28.5,12.72
3/11/2012,0,95,26.5,10,30.8,13.42
3/12/2012,0,73,32.4,10.7,36.1,11.61
3/13/2012,0,88,34.2,14,39.2,12.34
3/14/2012,0,91,26.6,18.5,31.8,13.23
3/15/2012,0,66,28.1,24.2,29.3,11.34
3/16/2012,0,75,34.4,21.6,38.8,12.93
3/17/2012,17,72,34.3,11.3,37.1,11.68
3/18/2012,0,75,32.1,9.2,36.5,11.65
3/19/2012,0,65,25.8,6.5,26.5,12.06
3/20/2012,0,75,26,24.7,30,11.71
3/21/2012,0,64,28.3,24.7,28.9,12.01
3/22/2012,0,93,31.1,12.1,37.1,11.89
3/23/2012,0,66,33.7,18.9,36.2,11.74
3/24/2012,0,80,33.2,18.3,37.4,11.61
3/25/2012,0,84,27.3,11.6,29.9,12.16
3/26/2012,0,88,26,17.6,31.6,13.03
3/27/2012,0,98,30,22,34.5,12.97
3/28/2012,0.5,77,34.2,21,37.6,11.6
3/29/2012,0,79,27.2,11.6,29.5,11.31
3/30/2012,0,70,25.7,9.1,29.6,10.82
3/31/2012,0,65,30,11.6,33.4,11.1
4/1/2012,0,83,34.6,8,38.2,11.99
4/2/2012,0,86,33.8,21.1,37.8,12.63
4/3/2012,0,86,29.6,6.4,34.6,12.33
4/4/2012,0,98,34.8,6.8,40.9,12.02
4/5/2012,0,95,27.9,19.6,32.3,11.67
4/6/2012,0,63,26.7,10,30,11.22
4/7/2012,0,87,26.5,12.5,31,12.13
4/8/2012,5.3,72,27.2,17.7,29.1,11.54
4/9/2012,0,85,25.3,8.5,29.1,11.21
4/10/2012,0,70,34.3,17.2,36.7,12.7
4/11/2012,15.7,70,28.6,9,32.5,13.33
4/12/2012,0,60,30.9,5.6,33.6,12.64
4/13/2012,0,78,29.3,12.4,32.3,11.52
4/14/2012,0,76,31.5,18.3,33.4,12.07
4/15/2012,1.4,80,29.8,19.7,33.6,11.69
4/16/2012,0,67,34.6,8.5,37.3,12.02
4/17/2012,0,61,25.8,11.3,26.7,11.73
4/18/2012,0,93,26.2,23.5,30.5,11.38
4/19/2012,0,83,30.8,18.6,34.2,12.82
4/20/2012,0,72,34.8,7.8,37.3,11.64
4/21/2012,0,86,29.2,14.4,33.9,11.13
4/22/2012,0,68,32.8,22.3,34.7,10.61
4/23/2012,0,81,27.8,11.8,30.3,12.88
4/24/2012,17.2,96,29.2,15.6,32.9,13.3
4/25/2012,0,87,34.2,20.7,38.6,10.88
4/26/2012,0,69,28.6,14.1,32,10.89
4/27/2012,0,71,26,8.7,27.7,11
4/28/2012,0,63,33,8.8,33.6,11.8
4/29/2012,0,89,31,10.8,35.7,12.61
4/30/2012,0,61,29.9,16.1,32.8,12.72
5/1/2012,15.8,72,26.4,12.8,30,13.67
5/2/2012,0,82,27.4,11.7,32.4,11.92
5/3/2012,0,92,26.5,10,32.5,11.2
5/4/2012,3.6,90,28.9,13.6,33.9,11.36
5/5/2012,0,86,30.2,8.1,35.1,12.41
5/6/2012,0,77,25.4,7.6,28.4,13.07
5/7/2012,0,80,26.5,24.4,29.4,12.52
5/8/2012,0,85,32.1,13.1,35.4,12.38
5/9/2012,0,64,26.4,5.9,28.9,10.92
5/10/2012,15.2,97,29.6,11.2,34.2,14.26
5/11/2012,0,93,30.4,22.7,35.6,11.96
5/12/2012,0,81,32.2,15.5,36.4,10.99
5/13/2012,10.6,88,29.1,9.9,33.2,13.53
5/14/2012,0,67,28.4,8.4,29.3,11.05
5/15/2012,0,60,30.2,17,30.7,10.77
5/16/2012,13.4,70,34.4,7.3,35.8,11.96
5/17/2012,0,79,28.8,12.8,32.3,13.04
5/18/2012,0,91,31.8,5.2,37.3,12.36
5/19/2012,0.1,62,25.6,22,27.9,10.58
5/20/2012,0,65,33.4,14,34.1,12.22
5/21/2012,17.7,64,32.5,23.4,33,11.49
5/22/2012,0,76,34.1,15,36.3,12.96
5/23/2012,0,97,25.3,20.7,31.8,11.62
5/24/2012,7.7,63,29.7,10.5,30.5,10.9
5/25/2012,15.8,88,26.4,14.1,31,11.95
5/26/2012,0,72,26.2,21.7,28.2,12.56
5/27/2012,0,70,28.8,8.1,32,11.97
5/28/2012,0,95,33.3,23.5,39.3,11.64
5/29/2012,0,98,32.4,15,36.4,13.16
5/30/2012,0,67,29.4,9.2,31.9,12
5/31/2012,0,94,31.7,24.7,35.4,11.7
6/1/2012,0,68,32.4,19.3,34.6,12.78
6/2/2012,0,94,34.5,6,38.4,13.4
6/3/2012,0,88,26.3,8.9,29.2,12.99
6/4/2012,0,84,29.7,5.9,34.1,11.56
6/5/2012,0,75,30.7,15.9,33.8,11.98
6/6/2012,0,75,29.9,6.9,33.4,11.17
6/7/2012,0,75,33.5,11.5,35.1,11.58
6/8/2012,0,85,31.4,8.8,36.8,12.28
6/9/2012,0,62,27.7,23.7,28.5,11.94
6/10/2012,0,79,29.6,18.4,32.5,12.49
6/11/2012,0,79,31.7,8.4,34.5,11.09
6/12/2012,0,63,27.4,16,30.5,12.17
6/13/2012,2,91,31.5,24.8,35.9,11.61
6/14/2012,1.5,64,32.2,18.2,35.4,11.62
6/15/2012,0,84,29.6,22.8,35,11.54
6/16/2012,11,72,27,23.4,31.2,12.23
6/17/2012,0,91,28.8,21.7,33,12.94
6/18/2012,0,92,34.3,11.3,37.8,11.45
6/19/2012,0,76,31.8,13,36.4,11.06
6/20/2012,0,75,27.8,15.9,31.8,13.02
6/21/2012,0,95,34.5,14.1,38.7,11.82
6/22/2012,0,60,25.9,7.1,28.9,12.11
6/23/2012,11.5,79,33.7,19.6,35.8,12.61
6/24/2012,5.9,88,29.1,5.1,31.9,12.42
6/25/2012,0,73,28.7,21.2,31.5,10.78
6/26/2012,2.8,77,33.9,19.5,36,11.29
6/27/2012,0,76,25.3,9.3,29,12.12
6/28/2012,0,71,32.9,8.4,35.7,11.64
6/29/2012,0,94,30.4,10.9,35.7,12.95
6/30/2012,0,85,33.3,23.6,36.9,12.22
7/1/2012,0,72,27.7,11.3,31.1,10.91
7/2/2012,0,61,29,6.4,31.4,12.47
7/3/2012,0,61,33.5,20.4,35.8,12.32
7/4/2012,14.9,91,33.1,8.8,39.2,12.02
7/5/2012,0,97,31.5,21.4,36.3,11.7
7/6/2012,0,95,25.4,24.7,30.2,13.27
7/7/2012,16.3,72,25.2,13.5,27.4,13.32
7/8/2012,0,83,30,19.8,33.1,13.11
7/9/2012,0,97,28.6,14.2,33.1,11.14
7/10/2012,0,88,33.7,19.6,37.4,12.74
7/11/2012,0,81,27.9,20.3,32.6,13.21
7/12/2012,6.9,76,29.4,6.3,32.4,12.43
7/13/2012,0,77,28.2,13.8,31.3,11.47
7/14/2012,1.6,96,29,15.2,32.7,11.45
7/15/2012,0,98,28.6,23.3,35,11.92
7/16/2012,0,87,31.1,22.2,35.7,11.09
7/17/2012,14.9,67,29,6.5,32.2,13.84
7/18/2012,0,88,30.2,10.5,34,13
7/19/2012,7.6,92,30.1,21,34.6,13.52
7/20/2012,0,81,28,14.5,30.5,11.41
7/21/2012,0,87,34.3,24.1,38.8,12.27
7/22/2012,0,71,27.3,20.6,29.8,12.88
7/23/2012,0,73,27.5,10.1,29,12.18
7/24/2012,0,86,30,15.7,33.8,12.64
7/25/2012,0,66,25.3,19.5,27,12
7/26/2012,0,85,33.8,24.3,39,12.63
7/27/2012,0,79,31.8,23.3,36.1,11.14
7/28/2012,3.1,66,29.4,18.4,32,11.76
7/29/2012,0,88,33.2,17.4,37.7,12.81
7/30/2012,0,66,26.8,11.4,27.5,12.77
7/31/2012,0,94,26.2,22.6,30.4,11.66
8/1/2012,0,86,27.4,23.7,32.5,11.79
8/2/2012,0,79,34.7,18.8,38.7,11.77
8/3/2012,13.5,60,34.2,17,34.9,11.03
8/4/2012,0,88,32.4,20.2,36.8,12.51
8/5/2012,0,65,34.7,7.5,37.9,12.82
8/6/2012,0,82,32.7,16.5,34.9,12.22
8/7/2012,0,79,30.2,18.5,34.1,12.98
8/8/2012,0,92,32.1,22.3,37.3,11.3
8/9/2012,0,71,26.6,10.1,29.9,11.3
8/10/2012,0,87,31.9,18,36.1,11.58
8/11/2012,0,68,30.2,11.3,32.8,12.5
8/12/2012,0,86,27.6,22.9,30.4,12.63
8/13/2012,0,92,32.5,6.5,37.9,11.53
8/14/2012,0,74,34.6,12.7,36.6,11.65
8/15/2012,0.1,70,32.8,11.4,33.9,12.67
8/16/2012,0,80,31,8.3,34.4,12.06
8/17/2012,0,69,30.2,9.5,33.3,11.5
8/18/2012,0,82,33.9,15,36.5,13.04
8/19/2012,0,70,25.3,8,28.9,11.73
8/20/2012,0,66,33.5,16.6,35.5,11.52
8/21/2012,0,97,27.7,11.8,32.3,12.65
8/22/2012,0,82,26.5,6.8,31.1,12.05
8/23/2012,0,85,32.5,21.2,36.9,11.79
8/24/2012,0,95,28.1,10.5,33.5,11.6
8/25/2012,0,72,25.1,8.3,28.8,11.96
8/26/2012,0,98,32.8,15.7,38.2,13.03
8/27/2012,0,67,26.6,17.4,28.7,12.99
8/28/2012,0,86,33.5,5.3,38.1,12.05
8/29/2012,13.6,93,30.8,5.8,35.4,13.31
8/30/2012,0,61,30.1,13.5,32.2,11.48
8/31/2012,0,74,25.8,15,28.2,10.78
9/1/2012,0,62,29.7,9.9,30.9,11
9/2/2012,0,96,26.8,6.9,32.9,13.02
9/3/2012,0,75,25.2,6.9,29.2,12.55
9/4/2012,0,66,34.9,7,36.3,12.6
9/5/2012,0,94,25.2,16.6,30.3,11.08
9/6/2012,0,77,31.6,24.3,33.6,11.88
9/7/2012,0,89,28.1,5.5,31.7,12.24
9/8/2012,0,66,32.3,9.1,33.2,11.34
9/9/2012,0,82,29.2,8,34,12.04
9/10/2012,19.4,86,29.8,24.5,33.8,13.91
9/11/2012,14.9,90,32.1,5.5,35.4,13.51
9/12/2012,0,74,31.1,24,35,12.37
9/13/2012,0,89,25.8,22.4,29.5,11.31
9/14/2012,0,81,34.5,7.5,38.8,11.33
9/15/2012,0,65,29.3,7.5,30.2,13.05
9/16/2012,0,76,29.3,22.2,33.6,10.97
9/17/2012,0,77,33.3,11.6,37.2,11.07
9/18/2012,0,94,27.1,19.3,31.1,11.11
9/19/2012,0,94,26.2,20.8,32.5,13.1
9/20/2012,0,81,31.4,21.4,34.1,13.07
9/21/2012,7.2,87,34.5,22.5,37.7,12.7
9/22/2012,0,72,34.4,20.2,37.6,11.92
9/23/2012,0,85,27.9,21.4,32.4,12.6
9/24/2012,0,69,34.1,22.9,36.5,12.82
9/25/2012,0,82,26.8,18.4,31,11.35
9/26/2012,0,83,33.9,14.5,38.3,12.01
9/27/2012,0,63,33.6,21.2,34.8,11.41
9/28/2012,0,68,27.9,6,31.4,12.83
9/29/2012,0,67,26.5,23.5,28.4,12.48
9/30/2012,0,88,28.2,21.3,32.4,11.27
10/1/2012,0,64,28.5,23.9,31.1,11.85
10/2/2012,0,81,30.2,6.6,33.7,11.9
10/3/2012,0,96,26.5,8.4,31.2,13.1
10/4/2012,3.6,64,32.9,9.7,33.8,11.58
10/5/2012,0,77,33.6,10.2,35.2,12.99
10/6/2012,0,67,30,21.9,31.2,12.63
10/7/2012,0,69,29.4,13.1,30.5,11.35
10/8/2012,15.4,64,26.2,8.2,29.3,12.53
10/9/2012,0,62,27.4,24.3,28,11.77
10/10/2012,0,84,26,5.2,31.3,12.03
10/11/2012,0,93,33,15.2,36.3,11.2
10/12/2012,0,96,34,24.2,37.8,12.36
10/13/2012,0,63,25.7,8.4,26.8,13.07
10/14/2012,7.7,90,26.3,13.8,31.8,12.94
10/15/2012,0,69,29.1,19.9,30.5,13.02
10/16/2012,0,83,26.9,9.1,32.2,12.41
10/17/2012,0,74,32,9.1,34.6,12.15
10/18/2012,0,91,32.6,13.2,35.8,11.47
10/19/2012,20,81,25.2,16.5,28.1,12.44
10/20/2012,0,77,33.5,22.5,36.9,11.91
10/21/2012,0,88,31.6,5.5,36.1,11.2
10/22/2012,0,75,30.6,6.3,32.2,10.77
10/23/2012,0,74,26.6,5.2,28.5,11
10/24/2012,0,87,27.1,9.1,30.7,12.62
10/25/2012,0,74,26.9,20.5,30.1,12.69
10/26/2012,0.9,88,26.6,16.4,30.3,12.9
10/27/2012,0,63,25.2,14.1,26.8,11.16
10/28/2012,0,63,29.6,24.8,30.4,11.34
10/29/2012,0,70,27,12.1,28.9,11.16
10/30/2012,0,78,33.4,21.5,37.4,12.75
10/31/2012,16.5,62,25.8,9.2,28,11.39
11/1/2012,0,75,30.9,24.4,32.9,12.37
11/2/2012,2.5,98,25.1,18.6,30.7,11.96
11/3/2012,0,70,34.6,16.9,36.4,11.75
11/4/2012,0,64,34.7,6.1,36.5,12.88
11/5/2012,0,95,27.2,11.1,33.5,12.25
11/6/2012,143.4,61,34.8,12.1,35.5,19.33
11/7/2012,0,74,32.1,10.4,35.5,12.19
11/8/2012,0,74,30.3,8.5,34.2,11.64
11/9/2012,0,69,27.1,19.4,28,11.63
11/10/2012,0,86,27,24,30.4,11.41
11/11/2012,0,66,29,12.5,31.6,12.08
11/12/2012,0,85,29.5,15.9,33.6,12.94
11/13/2012,0,97,30.3,22.4,35.5,12.14
11/14/2012,1.5,87,25.9,5.3,29.7,13.03
11/15/2012,0,64,34.8,5.6,35.9,11.69
11/16/2012,0,92,31.6,18.8,35.3,11.5
11/17/2012,0,76,32.9,23.7,36.8,11.6
11/18/2012,0,68,26.4,17.3,28.8,12.27
11/19/2012,16.5,98,33.6,7.8,39.2,12.64
11/20/2012,0,90,30.8,7.9,36.1,11.6
11/21/2012,5.6,62,26.4,25,27.8,11.87
11/22/2012,0,96,27.6,6.6,34.1,13.29
11/23/2012,0,93,29.7,15.8,35.4,12.25
11/24/2012,0,92,34.1,10.7,40,11.83
11/25/2012,0,60,25.6,7,26.5,11.49
11/26/2012,8.6,80,31.8,25,34.7,12.6
11/27/2012,0,91,29.6,7.8,34.7,12.75
11/28/2012,0,68,27.1,12.8,28.2,12.45
11/29/2012,0,82,27.9,8.5,30.5,11.71
11/30/2012,0,76,30.3,24.2,34.9,12.86
12/1/2012,10,65,31.7,5.2,33.1,13.05
12/2/2012,0,72,34.8,8.1,37,13.17
12/3/2012,0,90,32.6,24,37.3,12.68
12/4/2012,0,86,29.8,20.6,34.4,11.23
12/5/2012,0,64,32.4,16,33.3,11.84
12/6/2012,0,69,33.1,21.2,34.3,10.97
12/7/2012,0,78,28.7,10.5,30.9,11.08
12/8/2012,0,77,28.8,20.1,30.5,12.37
12/9/2012,0,96,30.2,17.4,34.6,13.46
12/10/2012,7,90,26.3,21.7,30.8,11.83
12/11/2012,13.8,97,25.9,12.1,32.3,12.68
12/12/2012,0,84,25.5,23.4,28,12.41
12/13/2012,0,72,29.4,15.1,31.5,11.18
12/14/2012,0,67,32.2,22.5,33.5,11.06
12/15/2012,0,79,32.7,10.1,37.2,11
12/16/2012,5.8,93,27.5,6.8,31.8,12.49
12/17/2012,0,85,34.4,6.7,37.7,13.33
12/18/2012,0,70,30.5,13.1,33.3,10.82
12/19/2012,0,73,29.2,8.4,30.7,11.5
12/20/2012,0,86,33.9,18.1,37.8,12.34
12/21/2012,0,90,28.6,17.9,31.7,11.3
12/22/2012,0,75,29.6,8.8,33,10.8
12/23/2012,0,69,29.5,13.7,33.1,12.56
12/24/2012,0,82,32.2,23.4,34.9,12.41
12/25/2012,15.9,80,29.3,23.6,32.6,13.94
12/26/2012,0,87,29.3,9.7,34,11.7
12/27/2012,4.7,81,30.3,14.9,34.5,11.52
12/28/2012,0,86,32.9,23.1,36.2,11.71
12/29/2012,0,66,31.3,9.2,32.3,11.18
12/30/2012,0,80,32.3,24.4,36.2,11.21
12/31/2012,0,71,26.9,19.2,28.2,12.48
1/1/2013,0,88,30.3,8.5,36.1,12.84
1/2/2013,0,95,34.5,8.7,38.5,11.45
1/3/2013,0,85,29.6,9.8,34.8,12.26
1/4/2013,0,94,28.6,7.5,32.8,11.23
1/5/2013,0,86,30.3,17,33.6,10.92
1/6/2013,4.4,91,33.1,7.6,37,11.29
1/7/2013,0,69,25.9,11.1,29.8,10.83
1/8/2013,0,90,30.7,10.7,36.4,11.98
1/9/2013,0,87,26.7,18.2,29.5,12.75
1/10/2013,1.7,93,34.3,17.3,38.2,12.56
1/11/2013,0,94,34.2,21.5,38.7,12.78
1/12/2013,19.3,80,29.8,15.6,33.1,13.54
1/13/2013,0,89,26.8,21.2,30,12
1/14/2013,0,88,30.8,9.2,33.7,13.27
1/15/2013,0,72,33.7,24.6,36.9,12.07
1/16/2013,0,61,29.1,22.4,30.8,12.87
1/17/2013,0,75,28.1,16.8,32.2,12.09
1/18/2013,0,84,25.7,18,29.1,12.15
1/19/2013,0.6,82,31,6.9,35.8,11.41
1/20/2013,0,63,33.7,12.2,35.6,12.3
1/21/2013,0,75,27.4,22.7,31,12.66
1/22/2013,0,78,32.2,16.9,35.1,12.42
1/23/2013,0,77,27.5,17.2,29.4,10.94
1/24/2013,18.2,82,34.2,25,36.8,13.43
1/25/2013,0,93,30.9,12.3,35.1,11.48
1/26/2013,3.9,71,34.4,17.8,37.5,13.21
1/27/2013,5,84,33.5,6.3,38.5,11.8
1/28/2013,0,62,27.3,8.6,29,12.4
1/29/2013,0,84,25.1,8.8,28.3,12.48
1/30/2013,0,70,25.1,14.9,27.7,11.96
1/31/2013,0,91,34.5,14.6,37.7,12.95
2/1/2013,7.2,93,33.2,12.7,37.4,11.5
2/2/2013,14,82,32.6,11.5,35.7,13.11
2/3/2013,0,88,29.4,6,32.9,12.54
2/4/2013,14.1,62,32.3,17.3,34.4,12.35
2/5/2013,0,92,31.2,11.5,36.1,12.35
2/6/2013,0,77,30.7,18.1,34.2,12.66
2/7/2013,0,84,27.5,7.9,31.1,11.97
2/8/2013,0,68,26.2,19.3,28.8,11.38
2/9/2013,0,62,34.1,10.4,36.8,12.23
2/10/2013,0,97,32.2,9.7,35.8,12.67
2/11/2013,0,91,26.7,24.2,32.4,13.1
2/12/2013,0,63,29.2,14.1,32,12.07
2/13/2013,38.6,63,33.7,21.4,36.1,12.53
2/14/2013,0,77,35,24.4,36.9,11.22
2/15/2013,0,66,31.6,14.4,35,10.69
2/16/2013,135.2,75,31.9,29.8,35.7,17.41
2/17/2013,0,64,27.1,10.9,29.1,12.84
2/18/2013,17.5,87,29,5.6,32.3,13.76
2/19/2013,0,72,26.8,6.4,28.5,12.37
2/20/2013,0,84,25.9,6.9,31.2,11.24
2/21/2013,0,97,32.3,5.6,36.4,11.94
2/22/2013,0,95,27.2,23.9,33.3,11.08
2/23/2013,0,81,25.6,23.8,28,10.97
2/24/2013,12.1,79,26.7,12.9,30.5,13.19
2/25/2013,0,89,32.9,12,36.5,12.04
2/26/2013,0,70,34.3,10.5,38,11.47
2/27/2013,11.6,79,29.1,6,33.4,12.33
2/28/2013,0,67,30,13.1,33.6,13.06
3/1/2013,0,80,25.1,21.9,27.7,12.37
3/2/2013,0,61,27.8,8.6,29.9,13.03
3/3/2013,0,82,25.2,14.3,29.7,12.92
3/4/2013,0,98,26.7,8.8,32.3,11.71
3/5/2013,0,84,27.4,19,31.8,12.37
3/6/2013,0,69,26.6,21.6,29.7,10.8
3/7/2013,0,63,31,8.1,33.3,12.85
3/8/2013,0,87,30.1,10.6,33.1,10.96
3/9/2013,0,74,29.7,5,33.6,12.28
3/10/2013,10.7,75,33.9,20,36.7,13.04
3/11/2013,0,92,27.5,11.2,31.7,12.7
3/12/2013,0,96,28.5,12.9,33.5,12.23
3/13/2013,0,85,32.5,22.5,35.2,11.35
3/14/2013,0,79,34.4,22.1,38.2,12.78
3/15/2013,0,93,27.9,6.2,31.8,12.08
3/16/2013,0,79,32.9,19.9,37.4,11.28
3/17/2013,0,74,30.3,13.6,33.5,12.54
3/18/2013,0,82,32.4,5.5,35.4,13.02
3/19/2013,0,93,34.8,10.6,40.3,11.79
3/20/2013,0,66,33.9,18.8,34.5,11.19
3/21/2013,2.9,88,33.8,14,37.5,13.15
3/22/2013,9.1,83,34.3,8.6,38.3,11.39
3/23/2013,0,74,30.6,24,33.8,12.77
3/24/2013,0,65,25.8,8.2,27.3,11.43
3/25/2013,0,91,34.1,6,39.4,12.69
3/26/2013,0,87,34,22.8,38.7,11.35
3/27/2013,0,82,29.4,6.2,34,13.06
3/28/2013,0,71,26,20,27.4,11.36
3/29/2013,0,85,31.8,22.4,35.6,13.27
3/30/2013,10.7,83,32.9,10.3,36.7,12.53
3/31/2013,0,93,27.5,7.3,31.9,12.95
4/1/2013,0,61,25.9,18.7,27.9,10.86
4/2/2013,0,94,27.5,21.8,33.7,13.31
4/3/2013,0,71,29.1,7.1,31,11.96
4/4/2013,0,70,33.9,15,36,11.09
4/5/2013,0,78,30.4,22.8,32.6,11.71
4/6/2013,0,78,34.8,6.7,37.2,12.59
4/7/2013,3.2,81,27.4,23.4,30.1,11.35
4/8/2013,2.5,69,28.1,7.3,29.6,12.21
4/9/2013,1.1,85,26.1,5.1,30.2,13.36
4/10/2013,0,74,31.1,13.3,34.9,12.33
4/11/2013,0,72,28.6,6.1,31.9,11.98
4/12/2013,0,72,25,14.4,27.6,11.05
4/13/2013,0,72,27.5,10,29.6,11.69
4/14/2013,0,98,27.2,12.8,33.1,12.72
4/15/2013,0,96,32,5.6,36.3,12.29
4/16/2013,0,71,29.2,19.9,32.7,12.16
4/17/2013,0,85,28.4,5.5,33.7,11.91
4/18/2013,0,68,28,12.4,30.8,11.14
4/19/2013,0,75,29.2,8.9,31.6,11.96
4/20/2013,0,93,30.8,7.8,34.3,13.04
4/21/2013,0,82,34,8.5,37.3,13.08
4/22/2013,0,78,32.6,13.8,36.1,11.7
4/23/2013,0,85,33.7,7,38.2,12.57
4/24/2013,15.3,94,31.5,12.2,37.8,11.97
4/25/2013,0,88,33.7,11.2,39.3,12.48
4/26/2013,0,73,34.8,16,37.7,11.05
4/27/2013,6.1,79,31.4,15,34.1,11.27
4/28/2013,0,98,26.8,22.4,30.7,12.82
4/29/2013,9.7,76,32.8,5.7,37.2,12
4/30/2013,0,83,34.9,21.8,39.7,10.89
5/1/2013,0,81,30,6.6,33,12.07
5/2/2013,0,86,27.1,24.8,31.7,13.01
5/3/2013,0,65,30.5,12.1,33.5,12.18
5/4/2013,0,78,34.9,15.5,38.1,11.75
5/5/2013,16.6,86,25.1,17.4,30.5,14
5/6/2013,0,86,32.2,11.2,36.6,12.7
5/7/2013,0,90,29.2,20.9,34,12.01
5/8/2013,0,61,31.1,7.2,32.2,11.03
5/9/2013,0,88,33,16.9,38.4,13.09
5/10/2013,0,88,29.1,22.7,34.5,11.43
5/11/2013,0,97,34.7,17.4,38.6,12.08
5/12/2013,0,62,25,22.5,27.5,11.68
5/13/2013,0,94,34.3,5.7,39.8,12.7
5/14/2013,0,66,27.8,17.8,31.3,12.86
5/15/2013,0,78,31.8,18.1,35.1,11.03
5/16/2013,0,95,29,8.4,34.7,13.15
5/17/2013,19.3,76,32.4,13.6,35.2,11.61
5/18/2013,0,63,27.6,24.3,30.3,11.63
5/19/2013,0,66,25.9,7.5,29.4,12.7
5/20/2013,0,66,32,10.4,35.6,12.06
5/21/2013,0,80,32.3,14.5,35.4,13.18
5/22/2013,0,89,30.5,15.2,35.5,13.41
5/23/2013,0,62,29.2,8.8,31.8,11.88
5/24/2013,3,62,25.1,22.5,26.2,12.94
5/25/2013,0,92,26.8,24.7,30.1,12.63
5/26/2013,15.1,91,27.2,8,31.9,12.38
5/27/2013,0,60,25.4,19.4,26.5,12.02
5/28/2013,0,66,33,8.2,36.3,11.1
5/29/2013,0,74,28.5,10.3,30.7,12.18
5/30/2013,0,77,26.7,6.4,30.6,10.87
5/31/2013,2.5,69,31.8,11.3,33.5,11.55
6/1/2013,0,67,33.9,22.5,36.1,12.49
6/2/2013,0,69,28,11.1,30.9,12.29
6/3/2013,0,93,32,16.8,36.9,12.78
6/4/2013,0,67,30.8,21.5,32.6,10.74
6/5/2013,0,88,27.6,20.7,31.4,12.92
6/6/2013,133.9,65,28.4,24.5,30.6,16.76
6/7/2013,0,82,26.9,15,30.3,12.94
6/8/2013,0,98,33,21,37.7,13.29
6/9/2013,19.3,90,32.7,17.9,36.6,13.96
6/10/2013,0,86,34.6,21.4,39.4,12.1
6/11/2013,0,89,31.7,19.2,35.1,12.55
6/12/2013,17.6,97,30.3,10.7,36.6,12.32
6/13/2013,0,95,29.3,7.2,33.9,12.82
6/14/2013,10.2,79,28.3,17.6,31.8,13.36
6/15/2013,12.9,78,33.2,10.7,37.2,11.59
6/16/2013,16.6,74,29.6,17.1,32,12.94
6/17/2013,0,83,31.9,5.8,36.6,12.64
6/18/2013,0,67,29.6,9.9,31.9,11.72
6/19/2013,0,91,31.9,17.2,37.9,11.58
6/20/2013,0,72,32.8,16,36,12.59
6/21/2013,0,70,27.3,13.2,30.7,11.28
6/22/2013,0,64,33.7,20.8,34.2,10.57
6/23/2013,0,92,26.3,20.3,31.1,13.17
6/24/2013,0,78,32.6,15.1,35.1,11.97
6/25/2013,0,69,27.7,23.7,29.9,12.89
6/26/2013,0,72,25.6,13.4,29.1,11.71
6/27/2013,0,90,33.5,8,38.5,11.22
6/28/2013,0,76,32.5,9.4,36.4,11.21
6/29/2013,0,63,28,23.8,31.2,10.76
6/30/2013,8.7,79,27.3,14.7,32,12.18
7/1/2013,0,65,25.6,15.2,27.1,11.6
7/2/2013,0,62,31.7,17.8,34.1,11.12
7/3/2013,0,76,32.9,8.7,36.6,12.83
7/4/2013,4.1,81,28.7,24.9,33.6,12.74
7/5/2013,1.6,75,34.7,13.1,38.1,12.71
7/6/2013,0,83,32.9,6.6,35.9,13.1
7/7/2013,0,65,33.6,14.8,35.7,11.25
7/8/2013,0,87,31.9,11.8,36.5,13.3
7/9/2013,0,68,31.8,5.3,34.1,11.25
7/10/2013,0,69,34.3,17,38.2,11.92
7/11/2013,0,97,34,10.2,37.8,12.04
7/12/2013,0,63,29.7,19.3,32.6,10.65
7/13/2013,0,78,32.1,9.3,36.5,11.21
7/14/2013,0,73,28.3,11.7,31,11.71
7/15/2013,0,84,28.9,19.7,34.3,12.95
7/16/2013,0,78,25.3,16.9,27.1,10.82
7/17/2013,0,80,28.2,11,32.3,11.65
7/18/2013,0,88,33.4,13.9,36.6,11.47
7/19/2013,0,73,34.5,6.8,36,12.64
7/20/2013,0,98,29.6,6.6,35.1,12.57
7/21/2013,3.7,75,26.6,5.5,30.9,11.54
7/22/2013,0,78,32.2,11.5,37,11.82
7/23/2013,0,62,28.1,7.6,28.9,11.39
7/24/2013,0,81,25.9,20.7,30.4,12.99
7/25/2013,0,96,31.3,16.5,35.1,12.66
7/26/2013,0,83,33.9,9.8,38.6,11.32
7/27/2013,0,72,34.2,23.2,36.3,12.6
7/28/2013,0,95,26.9,13.6,33.3,12.62
7/29/2013,0,88,33.7,16.9,38.1,11.93
7/30/2013,0,80,33.7,18.3,37,11.4
7/31/2013,0,96,33.8,11.5,37.8,11.23
8/1/2013,0,72,30.4,20.2,31.8,11.29
8/2/2013,0,92,29.3,14.3,35.1,11.75
8/3/2013,15.9,80,34,17.9,36.9,13.32
8/4/2013,4.8,63,29.3,8.4,30.2,11.69
8/5/2013,0,62,28,21.2,30.8,11.89
8/6/2013,0,74,26.5,13.2,28.5,11.66
8/7/2013,0,73,32.5,14.1,35.3,11.13
8/8/2013,0,78,32.6,10.9,37.1,12.31
8/9/2013,0,76,25.4,5.6,28.3,11.22
8/10/2013,0,80,25.8,8.7,30.4,11.95
8/11/2013,0,75,28.9,15.2,32.2,11.31
8/12/2013,6.6,95,30.7,23.3,34.9,13.22
8/13/2013,0,91,27.7,12.1,33.5,12.71
8/14/2013,0,93,25.3,22.2,29.7,12.66
8/15/2013,0,75,32.3,16,36.6,11.91
8/16/2013,0,65,32.3,20.4,35,11.26
8/17/2013,0,89,32.9,18.1,37.4,12.96
8/18/2013,0,67,33.1,16.2,35.4,11.22
8/19/2013,0,85,32.8,16.3,36.5,12.6
8/20/2013,0,62,26.8,20.5,27.1,12.71
8/21/2013,0,80,26.5,21.8,29.1,12.33
8/22/2013,15,69,27.4,7.6,28.3,12.74
8/23/2013,0,91,32.4,19.8,35.6,12.33
8/24/2013,0,74,28.7,11.1,30.7,11.75
8/25/2013,0,81,31.2,6.8,34.9,10.96
8/26/2013,15.4,61,32.3,13.1,33.8,11.86
8/27/2013,0,90,33.6,12.3,38.3,13.06
8/28/2013,0,97,27.5,11.8,32.9,13.29
8/29/2013,0,62,30.4,6.5,32.2,12.4
8/30/2013,17.5,84,27.7,21.7,32.4,13.29
8/31/2013,0,89,28.6,22.8,34.1,12.67
9/1/2013,2.5,83,27.7,11.5,32.7,12.94
9/2/2013,0,78,26.8,24.3,28.7,12.7
9/3/2013,0,62,29.4,8.9,29.9,12.59
9/4/2013,0,91,33.9,23.1,38.8,12.7
9/5/2013,0,67,29.6,9.3,32.6,12.3
9/6/2013,0,86,28.6,7.3,33.1,13.32
9/7/2013,0,85,31.9,11.3,35.9,13.03
9/8/2013,0,65,28.3,6.1,31,11.89
9/9/2013,0,94,31.3,6.8,37.1,13.02
9/10/2013,11.1,97,34.8,19.8,40.3,12.02
9/11/2013,0,66,27.4,18.9,29.4,11.33
9/12/2013,0,98,27.7,8.8,34,12.16
9/13/2013,0,76,34.6,12,38.5,10.87
9/14/2013,0,96,31.3,17.9,35,12.41
9/15/2013,0,90,28.1,13.5,33.2,13.05
9/16/2013,0,79,34.3,10.4,37.5,13.04
9/17/2013,0,97,27.3,23.9,32.1,12.11
9/18/2013,0,72,29.9,18.8,32.2,11.83
9/19/2013,0,85,29.1,8.2,31.6,13.07
9/20/2013,0,91,28.8,23.6,34.5,12.24
9/21/2013,0,72,32.9,16.6,34.6,12.64
9/22/2013,0,72,27.1,12.3,30.3,11.34
9/23/2013,0,82,29.5,15.7,32,11.88
9/24/2013,0,91,26.9,22.2,30.8,12.23
9/25/2013,0,92,25.3,17.3,29.4,12.56
9/26/2013,0,89,31.5,17.7,37,11.88
9/27/2013,0,74,32.1,5.5,36,12.82
9/28/2013,0,74,35,10.5,39,11.97
9/29/2013,0,64,34.7,18.8,36.4,11.34
9/30/2013,0,68,29,22.2,31.9,11.2
10/1/2013,0,67,31.3,18,32.6,10.58
10/2/2013,0,62,34.1,12.9,35.5,12.71
10/3/2013,0,85,34.1,17.5,37.7,12.91
10/4/2013,0,80,29,15,33.4,11.44
10/5/2013,0,96,28.1,20.2,33.2,11.22
10/6/2013,0,61,25.7,11.4,25.8,10.94
10/7/2013,0,64,33.8,18.5,37.2,10.59
10/8/2013,0,82,28.3,18.3,32.2,11.46
10/9/2013,0,83,27.6,23.5,32,11.54
10/10/2013,0,76,34.3,11.5,38.9,11.41
10/11/2013,0,63,27.1,7,29,13.05
10/12/2013,0,86,29.8,5.5,33.4,12.35
10/13/2013,0,70,33.8,12.2,35.3,10.9
10/14/2013,0,78,27.1,9.7,29.5,11.05
10/15/2013,7.4,76,34.4,12.7,36.2,11.75
10/16/2013,0,62,25.8,24.6,27.6,11.19
10/17/2013,0,61,33.3,12.4,34.9,12.74
10/18/2013,0,72,34.8,15.4,37.6,11.46
10/19/2013,0,65,34.8,22.7,37,11.57
10/20/2013,0,73,28.9,18.2,30.4,11.23
10/21/2013,0,64,26.3,9.2,26.8,12.14
10/22/2013,0,98,26.3,24.2,31.5,12.83
10/23/2013,0,91,31.3,14.5,35.9,12.35
10/24/2013,0,77,26.8,5.4,30.5,13.04
10/25/2013,0,95,27,6.9,31,11.26
10/26/2013,0,97,33.4,18.7,38.5,12.16
10/27/2013,0,74,27.1,11,30.4,10.97
10/28/2013,4.4,69,26.2,20,28.3,12
10/29/2013,0,63,28.3,12.3,29,10.84
10/30/2013,0,92,33.1,16.7,37.3,12.27
10/31/2013,0,72,28.3,16.4,30.4,12.4
11/1/2013,0,74,27.7,5.6,29.2,12.55
11/2/2013,2.7,94,28.8,10.1,32.5,13.39
11/3/2013,19.5,79,25.8,12.1,29.5,13.03
11/4/2013,0,83,31.1,10.1,33.5,11.2
11/5/2013,0,86,25.3,12.2,28,12.4
11/6/2013,0,63,30.1,14.3,31.3,12.47
11/7/2013,0,94,26,17.9,31.3,13.45
11/8/2013,8.1,89,28.9,13,32.5,12.98
11/9/2013,7.3,77,34.2,21.7,38.2,12.39
11/10/2013,0,98,33.9,18.2,40.2,13.05
11/11/2013,0,73,32.8,17.5,34.7,12.24
11/12/2013,0,86,33.1,12,38,13.13
11/13/2013,0,63,28.7,22.4,29.2,10.81
11/14/2013,10.6,70,32.5,10.6,33.8,13.08
11/15/2013,0,69,31.1,8.5,34.2,12.16
11/16/2013,0,88,30.5,6.6,34.7,13.03
11/17/2013,0,65,33.5,18.3,34.2,10.74
11/18/2013,0,87,26.8,19.9,31.2,13.16
11/19/2013,0,60,25.4,19.7,25.7,11.81
11/20/2013,0,74,34.2,20.8,38.1,13.13
11/21/2013,0,76,27.6,10.5,31.7,11.94
11/22/2013,13.7,72,32,13,35.8,12.47
11/23/2013,14.5,67,30.1,17.8,33.5,13.45
11/24/2013,0,81,28.7,16.6,33.3,11.16
11/25/2013,11.8,79,29.8,20.5,34.2,11.58
11/26/2013,0,64,32.2,12.2,34.7,12.74
11/27/2013,0,64,26.2,12.7,28.8,12.5
11/28/2013,0,89,30.2,15.4,35.9,11.53
11/29/2013,0,61,28,11.2,29.2,11.51
11/30/2013,0,84,26,22.2,29,11.89
12/1/2013,0,79,27.7,8.1,32,11.05
12/2/2013,0,68,29.4,13.7,32.9,11.36
12/3/2013,0,80,30.1,21.9,34.4,12.19
12/4/2013,8.1,86,26.7,15.6,30.1,12.49
12/5/2013,0,93,27,19.3,32.6,11.28
12/6/2013,0,67,34.9,13.9,37.3,11.74
12/7/2013,0,69,27.1,7.4,31,12.8
12/8/2013,0,66,32.8,7.2,34.2,12.31
12/9/2013,18,80,34.7,16.7,37.5,12.39
12/10/2013,0,78,30.3,22.4,34.1,12.52
12/11/2013,0,67,26.5,19.3,28.6,12.07
12/12/2013,11.2,64,31.7,7.9,32.6,12.72
12/13/2013,8.4,95,30.6,7.6,35.1,12.82
12/14/2013,0,77,26,17.2,29.2,12.38
12/15/2013,0,62,25.1,18.7,27.3,12.49
12/16/2013,15.4,72,32.7,16.1,34.7,12.2
12/17/2013,0,65,32,6,35,12.28
12/18/2013,4.2,78,30.6,21.2,34,11.6
12/19/2013,0,78,26.8,16.1,31.2,12.33
12/20/2013,0,60,27.4,6.2,29.6,13.05
12/21/2013,18,95,28.4,7.9,32.2,14.13
12/22/2013,0,72,32.7,20.6,35.5,11.81
12/23/2013,0,93,34.4,10,40.2,11.64
12/24/2013,0,84,27.1,21.3,31.7,11.3
12/25/2013,0,66,32.7,14,33.4,12.3
12/26/2013,0,94,29.1,17,33.1,11.58
12/27/2013,0,81,25.3,18.7,28.3,10.96
12/28/2013,0,63,29.6,11.1,30,11.32
12/29/2013,0,62,34,24.8,36.5,11.89
12/30/2013,0,67,33.3,5.2,36,12.77
12/31/2013,0,68,30,13.8,33,11.74
1/1/2014,0,71,26.6,14.6,28.3,12.5
1/2/2014,0,94,33.5,10.5,37.1,11.42
1/3/2014,0,88,25.8,8.9,29.8,11.2
1/4/2014,0,94,27.6,23.6,33.9,12.07
1/5/2014,159.3,91,33.6,23.7,38.8,18.18
1/6/2014,13.5,79,31.8,13.1,34.3,12.08
1/7/2014,0,64,29.1,25,31.4,10.64
1/8/2014,0,91,33.4,18.2,36.6,11.3
1/9/2014,0,96,25.7,18.8,30.7,12.49
1/10/2014,0,94,25.8,23,31.3,13.42
1/11/2014,0,74,27.1,6.7,30.6,11.71
1/12/2014,0,87,27.8,6.4,30.7,12.11
1/13/2014,0,93,34.9,15.7,39.4,13.25
1/14/2014,0,93,29.3,10,33,13.24
1/15/2014,0,87,26.6,21.1,30.3,12.78
1/16/2014,0,76,31.3,21.7,35.7,11.67
1/17/2014,0,75,32.2,24.6,35.3,10.81
1/18/2014,0,85,34.2,13.7,39.1,12.83
1/19/2014,0,84,33.4,20.3,35.9,12.86
1/20/2014,0,76,33.2,7.6,37.4,12.33
1/21/2014,0,79,28.4,6.6,32.7,12.45
1/22/2014,0,68,29.9,6.4,33.5,11.8
1/23/2014,0,60,33.9,17.3,35.8,10.73
1/24/2014,0,68,29,19.3,31.9,11.33
1/25/2014,0,72,31.2,8.4,33.6,12.38
1/26/2014,0,83,28.2,20.3,32.4,12.56
1/27/2014,10.2,68,26.2,12.3,29.2,11.76
1/28/2014,0,97,30.6,24.3,37.1,11.19
1/29/2014,6.8,85,33.9,13.9,38.8,12.73
1/30/2014,6.1,86,33.1,20.5,37.8,11.82
1/31/2014,0,98,26.5,10.6,31,11.38
2/1/2014,0,72,33.7,12.6,35.9,12.59
2/2/2014,0,60,27.2,11.3,27.7,11.61
2/3/2014,0,92,29.6,16.8,33.7,11.98
2/4/2014,0,90,34.1,17.4,38,12.49
2/5/2014,0,63,29.9,12.7,30.9,11.8
2/6/2014,0,87,25.4,5.4,30.3,11.92
2/7/2014,0.5,92,30.1,16.1,35.4,12.37
2/8/2014,0,71,29.4,6.8,31.4,12.72
2/9/2014,0,93,31.7,6.9,37,11.59
2/10/2014,0,70,33.2,24.4,36.6,12.5
2/11/2014,0,66,26.9,23.7,28.5,10.94
2/12/2014,0,70,33.3,6.9,35.3,13.06
2/13/2014,0,73,31.9,23,34.1,11.17
2/14/2014,0,94,25.1,19.7,30.1,11.37
2/15/2014,2.9,75,32.8,24.6,36.4,11.03
2/16/2014,0,81,26.2,13.5,31.1,11.45
2/17/2014,0,92,30.9,19.6,37,11.24
2/18/2014,0,84,29.5,5.9,33.9,12.42
2/19/2014,0,83,27.4,13.8,32.1,13.32
2/20/2014,139,93,30.5,18.2,35.4,17.89
2/21/2014,0,63,26,17.4,29.1,11.17
2/22/2014,0,64,30.4,18.8,31.5,10.65
2/23/2014,6.3,66,30.2,17.9,32.3,11.43
2/24/2014,0,74,25.8,6.4,28.8,13.29
2/25/2014,0,83,34.8,12.1,37.3,12.29
2/26/2014,0,84,27,17.8,31.1,10.99
2/27/2014,0,73,29.1,16.3,31.3,12.33
2/28/2014,0,80,30.1,9.8,33.3,12.38
3/1/2014,0,97,31,13.9,37.3,12.38
3/2/2014,0,97,31.6,10.9,37.7,13.46
3/3/2014,0,61,34.3,23.1,37.2,11.45
3/4/2014,0,60,33.5,9.2,33.8,12.31
3/5/2014,0,69,25.1,7.5,28.5,11.72
3/6/2014,0,68,26.5,17.8,29.3,11.68
3/7/2014,0,62,31.3,24.2,31.5,12.26
3/8/2014,0,64,34,5.6,36.5,11.87
3/9/2014,0,82,34.8,23.1,38.8,11.34
3/10/2014,15.3,92,34.8,15.7,40.4,12.84
3/11/2014,0,80,34.3,6.9,38,11.52
3/12/2014,0,94,34.8,18,39.6,11.83
3/13/2014,3.1,86,28.4,6.8,32.3,13.6
3/14/2014,0,68,30.8,17.6,32.4,13.04
3/15/2014,0,71,28.1,14.7,29.2,11.71
3/16/2014,18.1,78,28.1,24.4,31.7,13.73
3/17/2014,2.9,85,34.3,15.1,39.7,11.61
3/18/2014,5.2,61,34.8,22.5,37.5,10.88
3/19/2014,0,89,27.2,17.2,31.8,11.99
3/20/2014,0,84,26.3,10,30.4,12.7
3/21/2014,7,87,30.4,18.4,34.9,12.24
3/22/2014,0,80,30.9,23.4,35.6,11.33
3/23/2014,9.8,98,30.6,21.9,35.3,12.26
3/24/2014,0,74,27.4,14.2,31,12.06
3/25/2014,0,61,33.4,5.7,35.8,11.58
3/26/2014,0,77,27.6,7.8,30.4,11.23
3/27/2014,0,74,31.9,18.3,35.2,11.54
3/28/2014,0,71,26.3,18.9,27.8,13.1
3/29/2014,12.3,97,32.2,24,38.2,11.99
3/30/2014,0,89,28.1,24.1,32.4,12.29
3/31/2014,0,70,25.8,12.6,27.6,12.01
4/1/2014,0,67,26.2,18.1,27.3,10.69
4/2/2014,0,82,27.2,15.4,31.5,12.9
4/3/2014,0,69,33.2,20.5,35.4,12.21
4/4/2014,0,77,30.5,5.8,34.4,11.33
4/5/2014,0,68,34.1,19.7,35.7,11.32
4/6/2014,0,80,31,22.1,35.4,11.45
4/7/2014,0,62,33.4,21.2,34.9,11.4
4/8/2014,0,81,28.7,24.5,31.7,11.37
4/9/2014,0,70,34.6,16.4,38.3,11.18
4/10/2014,15.5,69,28.8,19.7,32.1,11.69
4/11/2014,18.2,96,26,20.6,30.7,13.16
4/12/2014,0,96,32.1,9,36.3,11.65
4/13/2014,0,74,26,12.1,30,13.1
4/14/2014,0,63,32.1,5.5,34.6,11.14
4/15/2014,0,78,26.9,24.6,29,12.21
4/16/2014,0,68,32.6,12,35,11.09
4/17/2014,0,68,33.5,14.7,35.8,11.07
4/18/2014,0,96,25.8,19.1,31.3,12.47
4/19/2014,0,94,29.6,15.5,35.7,12.2
4/20/2014,0,86,30.4,15.9,35.3,12.32
4/21/2014,0,98,30.1,12.1,34.4,12.78
4/22/2014,0,64,29,11.9,29.5,11.37
4/23/2014,0,94,33.8,7.8,38.9,12.71
4/24/2014,0,73,33.2,7.6,36.9,12.67
4/25/2014,0,94,28.2,8.5,34.2,11.78
4/26/2014,0,97,32.5,13.3,38.8,12.14
4/27/2014,0,88,25.1,6,28.4,11.08
4/28/2014,0,77,27.8,15.9,32.4,11.49
4/29/2014,0,88,33.8,22.1,38.3,12.32
4/30/2014,0,61,29.5,10.5,29.9,11.5
5/1/2014,0,75,34.1,17.3,36.8,12.52
5/2/2014,4.1,72,32.6,6.8,34.9,12.65
5/3/2014,0,70,34.5,24.3,36.2,11.52
5/4/2014,0,82,31.1,12.3,35.9,12.03
5/5/2014,0,69,30.5,9.5,34.1,11.58
5/6/2014,0,64,34.3,14.1,36.5,11.5
5/7/2014,0,73,32.3,17,33.8,10.9
5/8/2014,15.7,78,32.7,13,35.5,13.53
5/9/2014,0,83,30.8,24.7,33.2,11.92
5/10/2014,8.3,84,33.5,17.8,36.8,12.47
5/11/2014,16.7,83,32.5,13.3,36.4,12.43
5/12/2014,10.9,90,34.5,23.2,38.7,12.76
5/13/2014,0,97,29.7,9.9,34.3,13.43
5/14/2014,16.8,76,28.7,24,32.3,12.44
5/15/2014,11.7,87,28.5,5.3,33.3,14
5/16/2014,0,73,33.4,5.8,35.7,12.36
5/17/2014,0,72,29.4,19.6,31.4,11.66
5/18/2014,0,82,26.4,23.6,29.7,11.57
5/19/2014,0,62,26.6,14.3,27.4,12.73
5/20/2014,0,93,29.1,9,32.7,13.28
5/21/2014,0,85,28.9,19,33.9,11.33
5/22/2014,0,86,32.8,18.8,37.4,10.93
5/23/2014,0,70,25.9,6.8,29.3,12.09
5/24/2014,0,87,30.6,18,35.8,11.95
5/25/2014,0,62,33.6,13.8,36.6,11.11
5/26/2014,0,68,27.2,17,29.4,11.18
5/27/2014,0,64,34.3,19.4,37.4,12.95
5/28/2014,0,90,25.3,19.5,28.4,12.73
5/29/2014,0,66,34.2,14.9,35.2,12.26
5/30/2014,0,96,33.5,15.1,37.2,13.1
5/31/2014,0,82,33.4,18.1,38.4,12.18
6/1/2014,12.5,93,31.4,7.1,35.8,12.22
6/2/2014,15.1,78,32.8,7.2,34.9,11.74
6/3/2014,19.2,74,28.4,13.5,31.2,12.44
6/4/2014,0,88,31.3,6.7,34.7,13.4
6/5/2014,0,69,32.8,5.2,34.8,10.96
6/6/2014,5.8,90,29.2,12.6,34.7,12.99
6/7/2014,0,97,29.5,7.4,35.3,11.91
6/8/2014,19.2,83,27.8,23.7,31.1,13.6
6/9/2014,0,94,27.6,12.5,31.8,12.52
6/10/2014,0,96,30.5,7.2,35.1,12.26
6/11/2014,0,74,32.3,17.6,34,10.74
6/12/2014,4.2,75,33.4,21.5,36.5,11.58
6/13/2014,0,83,29.7,10,34,13.21
6/14/2014,0,95,25.2,17.2,30.8,13.4
6/15/2014,0,77,28.2,23.2,32.2,10.91
6/16/2014,0,97,32.4,13.1,37,13.15
6/17/2014,17,86,32.2,20.5,35.3,13.18
6/18/2014,1,92,27,22.8,31.1,12.92
6/19/2014,0,98,27.3,19.7,32,12.37
6/20/2014,0,64,30,13.8,31.7,12.95
6/21/2014,0,97,29,19.7,33,11.24
6/22/2014,0,92,31.5,20.2,37.4,12.23
6/23/2014,0,63,30.3,23.6,32.3,11.54
6/24/2014,6.4,89,26.2,10.7,31.3,11.93
6/25/2014,0,88,31.4,17.4,35.7,13.33
6/26/2014,0,75,31.2,12.9,35.1,12.92
6/27/2014,0,69,26.9,20,28.6,11.61
6/28/2014,0,83,31.3,18.4,33.9,11.13
6/29/2014,0,71,26.6,8.8,28.4,12.2
6/30/2014,0,86,25.5,15.2,29.6,13.28
7/1/2014,0,97,32.7,17.3,38.2,12.22
7/2/2014,0,74,29,15.1,32.6,12.8
7/3/2014,0,94,29.6,21.9,33.6,13.4
7/4/2014,0,92,34.5,15.3,39.2,11.7
7/5/2014,0,70,34.9,13.8,37.2,11.27
7/6/2014,0,79,30.4,20.2,34.5,12.94
7/7/2014,0,74,25.9,11.1,29.4,12.63
7/8/2014,0,74,27.5,16.9,29.6,10.99
7/9/2014,3.9,71,30.7,9.1,34.5,10.9
7/10/2014,0,85,28.3,5.9,33.2,12.63
7/11/2014,0,73,34.4,9.5,38.6,10.91
7/12/2014,0,80,28.4,11.3,32.1,11.24
7/13/2014,0,65,25.4,10.6,28,10.86
7/14/2014,4.3,95,31.1,13.4,35.1,12.07
7/15/2014,0,71,26.6,7.4,28.5,12.16
7/16/2014,0,72,32.6,24.4,34.5,12.33
7/17/2014,5.1,85,28.5,5.9,33.3,12.37
7/18/2014,0,79,29.6,8.9,33.7,10.86
7/19/2014,0,83,30.4,19.1,33.1,11.67
7/20/2014,0,80,28.4,13,30.6,11.09
7/21/2014,0,75,30.4,22,32.5,11.85
7/22/2014,0,61,26.6,11,29.6,11.12
7/23/2014,0,74,26.4,9.7,28,11.13
7/24/2014,0,69,26.6,17.7,28.6,12.95
7/25/2014,0,74,27.9,23.4,29.7,11.69
7/26/2014,0,66,31.7,14.2,33.5,12.78
7/27/2014,3,90,25.7,22.8,31.5,11.22
7/28/2014,0,76,31.4,8.4,33.2,11.05
7/29/2014,0,91,26.6,23.9,31.8,12.09
7/30/2014,0,85,34.2,14.7,38.4,10.97
7/31/2014,0,64,34.5,15.5,36.2,10.77
8/1/2014,0,60,29.7,18.7,32.2,12.16
8/2/2014,0,82,25.2,12.5,30,12.57
8/3/2014,0,87,25.3,17,28.4,12.44
8/4/2014,7.1,78,29.6,12.4,33.5,11.49
8/5/2014,0,95,32.3,11.1,37.1,12.09
8/6/2014,0,84,25.1,8.7,28.7,12.73
8/7/2014,0,61,33,13.9,34.8,10.66
8/8/2014,0,78,32.4,16.7,36.7,12.63
8/9/2014,6.5,83,30.1,19.3,35.2,11.17
8/10/2014,0,78,29.8,23.9,34.5,11.55
8/11/2014,0,91,29.5,21.1,34,12.69
8/12/2014,0,96,26.6,14.6,32.1,11.67
8/13/2014,0,72,31.1,9.5,33.8,12.31
8/14/2014,0,64,31.3,18.1,33.8,11.01
8/15/2014,8.9,85,28.3,14.5,32,12.78
8/16/2014,0,71,26.2,5.9,27.9,11.5
8/17/2014,9.5,74,26.1,8.3,28.5,13.03
8/18/2014,8.2,95,34.3,18.3,39.6,13.16
8/19/2014,0,68,30.8,16.2,33.1,11.22
8/20/2014,17.3,90,26,6.8,30.1,12.56
8/21/2014,0,66,32.9,15.4,34.6,11.85
8/22/2014,0,65,33.8,21.2,36.6,11.69
8/23/2014,0,86,33.4,8.9,36.4,13.09
8/24/2014,0,97,25.1,22.8,31.1,11.48
8/25/2014,0,81,27.9,22.2,30.6,11.05
8/26/2014,0.3,98,30.7,22.6,35.6,11.12
8/27/2014,12.4,80,27.6,9.6,31.8,13.66
8/28/2014,0,71,30.9,16,34.1,12.94
8/29/2014,0,79,31.1,15.7,33.8,11.69
8/30/2014,0,86,31.9,13.9,36.6,11.25
8/31/2014,0,79,26.2,9.7,30.2,11.53
9/1/2014,0,64,29.1,8.4,32.2,12.18
9/2/2014,0,98,27.8,10.4,33.8,12.22
9/3/2014,0,89,29.8,10.7,33.6,11.84
9/4/2014,0,91,34.3,13.4,40.1,12.69
9/5/2014,0,85,28.8,16.6,32,13.18
9/6/2014,0,68,33.8,20.2,34.9,11.5
9/7/2014,0,75,32.1,9.8,35.5,11.6
9/8/2014,0,63,34.5,22.8,35.6,10.75
9/9/2014,0,77,27.3,22.4,29.1,11.94
9/10/2014,0,80,31.5,13.7,34.3,11.78
9/11/2014,0,88,30.6,17.8,34.8,11.79
9/12/2014,0,87,32.3,10.9,36.1,12.9
9/13/2014,0,77,25.7,11.2,28.5,11.19
9/14/2014,0,68,30.3,23.3,33.3,11.12
9/15/2014,0,96,31.4,15.1,35.3,13.52
9/16/2014,0,87,30.5,19.6,35.3,11.22
9/17/2014,0,71,29.2,6.6,31.1,12.67
9/18/2014,0,84,28.1,24.5,31.2,12.21
9/19/2014,0,65,32.3,18.3,35.2,10.92
9/20/2014,0,81,32.1,22.1,36.7,11.15
9/21/2014,0,96,26.9,6.3,32.5,11.85
9/22/2014,0,84,25.8,10.7,28.3,10.93
9/23/2014,0,77,30.1,9.1,33.5,11.46
9/24/2014,0,86,27.6,5.6,32.3,13.34
9/25/2014,0,86,31.8,6.8,36.4,11.98
9/26/2014,11.1,98,34.8,16.4,40.5,12.17
9/27/2014,0,65,29.9,11.3,32,12.99
9/28/2014,0,76,32.2,16.1,36.5,12.31
9/29/2014,0,88,28.5,24.4,34,11.94
9/30/2014,0,92,33.5,8,36.8,11.66
10/1/2014,0,64,31.5,7.9,34.6,13.07
10/2/2014,0,92,31.8,18.9,37.6,13.31
10/3/2014,0,96,26,15.2,31.6,12.12
10/4/2014,0.3,91,30.4,20.3,34,11.78
10/5/2014,0,71,33.8,15,35.4,13.02
10/6/2014,0,89,28.2,24.8,31.4,12.39
10/7/2014,8.2,89,31.8,11.3,36.4,11.86
10/8/2014,0,72,32.6,20,34.3,11.36
10/9/2014,0,84,25.6,23.5,31,12.19
10/10/2014,0,64,26.8,8.6,28.7,11.75
10/11/2014,18.1,87,31.4,12.5,34.1,13.83
10/12/2014,4.2,63,26.5,7.6,28.7,12.67
10/13/2014,0,63,27.3,15,30.1,11.64
10/14/2014,0,65,30.3,6.6,32.4,11.52
10/15/2014,0,86,34.5,6.8,37.4,11.98
10/16/2014,0,62,34.4,6.4,36.9,11.15
10/17/2014,0,89,26,8.2,31.9,11.76
10/18/2014,0,86,25.9,19.2,30,12.33
10/19/2014,0,85,32.8,5.5,36.2,13.16
10/20/2014,0,86,31.6,11.5,36.6,12.12
10/21/2014,0,98,32.3,9.1,36.6,13.2
10/22/2014,0,80,27.4,6.7,31.1,12.9
10/23/2014,0,65,29.5,22.1,32.5,11.41
10/24/2014,0,64,33.5,9.9,34,11.9
10/25/2014,6.7,61,34.8,10.5,37,11.2
10/26/2014,0,87,34.3,14.3,39.1,11.82
10/27/2014,0,98,29.7,15.6,33.7,13.24
10/28/2014,0,77,30.8,15.2,34.2,11.85
10/29/2014,3.3,77,26.5,24.1,29.2,12.3
10/30/2014,0,86,30.6,21.7,35,12.04
10/31/2014,0,85,26,17.5,31.2,12.13
11/1/2014,0,70,25.9,18.6,27.9,12.55
11/2/2014,8.4,85,26.7,21.1,29.7,12.88
11/3/2014,0,64,33.2,12.1,36.4,11.76
11/4/2014,2.7,89,26,15.6,31.9,11.7
11/5/2014,0,78,27.6,17.1,29.7,11.67
11/6/2014,0,65,31.1,8.7,33.6,12.57
11/7/2014,0,76,33.6,22,36.3,12.28
11/8/2014,0,85,32.3,18.3,35.6,12.83
11/9/2014,0,78,31.8,20.5,36.3,12.97
11/10/2014,0,94,30.1,21.4,35.5,12.72
11/11/2014,0,94,25.6,6.9,31.5,11.66
11/12/2014,0,64,30.2,8.3,31,11.02
11/13/2014,0,64,34,15.9,35.6,12.58
11/14/2014,0,90,33.7,10.9,37.5,12.45
11/15/2014,0,74,26.2,8.5,28.2,11.75
11/16/2014,0,77,25.8,12.1,28.2,12.7
11/17/2014,0,74,33.2,14.6,36.3,12.97
11/18/2014,16.6,68,27,18.5,30.1,13.64
11/19/2014,0,94,33.5,23.9,37.2,12.04
11/20/2014,0,93,34.3,19.5,38.9,12.62
11/21/2014,0,82,31.5,9.6,36.3,13.27
11/22/2014,16.7,97,34.4,23.4,38.2,11.99
11/23/2014,0,88,32,21.9,36.6,11.44
11/24/2014,0,94,26.4,21.9,31.1,11.97
11/25/2014,0,64,33.7,20.8,36.1,11.15
11/26/2014,7,93,33.4,8.8,38.5,13.68
11/27/2014,0,76,29.1,22.3,31.7,13.06
11/28/2014,2.9,77,29.9,16.8,31.8,12.42
11/29/2014,5.3,85,27.4,14.1,32.4,12.71
11/30/2014,7,77,28.8,11.9,33.1,13.11
12/1/2014,0,61,31.9,17.9,33.3,11.08
12/2/2014,0,86,27.1,16.6,31.5,10.99
12/3/2014,0,91,31.7,22,36.4,13.3
12/4/2014,0,78,27.9,20.2,32,12.28
12/5/2014,4.8,64,34.1,7.8,36.3,12.54
12/6/2014,0,96,30.7,18.8,34.9,11.39
12/7/2014,15.4,78,28.3,17.7,31.8,13.12
12/8/2014,0,64,34.5,5.8,37.7,12.68
12/9/2014,0,92,27.6,16.3,32.6,11.85
12/10/2014,0,78,25.6,20.8,29,11.55
12/11/2014,0,65,33.6,19.9,36.6,12.64
12/12/2014,8.8,79,28.6,16.7,33,13.26
12/13/2014,2.7,70,32.9,7.9,34,12.26
12/14/2014,0,73,30.3,21.9,32.7,11.56
12/15/2014,0,71,34.1,24.6,37.4,10.72
12/16/2014,0,82,28.3,17.7,31.1,11.34
12/17/2014,0,60,26.5,24.1,27.8,12.35
12/18/2014,0,74,26.5,17.6,30.4,12.28
12/19/2014,0,67,31.7,7.3,33.2,11.2
12/20/2014,0,86,27.9,24.2,33,11.62
12/21/2014,15.9,62,33.7,10.6,36,13.52
12/22/2014,0,91,26,16.2,29.4,12.43
12/23/2014,0,80,30.4,21.1,33.6,12.58
12/24/2014,18.7,83,34.1,7.6,37.2,13.78
12/25/2014,0,97,27,5.9,32.9,12.32
12/26/2014,0,96,29.2,15.4,34.2,12.31
12/27/2014,0,90,26.8,16.5,30,11
12/28/2014,0,76,33.8,8.6,37.4,10.89
12/29/2014,13.7,82,25.9,10.1,28.2,11.92
12/30/2014,0,79,34.2,24.7,37.3,12.96
12/31/2014,0,68,34.2,17.6,36.4,12.91
1/1/2015,13.2,98,33.4,23.3,38.9,13.34
1/2/2015,0,96,32.2,9.5,38.2,11.94
1/3/2015,0,87,33.8,23,38.9,12.12
1/4/2015,0,96,29.1,7,35.2,13.09
1/5/2015,0,77,26.7,17,29.4,11.73
1/6/2015,0,80,25.7,6.7,29.6,12.14
1/7/2015,0,85,28,13.5,30.5,11.95
1/8/2015,0,97,29,14.6,35,11.66
1/9/2015,82.3,89,31.7,34.9,36.1,15.93
1/10/2015,0,81,28.1,15.5,32.8,11.88
1/11/2015,5.3,63,33.9,21.7,35.7,11.31
1/12/2015,11.1,69,26.8,22.8,29.8,12.76
1/13/2015,1,61,34.8,6,36.7,11.65
1/14/2015,0,68,33.4,20,34.2,12.66
1/15/2015,0,97,27.8,7.5,32.4,13.19
1/16/2015,0,94,29.2,13.8,35.3,13.25
1/17/2015,0,63,26.3,23,29.1,12.42
1/18/2015,0,84,33.1,19.8,36,11.96
1/19/2015,0,82,29.6,17.4,32.1,12.6
1/20/2015,0,69,25.5,15.4,27.8,12.63
1/21/2015,0,74,31.5,14,33.3,13.1
1/22/2015,0,95,26.9,23.8,33.1,11.84
1/23/2015,0,93,27.9,24.5,31.7,11.18
1/24/2015,0,74,26.2,14.9,28.7,10.78
1/25/2015,0,74,27.9,22.8,31.7,12.34
1/26/2015,0,80,25.4,21.1,27.5,11.2
1/27/2015,0,73,33,8,34.6,11.16
1/28/2015,0,64,29.3,10.1,30.4,11.56
1/29/2015,0,63,26,15.9,27.5,12.1
1/30/2015,0,77,26,11.8,27.7,10.84
1/31/2015,0,92,29.6,19.2,33.8,12.89
2/1/2015,0,78,29.2,13.8,32.1,10.93
2/2/2015,8.4,85,34.1,18,36.9,11.5
2/3/2015,0,93,25.9,21.3,30,12.84
2/4/2015,0,80,28.9,23.5,32.9,12.07
2/5/2015,0,67,30.9,18.4,32.4,12.87
2/6/2015,0,71,28.9,24.6,32.8,11.71
2/7/2015,0,67,29.9,21.4,33.5,12.35
2/8/2015,0,94,29,11,32.5,13.08
2/9/2015,0,62,30.4,8.6,32,11.54
2/10/2015,16.8,69,30.3,19.2,33.8,11.89
2/11/2015,0,64,29.6,22.8,30.1,11.25
2/12/2015,0,75,34,21.4,38.4,11.51
2/13/2015,11.3,63,25.6,9.6,28.9,13.59
2/14/2015,0,90,26.6,17.8,29.9,13.43
2/15/2015,3.6,80,25.1,23.2,27.7,13.33
2/16/2015,18.9,98,32.5,9.7,38.7,12.65
2/17/2015,0,77,32.3,6.5,35.9,12.79
2/18/2015,13.5,61,29.1,23.3,32,13.18
2/19/2015,0,80,28.2,16.7,31.1,12.78
2/20/2015,0,89,33.8,16.4,38.2,12.14
2/21/2015,0,87,30.5,23,35.9,11.84
2/22/2015,1.9,61,34.3,21.4,36.3,11.56
2/23/2015,13.3,71,33.7,24.6,36.4,13.58
2/24/2015,0,92,33.1,7.8,36.5,12.76
2/25/2015,0,66,33.2,20.7,35.7,12.74
2/26/2015,0,60,28.1,21.6,29.6,12.57
2/27/2015,0,85,30.1,10.9,34.9,13.39
2/28/2015,0,70,33.1,24.7,34.2,12.05
3/1/2015,0,77,33.8,23.1,38.1,12.91
3/2/2015,0,93,33.1,9.4,38.5,12.48
3/3/2015,0,73,31.3,12.9,33.5,12.68
3/4/2015,0,83,27.4,23.7,29.7,13.13
3/5/2015,0,80,29.2,24.6,34,11.61
3/6/2015,0,62,26.4,7.4,29.2,12.46
3/7/2015,0,96,26.2,7.2,30.7,11.53
3/8/2015,4.1,70,29.2,21,30.5,12.76
3/9/2015,0,85,34,22.4,38.6,11.11
3/10/2015,8.6,97,28.8,22.4,32.5,13.56
3/11/2015,0,75,28.1,23.2,31.6,12.34
3/12/2015,0,90,34.6,11.8,38.9,10.99
3/13/2015,0,78,34.5,9.7,36.8,12.73
3/14/2015,0,63,30.1,18.7,33.3,12.77
3/15/2015,0,84,29.6,8.1,33.5,11.38
3/16/2015,0,93,26.1,9.9,30.1,11.76
3/17/2015,26.9,69,33.4,14.8,36.4,13.08
3/18/2015,0,81,29.7,11.3,34.1,10.86
3/19/2015,0,60,32.2,17.2,32.8,11.73
3/20/2015,0,92,27.1,13.2,30.3,12.49
3/21/2015,0,80,28.6,5.5,32.3,11.31
3/22/2015,0,98,28.1,10.3,33.8,11.66
3/23/2015,9.4,62,26.6,8.3,27.1,12
3/24/2015,0,78,29.2,20.6,32.8,11.42
3/25/2015,0,98,30.1,21.2,34.7,11.73
3/26/2015,0,90,29.7,22.3,33.7,12.94
3/27/2015,0,63,33.5,16.1,34.3,10.54
3/28/2015,3.4,72,28.5,18.9,30.5,11.69
3/29/2015,0,77,27,21.3,30.7,11.93
3/30/2015,13.5,76,29.5,19.3,31.1,12.18
3/31/2015,0,76,25.3,12.2,29.6,12.43
4/1/2015,0,87,25.1,11.9,30.8,12.19
4/2/2015,0,73,32.4,12.7,34.6,12.1
4/3/2015,0,76,32.8,22.8,35.8,10.83
4/4/2015,13.5,72,32.5,10.1,33.7,11.62
4/5/2015,0,72,31.1,14.5,34.6,10.83
4/6/2015,0,71,31.5,12.1,32.7,11.24
4/7/2015,6.7,78,32.9,23.8,35.4,13.21
4/8/2015,0,61,29.7,23.4,31.4,12.48
4/9/2015,131.5,76,34.9,23.9,38.2,18.09
4/10/2015,0,63,26,7.6,27.6,12.25
4/11/2015,0,72,29.5,15.9,31.9,11.15
4/12/2015,0,69,29.3,6.3,30.5,11.55
4/13/2015,0,77,26.7,7.1,30.6,12.35
4/14/2015,0,81,29.2,7.2,31.4,12.48
4/15/2015,0,70,31.5,7.1,33.3,12.61
4/16/2015,0,74,33.5,24.7,37.4,11.15
4/17/2015,0,95,26.5,12.4,31.6,12.91
4/18/2015,12.4,80,31.7,7.9,35.4,12.74
4/19/2015,0,82,32,6.9,34.3,11.33
4/20/2015,0,65,31.5,17,33.3,12.89
4/21/2015,0,94,33.7,7.9,38.8,11.66
4/22/2015,0,83,34.8,16.8,39.2,11.22
4/23/2015,0,85,28.6,5.3,33.4,12.4
4/24/2015,7.6,82,25.9,23.5,30.3,12.13
4/25/2015,0,66,27.6,16.4,30.9,12.5
4/26/2015,0,91,33.9,6,39.5,13.06
4/27/2015,0,68,27.9,22.2,30.4,11.13
4/28/2015,12.5,94,25.2,14.7,29.8,12.54
4/29/2015,0,83,26.4,24.7,28.9,11.54
4/30/2015,0,81,33.6,7.3,37.2,13.25
5/1/2015,2.3,61,31.1,22.7,32.4,11.63
5/2/2015,0,66,28.1,11.1,29.9,11.06
5/3/2015,0,93,27.7,18.9,33.4,12.06
5/4/2015,0,62,27.9,7.3,28.2,12.29
5/5/2015,0,89,31.7,21.6,36.8,11.56
5/6/2015,0,74,27.3,10.7,30.7,13.15
5/7/2015,0,91,26.1,14.8,30.7,11.15
5/8/2015,0,88,28,7.3,31.2,13.21
5/9/2015,0,88,33.5,12,39.2,13.14
5/10/2015,0,98,34.5,18.6,39.8,11.94
5/11/2015,0,92,32.3,14.8,36.1,12.69
5/12/2015,16.6,80,33.2,6.6,37.5,13.69
5/13/2015,0,66,25.7,15.6,27.3,11.33
5/14/2015,0,92,32.5,20,38.3,12.5
5/15/2015,0,91,32.3,11.6,37.1,12.26
5/16/2015,16.9,86,34.2,11,38.6,11.91
5/17/2015,0,84,30.4,6.8,35.2,13.42
5/18/2015,17.3,84,27.9,24.2,31,13.64
5/19/2015,0,61,27.4,16.9,30.2,11.1
5/20/2015,0,69,30.3,8.8,32.9,11.6
5/21/2015,0,81,26.4,22.5,30.8,12.99
5/22/2015,0,74,29,13,31.8,11.66
5/23/2015,0,62,34.7,6.1,36,10.75
5/24/2015,0,81,34.8,17.6,37.7,11.08
5/25/2015,2.6,82,34.8,5.9,39.6,13.31
5/26/2015,0,68,32.1,17.7,33.5,11.17
5/27/2015,0,93,34,6.7,39,12.23
5/28/2015,0,91,33.2,18.3,38.1,11.62
5/29/2015,0,84,31.5,20,34,12.31
5/30/2015,10.8,90,27.9,20.2,30.9,12.81
5/31/2015,0,98,33.4,15.8,39.5,12.25
6/1/2015,0,96,31.7,20.8,36.4,12.62
6/2/2015,15.4,95,33.8,15.7,39.4,12.76
6/3/2015,0.7,65,27.6,13.4,29,11.12
6/4/2015,0,79,30.9,19,35.4,11.83
6/5/2015,0,73,32.9,20.3,36.1,12.28
6/6/2015,0,77,33.8,9.4,36.5,10.92
6/7/2015,0,76,29.2,19.3,31.7,12.72
6/8/2015,0,61,28.4,9.6,31.1,12.45
6/9/2015,0,82,26.5,7.9,29,11.22
6/10/2015,0,61,27.4,13.1,27.8,10.52
6/11/2015,0,90,27.4,12.3,31.7,11.04
6/12/2015,0,89,34.8,17.5,37.9,13.2
6/13/2015,0,89,33.1,15.1,38.4,12.64
6/14/2015,0,77,31.5,15.9,33.7,12.7
6/15/2015,0,62,25.4,13.9,27,12.06
6/16/2015,0,70,27.4,17.4,30.4,12.09
6/17/2015,9.3,91,31.4,13.7,36.9,13.02
6/18/2015,0,84,28.2,10.8,31.8,12.6
6/19/2015,0,82,25.1,15,28.5,13.16
6/20/2015,0,81,27,6.1,30,13.01
6/21/2015,0,75,35,5.4,37.3,11.95
6/22/2015,0,77,25.8,20.9,28.1,11.21
6/23/2015,0,61,29.4,20.6,32.1,10.6
6/24/2015,13.6,72,30.6,22.6,33.7,13.67
6/25/2015,6,74,26.7,21.3,30.7,11.26
6/26/2015,0,68,27.1,10.4,30.8,11.55
6/27/2015,0,88,25.7,19.4,29.6,12
6/28/2015,0,84,26.5,5.6,30.8,11.25
6/29/2015,0,92,30.9,18.8,34.3,12.78
6/30/2015,0,89,27.8,17.7,31.9,12.6
7/1/2015,0,60,26.2,10.6,26.6,11.06
7/2/2015,0,82,25.9,5.5,30.7,12.07
7/3/2015,14.6,94,33.1,11,36.7,12.94
7/4/2015,14.2,96,26.6,8.7,32.5,13.88
7/5/2015,0,94,31.4,18.3,35,12.54
7/6/2015,0,66,30,6.6,31.4,11.65
7/7/2015,0,92,28.2,7.7,32.2,11.71
7/8/2015,0,98,32.2,24.3,38.5,13.02
7/9/2015,0,75,30.4,12.8,33.2,11.68
7/10/2015,0,72,28.8,12.5,30.2,12.71
7/11/2015,0,60,27.3,12.6,30,11.07
7/12/2015,4.9,73,32.3,9.8,35.6,11.45
7/13/2015,0,83,27.3,23.7,32.2,11.72
7/14/2015,0,66,27.7,7.2,29.3,12.46
7/15/2015,0,65,29.3,15.6,31.1,10.77
7/16/2015,0,72,25.9,23.2,28.9,11.9
7/17/2015,0,64,33,17.9,33.5,12.15
7/18/2015,8.1,82,32.4,15.4,36.1,11.45
7/19/2015,0,63,34.7,19.9,37.8,12.59
7/20/2015,0,74,34.7,14.5,37.5,10.78
7/21/2015,44.2,64,29.8,16.3,31.5,12.88
7/22/2015,0,83,25.7,11.4,28.7,12
7/23/2015,0,89,33.1,24.3,36.6,13.01
7/24/2015,0,71,26.9,14.3,29.3,11.52
7/25/2015,0,69,25.4,20.2,27.8,11.66
7/26/2015,0,80,25.8,18,28,13.02
7/27/2015,0,91,31.2,16.8,34.6,11.39
7/28/2015,16.9,91,33.3,8.2,36.5,12.22
7/29/2015,0,71,26.3,18.3,27.8,12.1
7/30/2015,16.7,87,25.1,10.8,30.4,12.18
7/31/2015,0,80,31.9,8.8,34.6,12.6
8/1/2015,0,67,32.5,23.1,34.9,12.64
8/2/2015,0,73,31.6,24.7,34.4,11.66
8/3/2015,0,96,28.4,15.6,32.3,12.12
8/4/2015,11.2,80,33.4,19.1,37.3,13.7
8/5/2015,0,74,34.6,18.8,38.6,11.8
8/6/2015,0,82,25,16.3,28.3,13.34
8/7/2015,0,68,25.7,23.2,28.2,10.77
8/8/2015,0,94,34.1,9.9,38.8,11.14
8/9/2015,0,67,29.5,20.2,30.8,12.17
8/10/2015,0,67,34.5,7.5,37.5,11.38
8/11/2015,0,83,32,8.5,36.7,12.3
8/12/2015,0,62,28.4,18.8,31.2,11.98
8/13/2015,0,76,33,9.9,35.8,11.57
8/14/2015,0,69,34.3,18.9,37.8,12.39
8/15/2015,0,95,27.4,20,33,12.17
8/16/2015,0,61,30.1,6.2,30.5,12.16
8/17/2015,0,74,30.8,16,34.2,12.99
8/18/2015,0,84,30.3,12.7,33.4,12.64
8/19/2015,0,84,34.6,12.8,37,12.01
8/20/2015,0,84,33,16.3,36,11.99
8/21/2015,0,66,30.6,19.3,34,12.37
8/22/2015,0,61,33.1,11.7,33.5,12.87
8/23/2015,0,86,25.3,21.5,30.5,11.78
8/24/2015,0,80,30.3,5.7,34.5,11.51
8/25/2015,0,97,27.6,22,33.3,12.62
8/26/2015,0,96,28.2,15.2,32.4,13.31
8/27/2015,0,70,30.4,23.2,34.2,11.11
8/28/2015,0,73,30.2,11.2,33.6,12.69
8/29/2015,0,87,32.6,23.6,37.2,11.75
8/30/2015,0,78,34.3,15.5,38.8,11.18
8/31/2015,0,62,31.9,24.1,32.6,11.5
9/1/2015,0,95,25.4,10.2,30.6,12.66
9/2/2015,0,87,34,5.7,37.5,13.33
9/3/2015,0,95,33.7,23.2,37.9,12.38
9/4/2015,0,66,28.3,19.7,29,11.86
9/5/2015,0,61,34.5,17.9,36.7,12.59
9/6/2015,1.7,79,30.6,14.8,32.8,12.29
9/7/2015,0.5,68,25.8,17.5,28,12.93
9/8/2015,0,78,27.5,15.4,30.7,11.38
9/9/2015,0,72,30,8.5,32.6,12.63
9/10/2015,0,90,32.1,17,37.6,11.6
9/11/2015,0,85,30.3,19.8,33.5,12.48
9/12/2015,0,78,31.9,20.7,34.6,12.66
9/13/2015,0,73,28.3,15.4,31.5,12.93
9/14/2015,0,95,34.5,7.1,38.6,13.23
9/15/2015,0,76,27.8,24.2,29.5,11.91
9/16/2015,0,87,33.2,24.3,38.3,11.81
9/17/2015,0,88,30.3,17.3,34.7,11.94
9/18/2015,0,70,30.8,11.8,34.4,12.24
9/19/2015,0,83,31.1,10.7,35,12.53
9/20/2015,0,78,28.8,17.2,31.6,11.73
9/21/2015,7,94,28.8,18.3,35,12.83
9/22/2015,0,64,27.8,8.1,29.6,12.22
9/23/2015,0,70,30.1,18.8,32.8,10.76
9/24/2015,8.3,77,28.4,15.1,32.2,13.33
9/25/2015,0,87,32.1,15,37.3,12.32
9/26/2015,0,85,33.2,21.5,37.7,11.71
9/27/2015,0,75,33.2,8.5,35.2,10.92
9/28/2015,0,96,33.3,6.2,39.6,11.86
9/29/2015,0,97,30.6,22.3,34.2,11.3
9/30/2015,1.9,76,30.2,5.5,34.8,13.14
10/1/2015,0,64,26.5,11.2,28.4,12.68
10/2/2015,0,60,29.6,10.1,29.7,12.05
10/3/2015,0,60,29.6,24.8,32.4,10.84
10/4/2015,0,66,32.4,11.6,35.1,11.25
10/5/2015,0,97,32.6,23.5,39,11.94
10/6/2015,0,93,25.2,5.4,30,11.54
10/7/2015,0,70,29.5,11.2,31.4,12.9
10/8/2015,0,92,26.6,8.7,32.6,13.29
10/9/2015,0,66,32.8,10.5,35.5,12.24
10/10/2015,0,62,25.4,15.5,26,12.7
10/11/2015,0,79,26.3,14.5,29.2,12.93
10/12/2015,0,72,29.1,12.4,31.9,12.76
10/13/2015,0,66,31,14,31.8,12.16
10/14/2015,0,66,27.1,13.3,30.1,12.04
10/15/2015,0,77,28.5,18.7,31.2,11.87
10/16/2015,0,77,26.8,9.9,31,10.98
10/17/2015,1.9,95,33.6,7.6,39.6,12.2
10/18/2015,0,71,30.7,7.1,32.6,11.54
10/19/2015,0,73,35,20.4,37,12.19
10/20/2015,0,81,28.9,5.8,32.7,12.61
10/21/2015,0,76,33.4,21.8,35.9,10.98
10/22/2015,0,80,27,13.6,31.3,12.3
10/23/2015,0,71,30.3,19.7,32.5,12.11
10/24/2015,0,75,31.7,11.3,34.4,11.03
10/25/2015,0,73,26.1,19.3,28.6,12.54
10/26/2015,0,81,27.9,21.5,30.7,10.78
10/27/2015,0,79,28,10.9,32,11.83
10/28/2015,0,91,31.6,20.2,36.8,11.79
10/29/2015,0,77,32.4,24.5,34.3,11.29
10/30/2015,17.3,65,29.1,12.9,31.1,13.75
10/31/2015,0,96,32.5,23.8,36.7,13.01
11/1/2015,0,77,30.9,23.9,34.8,11.16
11/2/2015,0,69,32.1,13.1,34.1,11.88
11/3/2015,15.9,62,32.1,21,33.4,12.94
11/4/2015,0,69,29,15.7,32.8,12.7
11/5/2015,0,88,26.6,20.4,31.6,11.88
11/6/2015,0,65,25.8,14.6,29.3,12.66
11/7/2015,9.3,70,27.4,20.4,29.5,11.58
11/8/2015,0,70,31,13.4,33.2,12.35
11/9/2015,0,67,32,15.4,35.5,10.78
11/10/2015,0,87,33.2,17.5,36,12.18
11/11/2015,0,89,34.3,24.1,38.7,11.93
11/12/2015,50.3,93,27.5,33.7,32.4,15.12
11/13/2015,0,74,33.6,7.5,36.8,12.16
11/14/2015,0,74,25.9,14.7,29.2,11.05
11/15/2015,0,73,33,22.3,35.6,12.03
11/16/2015,0,79,33.5,21.2,36.7,12.79
11/17/2015,0,93,34.3,22.7,39,11.25
11/18/2015,10.3,61,33.1,14.8,33.6,12.24
11/19/2015,0,79,30.6,14.8,34.5,10.83
11/20/2015,1.1,64,32.4,22.2,34.4,11.9
11/21/2015,15,86,28,7.8,32.5,13.01
11/22/2015,16.9,62,30.1,6.8,31.9,12.18
11/23/2015,0,82,32.2,6.8,35.7,12.61
11/24/2015,7.4,75,27.2,15.1,29.9,11.28
11/25/2015,0,87,29,11.6,34.5,11.67
11/26/2015,0,74,29.5,13.1,32.6,12.52
11/27/2015,0,67,34.6,12.6,36.2,11.47
11/28/2015,0,63,28.2,7.3,31.3,11.39
11/29/2015,0,67,31.9,23.3,35.1,11.99
11/30/2015,0,63,27.9,21.7,29.5,11.46
12/1/2015,0,73,33.2,12.1,36,11.21
12/2/2015,16,81,29.4,10.2,32.4,13.3
12/3/2015,0,83,34.4,7,39.6,11.43
12/4/2015,0,73,34.2,11.3,36.4,11.06
12/5/2015,0,74,27.7,10.6,29.2,11.71
12/6/2015,0,64,27.6,18.8,29.3,10.54
12/7/2015,0,91,26.2,8.2,31.3,11.54
12/8/2015,0,85,34.1,5.1,38.9,11.34
12/9/2015,0,86,27.6,18.3,33.2,12.43
12/10/2015,11.2,71,34.8,5.3,36.6,12.68
12/11/2015,0,86,26.8,22.6,32.2,11.88
12/12/2015,0,65,26.3,8.1,27,11.15
12/13/2015,0,92,29.3,5.6,32.6,13.13
12/14/2015,17.4,75,30.3,9.4,32.6,13.45
12/15/2015,0,81,29.3,7.7,33,12.93
12/16/2015,0,73,30.3,9,32.9,11.18
12/17/2015,0,71,27.2,16.1,29.9,11.02
12/18/2015,0,67,33,23.9,34,11.05
12/19/2015,0,81,26.5,22.2,30.3,12.79
12/20/2015,16.2,66,34.6,17.3,36.7,12.83
12/21/2015,0,76,29.1,12.4,32.2,10.87
12/22/2015,0,72,30.5,20.6,32.8,12.32
12/23/2015,0,65,28.9,21.6,31.1,11.2
12/24/2015,19.2,92,27,10.5,31.4,13.93
12/25/2015,0,86,30.5,12.9,34.9,11.56
12/26/2015,13.5,72,27.8,13.3,30.7,12.45
12/27/2015,0,65,29.1,21.3,29.8,11.5
12/28/2015,0,90,31.8,9.7,37.4,13.01
12/29/2015,0,93,30.6,14.3,34.2,13.35
12/30/2015,0,83,30.4,8.4,32.8,11.72
12/31/2015,0,93,32.6,11.1,38.4,11.96
1/1/2016,0,64,30.1,5.2,33.1,12.81
1/2/2016,0,83,28.5,7.4,32.5,12.96
1/3/2016,0,90,26.5,14.4,30.1,12.87
1/4/2016,0,76,26.3,10.4,29,11
1/5/2016,0,96,27.3,8.1,33.3,13.13
1/6/2016,0,84,34.2,21.3,39,11.44
1/7/2016,0,83,31.5,13.7,35.3,12.78
1/8/2016,0,70,25.5,11.8,29.1,11.28
1/9/2016,0,68,34.5,13.6,36.9,11.41
1/10/2016,0,77,27.7,18,30,11.19
1/11/2016,0,95,26.7,24.6,31.7,13.25
1/12/2016,14.4,78,31.9,23.5,35.9,11.67
1/13/2016,18.3,87,27.5,24.2,32.3,12.36
1/14/2016,1.2,64,28,6.1,30.6,11.6
1/15/2016,0,77,29.5,21.4,31.7,11.85
1/16/2016,0,60,25.7,18.4,27.9,12.01
1/17/2016,0,68,34.3,23.9,35.6,11.58
1/18/2016,118.9,77,29.4,23.1,31.8,16.21
1/19/2016,0,96,34.5,22.6,40.2,13
1/20/2016,0,93,27.6,12.2,31.5,13.42
1/21/2016,0,72,29.1,11.7,32.7,11.85
1/22/2016,0,96,29.8,8.1,36.1,13.48
1/23/2016,0,68,31.7,19.9,33.6,12.56
1/24/2016,0,85,33.2,18.1,37.4,12.65
1/25/2016,0,81,34,6,36.8,11.31
1/26/2016,0,87,25,6,28.6,12.57
1/27/2016,0,85,31,15.2,36.4,13.36
1/28/2016,0,67,28.6,8.7,32,11.06
1/29/2016,0,84,34.1,13,38.1,12.72
1/30/2016,0,87,32.2,5.7,35.3,13.06
1/31/2016,0,90,28.5,12.6,33.3,13.24
2/1/2016,2,69,33.6,16.4,34.6,11.96
2/2/2016,2,61,34.5,22.1,36.8,11.64
2/3/2016,0,72,33.3,8.8,37,11.45
2/4/2016,0,93,30,9.8,34.5,11.06
2/5/2016,0,65,26,5.4,29.4,12.86
2/6/2016,0,79,27.4,18.6,29.9,13.06
2/7/2016,16.3,86,29.1,6,33.6,12.87
2/8/2016,0,86,33.8,16.3,38.1,11.12
2/9/2016,0,73,28.8,16.7,32.3,13.14
2/10/2016,5.6,80,28.1,8.3,30.4,11.39
2/11/2016,0,76,25.8,17.2,30.2,12.98
2/12/2016,0,89,31.3,18.4,36.6,13.28
2/13/2016,0,61,33.4,18.6,33.9,10.57
2/14/2016,0,80,29.6,14.8,32.2,13.06
2/15/2016,0,64,29.5,21.5,32,12.45
2/16/2016,0,72,27.7,5.7,29,13.23
2/17/2016,0,78,33.1,24,36.2,12.45
2/18/2016,0,94,26.8,8.6,31,12.34
2/19/2016,0,83,33.9,11.5,37.8,11.67
2/20/2016,0,94,31.3,14.9,37.7,12.57
2/21/2016,0,64,33,17.6,33.9,11.45
2/22/2016,0,64,35,23.7,38.2,12.62
2/23/2016,0,77,30.5,21.3,32.3,13.1
2/24/2016,2.6,93,31.9,11.3,35.2,12.62
2/25/2016,0,89,27.6,13.5,32.9,12.16
2/26/2016,0,67,25.8,9,27.6,12.06
2/27/2016,14.2,62,34.8,6.4,36.7,13.49
2/28/2016,14.5,91,33,8.6,36.2,12.22
2/29/2016,19,60,34.7,19.4,35.9,11.76
3/1/2016,0,70,26.7,15.9,27.8,12.16
3/2/2016,4.3,93,31.4,14,35.2,12.45
3/3/2016,0,72,29,5.5,32.3,11.13
3/4/2016,0,76,27.5,23.5,31.5,11.34
3/5/2016,0,90,31.8,20.5,37.3,13.09
3/6/2016,5.5,60,32.9,7.5,33.1,11.94
3/7/2016,0,89,28.6,19.3,32.5,13.13
3/8/2016,0,63,25.6,12.6,27.6,10.75
3/9/2016,0,62,32.9,17.5,35.3,10.79
3/10/2016,0,94,30.3,24,33.8,12.75
3/11/2016,6.4,63,32.2,9.1,32.7,12.43
3/12/2016,0,66,28.3,7.5,29.5,13.06
3/13/2016,0,96,27.5,17.5,33.6,12.68
3/14/2016,0,82,33.8,19.9,38.8,12.92
3/15/2016,0,96,31.4,9.7,35.3,12.57
3/16/2016,0,81,30.1,19.3,32.5,11.22
3/17/2016,0,78,34.3,21.9,36.1,11.29
3/18/2016,0,78,33.1,10.9,35.8,11.3
3/19/2016,0,85,32.8,16.5,35.8,11.68
3/20/2016,0,87,25.7,7,30.8,11.67
3/21/2016,0,79,31.4,12,34.7,11.21
3/22/2016,0,70,32,9.1,35.2,11.3
3/23/2016,0,79,33.6,18,36.7,12.51
3/24/2016,0,97,29.7,17,33.6,11.56
3/25/2016,0,64,31.3,20.6,34.1,11.16
3/26/2016,0,88,30,11.4,35.3,13.38
3/27/2016,15.9,66,26.1,23.8,27.4,13.08
3/28/2016,0,63,32.5,24.7,32.9,12.22
3/29/2016,18.9,95,25.3,7.8,29.7,13.52
3/30/2016,2.3,69,33.5,14.1,35.1,12.1
3/31/2016,0,97,29.6,11,34.5,12.13
4/1/2016,0,88,32.8,18.8,38.2,12.75
4/2/2016,0,74,32.4,14.1,36.3,11.08
4/3/2016,1.7,67,26.5,17.8,29.9,12.76
4/4/2016,0,63,27,24,28.1,12.68
4/5/2016,10.8,76,29.6,14.5,33.8,12.89
4/6/2016,14.9,82,26,22,28.9,12.13
4/7/2016,0,92,31.5,23,36.7,11.59
4/8/2016,0,61,34.8,20,37.5,12.06
4/9/2016,0,75,34.9,18.2,38.2,11.89
4/10/2016,0,84,29.3,13.1,31.9,11.8
4/11/2016,0,80,30.2,18.7,34.1,12.23
4/12/2016,0,71,34.1,22.2,36.2,11.02
4/13/2016,0,84,34.3,24.9,39.5,11.35
4/14/2016,0,92,30.1,21.7,33.5,11.35
4/15/2016,7.7,82,26.2,13.2,28.6,12.61
4/16/2016,1.8,79,32.2,13.9,34.5,11.28
4/17/2016,0,70,31.5,15.7,34.8,11.29
4/18/2016,0,74,27.7,12.4,30.6,11.57
4/19/2016,8.3,78,31.7,10.4,35,11.65
4/20/2016,0,62,30.8,19.5,33.7,10.56
4/21/2016,0,79,31.7,8.7,34.2,12.97
4/22/2016,0,71,30.5,16.8,32.5,12.75
4/23/2016,0,66,28.5,9.5,30.2,10.95
4/24/2016,0,86,34.1,24.5,39,10.98
4/25/2016,19.2,77,32.4,22.1,35.2,12
4/26/2016,0,71,29.1,12.2,30.3,11.62
4/27/2016,9.2,89,30.1,15.5,35.8,11.89
4/28/2016,0,84,30,14,33.1,12.48
4/29/2016,13.3,81,27.1,11.3,31.9,12.19
4/30/2016,0,80,34,22,36.4,11.47
5/1/2016,12.5,94,30.3,18.2,35.3,13.86
5/2/2016,0,94,28.9,11.1,33.2,12.28
5/3/2016,0,84,27.8,24.9,31.8,12.38
5/4/2016,18.7,88,29,19.5,34.7,12.99
5/5/2016,0,81,32.3,9.3,37.4,12.81
5/6/2016,0,81,30.9,22.3,35.8,11.68
5/7/2016,0,66,32.2,20.9,35.2,10.84
5/8/2016,0,89,29.3,16.3,34.6,11.74
5/9/2016,0,89,28.3,13.2,31.5,12.45
5/10/2016,0,88,28.2,20.6,32.4,11.59
5/11/2016,0,87,31.5,6,34.9,12.01
5/12/2016,4.8,83,28.5,14.7,31.5,12.33
5/13/2016,0,64,32.7,24.7,35.1,12.6
5/14/2016,0,81,26,18.4,30.2,12.23
5/15/2016,0,68,31.1,18,34.3,12.59
5/16/2016,0,66,30.9,9.2,33.8,12.08
5/17/2016,0,66,33.8,10.1,35.1,11.59
5/18/2016,0,66,27.3,8.7,28.9,12.79
5/19/2016,0,93,30.6,15.3,36.5,13.2
5/20/2016,0,66,27,12.7,29.2,11.2
5/21/2016,16,77,26.5,6.9,29.4,12.76
5/22/2016,0,91,31.3,20.6,35.2,12.39
5/23/2016,0,90,30,15.5,36,13.35
5/24/2016,0,87,34.2,8,38.2,11.26
5/25/2016,0,95,31.3,11.1,36.7,11.2
5/26/2016,0,90,31.8,12,37.1,12.05
5/27/2016,0,94,31,9,36.5,11.66
5/28/2016,0,92,32.9,19.6,36.8,11.39
5/29/2016,0,62,31.3,9.2,32.4,11.16
5/30/2016,0,86,31.8,15.1,34.8,10.98
5/31/2016,0,75,30.5,22.9,32.3,12.54
6/1/2016,0,87,34.4,24.3,39.5,12.81
6/2/2016,0,83,26.5,8.8,28.8,11.51
6/3/2016,0,87,32.6,9.7,35.5,13.31
6/4/2016,0,79,26.2,24.2,30.8,12.91
6/5/2016,0,80,31.6,24.9,35.5,10.91
6/6/2016,0,63,34.7,5.5,35.9,11.13
6/7/2016,0,61,27,22.5,28.3,11.97
6/8/2016,0,62,32.8,11.9,33.4,11.54
6/9/2016,9.4,97,26.9,17.3,31.6,12.06
6/10/2016,0,97,32.3,10.6,38.3,11.93
6/11/2016,0,69,31.4,23,33.9,12.4
6/12/2016,6.7,79,33.6,12.8,35.9,13.11
6/13/2016,0,88,26.2,20.5,31.3,13.08
6/14/2016,0,65,33,11.2,35.9,12.39
6/15/2016,11.7,78,25.8,6.7,29.6,12.96
6/16/2016,1.5,96,27,8.1,31.3,13.26
6/17/2016,0,90,26.7,24.1,31.2,13.22
6/18/2016,1.3,93,33.6,13,39.1,12.84
6/19/2016,0,80,28,5.7,32.1,11.83
6/20/2016,0,78,28.5,22.6,33,11.93
6/21/2016,0,62,30.1,15.9,30.7,12.24
6/22/2016,0,83,33.5,18.1,38.4,13.26
6/23/2016,0,98,30.9,24.4,35.9,12.44
6/24/2016,0,81,27.3,18.3,32.2,11.91
6/25/2016,0,88,29.9,5,33.3,12.37
6/26/2016,0,88,29.1,15.4,33.5,12.19
6/27/2016,0,63,27.1,9.2,28.2,11.09
6/28/2016,0,96,29.4,10.8,34.9,12.29
6/29/2016,0,94,31.3,14.4,35.2,11.72
6/30/2016,0,69,27.6,8.3,30,12.59
7/1/2016,0,75,34.5,22.5,36.3,11.92
7/2/2016,0,74,26.3,21.7,30.5,12.29
7/3/2016,0,82,25.4,8.1,29.3,11.85
7/4/2016,0,63,32.9,9.1,34.2,11.84
7/5/2016,0,90,29,12.7,34.1,12.7
7/6/2016,7,67,25.7,13.7,28.9,11.81
7/7/2016,0,73,33.9,14,36.8,12.04
7/8/2016,11.6,71,29.7,24,31.3,11.64
7/9/2016,0,96,25.1,5.1,29.5,11.97
7/10/2016,0,77,30.7,5,35.2,13.07
7/11/2016,0,78,27.5,18,32.3,11.32
7/12/2016,0.5,63,32.2,13.5,35.1,12.62
7/13/2016,0,76,30.6,17.4,33.5,11.53
7/14/2016,0,67,32.6,8.3,35.1,12.48
7/15/2016,9.7,94,26.5,19.5,30.4,13.5
7/16/2016,0.8,88,28.3,11.1,33.2,12.5
7/17/2016,0,90,26,7.8,31.8,12.26
7/18/2016,11.5,62,35,11.6,37.9,11.46
7/19/2016,9.4,69,32.2,18,35,12.11
7/20/2016,0,92,25.4,11.2,30.5,12.09
7/21/2016,0,96,30.9,12.1,36.2,13.56
7/22/2016,0,77,34.8,20.5,38.4,12.45
7/23/2016,0,88,29.4,11.8,33.5,11.94
7/24/2016,0,68,28.5,9.3,30,12.08
7/25/2016,0,78,32.3,10,34.7,10.96
7/26/2016,0,85,27.7,17.7,30.7,12.2
7/27/2016,0,96,32.3,15.1,38.3,12.11
7/28/2016,0,83,31.5,6.5,35.8,12.8
7/29/2016,10,92,33.4,13,37.3,11.61
7/30/2016,0,91,32.6,11,36,12.71
7/31/2016,0,79,32.7,17.4,36.4,11.57
8/1/2016,0,76,28.2,23.7,29.9,12.72
8/2/2016,0,66,27.3,6.8,28.9,11.27
8/3/2016,0,96,31.3,21.7,37.4,12.5
8/4/2016,0,62,33.6,13.7,36.6,12.55
8/5/2016,0,68,28.8,11.2,31.6,12.4
8/6/2016,0,74,33.9,9.5,36.4,11.88
8/7/2016,0,72,27.9,10.4,29.3,12.68
8/8/2016,0,68,31.3,22.7,34.1,12.6
8/9/2016,0,84,31.9,13.6,34.8,11.33
8/10/2016,0,69,26.1,5.9,29.5,12.9
8/11/2016,0,62,28.9,9.8,29.5,12.68
8/12/2016,0,94,26.3,12.1,30.4,12.03
8/13/2016,83.4,75,27.5,33.2,31.2,14.57
8/14/2016,0,73,31.6,17.8,34.6,11.86
8/15/2016,0,95,33.7,9,40.2,13.05
8/16/2016,0,60,27.1,19.2,27.4,10.85
8/17/2016,0,74,30,16.9,33.4,11.05
8/18/2016,0,74,29.3,13.1,32.1,10.96
8/19/2016,19.2,79,27.6,22.6,32,14.02
8/20/2016,0,61,27.3,21.6,28.2,11.02
8/21/2016,0,86,32.7,13.8,36.6,12.91
8/22/2016,0,96,34.5,20.4,38.2,11.58
8/23/2016,9.5,87,31.6,13.9,34.6,11.47
8/24/2016,0,86,29.4,14.8,33.9,11.21
8/25/2016,100.1,87,25.2,34.9,30.5,16.79
8/26/2016,0,71,30.9,15.1,33.8,11.24
8/27/2016,18.6,82,33.6,8.9,37.8,12.78
8/28/2016,0,98,26.6,18.5,31.3,13.45
8/29/2016,73.1,94,33.3,22.8,37.8,14.23
8/30/2016,0,61,30.3,19.1,33.2,11.85
8/31/2016,0,91,33.6,16.9,37.9,12.44
9/1/2016,0,83,32.6,8.3,36.9,11.22
9/2/2016,0,63,32.5,9.3,33.3,12.43
9/3/2016,0,92,30.1,8.3,34.5,12.76
9/4/2016,44.7,61,29.5,13.8,31.1,12.66
9/5/2016,0,89,31.2,5.8,35.9,12.82
9/6/2016,0,71,33.1,12,36.2,10.66
9/7/2016,0,66,27.3,18.3,30.6,12.14
9/8/2016,0,93,26,8.2,31.9,12.22
9/9/2016,0,64,32.2,18.3,34.1,11.15
9/10/2016,0,97,34,23.7,37.8,11.43
9/11/2016,1.6,74,29.9,18.4,33.6,11.6
9/12/2016,0,73,32.1,13.8,34.9,11.84
9/13/2016,0,89,28.5,21.9,31.5,12.37
9/14/2016,18.9,64,33.2,15.3,36.2,13.08
9/15/2016,0,85,27.1,10.4,30.1,12.79
9/16/2016,0,62,30.1,18.2,32.5,11.56
9/17/2016,0,93,27.5,14.2,31,11.77
9/18/2016,15.2,66,25.2,11.2,26.8,11.98
9/19/2016,0,96,33.4,11.6,38.2,13.49
9/20/2016,0,94,29.2,17,32.8,13.12
9/21/2016,0,69,29.7,19.9,32.3,12.37
9/22/2016,0,73,26.2,18.1,29.4,11.91
9/23/2016,0,87,31.4,6,35.4,13.2
9/24/2016,0,80,28.2,11.3,32.9,11.7
9/25/2016,0,93,31.1,18,35.6,11.81
9/26/2016,0,62,34,5.5,34.4,10.81
9/27/2016,10.8,88,30.3,7.4,35.9,11.82
9/28/2016,0,78,30.2,13.1,32.4,12.39
9/29/2016,0,89,28.3,7.5,32.9,13.08
9/30/2016,0,67,27.5,9.8,29.2,12.72
10/1/2016,0,67,31.2,22.8,34.3,12.4
10/2/2016,0,74,34.9,10.1,38.5,10.79
10/3/2016,0,70,26.1,16.3,28.8,12.19
10/4/2016,0,77,28.9,13.1,31.9,12.89
10/5/2016,10.2,67,26.4,12.7,29,13.31
10/6/2016,0,88,28,16.6,33.3,10.96
10/7/2016,0,67,31,12.5,33.6,11.45
10/8/2016,0,79,32.5,11.1,36.5,13.22
10/9/2016,0,83,29.9,19.4,32.6,12.86
10/10/2016,0,82,25.6,8.9,28.3,13.13
10/11/2016,0,65,29.6,16.9,32.2,11.11
10/12/2016,0,63,29.3,16.2,32.2,12.73
10/13/2016,0,92,32,9.8,35.8,12.3
10/14/2016,0,86,25.3,18.4,28.4,11.5
10/15/2016,0,87,26.6,9.7,30.2,12.86
10/16/2016,18.4,66,27.2,16.1,27.9,12.62
10/17/2016,0,97,27.2,10.9,32.7,12.38
10/18/2016,0,76,32.8,8.5,36.2,12.75
10/19/2016,0,98,25.8,15.2,30.4,11.32
10/20/2016,6.9,60,30.2,5.6,33.2,13.15
10/21/2016,0,84,26.1,6,30.9,12.36
10/22/2016,0,85,33.3,23.3,37.1,12.88
10/23/2016,0,88,34.9,5.8,37.7,12.85
10/24/2016,0,70,30.5,6.2,31.6,12.24
10/25/2016,19.1,81,31.2,5.7,33.4,13.52
10/26/2016,0,70,34.9,24.6,36.4,11.81
10/27/2016,0,86,26.2,20.5,30.5,11.65
10/28/2016,0,97,30.4,9.8,35.1,11.82
10/29/2016,6.6,92,31.4,24.9,34.6,11.19
10/30/2016,0,85,29.3,15.5,32.7,11.94
10/31/2016,0,65,31.8,14,32.4,10.89
11/1/2016,0,85,31.2,8.8,35.8,12.74
11/2/2016,0,71,29.2,19.4,31.7,12.38
11/3/2016,0,72,30.5,23.8,32.8,12.32
11/4/2016,0,89,26.7,10.7,30.7,13.07
11/5/2016,0,83,32.8,21.3,35.8,11.33
11/6/2016,5,73,32,9.8,34.8,13.04
11/7/2016,0,87,26.2,11.1,31.9,11.48
11/8/2016,0,85,30.3,9.1,34,12.49
11/9/2016,0,91,26.2,16.3,30.4,11.68
11/10/2016,0,93,34.1,24.8,39.9,11.95
11/11/2016,0,83,31.9,17.6,34.8,12.84
11/12/2016,0,73,30.5,17.2,34.3,11.13
11/13/2016,0,65,28.9,15,30.4,11.56
11/14/2016,0,83,28.9,6.3,31.7,12.53
11/15/2016,9.6,83,28.6,21.2,31.7,11.47
11/16/2016,0,60,25.2,10.4,25.5,12.58
11/17/2016,19.3,80,25.8,24.4,28.1,12.78
11/18/2016,0,72,25.4,9.4,29,12.95
11/19/2016,0,70,34.6,23.1,38.3,12.49
11/20/2016,0,78,27.3,18.4,31.7,11.77
11/21/2016,0,75,26.9,16.1,31,11.15
11/22/2016,0,93,34.7,20.8,40.7,11.85
11/23/2016,4.6,98,29.7,8.2,33.9,12.03
11/24/2016,16.6,79,30.1,13.9,32.3,13.08
11/25/2016,0,73,34,18.7,38.1,11.21
11/26/2016,0,78,31.8,10.5,34,11.01
11/27/2016,0,64,26.7,21.8,27.6,10.66
11/28/2016,0,75,26.6,19.1,31,11.58
11/29/2016,0,90,26.7,21.9,31.5,12.87
11/30/2016,0,74,30.5,17.7,32.1,11.97
12/1/2016,0,61,26.6,12.3,27.6,11.78
12/2/2016,15.1,88,31.7,15,35.6,13.16
12/3/2016,0,75,27.5,11.7,30.8,11.19
12/4/2016,0,67,31.1,5.9,31.9,12
12/5/2016,0,84,27.4,20.1,31.1,11.27
12/6/2016,0,94,26.2,12.4,30,12.54
12/7/2016,0,86,26.4,20.8,29.3,12.93
12/8/2016,0,72,27.6,11.3,29,12.31
12/9/2016,0,85,33.5,6.2,36.8,12.56
12/10/2016,0.2,72,33.9,17.3,36.3,11.76
12/11/2016,17,97,33.9,11.2,40.2,13.93
12/12/2016,0,82,28.2,10.4,33.3,12.3
12/13/2016,0,63,30.6,20.8,33.1,10.86
12/14/2016,0,64,34,12.9,35.8,10.92
12/15/2016,0,66,25.1,17.9,28,11.04
12/16/2016,0,68,25.9,20.1,28.6,11.59
12/17/2016,0,62,27.4,6.9,28.1,11.51
12/18/2016,0,79,27,16.7,29.4,11.54
12/19/2016,0,66,30.7,17.5,32.5,11.49
12/20/2016,0,81,27.5,13.6,30.2,11.88
12/21/2016,0,93,33.7,20.7,39,12.73
12/22/2016,0,74,25.7,14,27.1,11.78
12/23/2016,0,89,25.4,19.2,29.5,12.17
12/24/2016,51.9,86,28.5,36,31.1,14.35
12/25/2016,0,75,30.6,9.9,32.6,12.84
12/26/2016,0,94,31.2,15.2,35.3,13.3
12/27/2016,0,90,28,11.9,31.6,11.21
12/28/2016,0,71,30.3,15.8,34.5,12.5
12/29/2016,0,72,25.8,19.1,29,10.73
12/30/2016,0,68,31.5,5.2,32.9,13.05
12/31/2016,0,64,31.9,18.3,34.2,11.45
1/1/2017,9.1,77,31.4,10.6,33.8,11.59
1/2/2017,4.3,96,29,23.5,33.4,12.5
1/3/2017,0,65,30.9,22.5,33.1,12.37
1/4/2017,0,91,25.1,7,30.4,11.83
1/5/2017,0,82,31.9,5.4,35.2,11.04
1/6/2017,0,90,33.6,16.7,38.2,13.08
1/7/2017,12.5,88,30.9,8.5,36.6,13.74
1/8/2017,0,83,26.7,22.9,31,12.18
1/9/2017,0,98,31.4,23.2,36.5,11.23
1/10/2017,0,81,28.4,6.3,32.8,11.67
1/11/2017,12.8,72,30.4,7.2,33.8,11.59
1/12/2017,0,66,34.9,20.8,37.9,10.8
1/13/2017,0,87,29.3,22,34.8,12.39
1/14/2017,0,77,29.5,12,31.8,11.83
1/15/2017,0,81,26.3,7.5,28.9,13.09
1/16/2017,0,80,28,21.4,30.5,12.52
1/17/2017,0,92,31.6,8.6,35.9,12.52
1/18/2017,20,92,25.1,8.2,30.1,14.42
1/19/2017,0,76,34.8,16.5,39.1,12.09
1/20/2017,0,88,28.4,22.5,33.6,11.01
1/21/2017,0,68,29.8,14,31.7,13.03
1/22/2017,0,70,27.5,19.7,28.6,10.86
1/23/2017,0,78,32.5,24,36.1,11.74
1/24/2017,0,71,26.4,12.1,28.3,11.81
1/25/2017,0,74,31.1,11.6,35.4,12.26
1/26/2017,0,67,28.2,21.8,31.9,10.78
1/27/2017,0.9,82,33.3,22.4,38.1,13
1/28/2017,0,91,28.5,21.4,33.7,12.02
1/29/2017,0,62,26,18.5,26.8,12.8
1/30/2017,0,89,34.9,24.5,40.7,12.96
1/31/2017,0,82,28.6,16.1,32.6,11.72
2/1/2017,0,62,32,13.7,34.5,12.2
2/2/2017,0,63,25.8,8,27.4,11.06
2/3/2017,0,70,34.7,13.7,37.3,10.8
2/4/2017,0,85,34.5,8.1,37.7,12.17
2/5/2017,1.2,89,32.2,8.7,36.7,13.24
2/6/2017,0,90,33.8,23.8,37.5,12.57
2/7/2017,10.4,81,28.9,13.3,31.9,12.71
2/8/2017,15.6,74,34.3,5.3,37.7,13.02
2/9/2017,14.9,92,31.9,13.3,36.9,14.13
2/10/2017,17.4,68,34.6,14.5,37.8,11.47
2/11/2017,0,68,29.1,20.5,30.5,12.76
2/12/2017,5.6,72,25.5,7.1,28.8,12.99
2/13/2017,0,95,26.8,8.5,30.4,12.79
2/14/2017,0,88,25.9,16.1,30.8,11.83
2/15/2017,0,78,31,21.7,32.8,11.3
2/16/2017,17.4,95,29.2,20.5,34,12.53
2/17/2017,0,88,32.7,6.4,36.3,11.4
2/18/2017,0,77,33.1,17.8,37.2,12.14
2/19/2017,0,67,34.4,12.8,35.3,12.17
2/20/2017,19.9,62,34.2,22.8,37.1,12.32
2/21/2017,17.5,97,33.1,7.4,38.9,13.24
2/22/2017,2.4,62,30.5,15.7,30.7,11.02
2/23/2017,0,69,32,8.2,35.6,10.75
2/24/2017,0,64,33.6,24.4,34.7,11.07
2/25/2017,0,92,34.7,24.2,40.3,12.09
2/26/2017,0,63,26.5,11.4,27.5,12.71
2/27/2017,6.1,97,25.4,8.6,31.4,13.51
2/28/2017,0,71,25.6,11,27.6,10.94
3/1/2017,0,62,34.2,12.3,35,10.61
3/2/2017,8.3,95,28.1,11.8,34.1,11.97
3/3/2017,0,63,27.8,8.2,31,10.71
3/4/2017,0,84,26.2,9.7,28.8,12.96
3/5/2017,0,97,33.6,19.4,39.6,12.05
3/6/2017,18.4,93,31.2,10,35.9,12.14
3/7/2017,2.3,79,32.6,13.3,36.6,11.58
3/8/2017,0,84,34.7,23.3,37.8,12.97
3/9/2017,0,85,29.5,12.7,35,13.14
3/10/2017,0,88,28.9,16.8,34.1,11.1
3/11/2017,0,83,30.9,12.4,36,12.95
3/12/2017,0,68,30.2,18.2,32.5,11.49
3/13/2017,7.9,90,34.4,12.3,37.8,12.8
3/14/2017,0,68,26.2,17.8,29.4,10.71
3/15/2017,0,97,30.5,10,36.7,11.99
3/16/2017,0,85,26.6,12.8,29.7,11.79
3/17/2017,0,96,26.3,17,32.7,11.41
3/18/2017,0,86,28.5,20.3,31.8,11.2
3/19/2017,0,88,32,20.3,35.8,12.81
3/20/2017,14.5,84,34.1,21.1,36.8,11.88
3/21/2017,0,84,25.4,10,30.6,12.2
3/22/2017,0,69,30.3,12.6,32.6,12.48
3/23/2017,0,84,32.2,21.9,35.6,11.9
3/24/2017,0,82,31,19.6,34.1,10.96
3/25/2017,0,86,26.8,13.9,32,12.58
3/26/2017,0,67,33.7,10.3,35.6,11.33
3/27/2017,0,86,32.7,19.6,36.8,12.18
3/28/2017,14.9,73,31.4,11.2,33.9,13.57
3/29/2017,1.3,81,26,22.8,30.4,12.26
3/30/2017,0,87,29.7,21,33.5,11.58
3/31/2017,0,73,30.1,18.2,31.6,12.83
4/1/2017,0,86,30.9,15.2,33.8,11.92
4/2/2017,1.6,71,27.3,15.8,31,12.58
4/3/2017,0,63,32.1,15.9,34.5,12.3
4/4/2017,0,73,29.4,20.8,33.4,12.59
4/5/2017,0,74,26.1,13.5,29.1,11.58
4/6/2017,7.4,92,30.8,16.4,34.9,11.99
4/7/2017,0,90,32.9,5.2,36.5,13.4
4/8/2017,0,90,31.8,19.4,35.2,12.74
4/9/2017,0,97,31.4,6,35.6,12.16
4/10/2017,0,95,28.1,16.4,32.1,13.53
4/11/2017,0,78,27.7,10.7,31.2,12.64
4/12/2017,0,95,27.9,14.2,31.6,11.41
4/13/2017,0,67,28.9,24.9,32,12.6
4/14/2017,0,74,30.8,24.3,34.6,11.78
4/15/2017,0,88,25.5,20.2,31,11.59
4/16/2017,0,68,28.7,10.3,32.2,11.73
4/17/2017,0,96,26,10.7,32.1,11.43
4/18/2017,0,85,28.7,11.2,32.8,12.26
4/19/2017,0,66,26.8,23.4,28.1,12.36
4/20/2017,0,65,30.5,23.3,32.5,11.16
4/21/2017,0,72,26.2,9.4,28.6,12.55
4/22/2017,0,66,28.1,19,31.2,11.27
4/23/2017,0,74,32.5,12.8,35.5,11.46
4/24/2017,0,81,29,18.6,34,12.83
4/25/2017,4.2,77,33.4,24.1,35.8,12.85
4/26/2017,0,71,29.9,7,32.2,12.8
4/27/2017,3,63,34,23.4,35,12.83
4/28/2017,0,84,27.9,24.4,33.2,12.45
4/29/2017,0,75,32.5,9.3,35.8,12.71
4/30/2017,0,97,32,20.1,35.9,11.79
5/1/2017,0,87,25.8,24.7,30.9,12.57
5/2/2017,0,84,34.9,17.8,38.1,10.84
5/3/2017,0,96,34.3,20.7,38.5,12.29
5/4/2017,0,94,28.6,20.7,32.5,12.68
5/5/2017,0,96,31.7,6.6,38.1,13
5/6/2017,0,70,28.6,18,30,11.14
5/7/2017,0,67,26.3,24.5,27.2,12.78
5/8/2017,18,68,33.6,10.7,35.7,12.54
5/9/2017,12.5,84,34.7,20.4,38.1,12.07
5/10/2017,6.1,70,29.2,8.3,30.9,11.09
5/11/2017,0,89,25.6,13.1,29.6,13.01
5/12/2017,0,96,28.6,5.7,34.4,13.49
5/13/2017,0,90,30.3,14.1,33.9,12.76
5/14/2017,0,71,29.4,20.2,33.3,11.58
5/15/2017,0,79,28.8,9.2,31.3,11.39
5/16/2017,14.5,76,27.7,16.1,29.8,11.45
5/17/2017,0,60,31.4,11.9,31.7,11.45
5/18/2017,0,62,29.2,23.9,31.2,11.37
5/19/2017,0,63,33.8,19.5,36.6,12.26
5/20/2017,0,89,25.5,16.4,29.1,12.95
5/21/2017,0,81,27.5,11.7,32.1,11.59
5/22/2017,0,86,34.9,5.9,39.7,12.94
5/23/2017,0,60,31.7,11.7,33.9,12.76
5/24/2017,0,95,27,15,33,11.13
5/25/2017,0,63,27.6,23.2,28.1,11.05
5/26/2017,0,83,25.8,16.4,28.2,11.8
5/27/2017,0,82,34.8,22.8,39.1,11.54
5/28/2017,0,79,31.4,9.2,35.3,11.31
5/29/2017,0,63,27.9,18.2,29.2,10.6
5/30/2017,0,80,34.9,8.5,39.7,13.04
5/31/2017,0,90,25.7,21.8,30.9,11.92
6/1/2017,0,61,33.7,24,34.1,11.71
6/2/2017,0,80,33.7,16,37.1,11.53
6/3/2017,0,63,27,11.4,28.4,11.26
6/4/2017,0,67,26.6,19.4,27.7,10.85
6/5/2017,0,78,26.1,5.4,30.6,12.8
6/6/2017,0,83,29.8,13.7,33.6,11.68
6/7/2017,0,63,27.4,23.9,28.5,10.84
6/8/2017,0,91,33.8,15.3,38.3,12.14
6/9/2017,0,87,31.2,13.7,36.9,13.07
6/10/2017,0,88,29.7,21.3,34.7,11.65
6/11/2017,0,84,32.5,24.8,37.8,12.14
6/12/2017,0,85,30.3,23.9,35.3,13.02
6/13/2017,0,86,25.7,13.2,28.5,11.61
6/14/2017,0,98,32.3,7.2,36.6,12.51
6/15/2017,0,76,33.3,5.7,36.6,12.95
6/16/2017,0,72,31.6,9.9,33.8,12.12
6/17/2017,0,72,29.8,16.3,33.1,11.99
6/18/2017,0,60,26.2,20.8,28.7,11.5
6/19/2017,0,70,32.9,8.2,34.8,10.94
6/20/2017,0,60,33.1,7.7,35.5,11.78
6/21/2017,0,61,28.8,19.6,29.7,12.19
6/22/2017,0,76,34.6,22.6,38.9,12.35
6/23/2017,0,80,30.3,15.9,33.6,12.13
6/24/2017,0,92,27.8,16.3,31.9,13.2
6/25/2017,0,93,33.7,24.6,38.2,11.64
6/26/2017,0,79,29.6,22.7,33.8,12.68
6/27/2017,0,87,31.6,11.2,35.6,11.22
6/28/2017,18.4,76,29.7,20.8,32.5,13.3
6/29/2017,0,86,25.5,21.3,28.4,12.43
6/30/2017,0,79,26.9,14.1,30.3,10.9
7/1/2017,0,66,28,15,29.8,10.68
7/2/2017,14.8,68,27.1,13.8,30.8,11.75
7/3/2017,0,80,28.4,21.7,32.4,11.12
7/4/2017,0,95,30.6,14,34.2,11.73
7/5/2017,10.2,78,26.4,8.6,30,13.82
7/6/2017,5.7,96,28.8,22.8,35.2,12.43
7/7/2017,0,67,26,9.3,29.3,11.94
7/8/2017,0,66,28.5,12,29.8,11.29
7/9/2017,0,86,31.3,20.6,35.7,12.72
7/10/2017,0,74,27.8,6.8,31.4,10.95
7/11/2017,0,74,27,13.2,31.2,13.03
7/12/2017,0,62,27.1,14.1,30.2,11.79
7/13/2017,0,94,31.4,18.1,35.2,11.52
7/14/2017,0,82,28.4,24.3,31.5,12.36
7/15/2017,0,70,29.7,14,31.7,12.89
7/16/2017,0,62,26.9,8.8,29.5,10.8
7/17/2017,0,92,33,15.1,37.2,12.9
7/18/2017,0,74,32.1,7,35.6,11.58
7/19/2017,0,74,29.9,11.5,33.8,13.21
7/20/2017,11.5,64,29.4,13.2,32.5,11.94
7/21/2017,0,75,28.3,8,30.1,12.18
7/22/2017,0,92,33.6,7.9,38,12.36
7/23/2017,0,61,34,15.5,35.5,11.94
7/24/2017,0,72,34.7,7.8,38,10.99
7/25/2017,18.1,93,25.7,23.2,29.2,11.95
7/26/2017,0,73,27.2,15.8,30.3,12.02
7/27/2017,1.9,61,34.4,10.8,37.4,11.66
7/28/2017,0,74,29.9,24.5,34.2,12.19
7/29/2017,0,65,26.6,6.4,28.4,11.31
7/30/2017,16.1,87,32.5,6.5,37.4,13.71
7/31/2017,0,83,27.7,15,31.6,12.19
8/1/2017,0,82,34.6,5.1,37.8,13.18
8/2/2017,0,79,30,12.9,33,11.07
8/3/2017,0,68,33,9.5,35.9,11.5
8/4/2017,0,60,34.5,12.9,34.6,11.85
8/5/2017,0.2,87,25.7,9.6,30.5,11.93
8/6/2017,0,97,25.3,22.3,29.1,12.63
8/7/2017,9.9,78,25.3,17.1,28.4,12
8/8/2017,0,84,26.9,13.3,30.2,12.28
8/9/2017,0,94,28.4,20.1,33,12.1
8/10/2017,0,67,31.8,18.1,35.3,11.25
8/11/2017,0,69,34.5,10.2,35.7,10.61
8/12/2017,0,88,32.5,12.6,35.8,12.17
8/13/2017,0,66,31.7,6.8,35,11.36
8/14/2017,0,87,30.1,12.7,34.1,11.64
8/15/2017,2.7,71,30.4,8.7,32.9,11.97
8/16/2017,0,76,32.9,15.8,35.3,12.99
8/17/2017,0,72,32,5.4,34.8,12.15
8/18/2017,0,93,33.7,11.2,38.7,11.63
8/19/2017,0,84,28.9,17.1,34.2,12.43
8/20/2017,0,88,33.5,8.5,37.8,11.8
8/21/2017,0,97,25.9,25,32.5,13.53
8/22/2017,0,77,27.3,11.1,30.6,12.12
8/23/2017,0,86,34,16.1,37.8,11.19
8/24/2017,0,91,25.9,6.9,30.4,11.58
8/25/2017,0,94,31.4,21.5,36.9,12.42
8/26/2017,0,63,33.8,11.5,36.6,11.55
8/27/2017,0,81,26.6,16.9,31.1,13.19
8/28/2017,19.7,70,30.8,9.4,32.6,13.47
8/29/2017,0,94,28.9,17.8,34.6,11.81
8/30/2017,0,90,30.1,9.9,33.4,11.88
8/31/2017,67.8,72,35,28.2,37.4,13.98
9/1/2017,16.2,96,33.8,9.1,38.1,11.97
9/2/2017,0,73,33.1,10.7,34.8,12.75
9/3/2017,1.3,63,34.8,15.2,36.1,12.34
9/4/2017,0,69,29.6,5.3,31.4,10.92
9/5/2017,0,84,30.7,23.3,35.6,11.24
9/6/2017,0,77,29.7,6.5,32.5,12.34
9/7/2017,0,83,27.2,12.3,30.8,12.05
9/8/2017,0,92,33.5,10.6,39.5,12.75
9/9/2017,0,84,28.4,9.4,32.2,11.5
9/10/2017,10,97,31.4,24.6,37.3,11.7
9/11/2017,0,91,27.5,12.7,30.7,12.78
9/12/2017,1.3,76,28.9,24.7,33,12.62
9/13/2017,0,91,26.1,7.4,31.7,13.35
9/14/2017,0,90,31,17.3,34.1,11.16
9/15/2017,0,80,32,7.9,34.1,12.76
9/16/2017,0,80,34.8,14.1,37.1,12.67
9/17/2017,0,91,32.4,11.5,36.9,11.68
9/18/2017,0,80,34.7,15.3,38.5,11.04
9/19/2017,15.9,97,32.1,18.4,37.5,13.43
9/20/2017,0,91,33,22.2,37.3,11.72
9/21/2017,0,84,29,24.6,32.2,10.79
9/22/2017,17.6,71,28.5,7.7,31.2,12.57
9/23/2017,0,88,30.6,19.3,33.4,11.95
9/24/2017,0,90,31.4,11.4,34.7,11.7
9/25/2017,0,80,33.7,8.4,38.7,10.99
9/26/2017,0,87,27.2,10,32.4,12.02
9/27/2017,0,71,33.4,10.5,34.9,11.58
9/28/2017,0,67,27.5,21.9,29.1,10.95
9/29/2017,0,72,27,22.2,28.8,11.66
9/30/2017,0,82,26.6,11.3,30,11.35
10/1/2017,0,95,29.7,12.3,33.9,12.12
10/2/2017,0,82,27.2,16.2,30.9,10.91
10/3/2017,0,60,28.6,18.8,29.8,12.41
10/4/2017,0,92,25.9,15.9,30.4,11.65
10/5/2017,0,95,30.7,15.5,35.8,13.26
10/6/2017,3.1,84,28.8,11.7,33.9,11.12
10/7/2017,0,95,30.8,16.2,35.3,11.2
10/8/2017,0,96,28.3,22.6,32,12.8
10/9/2017,0,72,33.3,5.4,37.3,12.46
10/10/2017,0,77,29.4,24.9,31.9,11.64
10/11/2017,0,85,33.7,13.4,36.4,12.21
10/12/2017,7.7,74,33.9,22.6,37.7,12.75
10/13/2017,0,68,27.6,22.5,28.7,12.6
10/14/2017,0,86,28.4,10.5,32.8,12.55
10/15/2017,0,85,25.3,23.1,30.4,10.95
10/16/2017,0,95,27.2,19.3,31.7,12.7
10/17/2017,0,90,30.2,23.2,33.9,11.47
10/18/2017,0,74,26.8,23,29.6,11.37
10/19/2017,17.2,91,30.8,5.6,34.4,12.67
10/20/2017,0,60,26.9,11.6,29.5,12.82
10/21/2017,0,85,29.2,12.8,32.5,12.09
10/22/2017,0,73,27.5,21.7,29.3,11.99
10/23/2017,0,83,26.9,17.8,30.2,11.86
10/24/2017,0,85,33.4,6.3,35.9,11.63
10/25/2017,0,72,35,18.6,36.6,12.82
10/26/2017,0,95,29.6,22.1,33.2,12.14
10/27/2017,0,92,33.5,10.6,38.4,11.78
10/28/2017,0,92,29.3,18.3,32.9,11.72
10/29/2017,0,95,30,15.1,35.5,11.96
10/30/2017,0,70,28.3,22.1,31.9,13.08
10/31/2017,0,67,29.1,22.4,30.7,12.66
11/1/2017,0,73,32.7,10.4,36.5,11.45
11/2/2017,0,95,31.6,22.7,36.8,13.28
11/3/2017,0,74,30.9,17.1,32.5,11.58
11/4/2017,0,95,27.6,23.7,33.3,11.05
11/5/2017,0,62,29.7,13.5,31.7,10.68
11/6/2017,0,81,27.9,12.4,31.1,11.99
11/7/2017,0.2,79,34.2,24.9,37,12.23
11/8/2017,0,84,26.6,12.5,31,11.18
11/9/2017,19.4,91,31,7.3,35.8,13.45
11/10/2017,0,60,31.3,20.8,33.7,12.18
11/11/2017,0,68,26.8,19,27.7,11.63
11/12/2017,0,82,30.1,11.6,34.7,12.76
11/13/2017,0,69,30.9,18.8,32,11.88
11/14/2017,0,85,32.6,19.4,36.3,11.05
11/15/2017,0,72,29.7,19.4,32.6,11.21
11/16/2017,3.7,73,29.1,16,31.3,10.98
11/17/2017,0,97,32,22.2,36.9,11.1
11/18/2017,0,67,33,20.8,36.3,12.06
11/19/2017,0,73,27.4,22.5,31.5,11.11
11/20/2017,0,74,32.5,16.5,35.3,13.06
11/21/2017,0,70,25.8,14,27.2,11.48
11/22/2017,0,66,33.6,10.7,36.4,11.06
11/23/2017,16.5,75,30,9.1,33.3,11.73
11/24/2017,0,91,28.8,21.5,33.4,12.85
11/25/2017,0,95,30,11.3,35.4,13.06
11/26/2017,0,67,31.1,7.5,32,11.24
11/27/2017,0,66,32.7,7,33.7,12.52
11/28/2017,9.8,63,29.5,18.6,29.8,12.69
11/29/2017,15.2,80,28,20.3,32,12.7
11/30/2017,0,91,27.7,12.1,33.1,11.6
12/1/2017,0,81,33.6,5.2,37.6,12.05
12/2/2017,0,70,27.2,7,29.9,11.87
12/3/2017,0,93,30.3,11.3,34.9,11.05
12/4/2017,0,86,25.4,24,30.3,12.42
12/5/2017,0,79,29.1,24.5,33.6,11.18
12/6/2017,0,78,30.9,6,33.8,11.61
12/7/2017,0,61,27.8,20.2,30.1,10.92
12/8/2017,0,76,32.6,24.7,35.3,10.84
12/9/2017,0,97,31,21.3,36.2,12.72
12/10/2017,0,94,28,19.4,32.8,11.46
12/11/2017,0,63,25.6,20.5,28.5,11.15
12/12/2017,0,80,26.3,22.9,30.8,11.84
12/13/2017,0,90,28,13.4,32.1,12.24
12/14/2017,88.3,68,32.3,40.1,34,15.28
12/15/2017,0,93,33.7,9,40.1,12.61
12/16/2017,0,86,26.7,6,30.8,13.43
12/17/2017,0,67,29.8,22.2,30.6,11.29
12/18/2017,0,71,31.6,12.8,35.3,12.73
12/19/2017,0,75,30.5,14.4,33.5,12.75
12/20/2017,0,75,29.6,14.3,32.5,11.45
12/21/2017,0,70,33.2,17.8,36.3,12.95
12/22/2017,0,71,29.6,14.9,31.6,12.93
12/23/2017,0,88,32.7,13.7,37.1,12.05
12/24/2017,0,77,31.8,21.6,35.8,10.79
12/25/2017,0,79,29.5,11.2,34.2,11.09
12/26/2017,0,61,26.5,12.7,29.4,12.27
12/27/2017,0,97,29.4,10,34,12.07
12/28/2017,0,67,31.8,11.7,34.9,11.28
12/29/2017,0,70,31.1,18.5,34.6,10.69
12/30/2017,0,82,27,23.5,29.3,11.69
12/31/2017,0,63,33.3,11.3,36.2,12.6
1/1/2018,0,82,30.5,22.3,32.9,12.59
1/2/2018,0,73,26.7,9.8,28.7,12.45
1/3/2018,0,75,28.7,13.6,32.4,12.77
1/4/2018,0,73,29.3,9.9,30.9,12.23
1/5/2018,0,62,27.3,10.3,29.7,12.38
1/6/2018,4.1,85,33.1,18.1,38.4,13.37
1/7/2018,0,84,29.3,19.1,32.5,12.98
1/8/2018,0,91,27.8,20,33.1,11.59
1/9/2018,0,95,26.5,8.2,32,12.52
1/10/2018,0,86,27.6,17.3,30.7,11.67
1/11/2018,0,72,27.5,20.2,29.6,11.81
1/12/2018,0,70,33.9,15.3,35.9,11.2
1/13/2018,140,69,28.1,10.2,31.2,19.06
1/14/2018,0,62,29.1,19,30.2,12.55
1/15/2018,0,95,35,23.5,39.1,13.27
1/16/2018,0,62,27.5,20.5,30.6,12.58
1/17/2018,0,81,31.9,13.6,35,12.31
1/18/2018,5.6,95,31.9,23.4,36.3,11.22
1/19/2018,0,79,27.1,12.7,31,11.31
1/20/2018,52.5,80,29.4,11,31.6,14.5
1/21/2018,0,81,28.2,9,32.1,11.23
1/22/2018,4.4,84,31.5,22.5,36.3,11.76
1/23/2018,10.6,96,27.6,18.5,31.3,11.74
1/24/2018,0,63,29.2,12.9,31.8,12.04
1/25/2018,0,69,26.3,16.7,27.9,12.38
1/26/2018,0,76,31.3,19.3,35.3,11.36
1/27/2018,0,63,32.2,17.8,34.6,11.33
1/28/2018,0,71,30.7,17.3,34,11.16
1/29/2018,0,64,25.7,14.5,29.1,12.97
1/30/2018,0,80,31,8.2,35.5,12.96
1/31/2018,0,86,30,6.2,34.3,13.34
2/1/2018,0,77,33.3,16.4,36.8,11.53
2/2/2018,15.4,71,31.4,11.6,33,11.4
2/3/2018,0,64,33.1,14,36.2,12.73
2/4/2018,0,78,33.7,24.1,38.5,11.37
2/5/2018,0,77,29.4,11.5,31.6,11.28
2/6/2018,0,62,32.5,10.3,34.8,11.59
2/7/2018,0,64,28.8,24.4,30.4,10.67
2/8/2018,0,63,25,9.5,27.8,11
2/9/2018,14.3,76,30.9,10.6,35,13.16
2/10/2018,0,66,31.4,14.8,34.3,13.05
2/11/2018,19.6,75,34.5,23.5,36.5,13.47
2/12/2018,0,77,27.6,18.1,30.2,10.99
2/13/2018,0,62,30.1,17.5,31.4,12.06
2/14/2018,0,85,29.2,18.7,33.1,13.19
2/15/2018,0,77,26.9,13.4,29.1,11.93
2/16/2018,0,79,29.4,6.2,33.6,12.75
2/17/2018,0,68,26.4,11.2,29.2,10.91
2/18/2018,16.5,63,25.1,15.3,26,11.77
2/19/2018,15.9,64,28.5,14.3,29.7,12.97
2/20/2018,0,98,29.5,11,33.7,13.04
2/21/2018,0,70,31.9,14.3,34.2,12.09
2/22/2018,0,84,31.2,21.8,36.2,12.71
2/23/2018,0,62,31.7,7.9,34.5,10.58
2/24/2018,0,92,29.7,20,33.8,13.24
2/25/2018,0,82,32.2,6.2,37.3,12.38
2/26/2018,0,85,25.1,9.3,29.4,11.98
2/27/2018,0,70,30.7,9.7,32.4,11.49
2/28/2018,0,70,34.8,18.9,37.6,12.62
3/1/2018,0,78,32,9.3,34.8,11.62
3/2/2018,0,61,34.7,22.8,35.4,12.72
3/3/2018,0,79,30.7,16.6,33.2,12.83
3/4/2018,0,96,30.9,21.3,34.9,11.41
3/5/2018,16,89,32.7,18,38.3,12.49
3/6/2018,19.3,66,29,5.1,31.9,12.68
3/7/2018,0,81,29.6,8.7,33.3,13.13
3/8/2018,0,72,33.4,18.9,35.6,12.3
3/9/2018,0,86,30.4,11.5,34.6,12.01
3/10/2018,0,91,27.3,6.7,31.8,13.38
3/11/2018,0,79,32.2,10.5,35,13.06
3/12/2018,12.2,90,28.4,24.8,32.8,13.62
3/13/2018,0,92,30.9,9.5,36,13.24
3/14/2018,0,63,34.7,10.8,37.8,12.43
3/15/2018,0,76,33.3,22.2,36.7,11.37
3/16/2018,41.3,64,30.8,5.7,33.2,13.58
3/17/2018,0,60,31.8,8.7,34.7,12.83
3/18/2018,0,69,29.6,7.9,31.7,12.05
3/19/2018,0,82,28.7,13.4,32.8,12.83
3/20/2018,0,85,25.9,23.4,29,12.73
3/21/2018,0,71,26.9,24.3,28.3,12.38
3/22/2018,0,61,34.7,6.8,36.6,12.79
3/23/2018,0,96,33.9,23.9,38.7,11.61
3/24/2018,0,64,27.3,24.6,28.4,11.59
3/25/2018,0,87,26,19.1,31.4,12.47
3/26/2018,0,68,25.4,6.6,28.1,10.81
3/27/2018,68.3,62,27.4,28.9,28.4,15.3
3/28/2018,0,79,27.5,6.6,30.3,11.55
3/29/2018,71.9,74,27.7,33.6,31.8,14.68
3/30/2018,0,76,32.4,7.5,35.9,12.18
3/31/2018,0,77,31.5,19.9,35.7,13.08
4/1/2018,0,85,31.4,13.1,35.6,12.92
4/2/2018,0,76,27.3,18.9,31.2,13.12
4/3/2018,0,87,25.5,11.3,31.1,13.26
4/4/2018,0,92,31,21.3,35,13.13
4/5/2018,0,71,25.5,23.3,27.4,11.2
4/6/2018,0,81,26.2,23.5,30.9,11.18
4/7/2018,0,73,29.3,11.8,33.6,11.32
4/8/2018,0,60,34.6,22.7,35.6,11.85
4/9/2018,0,69,28.3,20.7,29.4,12.45
4/10/2018,18,74,32,6,35.6,14.05
4/11/2018,0,71,26.7,12.3,30.6,11.51
4/12/2018,4.6,82,29,11.8,34.1,11.36
4/13/2018,0,95,32.2,13.7,36.5,12.06
4/14/2018,0,71,33.7,17.7,37,10.72
4/15/2018,19.1,87,26.7,13.8,29.8,13.21
4/16/2018,12.2,66,27.9,16.2,29.5,12.46
4/17/2018,0,63,31,22.9,33.1,11.62
4/18/2018,0,89,25.8,14,30.7,12.13
4/19/2018,0,84,27.9,16.1,31.4,11.87
4/20/2018,10,74,28.7,14.7,30.9,11.36
4/21/2018,0,67,31.6,20.3,35.3,11.45
4/22/2018,0,78,32.8,22.3,35.7,12.27
4/23/2018,0,70,31.1,13.5,33,11.65
4/24/2018,0,88,28.4,18.7,33.8,11.97
4/25/2018,0,92,31,6.9,36.1,12.24
4/26/2018,0,84,34.3,5.3,38.9,12.02
4/27/2018,0,91,32.4,22.8,37.3,11.72
4/28/2018,0,68,30.8,21.5,33,12.01
4/29/2018,0,71,31.1,22.4,32.3,11.55
4/30/2018,0,74,32.5,10.8,33.9,12.87
5/1/2018,0,93,29.2,13,32.8,12.45
5/2/2018,0,64,32.2,13,35,12.95
5/3/2018,19.2,88,30.5,17.1,33.6,12.21
5/4/2018,16.6,75,26,17.3,29.6,13.94
5/5/2018,0,94,29.9,5.9,35.1,12.41
5/6/2018,12.8,68,29.2,8.9,30.3,12.74
5/7/2018,0,97,30,14.6,35.9,13.09
5/8/2018,0,78,29.5,9.4,32.1,12.08
5/9/2018,0,91,34.6,8.4,39,13.02
5/10/2018,0,61,30.8,22,32.7,12.21
5/11/2018,0,69,32.9,14.2,35.3,11.63
5/12/2018,0,79,28.9,25,31,12.26
5/13/2018,0,92,31.3,22.5,34.7,12.11
5/14/2018,0,80,26.7,23.3,30,11.74
5/15/2018,0,80,34.1,24.2,38.1,11.05
5/16/2018,0,83,29.8,19,32.9,11.26
5/17/2018,0,91,27.6,10.9,33.4,12.81
5/18/2018,0,96,33.7,14.8,37.4,11.89
5/19/2018,0,96,31.1,7.9,37.5,12.81
5/20/2018,14.2,91,28.4,21,33.4,13.14
5/21/2018,0,71,30,11,32.3,10.75
5/22/2018,0,81,32.3,23.4,36.1,12.21
5/23/2018,0,64,33.5,14.8,34.8,11.95
5/24/2018,0,61,32.4,18.7,35.1,11.45
5/25/2018,14,60,27.7,18.9,29.4,11.61
5/26/2018,11.6,72,33.4,12.5,36,12.46
5/27/2018,17.8,96,28.6,13.7,33.1,12.8
5/28/2018,0,95,25.2,21.7,28.8,13.17
5/29/2018,0,94,33,22.2,37.8,11.09
5/30/2018,0,90,33.9,12.8,38.3,12.09
5/31/2018,0,68,32,10.6,34.8,11.88
6/1/2018,0,67,26.9,17.4,28.2,11.07
6/2/2018,0,80,31.9,5.6,34.7,12.44
6/3/2018,19.7,81,29.8,11.8,34.1,13.38
6/4/2018,0,80,32.1,9.4,36.2,11.93
6/5/2018,0,93,31.2,7.7,36.6,11.09
6/6/2018,0,95,25.6,22.9,31.5,11.61
6/7/2018,61.3,84,25.5,30.2,30.3,13.56
6/8/2018,13.8,98,29.6,11.5,33.6,13.12
6/9/2018,7.7,70,33,19.5,35.7,11.93
6/10/2018,0,86,28.7,16.5,32.7,11.72
6/11/2018,9.7,72,26.6,22.2,29.3,13.02
6/12/2018,0,66,28.6,11.4,30.7,11.43
6/13/2018,0,63,30.8,24.1,32.6,11.35
6/14/2018,16.4,92,34,23.7,39.9,13.95
6/15/2018,0,85,33.7,13.1,38.5,13.25
6/16/2018,18.6,93,32,25,36.5,11.96
6/17/2018,0,66,32.4,23.4,34.1,12.41
6/18/2018,0.3,89,29,8.5,34.3,12.69
6/19/2018,0,78,34.3,18.3,37.1,12.68
6/20/2018,0,61,33.1,24.8,33.5,11.18
6/21/2018,0,65,34.7,15.9,35.5,11.81
6/22/2018,0,77,27.7,13.5,31.2,12.59
6/23/2018,0,91,33.1,7.9,37,13.08
6/24/2018,0,71,27,22.2,30.9,11.13
6/25/2018,0,92,30.2,9.3,33.8,12.2
6/26/2018,0,87,34.4,24.1,39.9,11.74
6/27/2018,0,66,28.6,14.1,31.1,12.12
6/28/2018,0,68,25.1,6.9,27.8,11.08
6/29/2018,11.7,60,29.1,17.5,30.7,12.62
6/30/2018,0,96,31.3,10.6,36.1,12.56
7/1/2018,18.1,90,29,19.1,32.7,12.9
7/2/2018,14.3,95,28.6,21.2,34.3,12.93
7/3/2018,0,84,27.5,16.8,32.5,12.92
7/4/2018,10,67,34.2,23,36.9,12.68
7/5/2018,0,65,29.6,8.7,30.3,12.28
7/6/2018,0,75,30.4,17.3,32.5,11.32
7/7/2018,0,80,30.1,9.8,34.9,12.79
7/8/2018,0,74,28.1,5.2,30.9,12.51
7/9/2018,0,72,25.5,15.6,27.3,12.93
7/10/2018,0,83,33,14.6,37.5,12.53
7/11/2018,0,73,33,15.5,36.1,12.25
7/12/2018,0,63,26.4,12.5,27.5,11.09
7/13/2018,0,72,29.5,22.3,32.7,11.26
7/14/2018,0,85,28.6,24.3,31.4,12.9
7/15/2018,16,81,31.9,20.9,36.1,11.51
7/16/2018,0,88,34.9,6.6,38.3,11.2
7/17/2018,0,82,26,24.5,29.7,11.68
7/18/2018,0,82,26.1,18.9,31.2,10.92
7/19/2018,10.2,75,26.1,15.5,29.6,12.24
7/20/2018,0,97,28.7,24.6,32.6,13.18
7/21/2018,0,70,26.1,7,27.7,13.11
7/22/2018,0,60,29.7,8.1,31.3,12.14
7/23/2018,11.3,61,31.6,19.9,32.3,12.09
7/24/2018,0,62,33,15.5,35.5,12.24
7/25/2018,0,94,25.7,11.9,30.6,13.45
7/26/2018,0,77,27.7,19,29.6,10.76
7/27/2018,0,85,26.6,18.2,30.3,11.61
7/28/2018,0.2,87,26,10.4,29.5,13.21
7/29/2018,0,92,32.7,16.1,36.6,12.46
7/30/2018,0,74,28.4,17.4,30.8,11.96
7/31/2018,2.4,78,32.8,15.6,35.5,12.22
8/1/2018,0,61,25.3,11.3,26.4,11.5
8/2/2018,0,66,29.3,12.4,31.2,11.51
8/3/2018,0,94,25.3,9,31.3,11.91
8/4/2018,11.8,64,30.9,23.3,32.6,12.33
8/5/2018,0,73,28.1,21,31.8,12.17
8/6/2018,0,84,35,6.6,37.6,12.15
8/7/2018,0,85,32.8,6.3,36.6,11
8/8/2018,17.6,63,27.7,16.9,29.5,11.43
8/9/2018,0,83,28.9,8.6,33.2,12.01
8/10/2018,0,74,32.3,8,34.7,12.91
8/11/2018,0,77,31.2,21,32.8,12.56
8/12/2018,0,80,31.9,20.1,36.7,12.05
8/13/2018,12.7,79,30.1,24.6,32.4,12.09
8/14/2018,0,82,34.5,18.1,38,10.98
8/15/2018,0,82,30.8,10.4,35.5,11.02
8/16/2018,0,93,34.8,7.3,39.1,11.6
8/17/2018,0,93,25.4,5.8,30.7,13.58
8/18/2018,0,62,26.1,12.6,27.5,12.43
8/19/2018,0,77,30.9,19,34.2,11.94
8/20/2018,0,82,26.3,10.4,29.4,12.46
8/21/2018,0,89,34.2,19.8,39.6,13.36
8/22/2018,0,70,32,13.9,35.3,12.12
8/23/2018,0,93,25.2,6.7,29.7,12.91
8/24/2018,0,85,27.6,13,31,11.78
8/25/2018,0,79,27.4,15.3,31.6,11.36
8/26/2018,0,81,32.7,14.8,37.6,10.86
8/27/2018,0,75,25.8,21.9,29,13.13
8/28/2018,0,71,28.8,18.3,32.3,11.02
8/29/2018,0,79,34.9,17.2,39.7,11.93
8/30/2018,0,62,31.1,7.6,31.6,10.83
8/31/2018,0,76,25.3,22.9,29,13.11
9/1/2018,0,95,25.3,18.9,31.6,13.15
9/2/2018,0,92,30.5,13.9,35,12.3
9/3/2018,14.7,75,26.7,6.3,30.6,13.87
9/4/2018,1.1,71,30.1,23.8,33.9,11.7
9/5/2018,0,61,27,6.8,28.2,11.88
9/6/2018,0,83,25.3,10.3,30.6,11.92
9/7/2018,0,63,27.2,12,28,11.68
9/8/2018,0,94,27.3,14.9,32.1,12.15
9/9/2018,0,73,34.2,7.7,36.8,11.77
9/10/2018,0,60,30.9,16.2,32.5,12.8
9/11/2018,0,96,34.4,16.1,39.6,11.48
9/12/2018,6.7,74,34.6,21.3,37.4,12.28
9/13/2018,12.2,68,31.4,15.5,32.5,11.74
9/14/2018,0,62,30.5,14.8,32.7,10.82
9/15/2018,16.5,89,30.2,14.7,33.4,12.15
9/16/2018,0,75,33.7,18.8,36.8,13.03
9/17/2018,0,89,28.4,10.2,31.5,12.26
9/18/2018,0,85,31.8,18.5,35,11.19
9/19/2018,0,65,32,14,33,10.81
9/20/2018,143.6,84,34.6,15.3,39.3,19.31
9/21/2018,0,65,32.2,5.7,33.6,12.51
9/22/2018,0,85,27.6,13.9,32.1,13.08
9/23/2018,0,71,33,7.6,35.1,11.03
9/24/2018,0,70,25.4,13.1,27.4,13.18
9/25/2018,0,60,25.6,23.7,28.6,10.62
9/26/2018,0,98,30.5,14.8,35.9,12.66
9/27/2018,0,80,29.5,8,33.5,12.87
9/28/2018,6,97,34.2,11.4,38.5,13.33
9/29/2018,3.8,90,33.8,8.6,38.6,12.38
9/30/2018,0,74,28.1,12.1,30.3,11.72
10/1/2018,0,84,31.7,21.1,35.5,12.31
10/2/2018,0,87,33,6.5,37.9,11.11
10/3/2018,19.9,78,32.7,24,37.1,12.49
10/4/2018,0,77,29.3,15.8,32.6,11.67
10/5/2018,6.3,97,30.2,7.1,36.9,13.13
10/6/2018,3.2,97,31.4,13.4,36.3,12.92
10/7/2018,2.3,96,34.8,22.3,40.5,11.65
10/8/2018,0,81,31.5,24.7,35.4,11.28
10/9/2018,1.3,66,31.1,23,34.5,12.77
10/10/2018,0,66,34,17.1,35.1,10.79
10/11/2018,0,91,35,24.8,40.8,10.96
10/12/2018,0,75,31.7,14.4,34.7,12.35
10/13/2018,0,82,33,11.4,37.6,12.28
10/14/2018,0,93,28.2,18.9,32.6,13.41
10/15/2018,0,80,31,9.4,33.1,11.71
10/16/2018,18,69,27.4,11.8,29.8,13.54
10/17/2018,0,61,27.1,24.4,27.2,11.2
10/18/2018,0,88,33.1,10.2,38.5,11.17
10/19/2018,15.6,75,34.3,7.8,37.7,13.31
10/20/2018,0,62,27.1,22,28.5,11.33
10/21/2018,0,65,34.3,10.5,35,12.12
10/22/2018,0,61,26.8,19.5,29.9,10.92
10/23/2018,16.4,81,33.1,19.6,37.6,12.72
10/24/2018,0,63,29.2,15.7,31.2,12.17
10/25/2018,18.5,74,32.5,14.1,36.6,14.02
10/26/2018,0,71,35,7.5,39,12.81
10/27/2018,9.4,80,27.2,21.3,30.8,12.87
10/28/2018,4.8,81,30.5,19.7,35.5,12.28
10/29/2018,0,90,32.9,9.3,37.5,13.34
10/30/2018,0,68,33.9,9.9,37.1,12.15
10/31/2018,0,97,30.5,10.5,35.4,12.44
11/1/2018,1.8,91,32,21.8,37.2,11.47
11/2/2018,0,70,31.6,10.3,32.7,12.45
11/3/2018,0,68,25.6,19.3,27.7,10.74
11/4/2018,0,60,28,19.1,28.5,11.62
11/5/2018,0,90,30,5.8,34.4,13.03
11/6/2018,0,67,31.2,11.6,33.3,10.69
11/7/2018,0,87,29,22.6,32,12.82
11/8/2018,0,78,31.3,18.5,33.8,11.3
11/9/2018,0,82,30.1,13.2,34,13.31
11/10/2018,0,78,27.9,7.7,30.9,11.83
11/11/2018,0,85,28.4,14.1,33.3,12.81
11/12/2018,16.2,82,34,10.9,37.9,13.51
11/13/2018,0,98,28.3,14.8,32.6,13.32
11/14/2018,0,86,32.6,12.2,36.2,11.99
11/15/2018,16.6,67,34.1,22.8,35.6,11.38
11/16/2018,0,65,30.5,23.8,32.8,12.18
11/17/2018,0,88,28.1,13.7,32.4,13.42
11/18/2018,0,75,32.6,18.2,36.6,12.87
11/19/2018,0.2,62,33.2,15.3,34.3,11.2
11/20/2018,0,97,25.1,13.2,31.2,12.07
11/21/2018,0,82,28.4,23.7,31.6,13.13
11/22/2018,0,97,34.7,13.2,38.6,12.05
11/23/2018,0,95,32.4,22.8,37.9,12.37
11/24/2018,0,87,26.5,20,31.8,12.53
11/25/2018,18.4,90,31,22,34.6,12.03
11/26/2018,4.6,81,33.2,11.2,36.6,12.3
11/27/2018,12.9,81,32.8,19.6,35.2,12.01
11/28/2018,16.3,71,32.9,23.6,36.5,13.6
11/29/2018,0,97,27.1,19.3,31.4,12.07
11/30/2018,0,61,34.5,16.3,37,10.8
12/1/2018,0,70,26.9,24.4,29,12.05
12/2/2018,0,71,26.6,14.3,29.7,12.56
12/3/2018,0,72,28.6,8.5,30.7,11.99
12/4/2018,19.1,95,32.6,24.2,38.6,12.6
12/5/2018,0,85,31.7,14.5,36.3,12.56
12/6/2018,16.3,97,30.8,18.6,36.2,14.07
12/7/2018,0,92,32.7,14.4,36.4,11.78
12/8/2018,11.9,75,28.9,12.5,33.3,12.77
12/9/2018,19.3,68,30.1,12,33.4,11.72
12/10/2018,0,89,26.5,13,31,12.02
12/11/2018,0,80,32.1,18,36.5,12.61
12/12/2018,0,70,30,19.8,33.3,12.52
12/13/2018,0,91,30.3,23.7,34.3,13.2
12/14/2018,16.2,85,28.7,24.2,31.4,13.13
12/15/2018,0,91,32.8,21.7,38.5,12.87
12/16/2018,0,84,30.1,19.2,33.5,11.95
12/17/2018,17.6,72,33.7,21.4,35.5,11.4
12/18/2018,0,88,30.7,17.9,35.7,13.22
12/19/2018,8.7,90,25.8,5.4,28.9,13.87
12/20/2018,0,78,26.7,23.4,29.5,11.76
12/21/2018,0,87,29.3,10.7,34.4,12.35
12/22/2018,0,66,25.1,7.1,26.7,11.17
12/23/2018,0,73,26.8,6.7,28.4,13.05
12/24/2018,16.8,88,32.1,15.9,35.3,12.51
12/25/2018,10.6,63,34.8,7.2,38,13.16
12/26/2018,0,91,25.1,12.2,30.2,13.21
12/27/2018,0,82,25,18.6,30.2,12.45
12/28/2018,0,82,28.3,15.3,33.5,13.3
12/29/2018,0,70,34.2,22.6,38.1,12.53
12/30/2018,0,93,25,14.2,30.3,11.85
12/31/2018,0,85,25.7,5.9,28.4,11.97
1/1/2019,11.3,61,28.3,10.2,29.2,11.56
1/2/2019,0,91,30.8,15.4,37,13.43
1/3/2019,7.7,80,25.3,14.1,29.6,11.79
1/4/2019,17.3,96,25.7,9.5,32.2,12.71
1/5/2019,0,79,30.3,10,35.2,11.79
1/6/2019,0,84,27.2,6.5,31.2,12.9
1/7/2019,13,77,34.7,13.6,39.3,11.49
1/8/2019,0,94,28.5,24.6,33.5,11.74
1/9/2019,0,84,25.6,23.5,28.6,12.77
1/10/2019,0,92,26,22,29.3,12.12
1/11/2019,13.2,81,33.8,12.9,38.8,13.05
1/12/2019,0,62,25.3,7.8,25.8,11.4
1/13/2019,38.8,66,33,15.9,36.1,14.06
1/14/2019,0,85,33.8,15.3,37.6,12.36
1/15/2019,0,64,25.7,17.5,26.6,10.68
1/16/2019,0,73,25.1,9.1,27.9,12.4
1/17/2019,0,61,32.8,23,35.5,11.26
1/18/2019,0,64,27.6,7.7,28.8,12.8
1/19/2019,0,84,34.6,9.3,38.8,13.29
1/20/2019,2.6,91,26.3,13.3,30.2,12.57
1/21/2019,0,86,27.8,5.9,30.7,13.11
1/22/2019,8.9,91,26,23,29.2,13.16
1/23/2019,0,71,26.2,9,27.5,12.69
1/24/2019,13.1,68,33.7,23.5,36.3,11.26
1/25/2019,0,78,32.1,14.6,35.5,12.36
1/26/2019,0,86,27.5,11,30.5,12.73
1/27/2019,10.2,75,31.2,19.4,32.9,12.61
1/28/2019,0,98,29.6,17.4,33.9,11.54
1/29/2019,0,71,29.3,18.4,32.5,11.91
1/30/2019,0,84,34.8,17.3,39.8,12.03
1/31/2019,0,87,28.5,14.8,33.8,12.26
2/1/2019,0,92,28.2,24.9,34.1,11.81
2/2/2019,0,61,28.1,6.2,28.2,12.25
2/3/2019,0,80,28.3,9,31.5,12.99
2/4/2019,0,92,34.9,10.3,40.6,13.07
2/5/2019,0,77,32.3,10.7,36.5,11.7
2/6/2019,0,95,34.7,24.1,40.6,11.65
2/7/2019,10.5,78,26.4,15,30.5,12.45
2/8/2019,16.8,60,27.7,15.7,29.1,12.41
2/9/2019,0,61,33,23.4,34,11.3
2/10/2019,3.7,61,29.2,8.2,30,11.48
2/11/2019,0,71,34.1,22.6,37.4,10.97
2/12/2019,16.1,82,32.7,6.6,35.8,13.94
2/13/2019,0,83,29.7,13.1,32.4,11
2/14/2019,0,64,34.7,7.8,37.9,11.63
2/15/2019,0,83,31.7,9.9,34.3,12.03
2/16/2019,0,81,32,10.3,34.1,12.72
2/17/2019,0,74,34.2,17.7,36.6,11.3
2/18/2019,18.9,75,30.2,22.9,33.8,12.77
2/19/2019,0,64,35,11.1,36.8,11.31
2/20/2019,0,61,34.2,16.4,34.3,11.43
2/21/2019,0,66,34.9,12.7,36.5,11.86
2/22/2019,0,97,25.6,5.6,31.4,12.13
2/23/2019,0,86,28.8,23.3,33,11.73
2/24/2019,4.6,90,34.5,15.4,39.2,12.05
2/25/2019,0,85,27.2,19.1,32.2,13.13
2/26/2019,0,91,31.3,18.4,37.2,11.65
2/27/2019,0,84,28.8,17.3,31.4,12.14
2/28/2019,0.3,60,33.8,5.3,34,11.47
3/1/2019,11.9,93,29.6,24.6,33.9,11.54
3/2/2019,0,76,33.5,10.7,36,12.26
3/3/2019,0,60,34.2,8.9,36.1,12.39
3/4/2019,0,61,30.7,20.5,33.2,11.18
3/5/2019,2.2,86,28,22.2,33.6,13.09
3/6/2019,7.8,86,25.7,19.9,29.1,12.47
3/7/2019,0,88,29.1,16.8,32.4,11.03
3/8/2019,5.1,76,26.2,8.2,30.2,12.84
3/9/2019,0,76,26.1,20.7,28,12.87
3/10/2019,0,79,26.6,15.1,31,10.85
3/11/2019,0,86,31,14.6,35,12.29
3/12/2019,0,70,25.7,21.8,28.4,12.06
3/13/2019,0,85,27.1,13.5,31.2,11.94
3/14/2019,11.5,74,33.3,14.6,36.5,11.48
3/15/2019,3.7,82,32.5,13.8,35.6,12.94
3/16/2019,9.1,84,26.2,18.3,29.2,11.39
3/17/2019,0,92,30.4,17.7,35.1,12.16
3/18/2019,0,79,29.3,18.9,34,11.89
3/19/2019,0,76,30.3,6.4,34.1,11.49
3/20/2019,0,85,33,14.4,36.7,13.12
3/21/2019,0,68,32,22.6,35.2,10.63
3/22/2019,0,86,31.5,6.4,34.8,11.03
3/23/2019,0,98,27.6,7.4,33.4,11.22
3/24/2019,12.6,75,30.6,12.8,34.5,13.12
3/25/2019,0,77,34.1,8.5,38.4,12.42
3/26/2019,7.6,87,32.1,13.4,37.1,13.68
3/27/2019,0,94,25.8,24.2,31.8,13.38
3/28/2019,0,67,26,5,27.2,11.36
3/29/2019,0,77,26,8.7,28,12.98
3/30/2019,0,95,28.9,10,34.8,11.27
3/31/2019,18.4,91,31.5,11.4,37.1,12.64
4/1/2019,0,93,28.8,5.1,32.1,11.97
4/2/2019,15.2,73,26.7,15.3,30.4,12.02
4/3/2019,0,70,26.8,5.2,29.4,13.24
4/4/2019,0,97,32.5,18.2,36.6,13.22
4/5/2019,4.8,87,26.5,18.5,30,12.91
4/6/2019,17.9,73,31.2,11.9,34.9,12.14
4/7/2019,0,74,31.6,23.1,34.7,12.49
4/8/2019,0,72,30.9,11,32.4,10.86
4/9/2019,0,83,26.7,9.3,29,11.44
4/10/2019,0,93,33.8,20.2,38.3,12.77
4/11/2019,0,63,27.4,10.1,28.6,10.65
4/12/2019,9,67,30.4,10,32.8,12.63
4/13/2019,0,72,33.9,8.6,35.5,12.3
4/14/2019,16.9,93,29.7,24.3,35,13.95
4/15/2019,10.7,78,26.8,8.9,30.4,13.27
4/16/2019,0,93,26.9,12.8,30.4,11.7
4/17/2019,0,91,28.8,24.8,32.8,12.33
4/18/2019,0,74,26.2,15.2,29.7,11.85
4/19/2019,0,61,25.6,7.2,28.3,11.26
4/20/2019,0,64,32.8,22.4,34.3,10.59
4/21/2019,0,62,28.5,14.4,30.5,11.44
4/22/2019,1.5,90,28,8.9,33.3,11.41
4/23/2019,5.7,87,34.3,11.7,39,12.18
4/24/2019,0,75,27.6,14.5,31.4,11.57
4/25/2019,14.8,69,28.6,13.9,30.7,13.33
4/26/2019,0,69,29.5,15.1,31,11.06
4/27/2019,0,91,33.5,20.1,38.2,13.34
4/28/2019,0,67,29.3,21.9,32.3,12.74
4/29/2019,0,77,26.2,5.8,29.8,10.88
4/30/2019,19.9,94,34.4,13.9,40.1,12.32
5/1/2019,0,98,32.7,17.5,37.8,12.57
5/2/2019,0,86,31.3,18.5,35.2,12.4
5/3/2019,0,92,27,23.5,32.6,11.13
5/4/2019,0,79,34.4,24.6,38.2,12.86
5/5/2019,17.2,67,34,19,34.9,13.05
5/6/2019,0,63,33.9,12.6,36.3,12.21
5/7/2019,0,81,30.4,10.7,34.4,12.43
5/8/2019,17.6,69,28.1,23.5,30,12.57
5/9/2019,0,80,33,22.6,36.7,11.1
5/10/2019,0,62,27.2,8.1,27.5,10.92
5/11/2019,0,67,33.2,9.8,35,12.67
5/12/2019,0,81,34.2,8.7,37,12.65
5/13/2019,0,80,32,14.5,36.7,12.36
5/14/2019,0,68,34.5,8.9,38.2,12.41
5/15/2019,0,79,29.6,7,31.5,11.55
5/16/2019,6.3,66,32.9,5.6,33.6,11.15
5/17/2019,0.2,82,25.4,6.8,27.6,11.91
5/18/2019,0,64,31.5,20.4,32.6,11.36
5/19/2019,0,94,29.9,5.2,33.7,11.37
5/20/2019,3,85,27.2,21.9,30.5,12.49
5/21/2019,0,92,32.5,19.2,36.6,12.13
5/22/2019,0,77,29.7,5.6,31.9,11.31
5/23/2019,15.3,88,34.9,21.5,39.7,13.31
5/24/2019,0,73,30.3,10.1,32.3,11.17
5/25/2019,0,65,31.1,22.2,34,10.57
5/26/2019,0,97,30.8,21.7,35.1,12.48
5/27/2019,0,66,34,21.1,37.4,12.12
5/28/2019,14.7,65,30.3,16.6,32.6,13.06
5/29/2019,0,76,31.7,14,34.8,11.64
5/30/2019,18.7,88,25.8,23.8,29,12.89
5/31/2019,3,78,29.2,6.6,32.8,13.15
6/1/2019,0,60,30.8,16.9,33.5,12.32
6/2/2019,0,66,25.7,16.8,27.6,12.85
6/3/2019,0,69,28.1,10,31,11.14
6/4/2019,0,74,28,21.3,31.4,11.65
6/5/2019,0,62,30.6,8.6,32.3,11.32
6/6/2019,0,86,27.4,14.1,32.7,11.3
6/7/2019,0,93,25,18.4,30.6,13.37
6/8/2019,0,64,30.5,20,32.4,12.05
6/9/2019,11.3,75,32.5,24.4,35.3,12.53
6/10/2019,0,83,25.2,8.8,29.7,11.64
6/11/2019,0,83,27.8,15.5,31.2,12.4
6/12/2019,0,78,30.1,9.3,33.4,12.85
6/13/2019,0,69,26.2,13.2,29.5,11.22
6/14/2019,0,82,34.6,21.1,37,11.16
6/15/2019,0,93,30.3,5.4,34,12.4
6/16/2019,12.4,87,32.3,7.9,37.2,12.76
6/17/2019,15.2,97,32.4,11.5,36.7,12.61
6/18/2019,0,97,28.6,21.6,33.7,11.05
6/19/2019,19.6,81,29.1,5.4,31.9,12.51
6/20/2019,0,87,25.7,22.1,30,12.42
6/21/2019,0,93,31.3,10.4,37.3,12.62
6/22/2019,93.3,87,30.9,37.8,34.7,17.22
6/23/2019,0,95,34.7,23,39.5,12.51
6/24/2019,0,69,34.5,5.8,37.8,11.23
6/25/2019,3.9,66,30.3,22.3,31.4,11.55
6/26/2019,0,60,33.1,22.8,34.1,12.67
6/27/2019,0,77,25.6,17.4,27.2,12.95
6/28/2019,0,77,29.8,6.9,32,10.9
6/29/2019,0.1,87,25.4,22,28.5,11.12
6/30/2019,0,61,32.1,6.1,35,12.52
7/1/2019,0,92,35,8.9,40.6,13.43
7/2/2019,0.8,73,33.8,23.7,35.8,12.24
7/3/2019,0,75,31.9,17.2,36.2,11.12
7/4/2019,0,74,29.9,19.1,31.9,11.69
7/5/2019,0,73,32.7,15.8,36,12.71
7/6/2019,0,69,35,15,36.2,10.67
7/7/2019,0,74,33.1,5.9,36.7,12.36
7/8/2019,0,97,27.6,10.9,31.8,11.93
7/9/2019,0,87,33.2,7.1,36.7,12.5
7/10/2019,0,98,34.2,14.8,38.8,11.64
7/11/2019,0,95,34.2,12.2,40.1,13.01
7/12/2019,1.7,69,29.5,23.2,31.3,12.3
7/13/2019,19.6,98,28.7,7.2,33.8,12.91
7/14/2019,0,76,34.2,5.6,37.7,12.48
7/15/2019,0,83,34.8,12.5,38.4,12.82
7/16/2019,0,87,29.3,5.7,32,13.35
7/17/2019,0,95,26.6,22,31.6,12.95
7/18/2019,0,64,26.9,15.8,30.1,12.68
7/19/2019,0,77,34.7,22.3,36.6,12.02
7/20/2019,9.7,61,29.3,6.5,31.1,11.13
7/21/2019,0,73,31.7,11.5,34.2,11.65
7/22/2019,0,61,32,7.8,33.8,12.85
7/23/2019,0,76,31.3,15.8,33.4,11.06
7/24/2019,0,80,34.7,8.7,39.6,13.04
7/25/2019,0,86,25.1,5.9,28.6,12.82
7/26/2019,0,63,31.1,12,33.5,13.02
7/27/2019,0,79,29.9,19.8,33,11.15
7/28/2019,0,81,34.1,17,36.4,12.85
7/29/2019,0,83,34.1,22.1,37.4,12.62
7/30/2019,0,68,26.7,18.6,29.8,11.58
7/31/2019,0,91,34.8,18.3,39.5,11.57
8/1/2019,0,95,31.8,24,36.5,13.19
8/2/2019,0,94,31.7,23.2,35.8,10.99
8/3/2019,0,72,32.4,7.5,34.5,12.03
8/4/2019,0,66,26.2,6.1,27.2,11.91
8/5/2019,0.1,90,26.3,10.3,31.6,11.97
8/6/2019,16.6,84,30.1,24.2,33.2,12.4
8/7/2019,14.9,68,28.5,17.7,31.4,11.91
8/8/2019,0,69,26.4,24.3,27.6,11.29
8/9/2019,0,94,28.2,18,33.7,13.05
8/10/2019,0,92,34.4,7.1,40.5,11.99
8/11/2019,0,88,30.4,14.3,33.9,12.75
8/12/2019,0,62,29.4,5.1,30.4,12.19
8/13/2019,0,71,32.2,18.5,34.5,11.47
8/14/2019,0,91,33.7,5.5,39.7,11.82
8/15/2019,0,79,34.3,5.1,38.8,11.43
8/16/2019,0,76,32.8,7.3,36.3,11.05
8/17/2019,0,79,25.5,12.7,30,12.68
8/18/2019,10,96,25.4,14.1,30.2,13.72
8/19/2019,0,97,31.2,22.7,36.1,11.84
8/20/2019,1.5,92,27.8,23.6,32.9,13.48
8/21/2019,1.7,89,33.9,21.2,37.8,12.82
8/22/2019,0,84,34.6,5.4,38.3,12.82
8/23/2019,0,67,32.6,17.9,33.7,12.18
8/24/2019,0,69,30.1,18,31.5,11.34
8/25/2019,0,68,32.5,9.3,33.8,11.72
8/26/2019,0,89,26.1,9.8,32,12.43
8/27/2019,0,62,31.5,6.7,34.3,11.17
8/28/2019,0,76,25.9,6.9,29,10.98
8/29/2019,0,78,26.7,17.4,28.5,11.41
8/30/2019,0,79,32.3,24.7,36.1,12.39
8/31/2019,13.2,86,29.4,14.1,34.8,13.64
9/1/2019,0,84,32.2,20.1,35.6,11.02
9/2/2019,11.9,70,27.3,13.2,29.8,13.6
9/3/2019,0,87,28.1,8.2,33.2,12.99
9/4/2019,0,98,32.4,14,37.2,12.79
9/5/2019,0,83,28.1,21.4,32.1,12.41
9/6/2019,7.6,65,27.7,20.6,28.8,11.11
9/7/2019,0,94,27.3,7.7,31.8,13.15
9/8/2019,0,92,26.3,19.6,31.8,11.84
9/9/2019,0,87,25.7,17,30.1,11.91
9/10/2019,16.2,79,25.6,20.7,27.8,12
9/11/2019,0,81,26.6,21.3,31.2,11.67
9/12/2019,0,94,33.7,10.7,37.5,11.24
9/13/2019,0,75,32.1,21.1,36.3,12.88
9/14/2019,0,80,28.8,24.9,30.7,10.83
9/15/2019,0,76,29.7,12.9,31.6,10.95
9/16/2019,0,85,26.8,6.6,31.7,11.98
9/17/2019,0,69,29.4,16.3,32.4,10.96
9/18/2019,0,85,31.1,23.3,34.1,12.91
9/19/2019,0,87,31.2,8.5,34.3,12.35
9/20/2019,8.4,78,33.3,9.5,37.7,11.32
9/21/2019,0,61,29.7,13.5,31.3,11.95
9/22/2019,0,71,31.6,9,32.9,13.13
9/23/2019,0,96,33.3,20.7,37.4,12.13
9/24/2019,0,89,35,6.8,39.2,11.27
9/25/2019,0,60,29.9,21.7,30.2,12.32
9/26/2019,0,61,30.3,11,31.7,11.67
9/27/2019,0,66,32.6,11.1,35,10.85
9/28/2019,0,62,33.6,20.1,35.3,11.51
9/29/2019,0,71,30.3,23.9,31.5,11.05
9/30/2019,0,65,31.8,13.5,35.1,12.57
10/1/2019,0,73,29.8,19.8,31.2,12.33
10/2/2019,0,95,32.6,15,38.7,11.51
10/3/2019,0,64,31.8,10.2,34.5,10.8
10/4/2019,0,74,27.2,16.3,30,12.89
10/5/2019,0,81,25.4,23.1,28.6,12.99
10/6/2019,0,75,34.7,8.7,36.7,13.21
10/7/2019,0,84,25.2,15.2,28.5,11.6
10/8/2019,0,71,31.7,9.1,33.7,12.51
10/9/2019,0,92,27.2,5,30.8,13.55
10/10/2019,0,82,29.9,9.5,32.8,12.94
10/11/2019,0,79,27.2,22.4,31.3,12.64
10/12/2019,14.6,64,26.1,24.1,28.1,13.15
10/13/2019,0,90,27.3,21.8,31.9,11.01
10/14/2019,0,92,29.5,7.9,34.1,12.89
10/15/2019,0,80,30.5,12.1,33.5,11.36
10/16/2019,18.4,82,28.2,7.9,32,11.73
10/17/2019,0,74,27.5,15.1,29.9,11.8
10/18/2019,3,76,33.5,10,36.9,12.7
10/19/2019,1.5,73,29.3,12.9,32.6,11.81
10/20/2019,0,77,32.6,16.9,34.7,11.53
10/21/2019,0,94,34.4,6.2,40.4,12.29
10/22/2019,4.1,70,31.5,17.8,33.8,12.08
10/23/2019,16.7,91,30.4,19.6,34.1,12.95
10/24/2019,0,71,25.9,7.9,27.9,12.69
10/25/2019,12.9,63,30.6,9.3,31.3,12.44
10/26/2019,0,72,32.8,5.6,35.3,11.31
10/27/2019,13.1,87,27.7,20.1,33.3,11.6
10/28/2019,0,66,25.3,19.2,26.7,11.2
10/29/2019,0,89,28.1,9.1,31.5,12.4
10/30/2019,0,78,34.1,17.6,38.6,10.98
10/31/2019,5.6,85,32,10.7,35.8,11.93
11/1/2019,0,72,33.6,23.4,35.3,11.63
11/2/2019,12.2,74,25.5,19.4,29.7,13.22
11/3/2019,0,70,33.3,24.5,34.4,11.47
11/4/2019,0,81,29,22.1,32.9,11.58
11/5/2019,5.1,79,31.6,18.6,36.2,13.02
11/6/2019,0,81,29.3,10.2,31.8,11.87
11/7/2019,0,81,26.1,19.4,30.4,11.57
11/8/2019,0,82,25.1,6.4,28.8,12.23
11/9/2019,0,85,26.7,17,31.3,12.75
11/10/2019,0,95,31.1,11.1,37.2,13.03
11/11/2019,0,89,28.6,7.7,32.3,13.36
11/12/2019,0,86,30.8,8.2,35,13.23
11/13/2019,0,60,28.1,8.5,29.7,11.71
11/14/2019,0,69,26.3,20.3,29,11.89
11/15/2019,8.2,71,28.9,14.5,31.4,11.96
11/16/2019,0,89,33.1,22.7,38.8,12.45
11/17/2019,0,92,27.7,6.5,33,13.24
11/18/2019,0,93,32.6,9.5,37.2,11.24
11/19/2019,0,78,30.1,17.9,33.3,12.45
11/20/2019,0,94,33.2,9.7,38.7,13.05
11/21/2019,0,89,33.4,10.6,37.9,12.24
11/22/2019,0,72,26.9,19.5,29.1,10.98
11/23/2019,0,95,25.8,24.4,31.3,11.31
11/24/2019,0,92,34.2,5.6,38.9,12.45
11/25/2019,0,74,27.4,22.5,30.6,11.87
11/26/2019,0,64,29.9,16.6,31.8,10.97
11/27/2019,12.2,89,28,22.7,31.7,11.78
11/28/2019,11.6,97,31.7,21.5,38.2,13.02
11/29/2019,0,94,27,6.8,31.7,12.79
11/30/2019,0,91,28,22.1,33.3,11.5
12/1/2019,0,80,27.1,13.8,29.7,12.3
12/2/2019,0,90,26.9,11.7,31.1,11.34
12/3/2019,0,96,26.9,21.7,33.2,12.71
12/4/2019,0,93,26,21.1,29.6,12.02
12/5/2019,0,93,33.7,7,39.3,11.78
12/6/2019,11.5,95,30.3,20.5,34.8,12.42
12/7/2019,0,81,34.2,6.2,37.3,11.56
12/8/2019,1.3,73,26.8,15.2,30.2,10.85
12/9/2019,0,92,34.4,7.5,38.6,13.35
12/10/2019,0,70,29,23.4,30.3,12.1
12/11/2019,0,96,26.2,24.3,30.3,11.5
12/12/2019,0,62,33.4,21.7,35.1,12.81
12/13/2019,0,75,27,8.7,30.2,11.4
12/14/2019,0,74,27.7,10.5,29.8,12.83
12/15/2019,0,94,26,5.4,31.8,12.73
12/16/2019,0,88,31.3,8.6,36.9,11.86
12/17/2019,0,60,25.8,22.1,27.9,10.88
12/18/2019,0,75,25.5,13.5,27.2,11.65
12/19/2019,0,92,28.3,7.3,33.1,11.95
12/20/2019,0,78,28.3,9.6,30.7,13.14
12/21/2019,0,73,28.3,18.2,31.6,12.1
12/22/2019,14.4,79,33.9,24.5,37.5,13.27
12/23/2019,0,61,30.9,21.5,33.6,12.13
12/24/2019,0,75,31.4,22.6,33.8,12.99
12/25/2019,0,73,25,12.4,28.1,13.21
12/26/2019,0,97,34,23.3,37.9,12.72
12/27/2019,89.2,95,30.5,30.5,36.9,17.16
12/28/2019,0,84,30.1,19.1,34,11.6
12/29/2019,0,92,30.5,18.2,35.3,11.72
12/30/2019,0,72,28.5,16,32.5,13.01
12/31/2019,0,62,34.6,22,34.9,11.16
1/1/2020,0,75,27,17.1,28.7,13.09
1/2/2020,0,93,30.1,23.7,36.2,12.16
1/3/2020,0,66,26.6,12.1,27.8,12.29
1/4/2020,0,73,34,18.1,37.2,11.99
1/5/2020,8.7,93,25.3,23.8,29.5,13.43
1/6/2020,0,92,30.1,16.8,35.3,11.01
1/7/2020,0,69,26.7,11,27.6,11.7
1/8/2020,13.4,74,33.3,21.8,35.1,12.81
1/9/2020,0,61,32.1,18,35,12.24
1/10/2020,7.2,76,31.5,5.6,34.8,13.11
1/11/2020,0,70,31.1,14.8,34.4,11.15
1/12/2020,0,66,30.2,19.9,33.5,10.89
1/13/2020,11.2,91,26.2,22.6,30.4,13.52
1/14/2020,0,91,26.1,10.3,31.5,11.21
1/15/2020,0,69,29.1,22.8,32.4,11.52
1/16/2020,0,93,28.9,20.4,33.2,11.35
1/17/2020,0,93,31.1,21.3,36.7,12.03
1/18/2020,0,90,28.1,17.8,31.5,12.6
1/19/2020,0,83,25.9,10.3,28.7,11.48
1/20/2020,0,89,25.5,18.7,29.4,12.6
1/21/2020,0,86,26.4,22.4,29,11.7
1/22/2020,4.4,83,27.9,10.5,31.1,12.2
1/23/2020,0,86,26.8,13.7,30.5,11.84
1/24/2020,0,96,34.3,16.4,40.3,11.35
1/25/2020,20.6,79,34.3,14.3,38.5,12.65
1/26/2020,0,64,25.4,9.1,26.3,12.26
1/27/2020,0,74,34.5,16.1,38,12.41
1/28/2020,0,86,31.8,14.3,36,11.25
1/29/2020,13.1,62,34.3,10.6,36.8,12.89
1/30/2020,0,61,33.7,20.9,34.9,12.19
1/31/2020,0,70,34.7,22,37.6,11.35
2/1/2020,0,61,28.2,8.1,29,12.42
2/2/2020,0,61,25.6,10.7,26.4,11.8
2/3/2020,0,66,33.6,23.5,36.9,10.59
2/4/2020,0,93,34.7,9,38.2,12.08
2/5/2020,0,76,34.1,20.9,35.9,12.61
2/6/2020,0,62,33.8,20.2,35.1,10.63
2/7/2020,0,78,32.8,6.1,34.8,12.92
2/8/2020,0,88,26.6,7.5,31.5,13.52
2/9/2020,0,81,26.5,18.9,31.1,12.66
2/10/2020,0,93,34.1,10.5,38.2,11.52
2/11/2020,11.6,92,28,19.4,31.4,12.42
2/12/2020,0,85,25.7,12.6,31,11.4
2/13/2020,14.3,64,25.8,21.5,26.9,12.04
2/14/2020,0,80,28.9,6.8,32.2,11.74
2/15/2020,0,61,27,22.8,27.8,12.09
2/16/2020,0,96,29.7,16.1,35.3,13.42
2/17/2020,0,77,34.6,8.4,37.2,10.85
2/18/2020,0,65,34.7,20.9,38.1,12.83
2/19/2020,4.9,71,25.5,19.5,27.8,13.25
2/20/2020,0,83,29.4,11.4,34.4,11.32
2/21/2020,0,81,34.7,25,38.2,11.49
2/22/2020,0,64,33,9.9,36.3,11.62
2/23/2020,0,93,32.7,6.9,38.7,11.78
2/24/2020,0,88,32.7,12.6,37.2,12.9
2/25/2020,7.5,66,29.3,5.8,32.3,11.17
2/26/2020,0,88,34.3,14.6,39.6,12
2/27/2020,0,84,27.3,10.2,32.5,11.86
2/28/2020,2.5,70,27.1,14.3,29.6,11.32
2/29/2020,0,94,32.2,7.9,37.9,11.1
3/1/2020,18.2,85,30.5,7.1,35.8,12.66
3/2/2020,0,80,31.7,7.2,36.6,10.88
3/3/2020,0,97,31.5,7.6,36.1,11.25
3/4/2020,0,69,33.8,19,37.3,10.71
3/5/2020,19.6,76,32.9,19.7,36.8,13.5
3/6/2020,0,65,27,7.3,29.6,10.71
3/7/2020,0,70,32.7,22.3,36.6,12.34
3/8/2020,0,77,33.3,11.9,37.5,12.27
3/9/2020,0,64,28.5,6.6,30.8,11
3/10/2020,0,90,33.1,9.7,38.1,13.44
3/11/2020,0,96,27.3,19,33.7,12.48
3/12/2020,0,82,30.1,7.2,33.2,11.59
3/13/2020,0,81,29.8,16.6,32.6,12.6
3/14/2020,0,66,26,20.5,29,12.63
3/15/2020,0,70,32.6,5.9,35.1,11.32
3/16/2020,0,84,25.6,21,30.3,11.68
3/17/2020,0,74,31.2,18.9,32.7,10.81
3/18/2020,0,83,33.4,9.2,38.5,11.58
3/19/2020,0,67,26.1,21.8,29.7,12.05
3/20/2020,0,74,25.7,14.9,29,12.76
3/21/2020,0,62,33.1,7.8,35.5,10.62
3/22/2020,0,75,26.3,24.3,30.6,10.82
3/23/2020,13,64,33.6,9.2,35.6,11.57
3/24/2020,0,84,33.4,10.5,38.8,12.79
3/25/2020,0,84,26.5,7.3,30.2,11.99
3/26/2020,0,94,33,17.1,36.8,11.5
3/27/2020,0,88,29,6.8,32.2,11.23
3/28/2020,0,90,26.7,17.3,32.6,13.18
3/29/2020,0,73,30.9,12.7,34.2,11.26
3/30/2020,0,96,29.9,23.2,36.4,11.89
3/31/2020,0,97,34.6,17.2,39.7,13.45
4/1/2020,0,69,31.6,12.8,35.3,11.15
4/2/2020,0,60,32.3,10.3,32.8,12.12
4/3/2020,0,82,26.1,7,28.9,13.23
4/4/2020,0,87,31.5,21,36.2,11.25
4/5/2020,0,80,32.1,19.2,36.6,13
4/6/2020,0,88,29.9,13.4,34.8,12.23
4/7/2020,0,60,28.1,5,29,12.53
4/8/2020,0,79,29.7,13.9,33.9,12.22
4/9/2020,0,68,27.6,22.2,29.8,10.96
4/10/2020,0,96,32.9,8.6,38.1,11.56
4/11/2020,0,75,28.8,18.9,31.6,10.94
4/12/2020,0,60,33,24,35.5,12.1
4/13/2020,0,85,32.6,10.6,37.2,12.65
4/14/2020,14.6,86,26.2,18.6,29.3,13.47
4/15/2020,0,79,31.8,11.4,35.4,11.57
4/16/2020,0,84,30.9,24.7,35.2,11.58
4/17/2020,0,80,25.2,21.2,28.3,12.68
4/18/2020,0,93,30.8,21,35.4,11.26
4/19/2020,0.3,77,33.8,16.2,37.6,12.69
4/20/2020,0,82,34.2,6.2,36.4,13.19
4/21/2020,0,68,26.9,21.6,28.1,11.64
4/22/2020,0.6,84,30.1,14.4,33.3,11.84
4/23/2020,0,70,31.1,18.9,32.4,12.35
4/24/2020,0,68,31.2,11.5,32.5,13.1
4/25/2020,0,70,33.7,7.9,37.2,11.55
4/26/2020,0,75,27.6,19.7,31,12.2
4/27/2020,0,75,28.8,14.3,31.4,11.08
4/28/2020,0,94,25.2,16.4,31.5,11.76
4/29/2020,6.3,91,28.6,24.8,33.6,13.62
4/30/2020,11.2,89,35,23.3,40.8,11.6
5/1/2020,0,62,30.2,10,32.7,11.62
5/2/2020,0,78,34.8,14.6,37.5,11.87
5/3/2020,0,87,27.7,16.3,32.1,12.5
5/4/2020,0,65,30.6,8.5,33.4,10.95
5/5/2020,0,61,27.9,24.1,30.7,11.26
5/6/2020,0,72,28.2,11.3,31,11.81
5/7/2020,0,91,28.1,12.1,33.5,11.19
5/8/2020,0,79,32.7,10.1,36.4,11.61
5/9/2020,0,63,30.3,21.8,32.5,10.47
5/10/2020,0,85,34.3,8.3,37.7,12.22
5/11/2020,12,95,30.6,5.1,36.8,12.72
5/12/2020,11,65,25.8,10,28,12.39
5/13/2020,0,98,33.9,20.5,38.6,12.06
5/14/2020,12.2,95,33.9,7.7,39,12.76
5/15/2020,0,85,31.2,16.4,34.1,11.96
5/16/2020,0,89,34,22.5,38,12.12
5/17/2020,0,87,28.9,6.8,33.5,12.48
5/18/2020,0,73,33.1,9.9,34.7,12.05
5/19/2020,0,72,27.9,21.9,29.1,13.07
5/20/2020,0,68,30.3,12.5,33.6,13.09
5/21/2020,0,84,27.2,20.9,32.2,11.09
5/22/2020,10.4,72,33.8,23.7,36.3,13.19
5/23/2020,7.8,76,33.2,15.5,36.2,13.47
5/24/2020,0,91,32,5.7,35.4,13.2
5/25/2020,0,78,27.3,18.3,31.6,13.27
5/26/2020,0,83,25.8,18.3,30.9,12.91
5/27/2020,0,66,33.4,17.1,35,13
5/28/2020,0,70,29.8,18.3,33.5,10.92
5/29/2020,0,92,26.9,19.8,30.1,11.63
5/30/2020,0,72,34.9,23,38.7,11.4
5/31/2020,0,76,34.7,16.5,37.2,11.84
6/1/2020,0,91,29.7,21.7,34,13.15
6/2/2020,5.6,80,32.7,11.4,35.2,11.39
6/3/2020,0,97,33.8,21.5,40.3,13.46
6/4/2020,0,79,33.6,17.7,36.6,11.32
6/5/2020,0,74,29.3,10.3,32.3,12.96
6/6/2020,0,70,30.7,13.3,34.5,10.9
6/7/2020,0,75,33.2,16.9,37.4,12.56
6/8/2020,0,61,25.1,20.9,28.1,12.84
6/9/2020,100,69,32.2,43.9,35.5,15.04
6/10/2020,0,64,29.6,8.4,32.8,12.17
6/11/2020,0,93,31.4,16.3,35.8,11.54
6/12/2020,0,63,26.9,6.8,29.5,10.99
6/13/2020,0,98,31.3,15.3,35.4,12.71
6/14/2020,0,75,33.5,14.6,35.7,11.72
6/15/2020,6.3,93,31.2,17.4,36,11.58
6/16/2020,0,64,29.1,24.8,30.2,11.45
6/17/2020,0,74,28.7,5.5,31.9,13.21
6/18/2020,0,63,28.6,10.8,31.2,11.1
6/19/2020,0,88,25.6,20,30.9,12.66
6/20/2020,0,84,29.6,13.3,32.7,12.86
6/21/2020,7.4,97,27.4,13.5,33.5,12.63
6/22/2020,0,90,34.3,24.7,39.7,11.43
6/23/2020,0,85,25.2,18,29.6,12.82
6/24/2020,0,93,25.3,5.1,28.8,11.31
6/25/2020,0,64,25.6,17.7,27.9,11.08
6/26/2020,0,81,33.3,10.2,37.6,12.49
6/27/2020,0,84,30.8,13.8,35.3,12.68
6/28/2020,0,72,31.6,6.3,33.1,11.04
6/29/2020,0,97,34.5,11.8,39.4,11.39
6/30/2020,0,71,25.7,24.9,27.9,12.5
7/1/2020,0,60,27.4,6.2,30,11.14
7/2/2020,0,85,27.3,10.7,31.8,12.55
7/3/2020,0,75,33.4,12.5,34.9,10.99
7/4/2020,17.8,62,30.4,20.6,30.9,12.45
7/5/2020,0,92,32.6,7.1,36.3,12.02
7/6/2020,0,74,25.9,19.1,27.7,12.14
7/7/2020,0,82,32.9,14.1,37.3,10.94
7/8/2020,0,89,27.1,12.1,31.7,11.59
7/9/2020,0,81,27.6,17.6,30.9,12.64
7/10/2020,0,67,33.2,18.3,34.5,12.55
7/11/2020,0,76,33.4,5.2,36.2,12.09
7/12/2020,0,90,33.6,23,38.7,13.33
7/13/2020,18.5,68,25.9,20.4,28.1,13.44
7/14/2020,45.1,67,32.3,15.6,35.6,14.56
7/15/2020,0,92,32.5,12.9,37.6,12.21
7/16/2020,0,69,26.3,6.7,29.8,12.75
7/17/2020,0,82,25.6,24.7,30.8,11.21
7/18/2020,5.8,60,33.5,17.2,35.6,10.75
7/19/2020,0,84,32.6,11.6,36,12.41
7/20/2020,0,72,33.6,17.3,36.6,11.91
7/21/2020,0,72,31.8,18.8,33.4,12.97
7/22/2020,0.3,76,25.2,23.7,27.1,12.26
7/23/2020,0,65,29.3,14.9,31.7,11.63
7/24/2020,0,74,26.1,10.1,28.9,10.97
7/25/2020,0,64,27.8,12.4,28.5,12.05
7/26/2020,0,91,26,20.9,31.8,11.89
7/27/2020,2.6,75,34.4,17.7,37.6,11.96
7/28/2020,0,78,27.4,12.6,32.2,11.22
7/29/2020,0,69,30.8,11.5,31.9,11.07
7/30/2020,0,67,31.2,20.6,32.1,12.64
7/31/2020,0,88,33.6,19.8,36.6,13.14
8/1/2020,0,61,30.5,23.5,33.2,11.09
8/2/2020,6.5,76,27.3,14.3,29.3,12.14
8/3/2020,8.4,90,32.4,14.1,36.9,11.89
8/4/2020,0,91,27,12.4,32.5,11.61
8/5/2020,0,60,34.3,6.8,37.1,10.63
8/6/2020,0,82,32,10.4,34.9,12.03
8/7/2020,12.5,67,34.1,21.2,35.5,13.19
8/8/2020,7.2,89,33.4,21.9,37.8,12.71
8/9/2020,0,77,32,23.8,36.3,11.72
8/10/2020,14.4,71,29,21.7,30.7,12.91
8/11/2020,0,68,25.9,12.3,27.4,11.22
8/12/2020,0,74,30,11.6,32.3,12.93
8/13/2020,0,92,28.7,24.5,32.1,11.48
8/14/2020,0,66,31.5,16.4,32.2,11.41
8/15/2020,0,91,27.3,22,30.6,11.36
8/16/2020,0,66,28,20.2,29.1,10.61
8/17/2020,14.5,89,26,9.8,29.7,12.4
8/18/2020,0,84,29.3,8.6,32.3,12.63
8/19/2020,0,78,28.5,10,31.4,12.52
8/20/2020,0,76,28.3,8.6,30,10.84
8/21/2020,9.7,95,30.2,20.2,34.6,13.8
8/22/2020,1.9,71,32.1,19.4,35.2,11.23
8/23/2020,3,89,27.8,23.9,32.3,11.3
8/24/2020,15.6,80,27.6,14,30.2,12.33
8/25/2020,7.6,80,31.2,17.8,33.3,11.78
8/26/2020,0,84,32.4,17.2,35,10.96
8/27/2020,16.4,94,31.4,23.7,34.9,13.6
8/28/2020,74.5,87,30.2,42.4,33.2,15.88
8/29/2020,0,66,26.9,22.7,27.6,10.54
8/30/2020,0,87,32.2,17.4,36.6,11.8
8/31/2020,0,78,30.5,17,35.2,12.19
9/1/2020,0,88,34.5,10.9,39.8,11.53
9/2/2020,0,75,29.6,13.1,32.5,11.39
9/3/2020,0,90,25.1,20.4,30.5,12.97
9/4/2020,0,70,29.4,8.4,31.9,11.63
9/5/2020,0,64,27.1,18.6,27.9,11.76
9/6/2020,0,64,32.7,11.6,33.8,10.56
9/7/2020,0,79,31.1,23.1,35.2,11.47
9/8/2020,0,71,33.6,11,35.4,12.45
9/9/2020,8.9,86,29.7,21.9,32.4,13.43
9/10/2020,0,85,26.7,16,30.7,13.38
9/11/2020,3.8,86,26.6,10.1,29.5,13.53
9/12/2020,0,77,30.2,19.6,33.7,12.75
9/13/2020,0,79,33.6,22.3,37.9,12.56
9/14/2020,0,64,34.6,24.9,35.4,12.13
9/15/2020,0,61,31.5,8.2,32.5,11.01
9/16/2020,0,86,29.7,8.7,32.4,13.01
9/17/2020,0,74,33.1,12,34.7,10.83
9/18/2020,0,93,25.6,8.9,31.1,13
9/19/2020,0,95,31.4,18.5,35.9,11.02
9/20/2020,0,73,27.1,21.5,29.7,11.36
9/21/2020,0,87,29.3,14.8,34.8,11.3
9/22/2020,0,80,34.5,12.6,37.8,11.43
9/23/2020,0,79,32.6,13.4,35.7,11.55
9/24/2020,0,76,30.3,19.2,34.4,13.14
9/25/2020,0,82,33.3,22,36,12.95
9/26/2020,0,97,32.5,5.2,36.8,12.87
9/27/2020,0,62,25.9,14.8,27.7,10.57
9/28/2020,0,85,25.1,23.7,28.1,12.17
9/29/2020,3.2,70,28.7,6.1,31.7,12.28
9/30/2020,0,92,29.8,8.6,34.2,12.6
10/1/2020,0,92,26.2,23.5,30.4,11.98
10/2/2020,0,67,30.3,18.2,32.1,11.97
10/3/2020,0,82,28.8,9,33.1,13.34
10/4/2020,0,78,29.1,22.6,32.2,12.89
10/5/2020,0,95,30.7,23.9,36.3,12.49
10/6/2020,0,72,32.4,9.8,34.3,11.19
10/7/2020,13,82,25.5,19.3,29.8,11.55
10/8/2020,0,74,26.8,11.9,30.9,12.1
10/9/2020,0,75,25.1,23.7,29.2,12.48
10/10/2020,15.7,71,30.3,22.8,34.3,12.35
10/11/2020,11.5,98,34.1,21.2,40.7,12.75
10/12/2020,0,94,28.9,18.8,32.5,11.22
10/13/2020,0,60,25.2,7,25.8,10.9
10/14/2020,0,92,26,16.5,31.8,13.24
10/15/2020,0.2,80,32.6,5.4,35,11.85
10/16/2020,0,73,28.8,10.9,33,12.27
10/17/2020,0,86,32.5,18.4,36.7,12.58
10/18/2020,0,94,25.4,15.1,29.3,11.79
10/19/2020,0,88,32.1,16.6,35.8,13.32
10/20/2020,0,66,27.3,16.8,29,11.29
10/21/2020,0,85,25.7,21,29.7,12.28
10/22/2020,10.3,90,27.4,15.8,32.9,12.07
10/23/2020,0,67,30.4,15.2,32.2,12.71
10/24/2020,8.1,86,32.8,21.6,36.8,11.48
10/25/2020,0,71,33.5,5.1,35.8,12.87
10/26/2020,7.1,98,34.4,9.6,38.2,13.32
10/27/2020,0,75,34.3,22.2,37.8,11.06
10/28/2020,0,81,31.9,5.6,35.1,11.44
10/29/2020,0,83,29.6,9.1,34.7,12.19
10/30/2020,0,80,26.3,13.8,30.5,12.56
10/31/2020,0,70,31.4,24.8,33.1,12.37
11/1/2020,0,66,34.5,7.2,37.5,11.89
11/2/2020,0,69,30.4,6.1,33.6,12.99
11/3/2020,0,66,33,23.9,34.8,12.01
11/4/2020,0,90,29.2,6.2,33.7,12.1
11/5/2020,0,97,26.4,24.6,32.1,11.85
11/6/2020,14.2,61,33.2,17.4,34.2,13.51
11/7/2020,0,71,27.4,6.2,30.9,12.27
11/8/2020,0,95,27.9,11.4,33.6,11.82
11/9/2020,0.7,79,26.4,12.1,29.8,11.78
11/10/2020,0,95,31.7,8.2,37.8,11.75
11/11/2020,0,84,28.6,13.5,33.6,11.3
11/12/2020,0,85,27.5,17.6,30.4,11.27
11/13/2020,0,81,26.6,13.7,29.4,12.96
11/14/2020,0,77,30.4,9.8,33.7,10.91
11/15/2020,0,65,33.8,17.1,34.9,10.89
11/16/2020,0,95,32.9,12.5,38.9,11.73
11/17/2020,0,63,34.7,8.4,35.9,12.57
11/18/2020,18.2,79,34.2,24.4,37,11.85
11/19/2020,0,84,28.4,23.8,33.4,11.58
11/20/2020,0,98,34.1,10.5,39.3,12.68
11/21/2020,0,65,25.8,13.7,26.6,11
11/22/2020,0,81,30.6,24.6,33.5,11.25
11/23/2020,0,78,30.5,15.2,35.1,11.45
11/24/2020,0,83,29.6,20.5,33.3,11.38
11/25/2020,0,98,28.4,18.9,34.5,12.43
11/26/2020,0,95,34,10,40.3,12.84
11/27/2020,0,91,28.9,12.3,33.4,13.05
11/28/2020,0,74,33.1,8.6,35,12.05
11/29/2020,0,64,28.6,5.1,29.2,10.75
11/30/2020,0,62,28.3,13,30.7,11.18
12/1/2020,0,80,30.9,10.4,35,11.65
12/2/2020,13.3,63,26.4,16.7,28.9,13.13
12/3/2020,0,92,32.2,16.9,38.2,12.93
12/4/2020,0,80,27.3,17.3,30.2,12.01
12/5/2020,6.6,72,25.5,12.9,27.7,11.28
12/6/2020,0,92,34.3,6.6,40.3,12.46
12/7/2020,8.5,92,25.7,5.2,29.1,12.86
12/8/2020,0,89,25.6,18.6,29.1,11.22
12/9/2020,8.1,85,29,17.9,32.9,13.44
12/10/2020,0,69,27.5,5.5,31,12.11
12/11/2020,0,88,33.5,10.6,37,11.34
12/12/2020,0,88,29.8,5.8,34.9,13.17
12/13/2020,0,79,30.3,19,33.2,12.64
12/14/2020,0,79,25.6,10.7,30.1,11.52
12/15/2020,0,66,31.7,10.8,33,12.73
12/16/2020,0,66,26,12,28.6,11.17
12/17/2020,2.6,88,25.7,14.5,31.3,12.36
12/18/2020,0,93,25.5,20.6,29.5,12.05
12/19/2020,0,87,30.2,6.3,35.9,11.87
12/20/2020,0,83,30.5,9.7,34.6,11.91
12/21/2020,1.3,68,25.6,22.8,29.1,12.44
12/22/2020,0,69,29.1,11.7,31.1,12.81
12/23/2020,0,76,30,13.3,33.2,11.66
12/24/2020,0,77,25.3,11.8,29.9,12.85
12/25/2020,1.8,89,30.7,22.9,34.1,12.73
12/26/2020,0,93,29.2,10.7,32.8,12.18
12/27/2020,0,94,30.1,14.1,35.4,12.76
12/28/2020,0,81,29.2,12.4,34.2,12.82
12/29/2020,0,61,30.8,8.4,33.4,10.83
12/30/2020,0,65,26.8,13.9,28.1,12.95
12/31/2020,0,67,34,21.7,37.1,12.2
1/1/2021,32.5,67,28.9,6.5,29.7,12.16
1/2/2021,0,86,27.1,18.3,31.3,11
1/3/2021,0.2,83,31.4,18.6,36.7,12.05
1/4/2021,0,80,33.2,10.3,36.2,11.59
1/5/2021,0,90,26.4,13.5,31.8,12.16
1/6/2021,0,68,27.3,23.4,29.8,11.5
1/7/2021,0,90,34.7,10.5,40.5,11.59
1/8/2021,0,73,30.8,14,32.7,12.43
1/9/2021,0,83,30.9,23.6,34,10.97
1/10/2021,0,71,25.5,7.1,27.5,11
1/11/2021,8.7,81,28,10.4,31.5,13.2
1/12/2021,0,82,33.9,13.3,38.8,12.6
1/13/2021,0,80,34.2,9.5,38.9,12.53
1/14/2021,0,80,27,8.4,31.6,13.32
1/15/2021,0,98,33.2,17.3,37,11.89
1/16/2021,0,79,34,12.4,37.5,10.78
1/17/2021,0,84,26.2,5.9,30.4,11.95
1/18/2021,0,86,28.9,20.1,34.4,11.66
1/19/2021,0,72,30.2,20.2,33.5,11.09
1/20/2021,0,72,33.6,9.2,36.9,11.96
1/21/2021,0,71,30.2,20.4,31.6,11.14
1/22/2021,0,74,29.9,18.4,33.6,12.61
1/23/2021,0,80,28.5,15.2,30.7,11.04
1/24/2021,0,82,34.9,17,39.8,13.03
1/25/2021,7.3,78,29.1,18,31.8,11.6
1/26/2021,0,64,33.3,10,36.6,11.05
1/27/2021,3,76,25.9,23.4,30.4,12.92
1/28/2021,3.2,97,25.2,9.8,31.6,11.4
1/29/2021,0,77,27.5,20.3,30.1,12.98
1/30/2021,0,91,27.6,17.1,33.1,11.23
1/31/2021,0,65,27.8,18.7,29,11.12
2/1/2021,14.9,69,27.6,20.9,29.5,12.19
2/2/2021,0,75,34.9,22.3,39.2,10.72
2/3/2021,0,81,26.6,17.1,30.1,10.85
2/4/2021,0,64,27.2,7.9,29.3,12.47
2/5/2021,0,72,33.6,9.4,35.8,12.42
2/6/2021,0,63,34.1,17,37.1,12.27
2/7/2021,0,83,28.2,18.1,33.1,11.74
2/8/2021,18.5,80,29.2,8.5,32,13.34
2/9/2021,0,61,32.3,24.7,33.5,12.01
2/10/2021,0,86,26.2,18.9,29.9,13.33
2/11/2021,0,75,26.8,17.7,29.1,10.72
2/12/2021,0,91,33.5,17.6,38.1,12.06
2/13/2021,0,66,27.3,15.4,30.5,10.81
2/14/2021,0,97,30.9,12.2,34.7,11.59
2/15/2021,0,61,33.9,11.5,35.3,11.23
2/16/2021,0,91,27.8,12,33.6,13.11
2/17/2021,0,66,26.2,20.9,26.8,12.55
2/18/2021,1.5,61,27.5,14.7,28.2,13.05
2/19/2021,0,62,28.2,6.5,29.5,12.45
2/20/2021,9.7,83,31.8,22.1,34.8,12.43
2/21/2021,0,77,27.8,22.5,30.5,12.27
2/22/2021,0,94,27.6,19.2,32.6,12.57
2/23/2021,0,70,34.5,9.4,37.2,13.13
2/24/2021,0,65,31.3,8.8,31.7,11.58
2/25/2021,0,79,26.8,13.1,30.4,11.2
2/26/2021,0,75,26.6,13.5,28.4,12.31
2/27/2021,0,96,33.2,14.8,37.4,12.97
2/28/2021,12.8,90,32.6,16,36,12.31
3/1/2021,0,67,29,10.3,29.8,10.91
3/2/2021,0,92,29.7,17.1,32.9,11.4
3/3/2021,10.2,76,34.8,22.8,37.1,11.51
3/4/2021,0,65,33.8,11.6,35.2,11.5
3/5/2021,0,71,31.2,23.9,33.8,11.07
3/6/2021,0,69,34,23.4,35,12.72
3/7/2021,0,78,28,15.5,30.3,11.14
3/8/2021,0,87,33.5,21.2,37,12.41
3/9/2021,16.4,72,27.2,11.6,30.7,12.78
3/10/2021,0,71,32.1,8,35.6,10.83
3/11/2021,0,78,30.4,13.8,32.9,10.94
3/12/2021,0,63,32.7,8.9,33.8,11.98
3/13/2021,19.5,78,32.2,21.5,34,12.69
3/14/2021,0,86,32.9,9.7,35.8,11.69
3/15/2021,0,81,27.4,18.6,31.9,11.23
3/16/2021,0,95,25.8,5.4,31.8,12.9
3/17/2021,0,92,32.2,23.7,35.4,11.43
3/18/2021,0,80,30.6,20.4,33.3,10.9
3/19/2021,9.2,92,25.2,21.2,30.1,13.27
3/20/2021,6.7,69,26.7,8.1,28.5,12
3/21/2021,25.9,81,34.6,6.5,39.6,13.62
3/22/2021,0,82,34.4,21.8,37.6,11.16
3/23/2021,0,66,28.5,6.1,31.2,13.17
3/24/2021,0,64,26.7,19.4,30.1,11.29
3/25/2021,0,71,25,22.1,28.6,11.18
3/26/2021,0,81,25.5,11.3,29.7,11.14
3/27/2021,0,92,34.7,24.1,38.2,11.55
3/28/2021,4.7,79,33.5,21.3,35.9,10.92
3/29/2021,0,76,34.8,13.6,37.2,13.16
3/30/2021,0,89,28.5,22.8,33.2,12.7
3/31/2021,9.4,72,30.4,11.5,31.6,12.16
4/1/2021,0,82,32.9,9.8,35.1,13.29
4/2/2021,0,88,29.4,8.2,32.8,13.08
4/3/2021,15.4,76,25.1,11.5,26.7,12.14
4/4/2021,0,75,30.8,13.1,33.4,10.87
4/5/2021,0,64,26.7,20.7,27.7,12.87
4/6/2021,19,70,25.2,12.9,27.5,13.08
4/7/2021,0,89,31.2,9.3,34.7,11.04
4/8/2021,0,89,27.2,21.9,31.9,11.03
4/9/2021,0,97,27.2,20.1,33.6,13.36
4/10/2021,7.1,68,34.2,23.1,36.7,11.25
4/11/2021,0,64,26.5,6.7,29.3,12.97
4/12/2021,0,97,33.2,18,36.9,13.13
4/13/2021,0,86,30,14.5,34.2,13.25
4/14/2021,0,76,27.8,11.4,31.2,12.45
4/15/2021,0,88,25.1,11,28.7,11.71
4/16/2021,7.6,91,35,23,39.7,12.98
4/17/2021,19,75,25.8,5.2,27.7,12.1
4/18/2021,0,92,29.5,12.3,34.9,13.05
4/19/2021,0,95,25.1,8.8,29.8,11.96
4/20/2021,0,84,26.8,5.3,29.9,11.25
4/21/2021,0,70,29.1,5,32.3,12.19
4/22/2021,0,88,32.3,5.6,37,11.15
4/23/2021,0,62,27.1,24.5,29.3,11.91
4/24/2021,0,84,30.4,6.7,34.5,12.35
4/25/2021,0,70,34.2,16.9,35.9,11.31
4/26/2021,0,78,26.6,19.4,30.3,11.78
4/27/2021,0,82,31.7,18.6,34.9,11.48
4/28/2021,11.6,75,27.4,5.2,29,11.82
4/29/2021,4.9,72,28.3,14.3,32.3,11.32
4/30/2021,0,64,31.3,10.8,34.7,12.35
5/1/2021,0,76,32.8,7.2,36.7,11.56
5/2/2021,0,72,32.9,21.8,34.1,13.06
5/3/2021,2.8,83,28,11,31.5,11.32
5/4/2021,0,62,27.9,21.2,31.1,11.19
5/5/2021,0,70,33.3,21.9,37.1,11.5
5/6/2021,0,90,29.7,6.5,35.4,12.79
5/7/2021,18.1,66,26.8,18,27.6,12.54
5/8/2021,18.3,74,30.9,8.4,35,11.99
5/9/2021,0,91,32.8,12,38,13.34
5/10/2021,0,72,26.6,5.4,29.2,13.07
5/11/2021,0,89,25.2,21.3,29.9,12.97
5/12/2021,19.6,98,27.1,19.9,32.1,13.53
5/13/2021,0,98,30.2,21.9,34.7,11.51
5/14/2021,0,86,27.8,19.4,32.7,11.5
5/15/2021,4.7,88,26.2,7.6,31.4,11.99
5/16/2021,0,77,31.4,22,33.9,12.32
5/17/2021,9.8,82,33.8,19.1,36.3,13.49
5/18/2021,0,87,27.4,6.2,31.8,13.32
5/19/2021,0,63,31.6,12.3,32,10.77
5/20/2021,16.5,86,26.9,19.3,32.2,13.37
5/21/2021,0,76,29.3,11.9,33.4,13.03
5/22/2021,0,70,32.3,9.5,34.1,11.93
5/23/2021,0,74,26.1,15.2,28.2,11.94
5/24/2021,0,83,29.4,6.7,32.5,12.11
5/25/2021,19.7,93,27,21.8,31.1,11.88
5/26/2021,0,83,31.2,18.1,34.7,11.47
5/27/2021,0,67,27.1,5.5,30.8,12.22
5/28/2021,18.7,84,26.5,23,29.2,13.25
5/29/2021,0,64,25,5.3,27.6,12.99
5/30/2021,0,69,25.8,13.1,27.3,12.53
5/31/2021,0,92,33.8,23.6,38.8,11.81
6/1/2021,0,65,34.7,21.1,37.7,10.71
6/2/2021,0,98,34.8,7.7,39.6,13.2
6/3/2021,0,77,32.1,6.7,34.4,11.28
6/4/2021,19.1,76,30.9,24.9,33.5,11.87
6/5/2021,0,91,31.9,10.5,37.9,11.52
6/6/2021,12.1,73,31,16.4,34.7,13.67
6/7/2021,1.2,72,27.9,22.1,29.5,11.63
6/8/2021,0,78,31,11.8,33.7,13.18
6/9/2021,6.4,69,34.5,10.5,36.7,11.01
6/10/2021,0,70,25.7,7.7,28.2,12.24
6/11/2021,0,67,27,9.4,28,11.06
6/12/2021,0,75,30.1,9.5,32.8,11.94
6/13/2021,0,81,27.9,20.7,30.3,11.5
6/14/2021,0,95,28.1,20.8,33.6,12.21
6/15/2021,0,63,31.2,11.3,33.5,10.84
6/16/2021,17.2,86,33.1,9.2,37.1,11.84
6/17/2021,0,79,34,8.6,36.2,11.46
6/18/2021,0,95,33.3,16,37.6,11.62
6/19/2021,0,62,33,22.5,35,10.48
6/20/2021,0,81,31.9,5.2,34.5,11.22
6/21/2021,9.1,97,32.7,19.1,38.7,12.01
6/22/2021,0,68,31.5,22,34.2,11.35
6/23/2021,0,83,33.2,7.3,37.3,11.74
6/24/2021,0,77,33.2,9.4,36.4,10.91
6/25/2021,0,94,34.7,17.7,38.5,11.3
6/26/2021,79.6,66,33.6,41,35.9,14.57
6/27/2021,0,89,30.8,12.8,33.7,13.06
6/28/2021,0,90,30,14.2,34.3,11.6
6/29/2021,0,84,26.5,22.8,30,11.65
6/30/2021,15.7,92,30.4,23.1,34.8,12.33
7/1/2021,13,92,27.8,21.2,33.2,12.51
7/2/2021,0,92,34.1,10.7,39.2,11.17
7/3/2021,0,63,32.4,10.4,34.7,11.14
7/4/2021,16.9,73,34.2,20.9,37.4,12.57
7/5/2021,0,87,31.6,19.3,37.1,12.26
7/6/2021,15.5,83,25.4,24,28.4,12.91
7/7/2021,7.9,95,25,13.8,30.5,12.86
7/8/2021,0,91,28.2,9.4,32.4,13.42
7/9/2021,2.7,64,28.9,24.9,31.8,11.22
7/10/2021,0,77,33.3,11,36.4,11.69
7/11/2021,0,82,28.9,20,32,13.25
7/12/2021,0,77,32.3,16.3,34.4,12.49
7/13/2021,0,96,32.5,6.6,38.1,11.62
7/14/2021,0,68,33.4,23.5,34.5,12.31
7/15/2021,0,87,32.2,21.1,35.3,12.04
7/16/2021,14.3,66,32.6,24.9,35.1,11.56
7/17/2021,0,83,33.2,23.9,37.4,12.8
7/18/2021,0,91,32.6,14.2,35.9,12.12
7/19/2021,0,74,34.2,6.5,36.3,11.18
7/20/2021,0,64,30.2,6.6,32.8,11.59
7/21/2021,0,86,34.7,17.7,37.3,11.04
7/22/2021,0,72,27,16.6,28.8,12.31
7/23/2021,0,61,26.5,22.4,29.4,10.75
7/24/2021,0,91,27.7,8,32.7,13.5
7/25/2021,0,76,28,15.2,30,11.12
7/26/2021,8.7,75,33,8.2,36.5,12.35
7/27/2021,0,75,26.5,19.7,29.4,12.5
7/28/2021,0,63,29.9,20.5,30.8,12.66
7/29/2021,0,71,34.5,14.8,38.1,11.93
7/30/2021,0,74,26.6,6.8,28.5,10.91
7/31/2021,0,88,25.9,12.9,28.8,11.01
8/1/2021,0,83,34.4,9.7,37.6,12.13
8/2/2021,0,77,26.7,21.2,28.5,11.57
8/3/2021,0,78,32.1,17,36.5,13.23
8/4/2021,0,61,26.7,8.6,27.9,11.9
8/5/2021,0,92,27.2,13.7,31.1,11.63
8/6/2021,14.4,80,28.2,15.1,31,11.84
8/7/2021,0,83,25.6,21.5,29.3,12.35
8/8/2021,0,95,25.3,18.9,29,12.27
8/9/2021,0,74,31,10.5,32.7,13.06
8/10/2021,0,95,33.1,5.3,37.9,11.69
8/11/2021,0,85,29.1,14.2,34,12.92
8/12/2021,0,74,25,12.6,27.8,12.32
8/13/2021,5.7,72,31.5,13.5,33.3,12.57
8/14/2021,0,71,29.9,19.7,31.2,12.11
8/15/2021,0,97,32.4,7.5,37.2,12.19
8/16/2021,0,61,32.3,10.4,33.8,12
8/17/2021,0,84,29.4,22.3,33.2,12.53
8/18/2021,0,65,34.2,21.8,36,12.71
8/19/2021,0,71,25.7,12.4,29.7,10.88
8/20/2021,5.1,83,33.8,5.4,38.3,11.56
8/21/2021,10.8,78,32.8,6.7,36.4,12.23
8/22/2021,9.6,84,30.8,24.6,35.9,12.28
8/23/2021,0,81,28.5,23.3,32,11.63
8/24/2021,0,89,25.3,13.5,30.5,11.54
8/25/2021,0,84,28.3,21.6,30.9,11.16
8/26/2021,0,76,32,8.3,34.5,13.13
8/27/2021,0,80,26.6,18.3,30.5,11.58
8/28/2021,0,63,30.2,10.8,31.4,10.6
8/29/2021,0,76,34.5,10.1,38.6,12.89
8/30/2021,0,64,34.9,24.7,36.6,10.75
8/31/2021,0,67,28.4,23,30.8,11.9
9/1/2021,0,73,27.5,8.1,31.4,11.24
9/2/2021,0.3,96,26.1,14,32.2,11.38
9/3/2021,0,94,27.8,11,33.1,11.84
9/4/2021,8.3,89,25.7,23.1,30.1,12.4
9/5/2021,0,97,34,23.9,40.6,12.29
9/6/2021,7.1,64,33.9,9.6,36.2,13.12
9/7/2021,0,85,26.7,17.8,31.9,11.4
9/8/2021,0,84,30.6,21.6,35.2,12.53
9/9/2021,0,68,31.2,21.3,34.3,12.99
9/10/2021,0,66,25.9,20,28,11.79
9/11/2021,0,73,29.9,18.1,31.9,12.37
9/12/2021,0,85,28.4,15.8,33.3,12.26
9/13/2021,0,69,30.2,24.8,31.5,11.13
9/14/2021,0,76,33.2,15.4,35.2,10.75
9/15/2021,12.2,71,31.5,24.2,35.4,11.79
9/16/2021,0,96,28.3,23.3,33.6,12.43
9/17/2021,6.9,97,34.8,24.3,40.1,12.31
9/18/2021,0,90,31.5,14.5,35,13.18
9/19/2021,5.6,61,28.6,15.3,29.4,11.14
9/20/2021,7.9,97,33.1,5.9,39.3,13.15
9/21/2021,10.5,68,33.1,11.2,36.1,12.91
9/22/2021,0,61,26.6,17.6,28.7,11.83
9/23/2021,0,63,25.8,23.9,27.9,12.92
9/24/2021,0,77,31.4,13.3,34.4,12.09
9/25/2021,0,87,33,19.4,35.7,12.79
9/26/2021,0,71,33.1,20.2,35.7,11.21
9/27/2021,0,72,34.5,5.9,37.4,11.05
9/28/2021,0,80,26.2,10.3,29.6,13.07
9/29/2021,0,80,28.1,20.3,31.8,13.17
9/30/2021,0,83,26.2,9.4,29.7,11.34
10/1/2021,0,89,34.3,22.1,39.5,11.86
10/2/2021,0,67,28.7,23.1,31.4,11.87
10/3/2021,0,82,33.6,6.6,37.1,13.06
10/4/2021,0,69,30.5,12.4,33.6,11.6
10/5/2021,0,66,26.2,6.2,29,12.04
10/6/2021,0,65,27.7,11.1,29.8,11.26
10/7/2021,0,84,31.6,20.5,35.4,13.05
10/8/2021,0,80,27.7,9.5,31.2,13.31
10/9/2021,2.3,91,28.7,23.3,32,12.81
10/10/2021,0,74,31,12.4,35,12.07
10/11/2021,0,90,33.6,9.1,36.9,11.82
10/12/2021,18.8,85,28.4,11.2,33.1,13.99
10/13/2021,0,73,31.9,21.2,35.7,11.38
10/14/2021,13.1,97,27.4,15.4,32.7,12.82
10/15/2021,7,74,28.7,22.3,33.1,12.34
10/16/2021,10.4,85,25.1,19.3,28.7,11.99
10/17/2021,0,80,34.9,17.3,39.8,11.23
10/18/2021,0,84,28.2,16.8,31.9,12.13
10/19/2021,0,63,33.2,18.9,35.5,11.89
10/20/2021,0,73,28.1,24.8,30.1,10.81
10/21/2021,0,72,31.5,23.4,34.5,11.18
10/22/2021,0,66,25.2,21.3,26.2,12.75
10/23/2021,0,88,30.1,23.4,35.1,12.61
10/24/2021,0,61,34.6,14.4,36.5,12.53
10/25/2021,0,63,34.7,13.4,36.8,12.83
10/26/2021,0,65,34.1,17.8,36.3,12.36
10/27/2021,0,61,29.6,17.6,31.4,11.65
10/28/2021,19.5,75,32.9,17.2,36,12.99
10/29/2021,0,88,33.2,10.4,37.4,11.13
10/30/2021,0,76,32.1,14.4,33.9,11.18
10/31/2021,0,76,29.3,11.2,32.5,11.11
11/1/2021,0,70,29.8,6.4,30.9,11.64
11/2/2021,0,93,32.4,7.1,37.5,12.86
11/3/2021,0,68,31.8,20.7,34.1,11.57
11/4/2021,0,78,27.8,9.5,31.6,12.25
11/5/2021,5.8,91,28.1,22.5,32.7,12.34
11/6/2021,0,68,27.3,5.8,29.1,12.45
11/7/2021,0,69,28.1,8.5,30.3,11.68
11/8/2021,0,91,33.1,8.1,36.7,12.14
11/9/2021,0,70,32.7,8.3,36.4,10.98
11/10/2021,0,96,30.1,5.2,35.1,12.98
11/11/2021,0,85,30.7,5.9,33.6,11.35
11/12/2021,0,64,27.4,23.2,30.4,12.42
11/13/2021,0,81,30.2,13.7,32.7,13.14
11/14/2021,14.2,65,30.3,14.2,33.5,13.15
11/15/2021,0,66,31.9,12.1,35.4,12.38
11/16/2021,0,74,26.2,12.4,29,12.38
11/17/2021,0,73,32.8,5.1,34.2,11.6
11/18/2021,0,98,28.1,19.5,32.2,12.8
11/19/2021,0,84,32.7,6.2,37.5,11.28
11/20/2021,0,89,25,20.2,30.1,12.36
11/21/2021,0,88,31.4,13.1,35.4,12.13
11/22/2021,0,68,28.2,7.1,30.6,12.34
11/23/2021,0,64,31.2,13,32.8,12.99
11/24/2021,8.2,88,31.2,11.5,34.1,12.96
11/25/2021,0,93,33.2,18.6,39.3,11.89
11/26/2021,0,93,32.7,16.2,38.2,13.21
11/27/2021,0.2,91,30.2,5.6,35.2,12.54
11/28/2021,4.2,70,27.4,10.7,29.8,12.9
11/29/2021,0,92,28.9,9.8,35,11.28
11/30/2021,0,70,30.6,7,32.5,12.73
12/1/2021,0,89,25.4,15.9,28.4,11.06
12/2/2021,0,72,30.6,14.9,32.7,12.65
12/3/2021,0,91,33.3,7.8,38.4,11.69
12/4/2021,0,84,26.9,18,31.2,13.2
12/5/2021,0,87,27.7,23.9,32.1,10.99
12/6/2021,0,71,28.4,17.7,31.8,12.75
12/7/2021,0,73,28.2,7.9,30.5,13.16
12/8/2021,0,63,29.6,7.4,30.2,12.7
12/9/2021,0,66,27.1,20.2,29.7,12.75
12/10/2021,19.2,79,29,13.8,33.4,11.95
12/11/2021,0,71,27.7,18.4,31.2,11.66
12/12/2021,8.9,63,25.6,6.4,27.1,11.92
12/13/2021,60.5,93,27.1,44.2,31.3,15.44
12/14/2021,0,64,29.5,24.8,32.2,11.82
12/15/2021,0,75,29.5,13.3,33.3,10.76
12/16/2021,0,64,27.6,12.1,28.8,12.5
12/17/2021,12.1,93,34.8,7.8,38.3,12.93
12/18/2021,0,94,29.1,12.5,34.4,12.94
12/19/2021,3,72,31.2,17.5,34.7,11.64
12/20/2021,0,75,28.7,14.5,30.5,11.14
12/21/2021,0,66,27.1,8,28.9,13.11
12/22/2021,0,90,25.1,6.6,30.3,12.08
12/23/2021,0,66,26.4,24.5,27.3,12.23
12/24/2021,1.3,82,30.7,22.7,35.5,11.26
12/25/2021,0,93,25.2,18,30.2,12.13
12/26/2021,0,82,31.1,24.7,33.4,13.03
12/27/2021,0,89,29.9,14.3,33,11.5
12/28/2021,0,66,30.8,8.3,33.2,10.7
12/29/2021,0,68,26.8,14.8,30.5,10.98
12/30/2021,0,70,29.6,7.8,31.4,11.44
12/31/2021,87.8,61,27.6,30.7,27.9,16.02
1/1/2022,0,84,27.6,16,31,11.44
1/2/2022,0,92,30.1,14,35.1,11.12
1/3/2022,19.5,78,30.1,21.7,32,12.96
1/4/2022,0,79,28.1,16.9,31.3,12.23
1/5/2022,0,79,31.6,9.6,33.9,12.8
1/6/2022,0,66,34,15.2,37.4,12.06
1/7/2022,0,74,34.1,5.5,35.8,10.93
1/8/2022,11.5,74,29.5,7,32.8,12.73
1/9/2022,0,70,33.9,22.3,34.9,12.82
1/10/2022,0,79,30,5.7,33.5,12.21
1/11/2022,0,66,32.9,20.3,35.2,12
1/12/2022,0,96,34.2,24.2,40.2,11.3
1/13/2022,0,85,31,16.9,35.7,11.6
1/14/2022,0,71,27.2,20.5,28.9,11.31
1/15/2022,0,95,28.7,7,32.9,13.06
1/16/2022,0,67,30.3,17.9,32,12.49
1/17/2022,0,81,28.5,19.2,31.2,12.85
1/18/2022,0,71,27.7,17.8,29.1,12.9
1/19/2022,0,79,34.8,14.5,38.4,12.67
1/20/2022,0,85,26.9,17.5,30.3,13.09
1/21/2022,0,63,30.9,19.3,31.9,10.49
1/22/2022,0,77,27.6,6,31.8,11.2
1/23/2022,0,85,32.8,5.1,37.2,11.81
1/24/2022,0,86,30.5,13.5,34.6,13.13
1/25/2022,12.1,60,35,12.3,35.4,13.29
1/26/2022,0,91,25.2,22.7,29.5,11.5
1/27/2022,0,82,26.2,19.6,31.1,11.98
1/28/2022,17.3,73,26.6,18,29.6,13.67
1/29/2022,0,95,31.4,7,35.6,13.25
1/30/2022,0,60,34,14.5,35.8,12.58
1/31/2022,0,72,31,23.8,33.9,10.66
2/1/2022,0,70,31.2,15.9,34.2,11.19
2/2/2022,0,72,32.1,9.8,33.5,12.38
2/3/2022,0,83,25.3,8.9,28.1,13.37
2/4/2022,0,83,26.4,11.8,31,11.54
2/5/2022,0,78,29.3,12.3,31.7,13.23
2/6/2022,0,69,33.3,5.9,36.2,11.74
2/7/2022,0,76,33.5,21.8,35.6,12.88
2/8/2022,0,69,33.4,16.1,36.7,13.01
2/9/2022,0,67,34,17.7,34.9,11.96
2/10/2022,0,63,33,21,34.8,11.57
2/11/2022,5.9,87,30.4,6.4,34,13.63
2/12/2022,0.7,65,34.1,15.3,34.7,12.44
2/13/2022,0,64,32,13.3,33.1,11.46
2/14/2022,5.5,93,34,10.7,38.6,12.29
2/15/2022,0,95,31.5,8.6,35.1,12.09
2/16/2022,0,98,27.2,16.9,33.4,12.56
2/17/2022,0,97,34.5,6.7,40.1,12.74
2/18/2022,8.4,64,27.4,14,28.2,11.67
2/19/2022,0,70,30.7,12.3,34.5,11.99
2/20/2022,0,91,25.4,5.7,28.9,11.44
2/21/2022,0,78,29.5,5.2,31.8,12.92
2/22/2022,18.5,72,34,14,36.7,12.84
2/23/2022,0,94,29.6,17.7,33.6,12.94
2/24/2022,0,71,25.9,8.1,28.5,12.93
2/25/2022,0,60,33.9,12.8,36.4,12.32
2/26/2022,0,96,29.9,14.6,34.1,12.08
2/27/2022,12.1,69,29.4,8.8,32.5,13
2/28/2022,0,92,29.2,20.2,34.6,13.35
3/1/2022,15.8,69,26.4,12.2,27.8,13.32
3/2/2022,0,67,30.3,20,32.7,12.86
3/3/2022,0,62,25.2,19.9,25.7,12.71
3/4/2022,0,70,27.1,24.8,30.9,10.62
3/5/2022,0,68,33.1,12.2,35.2,11.01
3/6/2022,0,96,34.9,13.8,40,12.15
3/7/2022,0,83,30.2,5.8,33.4,13.26
3/8/2022,0,77,28.2,16.5,32.6,13.03
3/9/2022,0,61,30.6,5,31.6,12.85
3/10/2022,13.6,63,34.3,19.2,37.4,11.95
3/11/2022,0,72,31,17,32.7,11.35
3/12/2022,0,61,29.6,8.3,31.7,10.96
3/13/2022,0,70,27.2,15.7,29.8,12.14
3/14/2022,0,77,34.9,12.1,38.5,13.01
3/15/2022,0,80,30.8,23.8,35.3,12.12
3/16/2022,0,63,25.8,11.3,27.6,11.19
3/17/2022,0,85,29.5,13.1,33.5,11.01
3/18/2022,0,93,30.6,13.1,36.8,12.33
3/19/2022,0,88,25.3,24.1,30.1,13.35
3/20/2022,0,96,35,9.3,38.7,11.32
3/21/2022,0,71,34.3,12.5,37.5,12.35
3/22/2022,0,95,26.9,5,32.7,13.47
3/23/2022,0,60,29.7,22.5,30.5,12.22
3/24/2022,19.7,89,26.5,17.2,30.4,13.55
3/25/2022,11.9,68,34.9,11.4,37.9,12.81
3/26/2022,0,66,25.6,23.7,29.2,11.16
3/27/2022,0,94,30.5,19.4,35.5,12.72
3/28/2022,0,79,32.5,12.1,34.8,11.16
3/29/2022,0,66,33.8,11.9,37,10.63
3/30/2022,0,97,30.6,16.3,35.5,11.91
3/31/2022,0,86,34.7,18.3,37.8,12.88
4/1/2022,0,77,26.2,7,30.2,11.36
4/2/2022,0,72,33.8,24,35.4,12.22
4/3/2022,8.8,79,33.9,22.1,36,13.08
4/4/2022,0,94,28.6,7.4,33.2,11.55
4/5/2022,0,83,33.2,16.6,37.5,12.8
4/6/2022,0,77,28.5,5.4,31.6,12.05
4/7/2022,15.5,76,31.3,11.5,34.2,13.25
4/8/2022,0,73,32.1,18.5,35.8,13.16
4/9/2022,0,64,34.8,14.5,37.7,10.81
4/10/2022,0,67,33.8,12.1,36.2,11.58
4/11/2022,9.6,96,30.7,13.8,35.7,13.83
4/12/2022,0,70,33.4,12.6,36.2,11.97
4/13/2022,3.9,65,27.8,6.3,30,12.29
4/14/2022,0,65,27.8,5.3,30.4,11.55
4/15/2022,0,97,30.6,10.5,36.7,12.25
4/16/2022,0,62,29.9,5,31.1,12.8
4/17/2022,0,67,34.7,15.4,36.1,11.89
4/18/2022,19.1,95,28.1,6.2,33.9,13.22
4/19/2022,0,93,33.1,19,37,13.24
4/20/2022,0,62,30.6,6.5,32.9,13.04
4/21/2022,0,73,34.1,20,36.8,10.82
4/22/2022,0,96,30.7,5.3,36.2,11.53
4/23/2022,0,95,25.2,21.6,29.2,11.91
4/24/2022,0,68,28.1,7.9,31,11.87
4/25/2022,7.1,83,31.9,8,34.5,11.49
4/26/2022,0,73,29.5,7.3,33.2,12.47
4/27/2022,0,93,33.8,13.2,37.8,11.35
4/28/2022,0,78,32.2,15.9,36.9,11.83
4/29/2022,1.2,72,34.5,10.4,36.9,11.23
4/30/2022,0,66,26.1,5.5,28.7,11.07
5/1/2022,0,66,29.5,8.7,31.5,12.85
5/2/2022,0,98,25.4,25,29.8,11.95
5/3/2022,9.8,77,32.7,13.4,36.6,11.24
5/4/2022,16.1,84,25.1,5.9,28,12.91
5/5/2022,0,92,33.3,8.8,37.2,12.88
5/6/2022,0,76,31.7,12.3,35.7,10.85
5/7/2022,6.1,85,34.1,9.1,38.9,12.13
5/8/2022,0,86,26.9,11.4,30.1,13.1
5/9/2022,0,90,31.8,8.5,35.6,12.57
5/10/2022,0,90,29.3,20.2,34.8,13.32
5/11/2022,0,88,34.4,5.6,38.6,12.58
5/12/2022,0,89,25.2,8.5,28.4,12.26
5/13/2022,0,93,25.9,11.9,31.7,12.19
5/14/2022,15.3,80,30.5,9.6,33,13.41
5/15/2022,0,94,27.4,9.9,32.2,11.41
5/16/2022,0,72,32.4,12.8,33.5,12.88
5/17/2022,0,84,34.6,12.7,37.3,12.23
5/18/2022,0,83,34.3,16.2,37.2,12.58
5/19/2022,0,72,33.6,11.7,36,12.59
5/20/2022,0,91,26.4,24.4,31.6,11.61
5/21/2022,0,85,29.2,5.2,33.1,11.47
5/22/2022,0,68,34.6,5.1,36.3,11.34
5/23/2022,0,74,33.3,6.2,35.2,12.03
5/24/2022,0,80,32.9,10.2,37.3,12.61
5/25/2022,7,87,31.1,10.6,35.3,11.74
5/26/2022,0,76,32.1,14.2,36.4,11.89
5/27/2022,0.7,73,31.3,5.5,33.4,12.6
5/28/2022,0,95,25.1,22.4,31.4,13.53
5/29/2022,0,67,27.8,5.9,28.6,12.1
5/30/2022,15.3,69,28.6,5.8,29.6,12.46
5/31/2022,0,92,25.9,21.2,31.2,13.11
6/1/2022,0,83,32.4,6.2,34.8,13.08
6/2/2022,9.2,61,32.3,8.7,35.4,11.3
6/3/2022,0,66,27.3,19.9,30.5,10.72
6/4/2022,0,72,25.8,21.8,27.3,10.75
6/5/2022,0,68,29.7,24.3,32.2,10.7
6/6/2022,0,73,25.1,13.9,27.3,12.7
6/7/2022,0,88,28.5,5.8,33.9,13.11
6/8/2022,0,80,27.1,6.1,31,12.1
6/9/2022,10.3,76,33.3,14.4,37.6,12.26
6/10/2022,0,63,29.4,17.6,30.7,10.7
6/11/2022,0,84,31.2,15.5,36.3,11.45
6/12/2022,0,78,25.7,5.4,28.8,12.62
6/13/2022,0,89,33.8,7.2,37.7,11.33
6/14/2022,0,71,27.2,10.6,29.9,12.7
6/15/2022,0,72,31.4,17.4,35.2,12.49
6/16/2022,0,74,28.4,11.8,31.6,12.33
6/17/2022,0,70,34.6,17.9,36.2,12.45
6/18/2022,0,89,34.2,22.7,37.1,12.54
6/19/2022,1,64,31.2,21,31.8,11.43
6/20/2022,0,66,32.3,16.5,34.5,10.63
6/21/2022,4.3,62,32,10.7,33.1,11.57
6/22/2022,0,76,34.2,7.8,35.9,10.95
6/23/2022,0,61,27.8,13.8,28.9,11.02
6/24/2022,0,64,30.1,14.7,32.4,12.61
6/25/2022,0,68,30.2,9.9,32.6,11.16
6/26/2022,0,68,31.2,21.8,32.3,12.92
6/27/2022,0,79,28.2,23.5,33,12.24
6/28/2022,0,63,30.8,5.8,31.2,11.37
6/29/2022,0,94,30.3,9.1,35.2,11.89
6/30/2022,0,79,30.6,18.2,35.2,13.04
7/1/2022,0,67,27.1,5.8,29.5,10.81
7/2/2022,14,90,30.3,18.7,33.6,11.95
7/3/2022,0,87,29.6,24.3,33.8,12.94
7/4/2022,0,78,33.1,17,35.1,12.38
7/5/2022,0,78,33.2,17.2,37.4,11.82
7/6/2022,5.5,63,30.2,17.1,31.2,10.83
7/7/2022,0,69,32.9,16.7,36.4,12.71
7/8/2022,0,77,35,24.5,39.1,12.27
7/9/2022,0,72,34.4,16.6,36.3,12.76
7/10/2022,0,98,29.8,12.7,34.5,12.99
7/11/2022,0,63,31.1,16.4,33.5,11.49
7/12/2022,0,81,31.2,5.2,35.8,12.2
7/13/2022,0,69,35,9.5,37.6,12.63
7/14/2022,0,93,28.5,6.9,34.2,12.19
7/15/2022,0,90,27.6,15.1,31.9,11.51
7/16/2022,19.6,96,30.5,23.5,35.9,13.31
7/17/2022,0,92,31.4,15,37.5,11.93
7/18/2022,0,82,25.8,6.4,30.7,11.33
7/19/2022,0,64,26.6,12.7,29.5,12.18
7/20/2022,0,89,34.2,13.2,38.4,13.34
7/21/2022,0,68,27.5,16.9,29,11.02
7/22/2022,6.2,82,32.4,13,36.6,12.95
7/23/2022,2.9,94,31.2,6.1,35.4,13.59
7/24/2022,0,90,29.1,11.8,33.6,11.76
7/25/2022,0,92,25,7.9,28.3,13.34
7/26/2022,1.4,72,34.1,19.5,35.6,12.26
7/27/2022,9.6,92,32.7,5.1,37.8,13.98
7/28/2022,0,98,28.4,15.2,33.4,11.12
7/29/2022,0,76,27,11.9,31.2,12.49
7/30/2022,0,70,30.7,20,32.5,12.97
7/31/2022,16.5,73,34.7,22.5,37.3,11.99
8/1/2022,0,76,33.7,18.8,37.5,11.49
8/2/2022,0,75,30.8,22.5,34.1,11.73
8/3/2022,0,95,29.6,5.6,33.3,12.39
8/4/2022,127.7,97,33.7,29.9,39.7,18.5
8/5/2022,0,87,26.8,5.7,32.4,12.42
8/6/2022,15.6,72,29.5,12.9,31.5,12.29
8/7/2022,0,92,26.6,10,32.3,11.93
8/8/2022,130.4,86,31.4,14.3,35.1,18.86
8/9/2022,0,68,35,7.5,36.8,12.57
8/10/2022,0,64,29.9,22.9,32.2,12.58
8/11/2022,0,72,34.4,15.8,36.8,11.03
8/12/2022,8.6,64,27.8,16.1,31.2,13.28
8/13/2022,0,76,30.6,16.7,33.8,12.26
8/14/2022,0,77,26.4,19.9,28.2,12.23
8/15/2022,0,66,34.5,22,36,11.09
8/16/2022,0,90,34,12,37.8,12.27
8/17/2022,6.4,79,34.6,6.4,39.1,12.58
8/18/2022,15.3,66,31.7,20.5,34.6,13.28
8/19/2022,5.7,96,25.6,12.6,30.6,12.34
8/20/2022,0,64,27.7,8.4,29.5,12.82
8/21/2022,0,68,27,15.4,29.2,11.41
8/22/2022,0,96,27.6,12.3,31.6,12.86
8/23/2022,0,66,26.3,5.7,27.2,12.44
8/24/2022,0,63,28.6,7.1,30.1,13.08
8/25/2022,0,97,33,9,38.2,11.29
8/26/2022,0,83,30.2,7.5,33.6,11.1
8/27/2022,1,71,26.3,14.1,27.6,12.09
8/28/2022,17.8,75,26.8,13.4,30,13.9
8/29/2022,0,68,25.3,16.3,28.6,10.9
8/30/2022,0,62,30.2,11.8,32.5,11.42
8/31/2022,0,85,26.2,21.7,29.4,11.59
9/1/2022,0,65,33,23.2,34.2,11.03
9/2/2022,0,60,30.3,22.7,32.1,10.92
9/3/2022,0,72,27,14.5,30.8,12.05
9/4/2022,0.3,96,28.7,19.4,35.3,12.83
9/5/2022,0,64,34.7,21.5,36.1,11.02
9/6/2022,0,84,32.3,17.8,36.7,11.13
9/7/2022,0,86,33.8,16.6,39.4,12.16
9/8/2022,0,70,30.3,24.3,33.4,12.77
9/9/2022,0,86,28.9,9,31.6,13.33
9/10/2022,0,89,29.3,10.9,34.5,11.85
9/11/2022,0,80,27.7,19.7,31.1,11.43
9/12/2022,0,74,27.7,6.7,30.9,11.93
9/13/2022,0,70,33.2,13.5,34.2,12.81
9/14/2022,0,79,29.2,21,32.9,13.08
9/15/2022,0,78,28.8,19.7,31.1,11.62
9/16/2022,0,64,33.9,8.5,36.8,11.94
9/17/2022,0,95,33.8,24.3,38.3,13.01
9/18/2022,0,78,31.1,23.8,33.2,12.63
9/19/2022,0,95,27,22.5,31.3,13.48
9/20/2022,18.7,73,30.5,23.6,33.3,13.13
9/21/2022,0,83,34.6,7.1,38.6,13.12
9/22/2022,0,87,25.8,15.2,30.6,12.15
9/23/2022,0,64,31.2,7,33.6,11.39
9/24/2022,0,87,31.7,11.3,35.9,13.17
9/25/2022,0,69,32.1,20.2,33.6,12.52
9/26/2022,0,97,28.2,20.3,34.5,11.26
9/27/2022,13.3,77,31.1,23.9,33.6,13.09
9/28/2022,0,97,26.1,9.9,31.3,13.51
9/29/2022,0,89,34.8,22.5,38.3,12.72
9/30/2022,0.2,78,34,7.7,38.6,12.73
10/1/2022,0,67,25.4,16.5,28.1,12.38
10/2/2022,0,73,26.5,21.8,30,12.53
10/3/2022,0,60,33,15.3,33.6,11.06
10/4/2022,19.7,67,32.2,21.4,34.9,12.55
10/5/2022,0,68,30,15.9,31.5,12.47
10/6/2022,0,92,25.5,5.4,30.3,11.82
10/7/2022,0,72,32.8,22.6,36.5,11.36
10/8/2022,9.5,80,28.6,14.1,32.1,11.93
10/9/2022,0,71,27.7,11.5,29.1,12.52
10/10/2022,0,77,25.4,19,28.3,13.11
10/11/2022,0,93,32.9,24.4,38.4,11.15
10/12/2022,0,80,34.7,6.8,38.7,12.23
10/13/2022,0,85,26.7,5.1,29.6,11.4
10/14/2022,14.3,82,34.1,23.6,37.6,11.69
10/15/2022,0,74,29,22.5,33.3,12.26
10/16/2022,0,64,27,20.6,29,11.5
10/17/2022,0,72,25.5,5.4,29,11.22
10/18/2022,0,68,33.1,8.2,34.9,10.83
10/19/2022,0,63,32.7,18.6,35.1,11.25
10/20/2022,0,67,34.7,14.6,36.2,11.14
10/21/2022,0,92,31.7,17.1,35.6,11.9
10/22/2022,0,85,27.2,8.5,30.8,12.6
10/23/2022,0,78,30.7,14.1,33.9,11.82
10/24/2022,0,86,25.5,24.7,29.7,12.99
10/25/2022,0,75,29.8,18,33.4,11.76
10/26/2022,0,62,29.3,13.2,29.6,10.64
10/27/2022,1.7,95,28,10.3,33.9,12.14
10/28/2022,0,71,34.2,18.1,36.2,11.62
10/29/2022,0,65,32.1,12.8,34.3,12.73
10/30/2022,0,79,33.1,12,36.6,11.72
10/31/2022,0,63,32.6,22.1,35.9,12.49
11/1/2022,0,82,30.8,22.8,33.2,12.35
11/2/2022,0,77,33.7,10.4,35.7,13.07
11/3/2022,0,75,25.7,14.4,28.8,11.18
11/4/2022,0,66,33.4,7,36.5,12.07
11/5/2022,0,64,25.3,6.2,28.3,11.31
11/6/2022,0,83,31,11.5,34.4,11.45
11/7/2022,0,63,30.9,23.7,31.5,11.37
11/8/2022,0,94,30.8,7.9,34.7,12.38
11/9/2022,0,84,25.9,10.1,31.1,12.92
11/10/2022,0,97,34.6,9.7,39.9,13.22
11/11/2022,0,98,33.5,18.1,40.1,11.62
11/12/2022,0,88,34.4,18.1,39.2,10.98
11/13/2022,0,92,32.4,5.4,38.1,12.96
11/14/2022,14.2,73,32.9,6.9,34.3,11.81
11/15/2022,0,82,26.6,7.5,29.6,12.13
11/16/2022,0,86,27.4,5,32.5,12.39
11/17/2022,5.3,94,26.1,15.3,30.2,11.53
11/18/2022,0,73,26.8,16.9,28.1,10.78
11/19/2022,0,92,29.6,11.3,33,11.06
11/20/2022,0,80,27.5,24.5,30.9,10.79
11/21/2022,0,72,28.1,21.2,30.3,10.77
11/22/2022,0,87,29.6,19.7,34.5,12.65
11/23/2022,0,92,28.3,23.8,32.2,12.53
11/24/2022,0,70,34.4,23.9,36.8,12.7
11/25/2022,0,61,35,18.6,36.4,10.83
11/26/2022,0,68,33.2,18.5,34.4,11.35
11/27/2022,0,63,33.2,15.4,36.3,12.19
11/28/2022,0,92,26.2,13.9,31.3,13.12
11/29/2022,9.5,77,28,6.5,30.4,13.62
11/30/2022,0,71,31.8,22.1,34.3,12.2
12/1/2022,7,63,26.9,19.6,27.2,10.82
12/2/2022,0,69,28.7,12.1,29.7,11.91
12/3/2022,0,78,29.1,9.3,32.7,12.79
12/4/2022,0,63,29.3,15.5,31.9,11.37
12/5/2022,0,67,29.9,11.9,31.7,11.72
12/6/2022,0,87,26.5,8.2,31,12.75
12/7/2022,0,92,29.4,6.2,34.4,13.46
12/8/2022,0,61,32.6,9.7,35.6,11.19
12/9/2022,0,77,29.7,6.6,32,13.03
12/10/2022,3.5,87,26.6,20.4,29.6,11.37
12/11/2022,0,68,27.1,21.7,30.3,10.66
12/12/2022,14.3,70,33,17.8,34.4,13.32
12/13/2022,0,65,26.1,21.9,27.8,11.54
12/14/2022,0,96,25.9,13.5,32,11.65
12/15/2022,14,76,34.2,9.6,38.1,13.22
12/16/2022,0,87,31,22.5,33.9,11.54
12/17/2022,0,66,27.5,24.9,30.4,12.69
12/18/2022,14.2,82,29.7,20.8,32.3,12.61
12/19/2022,0,63,27.7,10.4,30.2,10.69
12/20/2022,0,92,25.9,9.8,32,11.46
12/21/2022,6.1,90,34.6,22,39.3,12.43
12/22/2022,0,65,30.8,11.3,33.7,11.06
12/23/2022,0,76,33.6,13.3,37.9,12.72
12/24/2022,0,88,30.9,21.1,35.5,11.74
12/25/2022,0,93,30.4,21.1,36.4,13.12
12/26/2022,14.2,66,27.1,15.8,28.3,12.55
12/27/2022,0,85,31.6,22.4,36.8,12.01
12/28/2022,7,87,25.6,18.6,30.2,11.96
12/29/2022,0,65,28.8,5.3,32.1,12.09
12/30/2022,0,84,26.6,11.4,30.2,11.91
12/31/2022,15,81,25.9,16.6,29,11.98
1/1/2023,0,73,33.2,8.6,34.9,12.02
1/2/2023,0,70,32.3,20.7,36,12.29
1/3/2023,0,77,34.1,19.8,36.5,11.21
1/4/2023,0,73,27.1,6,30.6,11.03
1/5/2023,0,79,32.2,13.7,36.9,12.2
1/6/2023,12.3,96,28.6,6.8,34.5,12
1/7/2023,0,90,25.7,11.4,30,12.43
1/8/2023,0,87,32.9,14.1,37.2,13.2
1/9/2023,0,98,27,14.6,32.2,12.78
1/10/2023,8.6,63,31.8,16.7,32.3,11.94
1/11/2023,0,92,27.9,21.2,31.5,12.93
1/12/2023,0,88,30,18.7,34.9,11.45
1/13/2023,0.2,90,27.2,8.2,31.4,11.12
1/14/2023,0,81,27.3,23.7,30.2,13
1/15/2023,7.5,71,31.9,18.3,34.9,13
1/16/2023,0,85,25.6,18.4,29.6,12.35
1/17/2023,0,84,34.6,18.7,37.6,11.23
1/18/2023,0,98,34.6,8.9,39.2,12.29
1/19/2023,0,75,29.5,18.1,32.3,13.05
1/20/2023,0,84,29.6,13.8,34.8,11.66
1/21/2023,0,89,25.1,24.6,30.6,12.98
1/22/2023,0,84,25.5,13.7,28.7,12.69
1/23/2023,0,97,30.9,17.6,37.2,12.68
1/24/2023,0,76,32.1,19.2,36.5,12.34
1/25/2023,7.4,74,27.1,15.6,29.2,11.43
1/26/2023,10.3,86,25.3,8.3,28.2,13.81
1/27/2023,0,65,30.5,18.2,31.7,11.27
1/28/2023,0,63,33.3,8,34.5,12.91
1/29/2023,0,74,31.1,21.1,34.9,12.65
1/30/2023,0,85,32.2,16.5,37,12.55
1/31/2023,0,96,27.5,24.4,32.9,12.51
2/1/2023,14.6,81,34.7,15.9,38.5,12.29
2/2/2023,0.3,69,25.7,20.9,26.7,11.6
2/3/2023,0,60,31.2,21.8,33.1,12.88
2/4/2023,0,70,28.2,19.3,31.9,12.75
2/5/2023,0,69,34.9,13.2,36.5,11.85
2/6/2023,0,69,25.1,10,28.8,12.86
2/7/2023,0,67,25.8,13.8,28.1,10.84
2/8/2023,0,79,25.2,15.6,28.4,12.94
2/9/2023,0,73,30.7,7.4,34,11.15
2/10/2023,0,81,34.4,20.5,39.3,13.2
2/11/2023,10,69,28.6,7.5,31.4,11.22
2/12/2023,0,69,26,13.7,27.7,12.18
2/13/2023,0,87,30.7,12.2,34.3,13.3
2/14/2023,0,82,30.7,17.6,35.3,11.94
2/15/2023,0,61,31.2,17.7,33.2,12.64
2/16/2023,0,69,27.4,21.2,28.8,11.64
2/17/2023,9.4,86,30.4,16.3,34.6,11.88
2/18/2023,0,85,28.2,9.8,33.1,12.15
2/19/2023,0,80,25.8,25,30.3,11.33
2/20/2023,0,62,30,15.4,30.9,11.36
2/21/2023,10.1,74,32.7,23.5,36.7,11.39
2/22/2023,0,81,31.4,6.1,34.1,13.35
2/23/2023,2.4,69,33.9,9.8,37.1,12.7
2/24/2023,0,69,28.6,23,30.1,12.54
2/25/2023,0,86,25.3,9.8,29.4,11.8
2/26/2023,0,76,31.5,22.1,35.6,12.59
2/27/2023,0,86,29.8,5.8,33.1,11.6
2/28/2023,5.2,74,29.7,18.8,32.9,12.55
3/1/2023,0,75,27.9,13.8,31.5,12.83
3/2/2023,0,78,33.1,5.1,36.4,12.71
3/3/2023,5.4,74,29.9,13.3,34.2,13.02
3/4/2023,0,71,34.3,18.4,38.1,12.57
3/5/2023,0,94,32.7,5,37.7,12.97
3/6/2023,0,66,29.1,18.4,30.6,11.09
3/7/2023,0,74,29.3,8.3,32.5,12.6
3/8/2023,0,86,34.7,7.9,37.9,11.44
3/9/2023,0,61,34.4,17.9,35.6,12.39
3/10/2023,6.1,72,25.5,24,28.8,11.75
3/11/2023,0,77,29.9,8.4,32.5,11.75
3/12/2023,0,85,31.8,15.2,35.6,12.59
3/13/2023,0,89,32.1,24.2,37.6,11.89
3/14/2023,16,89,34.6,19.1,37.6,12.51
3/15/2023,0,74,28,22.4,29.8,11.43
3/16/2023,10.6,66,25.2,7.5,28,12.44
3/17/2023,0,92,28.2,8.2,32.6,11.07
3/18/2023,0,80,25.5,9,30.2,12.08
3/19/2023,17.1,73,28.2,20.6,30.5,13.19
3/20/2023,0,87,25.7,10.9,29,12.74
3/21/2023,0,64,33.1,7.4,34.2,12.85
3/22/2023,0,86,26.7,6.4,30.8,12.39
3/23/2023,7.1,79,25.6,11.3,29.2,13.63
3/24/2023,0,76,34,18.3,38.1,11.34
3/25/2023,0,87,30.1,13.2,34,12.42
3/26/2023,3.7,78,26,9.3,30,13.24
3/27/2023,0,67,34.7,8.4,38.3,10.73
3/28/2023,0,84,31.9,14.6,36.4,12.62
3/29/2023,4.9,68,25.1,15.1,26.8,11.28
3/30/2023,3,70,29.8,18,32.1,12.22
3/31/2023,0,80,27.3,7.4,30.8,12.48
4/1/2023,0,68,30.6,24.7,32.2,11.54
4/2/2023,9,84,30.5,13,33.3,11.64
4/3/2023,0,80,29.2,17.7,33.9,10.81
4/4/2023,0,66,25.7,17.2,27.6,13.02
4/5/2023,0,60,27.2,11.4,29.9,11.78
4/6/2023,0,85,27,11.5,30.4,12.5
4/7/2023,0,84,29.8,12,33.6,11.15
4/8/2023,8.7,71,32.1,22.7,33.6,11.9
4/9/2023,0,82,33.5,16.1,36.7,11.25
4/10/2023,0,60,29.5,6.5,31.5,10.61
4/11/2023,0,69,31.7,11.7,33.3,11.74
4/12/2023,0,78,31.8,10.8,34.5,11.43
4/13/2023,0,78,26.8,5.4,30.7,12.69
4/14/2023,0,77,34.2,7.1,38.1,13.22
4/15/2023,0,97,27.3,19.1,31.2,12.27
4/16/2023,0,80,28.9,12,32,12.01
4/17/2023,16.1,65,25.4,12.4,28.7,12.76
4/18/2023,0,78,32.1,23.6,36.6,11.79
4/19/2023,0,76,29.8,19.1,34.2,11.9
4/20/2023,44.6,65,34.4,17.4,35.5,12.91
4/21/2023,0,69,28.5,11.3,29.8,10.89
4/22/2023,14.3,91,31.2,15.6,34.4,12.32
4/23/2023,0,92,29.7,22.2,33.1,11.51
4/24/2023,0,90,33.8,8.3,37,11.66
4/25/2023,0,65,34.6,12.8,37.3,12.29
4/26/2023,14.3,73,33.9,22.3,37.2,12.59
4/27/2023,0,61,31.5,6.6,32.3,11.33
4/28/2023,0,87,32.8,9.5,36.8,11.13
4/29/2023,0,76,27.3,9.6,31.7,11.68
4/30/2023,0,63,30.2,18.6,30.5,10.6
5/1/2023,0,64,30.1,6.9,31.6,12.81
5/2/2023,0,62,34.2,13.1,35.8,11.84
5/3/2023,0,66,29.4,12.5,31.1,11.07
5/4/2023,0,65,34.9,12.4,37.5,11.95
5/5/2023,0,95,26.8,18.3,30.3,12.83
5/6/2023,0,65,34.7,13.3,36.6,12.55
5/7/2023,15.1,72,31,24.7,33.8,12.17
5/8/2023,0,88,26.6,16.7,30.4,10.96
5/9/2023,3,83,31.7,19.4,34.3,13.23
5/10/2023,0,69,27.5,24.4,30.2,11.47
5/11/2023,0,83,26.8,16.3,30.2,11.57
5/12/2023,19.6,66,29.9,8.2,30.5,11.73
5/13/2023,0,88,33.7,19.1,38,11.43
5/14/2023,0,88,34.9,12.9,39.9,11.55
5/15/2023,0,71,30.6,21.2,34.2,11.44
5/16/2023,0,80,31.8,7.5,35.1,13.06
5/17/2023,0,96,30.4,8.6,34.2,13.37
5/18/2023,0,64,28,7.5,30.8,12.53
5/19/2023,0,70,26.7,16.2,29.1,12.7
5/20/2023,0,87,26.8,21.4,31,12.66
5/21/2023,0,83,31.2,8.4,35.6,12.06
5/22/2023,0,76,25.5,19.1,28.3,11.32
5/23/2023,0,61,34.8,10.3,36.8,11.49
5/24/2023,0,84,30.3,21.5,32.7,12.98
5/25/2023,0,87,28.8,15.6,32.6,12.73
5/26/2023,0,73,27,18.1,30.9,11.97
5/27/2023,0,76,28,9.1,31.2,11.21
5/28/2023,0,75,31.9,17.6,36.2,12.38
5/29/2023,0,97,33.5,11,39.7,11.18
5/30/2023,0,77,34.6,8.7,36.9,12
5/31/2023,18,81,27.7,13.4,31.8,12.75
6/1/2023,12.9,72,32.3,8.1,33.7,11.39
6/2/2023,7.3,72,25.3,21.8,27.9,11.41
6/3/2023,0,91,28.6,13.6,33,12.18
6/4/2023,0,78,33.5,12.8,37.6,12.82
6/5/2023,0,63,26.2,11.8,28.6,10.72
6/6/2023,0,67,27,12.7,28.1,11.78
6/7/2023,0,97,34,16.6,38.1,12.59
6/8/2023,0,82,33.4,7.7,35.9,13.35
6/9/2023,0,78,34.6,22.1,38,11.53
6/10/2023,0,64,29.5,22.5,32.4,12.93
6/11/2023,0,81,33,19.5,37.6,11.54
6/12/2023,0,88,33.2,21.1,38.4,13.3
6/13/2023,0,64,25.5,9.7,28.4,11.92
6/14/2023,0,93,32.4,14.9,37.9,11.01
6/15/2023,0,94,34.9,15.6,38.7,12.68
6/16/2023,11.5,92,29,8.5,33.4,13.28
6/17/2023,0,72,29.1,14,32.8,11.4
6/18/2023,0,75,31.5,17.3,35.1,12.55
6/19/2023,4.2,95,25.3,24.8,31,12.81
6/20/2023,0,74,33.7,19.5,36.8,10.73
6/21/2023,0,69,28.1,14.7,30.8,11.78
6/22/2023,0,81,34.2,12.3,36.9,11.94
6/23/2023,0,64,31.2,6.7,33.1,10.88
6/24/2023,13.8,62,29.2,7.7,29.6,11.31
6/25/2023,0,74,27.3,10.4,28.7,11.24
6/26/2023,0,88,28.7,22.6,32.3,11.77
6/27/2023,0,83,29,13.7,31.7,13.27
6/28/2023,0,85,28.8,22.2,33.5,12.13
6/29/2023,0,97,29.5,12.8,35.8,11.51
6/30/2023,0,72,27.3,14.1,29.1,12.92
7/1/2023,0,70,31.5,16.4,35.1,11.01
7/2/2023,0,77,27.4,18.1,31.3,10.89
7/3/2023,1.3,84,33.5,11.1,36,11.93
7/4/2023,0,78,26.4,5.7,31.1,11.44
7/5/2023,0,89,25.2,6.2,30,11.76
7/6/2023,15.9,84,30.6,5.2,33,14
7/7/2023,0,61,28.9,5.6,29.8,10.92
7/8/2023,0,89,27.6,22,31.8,11.64
7/9/2023,0,72,33.8,15.3,36.3,11.8
7/10/2023,0,93,30.4,15.6,35.2,11.57
7/11/2023,11.1,77,33.2,10.8,36.2,11.44
7/12/2023,0,68,28.1,19.8,30.1,11.44
7/13/2023,0,95,29.9,6.5,34.9,11.86
7/14/2023,0,75,30.6,24.2,34.4,13.03
7/15/2023,0,73,34.6,8.3,37.7,12.63
7/16/2023,7.8,94,30.9,12.1,37.1,12.21
7/17/2023,0,78,29.3,5.6,32.4,12.92
7/18/2023,0,77,29.5,22.7,32,13.16
7/19/2023,13.8,94,30.4,14.9,33.9,13.72
7/20/2023,0,79,28.5,5.2,31.7,12.63
7/21/2023,0,86,26.8,11.6,32,12.72
7/22/2023,0,75,31.2,9.6,33.1,12.18
7/23/2023,7.1,95,27.6,6.2,32.3,12.75
7/24/2023,0,96,33.8,7.1,39.9,12.8
7/25/2023,6.8,66,32.4,22.5,35.9,11.51
7/26/2023,0,84,28.7,7.4,32.1,13.35
7/27/2023,0,94,25.1,19.6,31,12.13
7/28/2023,0,95,33.6,8.6,38.7,12.36
7/29/2023,0,77,26,14.7,30.3,13.2
7/30/2023,0,80,31.9,21.7,36.5,12.06
7/31/2023,0,76,30.1,6.1,32,12.07
8/1/2023,0,77,32.6,18.9,36.8,11.5
8/2/2023,0,67,32.7,10.8,34.1,11.66
8/3/2023,0,77,26.4,9.3,29.5,11.78
8/4/2023,0,84,32.3,7.3,36.7,12.58
8/5/2023,0,88,32.8,16.8,38.4,12.77
8/6/2023,0,64,28.2,9.6,30.3,11.98
8/7/2023,0,93,34.8,24.4,40.2,12.24
8/8/2023,0,67,25.6,6.3,27.9,13.07
8/9/2023,0,82,25.9,22.1,31.1,11.59
8/10/2023,11.9,85,31,16.2,35.7,12.81
8/11/2023,4.1,97,31.8,24.1,36.1,12.54
8/12/2023,19.3,98,31.2,8.7,36.6,12.59
8/13/2023,0,98,26.4,19.8,30.5,11.13
8/14/2023,10.3,93,33.2,9.4,36.9,13.7
8/15/2023,0,73,29.6,7.2,31.3,11.72
8/16/2023,18.6,82,28.9,22.9,31.3,13.1
8/17/2023,0,86,27.2,6.8,30.1,12.06
8/18/2023,0,67,25,15.8,28,11.99
8/19/2023,0,76,34.9,7.5,36.8,12.06
8/20/2023,0,82,30.9,15.1,35.6,11.16
8/21/2023,12,73,29.3,22.3,31.8,13.35
8/22/2023,0,85,34.4,16.1,39.1,12.58
8/23/2023,0,74,26.1,22.4,29.2,11.87
8/24/2023,0,83,30.8,18.5,34.1,11
8/25/2023,7,83,31.2,18.7,35.2,12.08
8/26/2023,0,73,27.7,21.1,31.4,13.01
8/27/2023,0,63,28.6,20,29.5,10.98
8/28/2023,0,89,33.9,17.7,38.1,13.07
8/29/2023,0,81,31.7,8.2,35,11.75
8/30/2023,0,61,30.7,22.4,31.1,10.92
8/31/2023,0,93,25.2,17.6,28.9,12.87
9/1/2023,0,79,34.8,18.5,37.6,12.59
9/2/2023,0,90,26.7,17.3,30.6,13.08
9/3/2023,0,81,28.7,21.6,30.9,11.24
9/4/2023,12.4,62,26.9,11.1,28.8,12.21
9/5/2023,0,81,29,5.7,33.5,12.25
9/6/2023,0,95,31.2,7.9,34.9,12.94
9/7/2023,0,78,28.9,9.5,33.2,12.54
9/8/2023,0,74,34.8,14.1,39.1,12.6
9/9/2023,0,93,34,9.7,39.8,11.22
9/10/2023,0,81,26,7.9,29.1,12.26
9/11/2023,0,75,27.6,10.2,29.1,13.05
9/12/2023,0,94,29.4,18.7,35.6,13.34
9/13/2023,0,78,32.7,15.9,35.9,11.96
9/14/2023,0,71,31.9,18.9,35.8,12.8
9/15/2023,0,80,25.2,18,28.1,12.48
9/16/2023,0,94,29.5,15.3,33.1,13.3
9/17/2023,0,61,27.6,5.1,28.8,10.65
9/18/2023,8.9,70,34.3,14.3,36.9,12.84
9/19/2023,0,64,28.8,22.4,29.6,10.88
9/20/2023,0,84,27.4,7.1,30.6,12.3
9/21/2023,0,64,27.8,11.1,30.3,11.76
9/22/2023,0,95,30.4,22,34.9,12.7
9/23/2023,0,81,30.4,13.1,35.1,12.64
9/24/2023,0,77,31.3,11.3,33,11.45
9/25/2023,0,76,26.4,16.8,29.9,12.12
9/26/2023,0,76,34.6,12,38.4,11.55
9/27/2023,0,64,25,22.3,25.8,11.39
9/28/2023,12.2,82,29.1,8.9,32.7,13.18
9/29/2023,0,88,32.3,15.6,35.7,11.38
9/30/2023,0,60,26.7,13.1,27.4,11.89
10/1/2023,0,93,28.7,14.4,33.1,11.03
10/2/2023,0,65,33.8,5.8,36.5,11.94
10/3/2023,0,73,31.9,20.8,33.6,11.9
10/4/2023,0,60,28.2,5.4,29.2,11.72
10/5/2023,15.7,83,30.8,14.7,34.2,12.59
10/6/2023,0,60,31.6,19.2,31.7,11.83
10/7/2023,0,92,30,22.6,33.9,11.11
10/8/2023,0,90,30.6,21.6,34.6,12.63
10/9/2023,0,83,25.2,15.8,28,12.25
10/10/2023,7.1,83,27.6,6.6,30.3,13.13
10/11/2023,2.3,62,29.7,15.6,32.1,11.62
10/12/2023,0,90,33.2,15.6,36.2,10.96
10/13/2023,0.4,60,26.4,15.4,29.3,12.14
10/14/2023,0,90,25.9,10,30.7,11.78
10/15/2023,0,92,27.5,22.2,32.7,12.16
10/16/2023,0,83,27.1,13.9,30.7,11.68
10/17/2023,0,80,27.4,5.3,30,13.19
10/18/2023,14.9,66,33.9,20,35.3,11.17
10/19/2023,0,72,34.5,23.1,36.4,12.32
10/20/2023,0,89,28,16.4,33.3,12.89
10/21/2023,0,71,27.1,8.8,28.9,12.61
10/22/2023,0,80,26.8,11.7,29.2,12.33
10/23/2023,0,68,26.1,20.4,28.3,11.58
10/24/2023,0,68,29.1,5.3,30.6,12.54
10/25/2023,0,69,31.3,7.9,33.5,12.26
10/26/2023,0,86,31.5,7.1,35.8,11.07
10/27/2023,0,75,34.5,23.7,36.9,12.92
10/28/2023,0,65,34.6,13.5,37.7,12.84
10/29/2023,0,69,30.8,14.2,33,11.86
10/30/2023,0,75,28.9,22.8,32.8,12.01
10/31/2023,0,97,25.5,10.5,30.6,13.55
11/1/2023,0,91,26,9.3,31.3,12.32
11/2/2023,0,84,32,21.2,37.1,12.01
11/3/2023,0,62,28.3,9.4,31,11.46
11/4/2023,35.1,97,25,9.3,31.4,15.21
11/5/2023,0,93,29.6,8.3,35,11.74
11/6/2023,0,82,34.7,23.9,39.8,10.82
11/7/2023,0,61,33.7,22.4,35.7,11
11/8/2023,0,68,28,18.6,30.5,11.65
11/9/2023,0,88,25.6,20.8,30.4,11.68
11/10/2023,0,67,28.6,8.6,29.3,11.64
11/11/2023,17.6,91,26.8,14.5,32.7,12.33
11/12/2023,0,93,28.8,5.4,34.5,12.83
11/13/2023,0,84,28.8,15,32.9,13.26
11/14/2023,15.4,86,33.7,14.9,37,12.66
11/15/2023,0,78,30.6,8.4,35.1,11.19
11/16/2023,0,75,33.7,24,38,13.09
11/17/2023,0,64,30,14,30.9,12.87
11/18/2023,0,96,30.6,22.5,34.3,11.42
11/19/2023,0,72,32.5,17.8,35.4,11.18
11/20/2023,0,72,29.1,18,30.5,12.11
11/21/2023,0,95,33.4,13.5,38.7,11.51
11/22/2023,0,76,28.9,23.1,31.8,12.34
11/23/2023,3.6,88,32,13.4,35.7,12.68
11/24/2023,0,91,31.4,13,37.4,11.09
11/25/2023,0,67,31.9,24.7,35.5,11.45
11/26/2023,0,85,29.7,12.5,34.3,12.49
11/27/2023,0,94,29.5,17.9,34.8,12.96
11/28/2023,0,60,27.8,8,29.4,12.81
11/29/2023,11.5,65,29.9,16.4,32.6,11.56
11/30/2023,0,74,27.2,20,30,11.23
12/1/2023,0,95,34.3,5.5,38.4,11.54
12/2/2023,0,64,26.4,8.7,27.6,13.1
12/3/2023,0,66,30.1,23.9,33.1,11.39
12/4/2023,0,86,27.6,6.8,33,11.61
12/5/2023,0,78,25.4,11.6,28.7,11.81
12/6/2023,0.4,66,26.5,7.5,29.9,12.43
12/7/2023,0,73,31.5,7.6,33.7,11.05
12/8/2023,0,67,28.7,17.7,29.4,11.77
12/9/2023,0,67,28.6,18.1,30.7,12.71
12/10/2023,16.2,79,33.1,6.6,35.4,12.09
12/11/2023,6.5,78,33.7,20.3,37,11.2
12/12/2023,13.8,85,25.2,21.6,29.3,13.46
12/13/2023,0,90,28.9,10.5,34.8,12.63
12/14/2023,0,64,34.5,17.3,35.2,12.56
12/15/2023,3.2,62,30.5,19.5,33.2,10.82
12/16/2023,9.3,79,30.4,23.5,34.8,12.3
12/17/2023,156.4,83,27.6,44.7,30,19.91
12/18/2023,0,80,28.2,18.8,31.3,11.72
12/19/2023,16.8,73,30.6,21,32.9,12.04
12/20/2023,0,97,28.2,16.7,32.4,12.16
12/21/2023,0,70,25.5,10.9,26.6,11.5
12/22/2023,0,82,32.6,8.7,37.2,11.67
12/23/2023,0,66,30.6,17.5,33.3,10.81
12/24/2023,0,70,25.5,22.5,28.1,12.08
12/25/2023,0,90,33.6,13.2,38.2,11.73
12/26/2023,8.2,90,30.9,19.2,36.3,11.49
12/27/2023,0,90,34.1,12.7,38,12.24
12/28/2023,0,75,33.6,18.1,36.6,11.84
12/29/2023,0,76,34.3,6.7,36.2,11.44
12/30/2023,0,66,33.8,23.7,35.1,11.3
12/31/2023,0,94,31.3,19.8,36.8,13.08
1/1/2024,0,88,33.8,16.1,38,12.19
1/2/2024,0,68,32.3,9,35.8,12.96
1/3/2024,0,77,26.5,21,30,12.22
1/4/2024,0,61,33.8,10.7,36.5,11.97
1/5/2024,12.2,76,29.5,6.8,31.6,13.14
1/6/2024,0,92,34.3,7.7,37.8,11.57
1/7/2024,0,87,25.3,11.6,29,12.72
1/8/2024,0,74,34,8.2,38.3,12.93
1/9/2024,0,88,26.6,13.5,29.5,12.68
1/10/2024,0,86,30.6,19.2,35.2,11.67
1/11/2024,0,75,34,15.2,37.3,12.92
1/12/2024,0,92,27.3,7.8,32.2,11.56
1/13/2024,0,65,30.9,15.3,32.5,12.32
1/14/2024,0,78,34.1,18.7,36.2,11.63
1/15/2024,0,75,29.7,22,33.2,13.09
1/16/2024,0,93,34.8,13.6,39.1,11.06
1/17/2024,19.3,77,30.6,13.1,33,11.73
1/18/2024,0,79,29.8,18,32.9,12.34
1/19/2024,11.9,67,34.2,14.7,36.5,13.59
1/20/2024,0,68,29,9.4,30.5,11.5
1/21/2024,0,94,34.2,5.3,39,11.25
1/22/2024,19.7,96,30.5,10.3,35.3,12.91
1/23/2024,0,77,32.5,12.2,36.3,10.93
1/24/2024,0,85,33.5,15.8,38.3,11.16
1/25/2024,0,83,28.2,7.1,33.2,13.32
1/26/2024,0,76,32.4,13.3,34.8,12.79
1/27/2024,0,90,32.4,16.5,35.9,11.79
1/28/2024,18.7,74,30.7,15.4,34.9,13.3
1/29/2024,0,71,26.8,15.1,29.1,12.55
1/30/2024,0,93,33.3,8.8,38.8,13.44
1/31/2024,16.3,64,27.6,21.8,29.3,12.96
2/1/2024,0,93,28.2,11,32.4,11.07
2/2/2024,0,86,32.3,5.4,35.2,12.38
2/3/2024,0,94,27.3,10.3,31.3,11.99
2/4/2024,0,61,28,8.4,31,10.73
2/5/2024,0,77,27.8,12.5,30.5,12.46
2/6/2024,15.9,85,32.4,20.4,36.7,12.83
2/7/2024,0,90,30,5.4,35.5,11.21
2/8/2024,0,88,33.8,5.1,37.6,13.47
2/9/2024,4.9,71,33.3,6.6,34.6,11.76
2/10/2024,0,77,33.5,24.3,37.7,12.91
2/11/2024,0,72,32.9,17.5,36.7,11.32
2/12/2024,0,95,27.8,8.6,33.8,11.34
2/13/2024,13.7,68,32.9,20,36.6,12.42
2/14/2024,0,87,25.6,5.6,29.5,12.96
2/15/2024,0,78,25.3,22.7,27.4,12.95
2/16/2024,0,61,26,24.8,28.6,10.71
2/17/2024,0,61,32.7,21.8,33.7,11.04
2/18/2024,0,94,25.6,5.9,30.4,12.26
2/19/2024,0,61,30.1,14.6,32.3,11.14
2/20/2024,15,68,30.5,10.4,33.1,12.93
2/21/2024,0,86,32.2,5.7,37.4,12.98
2/22/2024,0,68,31.5,8.4,33.1,10.67
2/23/2024,0,62,30.6,13,32.1,10.75
2/24/2024,0,60,34.5,5.2,36.5,13.02
2/25/2024,0,94,34.3,17.8,39.3,12.14
2/26/2024,0,81,25.4,23.5,29.5,11.24
2/27/2024,0,63,31.1,8.1,33.9,12.02
2/28/2024,17.3,89,31.9,23.7,37.5,11.96
2/29/2024,0,73,33.7,5.9,35.5,12.78
3/1/2024,0,73,33.2,7.4,36.9,11.46
3/2/2024,0,96,33.3,12.9,38.3,12.39
3/3/2024,0,60,27.6,18.6,28.8,10.69
3/4/2024,0,94,27,10.9,31.6,13.12
3/5/2024,0,79,31.9,10,36.6,12.98
3/6/2024,0,94,32.7,24.9,36.5,11.99
3/7/2024,0,71,32.1,19.4,34.9,12.07
3/8/2024,0,66,33.3,8.8,35.3,12.91
3/9/2024,0,78,28.3,15.9,30.9,13.12
3/10/2024,8.4,97,28.1,13.8,32.1,12.72
3/11/2024,0,82,26.5,11.2,29.7,10.91
3/12/2024,0.6,95,34.8,6.3,39.3,13.57
3/13/2024,0,63,32.8,18.7,35.7,10.84
3/14/2024,0,94,30.7,23.1,35.7,11.69
3/15/2024,0,85,31.1,21.6,35.6,12.33
3/16/2024,0,97,29.5,20.3,34.1,12.52
3/17/2024,0,79,26,11.2,30,12.53
3/18/2024,0,94,26.1,7.3,32.1,13.33
3/19/2024,0,68,25.2,25,26.6,11.74
3/20/2024,0,83,32.4,8.8,34.7,12.88
3/21/2024,0,71,32.6,6,36.7,11.37
3/22/2024,0,90,34,21.5,38.6,11.96
3/23/2024,0,88,28.1,17.2,32.5,13.24
3/24/2024,0,67,27.4,16.1,29.2,10.6
3/25/2024,0,82,32,17.6,35.7,12.66
3/26/2024,0,91,27.1,14.5,31.3,12.8
3/27/2024,0,81,25.4,21.7,30.3,10.86
3/28/2024,0,98,28.3,8.8,33.9,13.47
3/29/2024,0,92,31.1,21.4,37.4,13.22
3/30/2024,0,97,31.7,18,38.1,11.71
3/31/2024,0,76,32.3,24,36.5,11.57
4/1/2024,0,95,27.7,13.5,32.8,11.78
4/2/2024,0,60,25,6.2,27.5,11.39
4/3/2024,0,89,26.9,23.6,32.2,12.71
4/4/2024,0,89,28.1,19.9,32.9,11.59
4/5/2024,0,94,31.5,13.7,35.1,12.18
4/6/2024,0,72,35,10.9,39,12.26
4/7/2024,0,88,33.9,16,37.7,11.71
4/8/2024,0,67,31.9,6.3,34,11.27
4/9/2024,0,72,31.6,17.9,34,12.21
4/10/2024,0,77,32.6,21.7,34.4,12.13
4/11/2024,0,63,31.6,6.9,34.3,12.9
4/12/2024,0,98,31.2,9.1,36,11.52
4/13/2024,0,83,26.7,8.2,30.4,11.64
4/14/2024,18,61,25.4,11,28.1,11.66
4/15/2024,0,87,27.9,9.6,32.2,11.94
4/16/2024,0.5,82,28.4,19.3,32.2,12.07
4/17/2024,12.5,64,26.3,19.1,27,13.4
4/18/2024,0,88,25,16.5,29.8,12.33
4/19/2024,18.2,96,26.1,22.9,31.7,12.41
4/20/2024,0,94,27.3,15.2,32,13.01
4/21/2024,1.2,69,33.7,10.6,35.3,12.59
4/22/2024,0,88,29.5,13.2,32.9,13.32
4/23/2024,0,63,32.8,6.5,34.1,11.23
4/24/2024,0,65,26.8,18.2,27.4,12.03
4/25/2024,0,76,27,8.7,30.4,11.63
4/26/2024,0,75,27.3,22,29.8,12.4
4/27/2024,0,83,33.8,16.1,36.9,11.87
4/28/2024,0,78,29.3,19.5,32.7,10.87
4/29/2024,0,95,26.1,5.8,31,12.03
4/30/2024,0,76,26.1,9.8,27.9,12.15
5/1/2024,0,78,33.8,23.6,37.4,11.59
5/2/2024,0,95,30.1,23.8,33.9,10.97
5/3/2024,0,98,33.9,8.8,39.8,13.52
5/4/2024,0,64,33.7,12,36.1,11.18
5/5/2024,0,66,29.8,9.7,32.8,12.76
5/6/2024,3.3,96,25.5,13.5,30.6,12.16
5/7/2024,0,82,33,24,37.5,11.01
5/8/2024,16.7,82,33.7,18.8,38.1,13.81
5/9/2024,0,96,34.2,14.6,39.5,11.73
5/10/2024,0,68,25.8,18.4,26.7,11.62
5/11/2024,0,63,31.2,19.5,33.7,12.93
5/12/2024,0,76,28.4,16,32.5,11.8
5/13/2024,1.3,70,34.5,13.3,35.8,11.68
5/14/2024,1.7,67,27.9,19.6,29.5,11.8
5/15/2024,0,78,29.7,15.5,32.8,12.58
5/16/2024,0,67,35,11.2,38.3,10.7
5/17/2024,0,92,26.6,18.8,32.1,12.31
5/18/2024,0,98,27.9,18,31.7,11.4
5/19/2024,0,80,26.6,24.5,29.7,12.21
5/20/2024,3.8,85,31.7,22.4,36.9,11.57
5/21/2024,0,75,31.8,13.2,34.6,12.83
5/22/2024,15.8,64,29.3,15.1,32.6,11.87
5/23/2024,0,96,27.3,23.4,31.5,12.97
5/24/2024,0,92,28.3,21.1,33.6,12.39
5/25/2024,0,92,29.6,22.7,33.6,11.84
5/26/2024,0,88,29.7,23.4,33.9,11.21
5/27/2024,0,82,25.3,22.9,28.2,11.83
5/28/2024,0,83,30.9,18,34.7,11.3
5/29/2024,0,65,31.8,23.3,32.7,12.74
5/30/2024,8.4,62,33.4,12.1,35.2,13
5/31/2024,1.9,63,31.1,23.8,34.3,11.06
6/1/2024,0,78,27.1,9.5,29.7,13.01
6/2/2024,0,91,30.6,20.8,36.2,12.28
6/3/2024,0,72,28.1,16.6,31.7,11.64
6/4/2024,0,88,26.4,12.4,32,11.85
6/5/2024,0,93,27.9,17.2,33.4,11.44
6/6/2024,0,69,32.1,13,33.9,10.87
6/7/2024,0,76,29.2,6.5,31.5,11.37
6/8/2024,0,95,28.3,19.5,34.7,13.12
6/9/2024,0,61,29.1,10.3,31.5,11.33
6/10/2024,4.3,80,26.7,17.4,29.3,12.66
6/11/2024,13.7,97,34.2,11.9,39.1,13.92
6/12/2024,0,89,34.2,15.8,37.6,12.55
6/13/2024,0,96,26.9,20.7,31.8,12.07
6/14/2024,0.6,90,27.9,18,31.8,11.72
6/15/2024,0,66,34.8,13.1,35.8,10.56
6/16/2024,0,91,25.6,7.4,30.5,13.33
6/17/2024,0,75,31.1,10.2,33.3,11.61
6/18/2024,0,69,34.3,11,35.9,12.77
6/19/2024,0,91,32.2,13,36.1,13.15
6/20/2024,0,64,33.7,7.8,35.5,12.78
6/21/2024,3.4,93,29,24.3,35,13.47
6/22/2024,0,81,28.1,23.6,31.7,12.07
6/23/2024,0,95,32.7,13.5,36.6,13.05
6/24/2024,0,85,33.6,13.8,36.9,13.14
6/25/2024,0,73,28.6,14.4,32.4,11.85
6/26/2024,0,61,30.7,15.6,30.9,11.06
6/27/2024,0,68,26.7,5,28.2,12.57
6/28/2024,0,76,33.1,5.6,37.2,13.28
6/29/2024,0,91,33.8,20.6,39.2,13.31
6/30/2024,0,84,28.9,17.2,31.7,13.2
7/1/2024,5.8,78,28.3,6.8,32.9,12.55
7/2/2024,0,95,34.9,14.6,41.1,12.31
7/3/2024,0,69,32.3,22.8,33.2,11.57
7/4/2024,0,93,30.5,20.9,35.1,12.68
7/5/2024,18.6,85,31.1,5.7,35.5,11.85
7/6/2024,0,94,25,20.8,31.2,11.18
7/7/2024,0,91,29.2,20.6,32.8,11.75
7/8/2024,0,91,28.6,14.9,33.5,13.38
7/9/2024,0,87,32.2,10.7,36.1,12.21
7/10/2024,0,75,31.9,22.9,36.2,12.83
7/11/2024,0,96,27.7,15.5,33.3,11.3
7/12/2024,0,97,30.1,13.7,35.4,11.92
7/13/2024,0,70,32.6,7.4,35.8,13.02
7/14/2024,0,94,28.7,14.7,34.5,13.51
7/15/2024,0,64,31.6,13.3,33.9,11.98
7/16/2024,0,90,34.8,20.2,40,11.46
7/17/2024,0,60,25.8,15.1,27,11.44
7/18/2024,14,95,33.5,13.5,37.5,13.87
7/19/2024,0,79,31.6,22.2,36.4,11.49
7/20/2024,0,66,32.8,24.7,34.7,11.04
7/21/2024,9.5,74,34.4,22.4,36.2,13.44
7/22/2024,0,92,29.9,14.4,35.6,12.51
7/23/2024,0,95,28.5,18.1,34.2,12.14
7/24/2024,17.5,85,32.9,18.9,36.1,13.26
7/25/2024,0,83,30.9,12.2,33.4,11.38
7/26/2024,0,72,27.1,17.3,31.2,11.67
7/27/2024,0.5,85,32.5,25,35.8,12.6
7/28/2024,0,71,30.4,9.1,33.9,11.22
7/29/2024,0,65,27.2,11.5,28.8,11.31
7/30/2024,0,81,31.5,23.7,35.5,11.38
7/31/2024,6.3,63,32.5,8.8,32.8,11.21
8/1/2024,12.4,82,32.3,13.1,35.6,13.86
8/2/2024,0,95,25.3,17.6,29.9,13.07
8/3/2024,0,89,26.3,16.4,31,11.39
8/4/2024,0,97,28.2,17.6,33.6,11.83
8/5/2024,0,71,30.8,17.7,34,13.13
8/6/2024,0,61,26.3,20.3,26.6,12.22
8/7/2024,0,76,33.5,7.6,35.9,11.05
8/8/2024,0,78,29.8,24.2,33,10.86
8/9/2024,17,82,27.2,20.6,30,11.76
8/10/2024,0,93,26.6,5.3,31.1,11.92
8/11/2024,0,62,25.5,21.5,26.2,12.89
8/12/2024,0,81,33.9,14.5,37.7,13.23
8/13/2024,0,64,34.3,19.6,35.8,12.28
8/14/2024,0,69,34.5,7.1,37.2,12.13
8/15/2024,0,93,28,8.4,33.8,11.33
8/16/2024,0,85,30.1,22.6,33.8,11.3
8/17/2024,0,60,26.1,11.8,29.1,12.84
8/18/2024,0,96,32.9,6.1,38.2,13.2
8/19/2024,16.7,68,34.5,5.4,38.1,13.62
8/20/2024,0,95,27.1,18.8,32.1,12.07
8/21/2024,0,72,25.8,10.4,28,11.51
8/22/2024,0,97,33.8,8.6,39.3,13.56
8/23/2024,0,93,27.6,17,33.9,13.04
8/24/2024,0,84,31.7,19.3,36.8,11.79
8/25/2024,0,64,31,8.5,34.2,11.5
8/26/2024,0,79,29.2,8.3,31.9,12.65
8/27/2024,1.5,67,34.4,13.8,37,11.65
8/28/2024,0,66,29.7,13,30.4,12.16
8/29/2024,0,75,34.4,22,38.8,12.55
8/30/2024,0,61,29,14.3,30.6,12.25
8/31/2024,0,85,27.7,16.4,31.5,12.74
9/1/2024,0,63,32,10.3,32.3,11.76
9/2/2024,0,78,31.3,23.8,33.8,12.4
9/3/2024,9.8,98,27.8,8.3,34.1,13.26
9/4/2024,0,95,31.4,8.5,35.2,11.85
9/5/2024,0,94,28.3,5.6,32.5,12.56
9/6/2024,8.6,85,33.2,21.6,35.7,12.17
9/7/2024,0,71,31.6,18.2,33.6,11.73
9/8/2024,0,83,32.3,7.7,37.1,12.73
9/9/2024,0.5,84,28.1,23.8,30.9,12.25
9/10/2024,18.3,60,27.9,22.5,28.1,11.27
9/11/2024,0,95,34.1,23.5,38.7,11.95
9/12/2024,0,96,26.9,10.4,32.9,11.83
9/13/2024,0.2,72,27.5,9.7,28.8,11.42
9/14/2024,8.6,68,28.8,23.9,29.7,11.08
9/15/2024,0,61,26.1,13.1,27.9,12.15
9/16/2024,0,77,34.4,16.9,37,11.29
9/17/2024,0,70,29.7,7.4,32.1,12.82
9/18/2024,0,64,32.2,18.4,33.7,11.17
9/19/2024,0,64,28.1,23.7,29,10.99
9/20/2024,11.1,78,28.1,5.6,31.8,11.77
9/21/2024,0,77,26.3,13.4,29.2,13.18
9/22/2024,0,70,28.6,14.7,29.9,12.48
9/23/2024,7.1,96,34.8,24,40.8,12.48
9/24/2024,0,72,25.4,14.8,28.3,12.6
9/25/2024,4.4,84,31.7,15.3,35.4,13.54
9/26/2024,0,80,31.8,5.9,34.8,11.44
9/27/2024,0,97,31.3,15.4,35.3,11.68
9/28/2024,0,61,32.8,6.8,34,10.96
9/29/2024,0,63,29.2,9.5,31.3,10.91
9/30/2024,2.5,89,31.7,9.7,37,11.42
10/1/2024,0,80,34.4,21.4,38.3,11.91
10/2/2024,0,67,30.8,9.5,32.9,13.05
10/3/2024,0,92,32.6,19.3,38.3,11.36
10/4/2024,0,65,30.5,13,31.1,11.39
10/5/2024,14.6,61,32.7,21,34.1,11.63
10/6/2024,16.8,60,32.3,7.6,32.7,11.29
10/7/2024,0,80,27.5,23.1,29.8,12.98
10/8/2024,0,72,30.7,18.8,33.9,11.6
10/9/2024,0,66,33,10.2,33.9,12.08
10/10/2024,0,67,28.7,11.4,32.2,12.54
10/11/2024,0,73,31.2,24.3,35.4,11.87
10/12/2024,0,69,32.3,13.3,34.9,11.68
10/13/2024,0,97,25.8,22.7,32,11.58
10/14/2024,0,71,33.1,9.1,34.6,11.76
10/15/2024,0,71,26,10,29.7,13.03
10/16/2024,0,67,35,19.1,37.3,11.13
10/17/2024,0,69,28.7,21.8,31.9,11.06
10/18/2024,0,64,26,23.2,28.7,10.61
10/19/2024,5.3,67,34.7,16.7,38,11.77
10/20/2024,10.5,79,28.4,11.3,31.8,12.91
10/21/2024,0,60,25.5,7.7,28.4,12.83
10/22/2024,0,67,30,7.3,33.3,12.67
10/23/2024,98.6,93,28.3,13.9,33.3,17.07
10/24/2024,0,89,34.9,20,38,11
10/25/2024,0,85,28.4,16.3,31.8,12.46
10/26/2024,0,64,27.8,20.5,29.4,11.75
10/27/2024,0,68,26.7,16.3,29.2,13.13
10/28/2024,0,73,30.7,12.8,33.1,11.18
10/29/2024,0,82,28.1,17.6,33,12.8
10/30/2024,0,92,26.1,7.7,29.7,11.19
10/31/2024,0,98,31.8,10.9,37.1,12.98
11/1/2024,0,62,28.5,6.3,29.8,11.76
11/2/2024,0,94,25.2,24.2,31.5,13.22
11/3/2024,0,70,33.9,7.4,37.9,11.17
11/4/2024,14.1,82,29.7,23.7,34.1,12.11
11/5/2024,0,68,27.8,17.7,30.1,12.32
11/6/2024,0,96,25.7,19.8,29.7,11.11
11/7/2024,14.8,65,31.3,6.7,34.5,12.42
11/8/2024,0,82,29.8,16.2,33.8,12.42
11/9/2024,0,78,33.7,16.8,35.7,11.07
11/10/2024,0,72,34,7.1,38.1,13.16
11/11/2024,0,73,31.1,6.6,34.9,11.53
11/12/2024,0,86,34.6,14.9,37.9,12.2
11/13/2024,0,70,26.6,22.6,29.8,11.9
11/14/2024,0,61,31.7,24.8,33.2,12.21
11/15/2024,6.1,96,31.6,17.3,35.3,11.83
11/16/2024,0,91,35,8.3,40.7,11.86
11/17/2024,0,70,28.6,15.6,30.6,12.79
11/18/2024,0,73,31.8,7.9,35.6,11.88
11/19/2024,0,88,25.6,7.2,30.3,12.87
11/20/2024,0,73,25.8,14.8,27.7,10.82
11/21/2024,0,70,27.1,5.5,30.4,12.61
11/22/2024,0,85,28.8,20.2,33.9,11.64
11/23/2024,0,96,33.4,5.8,37.7,12.57
11/24/2024,0,62,26,15.8,26.4,11.89
11/25/2024,0,88,34.7,18,37.8,12.17
11/26/2024,0,95,31.2,19.6,35.2,11.36
11/27/2024,0,68,34,10.6,36.7,12.28
11/28/2024,0,96,33.8,24.9,37.8,13.21
11/29/2024,0,72,32.9,12.5,36.9,12.8
11/30/2024,153,89,31.9,31.6,36.4,19.75
12/1/2024,0,84,30.2,18.7,33.1,11.4
12/2/2024,0,63,27.9,16.8,31.1,12.58
12/3/2024,12.3,87,28.2,10.8,31.5,13.14
12/4/2024,5.2,89,30.1,12.5,35.5,11.74
12/5/2024,0,69,28.3,7.3,29.9,11.67
12/6/2024,12.3,67,31,23.3,34,13.3
12/7/2024,0.5,78,27.6,17.3,30.6,13.21
12/8/2024,0,61,34.2,19.5,35.9,12.75
12/9/2024,12.6,81,31.4,15.5,33.8,13.09
12/10/2024,0,74,33.8,12.1,37,11.64
12/11/2024,0,68,28.5,8.4,30.5,12.54
12/12/2024,0,85,26.1,16.2,29.3,11.94
12/13/2024,0,70,31.7,17.9,34.4,11.41
12/14/2024,101.4,89,25,32.3,30.4,17.24
12/15/2024,0,62,28.6,10.9,31.3,11.5
12/16/2024,0,90,28.1,24.1,32.8,13.33
12/17/2024,19.1,71,26.9,6.3,30.4,13.85
12/18/2024,0,87,34.6,6.6,37.4,12.75
12/19/2024,0,82,26.7,21.4,29.3,11.53
12/20/2024,150.6,92,30.1,37.9,36.3,18.64
12/21/2024,0,65,26.3,11.1,27.2,10.9
12/22/2024,0,68,30.9,23,32.6,12.58
12/23/2024,0,70,32.5,16.9,34.5,11.89
12/24/2024,0.2,85,34.1,15.7,38.9,13.33
12/25/2024,0,93,32.3,20.3,37,12.58
12/26/2024,0,63,32.9,18.4,34.9,11.31
12/27/2024,0,92,30.3,6.9,36,13.38
