Station_Folder,Relative_Path,File_Name,Extension,File_Size_Bytes
Montalban,Montalban\2016\1. JANUARY 2016.XLS,1. JANUARY 2016.XLS,.xls,74240
Montalban,Montalban\2016\10. OCTOBER 2016.XLS,10. OCTOBER 2016.XLS,.xls,77824
Montalban,Montalban\2016\11. NOVEMBER 2016.XLS,11. NOVEMBER 2016.XLS,.xls,74240
Montalban,Montalban\2016\12. DECEMBER 2016.XLS,12. DECEMBER 2016.XLS,.xls,77312
Montalban,Montalban\2016\2. FEBRUARY 2016.XLS,2. FEBRUARY 2016.XLS,.xls,72704
Montalban,Montalban\2016\3. MARCH 2016.XLS,3. MARCH 2016.XLS,.xls,74240
Montalban,Montalban\2016\4. APRIL 2016.XLS,4. APRIL 2016.XLS,.xls,73728
Montalban,Montalban\2016\5. MAY 2016.XLS,5. MAY 2016.XLS,.xls,75776
Montalban,Montalban\2016\6. JUNE 2016.XLS,6. JUNE 2016.XLS,.xls,74240
Montalban,Montalban\2016\7. JULY 2016.XLS,7. JULY 2016.XLS,.xls,75264
Montalban,Montalban\2016\8. AUGUST 2016.XLS,8. AUGUST 2016.XLS,.xls,74752
Montalban,Montalban\2016\9. SEPTEMBER 2016.XLS,9. SEPTEMBER 2016.XLS,.xls,74752
Montalban,Montalban\2017\1. January.xlsx,1. January.xlsx,.xlsx,66354
Montalban,Montalban\2017\10. October.xlsx,10. October.xlsx,.xlsx,70435
Montalban,Montalban\2017\11. November.xlsx,11. November.xlsx,.xlsx,66412
Montalban,Montalban\2017\12. December.xlsx,12. December.xlsx,.xlsx,63753
Montalban,Montalban\2017\2. February.xlsx,2. February.xlsx,.xlsx,62655
Montalban,Montalban\2017\3. March.xlsx,3. March.xlsx,.xlsx,64169
Montalban,Montalban\2017\4. April.xlsx,4. April.xlsx,.xlsx,62025
Montalban,Montalban\2017\5. May.xlsx,5. May.xlsx,.xlsx,65453
Montalban,Montalban\2017\6. June.xlsx,6. June.xlsx,.xlsx,67646
Montalban,Montalban\2017\7. July.xlsx,7. July.xlsx,.xlsx,69743
Montalban,Montalban\2017\8. August.xlsx,8. August.xlsx,.xlsx,74813
Montalban,Montalban\2017\9. September.xlsx,9. September.xlsx,.xlsx,68018
Montalban,Montalban\2018\1. January.xlsx,1. January.xlsx,.xlsx,60451
Montalban,Montalban\2018\10. October.xlsx,10. October.xlsx,.xlsx,65751
Montalban,Montalban\2018\11. November.xlsx,11. November.xlsx,.xlsx,64385
Montalban,Montalban\2018\12. December.xlsx,12. December.xlsx,.xlsx,67295
Montalban,Montalban\2018\2. February.xlsx,2. February.xlsx,.xlsx,56428
Montalban,Montalban\2018\3. March.xlsx,3. March.xlsx,.xlsx,60105
Montalban,Montalban\2018\4. April.xlsx,4. April.xlsx,.xlsx,58350
Montalban,Montalban\2018\5. May.xlsx,5. May.xlsx,.xlsx,58237
Montalban,Montalban\2018\6. June.xlsx,6. June.xlsx,.xlsx,68371
Montalban,Montalban\2018\7. July.xlsx,7. July.xlsx,.xlsx,73529
Montalban,Montalban\2018\8. August.xlsx,8. August.xlsx,.xlsx,73029
Montalban,Montalban\2018\9. September.xlsx,9. September.xlsx,.xlsx,67603
Montalban,Montalban\2019\1. January.xlsx,1. January.xlsx,.xlsx,63830
Montalban,Montalban\2019\10. October.xlsx,10. October.xlsx,.xlsx,55125
Montalban,Montalban\2019\11. November.xlsx,11. November.xlsx,.xlsx,56933
Montalban,Montalban\2019\12. December.xlsx,12. December.xlsx,.xlsx,61410
Montalban,Montalban\2019\2. February.xlsx,2. February.xlsx,.xlsx,56651
Montalban,Montalban\2019\3. March.xlsx,3. March.xlsx,.xlsx,56757
Montalban,Montalban\2019\4. April.xlsx,4. April.xlsx,.xlsx,55845
Montalban,Montalban\2019\5. May.xlsx,5. May.xlsx,.xlsx,62250
Montalban,Montalban\2019\6. June.xlsx,6. June.xlsx,.xlsx,61578
Montalban,Montalban\2019\7. July.xlsx,7. July.xlsx,.xlsx,63974
Montalban,Montalban\2019\8. August.xlsx,8. August.xlsx,.xlsx,69710
Montalban,Montalban\2019\9. September.xlsx,9. September.xlsx,.xlsx,66320
Montalban,Montalban\2020\1. January.xlsx,1. January.xlsx,.xlsx,56338
Montalban,Montalban\2020\10. October.xlsx,10. October.xlsx,.xlsx,70646
Montalban,Montalban\2020\11. November.xlsx,11. November.xlsx,.xlsx,66513
Montalban,Montalban\2020\12. December.xlsx,12. December.xlsx,.xlsx,29660
Montalban,Montalban\2020\2. February.xlsx,2. February.xlsx,.xlsx,53602
Montalban,Montalban\2020\3. March.xlsx,3. March.xlsx,.xlsx,47936
Montalban,Montalban\2020\4. April.xlsx,4. April.xlsx,.xlsx,28156
Montalban,Montalban\2020\5. May.xlsx,5. May.xlsx,.xlsx,38911
Montalban,Montalban\2020\6. June.xlsx,6. June.xlsx,.xlsx,54297
Montalban,Montalban\2020\7. July.xlsx,7. July.xlsx,.xlsx,60334
Montalban,Montalban\2020\8. August.xlsx,8. August.xlsx,.xlsx,64691
Montalban,Montalban\2020\9. September.xlsx,9. September.xlsx,.xlsx,62604
Montalban,Montalban\2021\1. January.xlsx,1. January.xlsx,.xlsx,63606
Montalban,Montalban\2021\10. October.xlsx,10. October.xlsx,.xlsx,59355
Montalban,Montalban\2021\11. November.xlsx,11. November.xlsx,.xlsx,60137
Montalban,Montalban\2021\12. December.xlsx,12. December.xlsx,.xlsx,57724
Montalban,Montalban\2021\2. February.xlsx,2. February.xlsx,.xlsx,57458
Montalban,Montalban\2021\3. March.xlsx,3. March.xlsx,.xlsx,59209
Montalban,Montalban\2021\4. April.xlsx,4. April.xlsx,.xlsx,58397
Montalban,Montalban\2021\5. May.xlsx,5. May.xlsx,.xlsx,59877
Montalban,Montalban\2021\6. June.xlsx,6. June.xlsx,.xlsx,63521
Montalban,Montalban\2021\7. July.xlsx,7. July.xlsx,.xlsx,67983
Montalban,Montalban\2021\8. August.xlsx,8. August.xlsx,.xlsx,68761
Montalban,Montalban\2021\9. September.xlsx,9. September.xlsx,.xlsx,66556
Montalban,Montalban\2022\1. January.xlsx,1. January.xlsx,.xlsx,31599
Montalban,Montalban\2022\10. October.xlsx,10. October.xlsx,.xlsx,34600
Montalban,Montalban\2022\11. November.xlsx,11. November.xlsx,.xlsx,32445
Montalban,Montalban\2022\12. December.xlsx,12. December.xlsx,.xlsx,58037
Montalban,Montalban\2022\2. February.xlsx,2. February.xlsx,.xlsx,55303
Montalban,Montalban\2022\3. March.xlsx,3. March.xlsx,.xlsx,60085
Montalban,Montalban\2022\4. April.xlsx,4. April.xlsx,.xlsx,32257
Montalban,Montalban\2022\5. May.xlsx,5. May.xlsx,.xlsx,61887
Montalban,Montalban\2022\6. June.xlsx,6. June.xlsx,.xlsx,64438
Montalban,Montalban\2022\7. July.xlsx,7. July.xlsx,.xlsx,67111
Montalban,Montalban\2022\8. August.xlsx,8. August.xlsx,.xlsx,67306
Montalban,Montalban\2022\9. September.xlsx,9. September.xlsx,.xlsx,170026
Montalban,Montalban\2023\1. January.xlsx,1. January.xlsx,.xlsx,31816
Montalban,Montalban\2023\10. October.xlsx,10. October.xlsx,.xlsx,31855
Montalban,Montalban\2023\11. November.xlsx,11. November.xlsx,.xlsx,29491
Montalban,Montalban\2023\12. December.xlsx,12. December.xlsx,.xlsx,29030
Montalban,Montalban\2023\2. February.xlsx,2. February.xlsx,.xlsx,28507
Montalban,Montalban\2023\3. March.xlsx,3. March.xlsx,.xlsx,29181
Montalban,Montalban\2023\4. April.xlsx,4. April.xlsx,.xlsx,29544
Montalban,Montalban\2023\5. May.xlsx,5. May.xlsx,.xlsx,30056
Montalban,Montalban\2023\6. June.xlsx,6. June.xlsx,.xlsx,30684
Montalban,Montalban\2023\7. July.xlsx,7. July.xlsx,.xlsx,32810
Montalban,Montalban\2023\8. August.xlsx,8. August.xlsx,.xlsx,34625
Montalban,Montalban\2023\9. September.xlsx,9. September.xlsx,.xlsx,34082
Montalban,Montalban\2024\1. January.xlsx,1. January.xlsx,.xlsx,29321
Montalban,Montalban\2024\10. October.xlsx,10. October.xlsx,.xlsx,31579
Montalban,Montalban\2024\11. November.xlsx,11. November.xlsx,.xlsx,29595
Montalban,Montalban\2024\12. December.xlsx,12. December.xlsx,.xlsx,29149
Montalban,Montalban\2024\2. February.xlsx,2. February.xlsx,.xlsx,29064
Montalban,Montalban\2024\3. March.xlsx,3. March.xlsx,.xlsx,28863
Montalban,Montalban\2024\4. April.xlsx,4. April.xlsx,.xlsx,132633
Montalban,Montalban\2024\5. May.xlsx,5. May.xlsx,.xlsx,29653
Montalban,Montalban\2024\6. June.xlsx,6. June.xlsx,.xlsx,30675
Montalban,Montalban\2024\7. July.xlsx,7. July.xlsx,.xlsx,31113
Montalban,Montalban\2024\8. August.xlsx,8. August.xlsx,.xlsx,31781
Montalban,Montalban\2024\9. September.xlsx,9. September.xlsx,.xlsx,32668
Montalban,Montalban\2025\1. January.pdf,1. January.pdf,.pdf,203357
Montalban,Montalban\2025\10. Oct.pdf,10. Oct.pdf,.pdf,148742
Montalban,Montalban\2025\11. Nov.pdf,11. Nov.pdf,.pdf,148742
Montalban,Montalban\2025\12. Dec.pdf,12. Dec.pdf,.pdf,150184
Montalban,Montalban\2025\2. Feb.pdf,2. Feb.pdf,.pdf,186276
Montalban,Montalban\2025\3. Mar.pdf,3. Mar.pdf,.pdf,184584
Montalban,Montalban\2025\4. April.pdf,4. April.pdf,.pdf,187929
Montalban,Montalban\2025\5. May.pdf,5. May.pdf,.pdf,198836
Montalban,Montalban\2025\6. June.pdf,6. June.pdf,.pdf,194635
Montalban,Montalban\2025\7. July.pdf,7. July.pdf,.pdf,149311
Montalban,Montalban\2025\8. Aug.pdf,8. Aug.pdf,.pdf,149280
Montalban,Montalban\2025\9. Sept.pdf,9. Sept.pdf,.pdf,149895
Mt. Aries-20260813T023038Z-1-001,Mt. Aries-20260813T023038Z-1-001\Mt. Aries\2016\Apr.xls,Apr.xls,.xls,51712
Mt. Aries-20260813T023038Z-1-001,Mt. Aries-20260813T023038Z-1-001\Mt. Aries\2016\Aug.xls,Aug.xls,.xls,45568
Mt. Aries-20260813T023038Z-1-001,Mt. Aries-20260813T023038Z-1-001\Mt. Aries\2016\Dec.xls,Dec.xls,.xls,45568
Mt. Aries-20260813T023038Z-1-001,Mt. Aries-20260813T023038Z-1-001\Mt. Aries\2016\Feb.xls,Feb.xls,.xls,45056
Mt. Aries-20260813T023038Z-1-001,Mt. Aries-20260813T023038Z-1-001\Mt. Aries\2016\Jan.xls,Jan.xls,.xls,45568
Mt. Aries-20260813T023038Z-1-001,Mt. Aries-20260813T023038Z-1-001\Mt. Aries\2016\Jul.xls,Jul.xls,.xls,45568
Mt. Aries-20260813T023038Z-1-001,Mt. Aries-20260813T023038Z-1-001\Mt. Aries\2016\Jun.xls,Jun.xls,.xls,45568
Mt. Aries-20260813T023038Z-1-001,Mt. Aries-20260813T023038Z-1-001\Mt. Aries\2016\Mar.xls,Mar.xls,.xls,45568
Mt. Aries-20260813T023038Z-1-001,Mt. Aries-20260813T023038Z-1-001\Mt. Aries\2016\May.xls,May.xls,.xls,45568
Mt. Aries-20260813T023038Z-1-001,Mt. Aries-20260813T023038Z-1-001\Mt. Aries\2016\Nov.xls,Nov.xls,.xls,45056
Mt. Aries-20260813T023038Z-1-001,Mt. Aries-20260813T023038Z-1-001\Mt. Aries\2016\Oct.xls,Oct.xls,.xls,45568
Mt. Aries-20260813T023038Z-1-001,Mt. Aries-20260813T023038Z-1-001\Mt. Aries\2016\Sep.xls,Sep.xls,.xls,45568
Mt. Aries-20260813T023038Z-1-001,Mt. Aries-20260813T023038Z-1-001\Mt. Aries\2016\desktop.ini,desktop.ini,.ini,246
Mt. Aries-20260813T023038Z-1-001,Mt. Aries-20260813T023038Z-1-001\Mt. Aries\2017\ARIES - APRIL 2017.xlsx,ARIES - APRIL 2017.xlsx,.xlsx,31014
Mt. Aries-20260813T023038Z-1-001,Mt. Aries-20260813T023038Z-1-001\Mt. Aries\2017\ARIES - AUGUST 2017.xlsx,ARIES - AUGUST 2017.xlsx,.xlsx,36202
Mt. Aries-20260813T023038Z-1-001,Mt. Aries-20260813T023038Z-1-001\Mt. Aries\2017\ARIES - DECEMBER 2017.xlsx,ARIES - DECEMBER 2017.xlsx,.xlsx,33613
Mt. Aries-20260813T023038Z-1-001,Mt. Aries-20260813T023038Z-1-001\Mt. Aries\2017\ARIES - FEBRUARY 2017.xlsx,ARIES - FEBRUARY 2017.xlsx,.xlsx,29924
Mt. Aries-20260813T023038Z-1-001,Mt. Aries-20260813T023038Z-1-001\Mt. Aries\2017\ARIES - JANUARY 2017.xlsx,ARIES - JANUARY 2017.xlsx,.xlsx,32045
Mt. Aries-20260813T023038Z-1-001,Mt. Aries-20260813T023038Z-1-001\Mt. Aries\2017\ARIES - JULY 2017.xlsx,ARIES - JULY 2017.xlsx,.xlsx,36453
Mt. Aries-20260813T023038Z-1-001,Mt. Aries-20260813T023038Z-1-001\Mt. Aries\2017\ARIES - JUNE 2017.xlsx,ARIES - JUNE 2017.xlsx,.xlsx,32455
Mt. Aries-20260813T023038Z-1-001,Mt. Aries-20260813T023038Z-1-001\Mt. Aries\2017\ARIES - MARCH 2017.xlsx,ARIES - MARCH 2017.xlsx,.xlsx,29693
Mt. Aries-20260813T023038Z-1-001,Mt. Aries-20260813T023038Z-1-001\Mt. Aries\2017\ARIES - MAY 2017.xlsx,ARIES - MAY 2017.xlsx,.xlsx,32732
Mt. Aries-20260813T023038Z-1-001,Mt. Aries-20260813T023038Z-1-001\Mt. Aries\2017\ARIES - NOVEMBER 2017.xlsx,ARIES - NOVEMBER 2017.xlsx,.xlsx,33411
Mt. Aries-20260813T023038Z-1-001,Mt. Aries-20260813T023038Z-1-001\Mt. Aries\2017\ARIES - OCTOBER 2017.xlsx,ARIES - OCTOBER 2017.xlsx,.xlsx,35260
Mt. Aries-20260813T023038Z-1-001,Mt. Aries-20260813T023038Z-1-001\Mt. Aries\2017\ARIES - SEPTEMBER 2017.xlsx,ARIES - SEPTEMBER 2017.xlsx,.xlsx,34385
Mt. Aries-20260813T023038Z-1-001,Mt. Aries-20260813T023038Z-1-001\Mt. Aries\2017\desktop.ini,desktop.ini,.ini,246
Mt. Aries-20260813T023038Z-1-001,Mt. Aries-20260813T023038Z-1-001\Mt. Aries\2018\1. January.xlsx,1. January.xlsx,.xlsx,32136
Mt. Aries-20260813T023038Z-1-001,Mt. Aries-20260813T023038Z-1-001\Mt. Aries\2018\10. October.xlsx,10. October.xlsx,.xlsx,32142
Mt. Aries-20260813T023038Z-1-001,Mt. Aries-20260813T023038Z-1-001\Mt. Aries\2018\11. November.xlsx,11. November.xlsx,.xlsx,30326
Mt. Aries-20260813T023038Z-1-001,Mt. Aries-20260813T023038Z-1-001\Mt. Aries\2018\12. December.xlsx,12. December.xlsx,.xlsx,34159
Mt. Aries-20260813T023038Z-1-001,Mt. Aries-20260813T023038Z-1-001\Mt. Aries\2018\2. February.xlsx,2. February.xlsx,.xlsx,28444
Mt. Aries-20260813T023038Z-1-001,Mt. Aries-20260813T023038Z-1-001\Mt. Aries\2018\3. March.xlsx,3. March.xlsx,.xlsx,30818
Mt. Aries-20260813T023038Z-1-001,Mt. Aries-20260813T023038Z-1-001\Mt. Aries\2018\4. April.xlsx,4. April.xlsx,.xlsx,29255
Mt. Aries-20260813T023038Z-1-001,Mt. Aries-20260813T023038Z-1-001\Mt. Aries\2018\5. May.xlsx,5. May.xlsx,.xlsx,31082
Mt. Aries-20260813T023038Z-1-001,Mt. Aries-20260813T023038Z-1-001\Mt. Aries\2018\6. June.xlsx,6. June.xlsx,.xlsx,37423
Mt. Aries-20260813T023038Z-1-001,Mt. Aries-20260813T023038Z-1-001\Mt. Aries\2018\7. July.xlsx,7. July.xlsx,.xlsx,39234
Mt. Aries-20260813T023038Z-1-001,Mt. Aries-20260813T023038Z-1-001\Mt. Aries\2018\8. August.xlsx,8. August.xlsx,.xlsx,38187
Mt. Aries-20260813T023038Z-1-001,Mt. Aries-20260813T023038Z-1-001\Mt. Aries\2018\9. September.xlsx,9. September.xlsx,.xlsx,35193
Mt. Aries-20260813T023038Z-1-001,Mt. Aries-20260813T023038Z-1-001\Mt. Aries\2018\desktop.ini,desktop.ini,.ini,246
Mt. Aries-20260813T023038Z-1-001,Mt. Aries-20260813T023038Z-1-001\Mt. Aries\2019\1. January.xlsx,1. January.xlsx,.xlsx,29910
Mt. Aries-20260813T023038Z-1-001,Mt. Aries-20260813T023038Z-1-001\Mt. Aries\2019\10. October.xlsx,10. October.xlsx,.xlsx,31990
Mt. Aries-20260813T023038Z-1-001,Mt. Aries-20260813T023038Z-1-001\Mt. Aries\2019\11. November.xlsx,11. November.xlsx,.xlsx,32268
Mt. Aries-20260813T023038Z-1-001,Mt. Aries-20260813T023038Z-1-001\Mt. Aries\2019\12. December.xlsx,12. December.xlsx,.xlsx,30505
Mt. Aries-20260813T023038Z-1-001,Mt. Aries-20260813T023038Z-1-001\Mt. Aries\2019\2. February.xlsx,2. February.xlsx,.xlsx,28484
Mt. Aries-20260813T023038Z-1-001,Mt. Aries-20260813T023038Z-1-001\Mt. Aries\2019\3. March.xlsx,3. March.xlsx,.xlsx,29227
Mt. Aries-20260813T023038Z-1-001,Mt. Aries-20260813T023038Z-1-001\Mt. Aries\2019\4. April.xlsx,4. April.xlsx,.xlsx,29035
Mt. Aries-20260813T023038Z-1-001,Mt. Aries-20260813T023038Z-1-001\Mt. Aries\2019\5. May.xlsx,5. May.xlsx,.xlsx,32249
Mt. Aries-20260813T023038Z-1-001,Mt. Aries-20260813T023038Z-1-001\Mt. Aries\2019\6. June.xlsx,6. June.xlsx,.xlsx,33957
Mt. Aries-20260813T023038Z-1-001,Mt. Aries-20260813T023038Z-1-001\Mt. Aries\2019\7. July.xlsx,7. July.xlsx,.xlsx,35481
Mt. Aries-20260813T023038Z-1-001,Mt. Aries-20260813T023038Z-1-001\Mt. Aries\2019\8. August.xlsx,8. August.xlsx,.xlsx,38877
Mt. Aries-20260813T023038Z-1-001,Mt. Aries-20260813T023038Z-1-001\Mt. Aries\2019\9. September.xlsx,9. September.xlsx,.xlsx,36362
Mt. Aries-20260813T023038Z-1-001,Mt. Aries-20260813T023038Z-1-001\Mt. Aries\2019\desktop.ini,desktop.ini,.ini,246
Mt. Aries-20260813T023038Z-1-001,Mt. Aries-20260813T023038Z-1-001\Mt. Aries\2020\1. January.xlsx,1. January.xlsx,.xlsx,30145
Mt. Aries-20260813T023038Z-1-001,Mt. Aries-20260813T023038Z-1-001\Mt. Aries\2020\10. October.xlsx,10. October.xlsx,.xlsx,37725
Mt. Aries-20260813T023038Z-1-001,Mt. Aries-20260813T023038Z-1-001\Mt. Aries\2020\11. November.xlsx,11. November.xlsx,.xlsx,34421
Mt. Aries-20260813T023038Z-1-001,Mt. Aries-20260813T023038Z-1-001\Mt. Aries\2020\12. December.xlsx,12. December.xlsx,.xlsx,28517
Mt. Aries-20260813T023038Z-1-001,Mt. Aries-20260813T023038Z-1-001\Mt. Aries\2020\2. February.xlsx,2. February.xlsx,.xlsx,30158
Mt. Aries-20260813T023038Z-1-001,Mt. Aries-20260813T023038Z-1-001\Mt. Aries\2020\3. March.xlsx,3. March.xlsx,.xlsx,29026
Mt. Aries-20260813T023038Z-1-001,Mt. Aries-20260813T023038Z-1-001\Mt. Aries\2020\4. April.xlsx,4. April.xlsx,.xlsx,28794
Mt. Aries-20260813T023038Z-1-001,Mt. Aries-20260813T023038Z-1-001\Mt. Aries\2020\5. May.xlsx,5. May.xlsx,.xlsx,30746
Mt. Aries-20260813T023038Z-1-001,Mt. Aries-20260813T023038Z-1-001\Mt. Aries\2020\6. June.xlsx,6. June.xlsx,.xlsx,32184
Mt. Aries-20260813T023038Z-1-001,Mt. Aries-20260813T023038Z-1-001\Mt. Aries\2020\7. July.xlsx,7. July.xlsx,.xlsx,33721
Mt. Aries-20260813T023038Z-1-001,Mt. Aries-20260813T023038Z-1-001\Mt. Aries\2020\8. August.xlsx,8. August.xlsx,.xlsx,33900
Mt. Aries-20260813T023038Z-1-001,Mt. Aries-20260813T023038Z-1-001\Mt. Aries\2020\9. September.xlsx,9. September.xlsx,.xlsx,33102
Mt. Aries-20260813T023038Z-1-001,Mt. Aries-20260813T023038Z-1-001\Mt. Aries\2020\desktop.ini,desktop.ini,.ini,246
Mt. Aries-20260813T023038Z-1-001,Mt. Aries-20260813T023038Z-1-001\Mt. Aries\2021\1. January.xlsx,1. January.xlsx,.xlsx,31808
Mt. Aries-20260813T023038Z-1-001,Mt. Aries-20260813T023038Z-1-001\Mt. Aries\2021\10. October.xlsx,10. October.xlsx,.xlsx,33627
Mt. Aries-20260813T023038Z-1-001,Mt. Aries-20260813T023038Z-1-001\Mt. Aries\2021\11. November.xlsx,11. November.xlsx,.xlsx,31703
Mt. Aries-20260813T023038Z-1-001,Mt. Aries-20260813T023038Z-1-001\Mt. Aries\2021\12. December.xlsx,12. December.xlsx,.xlsx,31155
Mt. Aries-20260813T023038Z-1-001,Mt. Aries-20260813T023038Z-1-001\Mt. Aries\2021\2. February.xlsx,2. February.xlsx,.xlsx,30669
Mt. Aries-20260813T023038Z-1-001,Mt. Aries-20260813T023038Z-1-001\Mt. Aries\2021\3. March.xlsx,3. March.xlsx,.xlsx,30785
Mt. Aries-20260813T023038Z-1-001,Mt. Aries-20260813T023038Z-1-001\Mt. Aries\2021\4. April.xlsx,4. April.xlsx,.xlsx,29998
Mt. Aries-20260813T023038Z-1-001,Mt. Aries-20260813T023038Z-1-001\Mt. Aries\2021\5. May.xlsx,5. May.xlsx,.xlsx,30056
Mt. Aries-20260813T023038Z-1-001,Mt. Aries-20260813T023038Z-1-001\Mt. Aries\2021\6. June.xlsx,6. June.xlsx,.xlsx,32717
Mt. Aries-20260813T023038Z-1-001,Mt. Aries-20260813T023038Z-1-001\Mt. Aries\2021\7. July.xlsx,7. July.xlsx,.xlsx,39352
Mt. Aries-20260813T023038Z-1-001,Mt. Aries-20260813T023038Z-1-001\Mt. Aries\2021\8. August.xlsx,8. August.xlsx,.xlsx,34659
Mt. Aries-20260813T023038Z-1-001,Mt. Aries-20260813T023038Z-1-001\Mt. Aries\2021\9. September.xlsx,9. September.xlsx,.xlsx,34848
Mt. Aries-20260813T023038Z-1-001,Mt. Aries-20260813T023038Z-1-001\Mt. Aries\2021\desktop.ini,desktop.ini,.ini,246
Mt. Aries-20260813T023038Z-1-001,Mt. Aries-20260813T023038Z-1-001\Mt. Aries\2022\1. January.xlsx,1. January.xlsx,.xlsx,21407
Mt. Aries-20260813T023038Z-1-001,Mt. Aries-20260813T023038Z-1-001\Mt. Aries\2022\10. October.xlsx,10. October.xlsx,.xlsx,22536
Mt. Aries-20260813T023038Z-1-001,Mt. Aries-20260813T023038Z-1-001\Mt. Aries\2022\11. November.xlsx,11. November.xlsx,.xlsx,21758
Mt. Aries-20260813T023038Z-1-001,Mt. Aries-20260813T023038Z-1-001\Mt. Aries\2022\12. December.xlsx,12. December.xlsx,.xlsx,22306
Mt. Aries-20260813T023038Z-1-001,Mt. Aries-20260813T023038Z-1-001\Mt. Aries\2022\2. February.xlsx,2. February.xlsx,.xlsx,28861
Mt. Aries-20260813T023038Z-1-001,Mt. Aries-20260813T023038Z-1-001\Mt. Aries\2022\3. March.xlsx,3. March.xlsx,.xlsx,31046
Mt. Aries-20260813T023038Z-1-001,Mt. Aries-20260813T023038Z-1-001\Mt. Aries\2022\4. April.xlsx,4. April.xlsx,.xlsx,32271
Mt. Aries-20260813T023038Z-1-001,Mt. Aries-20260813T023038Z-1-001\Mt. Aries\2022\5. May.xlsx,5. May.xlsx,.xlsx,21641
Mt. Aries-20260813T023038Z-1-001,Mt. Aries-20260813T023038Z-1-001\Mt. Aries\2022\6. June.xlsx,6. June.xlsx,.xlsx,32172
Mt. Aries-20260813T023038Z-1-001,Mt. Aries-20260813T023038Z-1-001\Mt. Aries\2022\7. July.xlsx,7. July.xlsx,.xlsx,34622
Mt. Aries-20260813T023038Z-1-001,Mt. Aries-20260813T023038Z-1-001\Mt. Aries\2022\8. August.xlsx,8. August.xlsx,.xlsx,35863
Mt. Aries-20260813T023038Z-1-001,Mt. Aries-20260813T023038Z-1-001\Mt. Aries\2022\9. September.xlsx,9. September.xlsx,.xlsx,100283
Mt. Aries-20260813T023038Z-1-001,Mt. Aries-20260813T023038Z-1-001\Mt. Aries\2022\desktop.ini,desktop.ini,.ini,246
Mt. Aries-20260813T023038Z-1-001,Mt. Aries-20260813T023038Z-1-001\Mt. Aries\2023\1. January.xlsx,1. January.xlsx,.xlsx,21735
Mt. Aries-20260813T023038Z-1-001,Mt. Aries-20260813T023038Z-1-001\Mt. Aries\2023\11. November.xlsx,11. November.xlsx,.xlsx,21588
Mt. Aries-20260813T023038Z-1-001,Mt. Aries-20260813T023038Z-1-001\Mt. Aries\2023\11. October.xlsx,11. October.xlsx,.xlsx,22017
Mt. Aries-20260813T023038Z-1-001,Mt. Aries-20260813T023038Z-1-001\Mt. Aries\2023\12. December.xlsx,12. December.xlsx,.xlsx,21586
Mt. Aries-20260813T023038Z-1-001,Mt. Aries-20260813T023038Z-1-001\Mt. Aries\2023\2. February.xlsx,2. February.xlsx,.xlsx,21063
Mt. Aries-20260813T023038Z-1-001,Mt. Aries-20260813T023038Z-1-001\Mt. Aries\2023\3. March.xlsx,3. March.xlsx,.xlsx,21369
Mt. Aries-20260813T023038Z-1-001,Mt. Aries-20260813T023038Z-1-001\Mt. Aries\2023\4. April.xlsx,4. April.xlsx,.xlsx,21728
Mt. Aries-20260813T023038Z-1-001,Mt. Aries-20260813T023038Z-1-001\Mt. Aries\2023\5. May.xlsx,5. May.xlsx,.xlsx,21792
Mt. Aries-20260813T023038Z-1-001,Mt. Aries-20260813T023038Z-1-001\Mt. Aries\2023\6. June.xlsx,6. June.xlsx,.xlsx,22433
Mt. Aries-20260813T023038Z-1-001,Mt. Aries-20260813T023038Z-1-001\Mt. Aries\2023\7. July.xlsx,7. July.xlsx,.xlsx,23037
Mt. Aries-20260813T023038Z-1-001,Mt. Aries-20260813T023038Z-1-001\Mt. Aries\2023\8. August.xlsx,8. August.xlsx,.xlsx,22943
Mt. Aries-20260813T023038Z-1-001,Mt. Aries-20260813T023038Z-1-001\Mt. Aries\2023\9. September.xlsx,9. September.xlsx,.xlsx,22312
Mt. Aries-20260813T023038Z-1-001,Mt. Aries-20260813T023038Z-1-001\Mt. Aries\2023\desktop.ini,desktop.ini,.ini,246
Mt. Aries-20260813T023038Z-1-001,Mt. Aries-20260813T023038Z-1-001\Mt. Aries\2024\1. January.xlsx,1. January.xlsx,.xlsx,21739
Mt. Aries-20260813T023038Z-1-001,Mt. Aries-20260813T023038Z-1-001\Mt. Aries\2024\10. October.xlsx,10. October.xlsx,.xlsx,22626
Mt. Aries-20260813T023038Z-1-001,Mt. Aries-20260813T023038Z-1-001\Mt. Aries\2024\11. November.xlsx,11. November.xlsx,.xlsx,21904
Mt. Aries-20260813T023038Z-1-001,Mt. Aries-20260813T023038Z-1-001\Mt. Aries\2024\12. December.xlsx,12. December.xlsx,.xlsx,22046
Mt. Aries-20260813T023038Z-1-001,Mt. Aries-20260813T023038Z-1-001\Mt. Aries\2024\2. February.xlsx,2. February.xlsx,.xlsx,21046
Mt. Aries-20260813T023038Z-1-001,Mt. Aries-20260813T023038Z-1-001\Mt. Aries\2024\3. March.xlsx,3. March.xlsx,.xlsx,21413
Mt. Aries-20260813T023038Z-1-001,Mt. Aries-20260813T023038Z-1-001\Mt. Aries\2024\4. April.xlsx,4. April.xlsx,.xlsx,85489
Mt. Aries-20260813T023038Z-1-001,Mt. Aries-20260813T023038Z-1-001\Mt. Aries\2024\5. May.xlsx,5. May.xlsx,.xlsx,21938
Mt. Aries-20260813T023038Z-1-001,Mt. Aries-20260813T023038Z-1-001\Mt. Aries\2024\6. June.xlsx,6. June.xlsx,.xlsx,22104
Mt. Aries-20260813T023038Z-1-001,Mt. Aries-20260813T023038Z-1-001\Mt. Aries\2024\7. July.xlsx,7. July.xlsx,.xlsx,22372
Mt. Aries-20260813T023038Z-1-001,Mt. Aries-20260813T023038Z-1-001\Mt. Aries\2024\8. August.xlsx,8. August.xlsx,.xlsx,22372
Mt. Aries-20260813T023038Z-1-001,Mt. Aries-20260813T023038Z-1-001\Mt. Aries\2024\9. September.xlsx,9. September.xlsx,.xlsx,22312
Mt. Aries-20260813T023038Z-1-001,Mt. Aries-20260813T023038Z-1-001\Mt. Aries\2024\desktop.ini,desktop.ini,.ini,246
Mt. Aries-20260813T023038Z-1-001,Mt. Aries-20260813T023038Z-1-001\Mt. Aries\2025\1. January.pdf,1. January.pdf,.pdf,107543
Mt. Aries-20260813T023038Z-1-001,Mt. Aries-20260813T023038Z-1-001\Mt. Aries\2025\10. Oct.pdf,10. Oct.pdf,.pdf,106243
Mt. Aries-20260813T023038Z-1-001,Mt. Aries-20260813T023038Z-1-001\Mt. Aries\2025\11. Nov.pdf,11. Nov.pdf,.pdf,107430
Mt. Aries-20260813T023038Z-1-001,Mt. Aries-20260813T023038Z-1-001\Mt. Aries\2025\12. Dec.pdf,12. Dec.pdf,.pdf,108151
Mt. Aries-20260813T023038Z-1-001,Mt. Aries-20260813T023038Z-1-001\Mt. Aries\2025\2. Feb.pdf,2. Feb.pdf,.pdf,101572
Mt. Aries-20260813T023038Z-1-001,Mt. Aries-20260813T023038Z-1-001\Mt. Aries\2025\3. March.pdf,3. March.pdf,.pdf,107120
Mt. Aries-20260813T023038Z-1-001,Mt. Aries-20260813T023038Z-1-001\Mt. Aries\2025\4. April.pdf,4. April.pdf,.pdf,105047
Mt. Aries-20260813T023038Z-1-001,Mt. Aries-20260813T023038Z-1-001\Mt. Aries\2025\5. May.pdf,5. May.pdf,.pdf,106068
Mt. Aries-20260813T023038Z-1-001,Mt. Aries-20260813T023038Z-1-001\Mt. Aries\2025\6. June.pdf,6. June.pdf,.pdf,107103
Mt. Aries-20260813T023038Z-1-001,Mt. Aries-20260813T023038Z-1-001\Mt. Aries\2025\7. July.pdf,7. July.pdf,.pdf,108403
Mt. Aries-20260813T023038Z-1-001,Mt. Aries-20260813T023038Z-1-001\Mt. Aries\2025\8. Aug.pdf,8. Aug.pdf,.pdf,108415
Mt. Aries-20260813T023038Z-1-001,Mt. Aries-20260813T023038Z-1-001\Mt. Aries\2025\9. Sept.pdf,9. Sept.pdf,.pdf,108817
Mt. Aries-20260813T023038Z-1-001,Mt. Aries-20260813T023038Z-1-001\Mt. Aries\2025\desktop.ini,desktop.ini,.ini,246
Mt. Boso-Boso-20260813T023038Z-1-001,Mt. Boso-Boso-20260813T023038Z-1-001\Mt. Boso-Boso\2016\Apr.xls,Apr.xls,.xls,40448
Mt. Boso-Boso-20260813T023038Z-1-001,Mt. Boso-Boso-20260813T023038Z-1-001\Mt. Boso-Boso\2016\Aug.xls,Aug.xls,.xls,33792
Mt. Boso-Boso-20260813T023038Z-1-001,Mt. Boso-Boso-20260813T023038Z-1-001\Mt. Boso-Boso\2016\Dec.xls,Dec.xls,.xls,34304
Mt. Boso-Boso-20260813T023038Z-1-001,Mt. Boso-Boso-20260813T023038Z-1-001\Mt. Boso-Boso\2016\Feb.xls,Feb.xls,.xls,36864
Mt. Boso-Boso-20260813T023038Z-1-001,Mt. Boso-Boso-20260813T023038Z-1-001\Mt. Boso-Boso\2016\Jan.xls,Jan.xls,.xls,34304
Mt. Boso-Boso-20260813T023038Z-1-001,Mt. Boso-Boso-20260813T023038Z-1-001\Mt. Boso-Boso\2016\Jul.xls,Jul.xls,.xls,37376
Mt. Boso-Boso-20260813T023038Z-1-001,Mt. Boso-Boso-20260813T023038Z-1-001\Mt. Boso-Boso\2016\Jun.xls,Jun.xls,.xls,36864
Mt. Boso-Boso-20260813T023038Z-1-001,Mt. Boso-Boso-20260813T023038Z-1-001\Mt. Boso-Boso\2016\Mar.xls,Mar.xls,.xls,33792
Mt. Boso-Boso-20260813T023038Z-1-001,Mt. Boso-Boso-20260813T023038Z-1-001\Mt. Boso-Boso\2016\May.xls,May.xls,.xls,33792
Mt. Boso-Boso-20260813T023038Z-1-001,Mt. Boso-Boso-20260813T023038Z-1-001\Mt. Boso-Boso\2016\Nov.xls,Nov.xls,.xls,33792
Mt. Boso-Boso-20260813T023038Z-1-001,Mt. Boso-Boso-20260813T023038Z-1-001\Mt. Boso-Boso\2016\Oct.xls,Oct.xls,.xls,33792
Mt. Boso-Boso-20260813T023038Z-1-001,Mt. Boso-Boso-20260813T023038Z-1-001\Mt. Boso-Boso\2016\Sep.xls,Sep.xls,.xls,33792
Mt. Boso-Boso-20260813T023038Z-1-001,Mt. Boso-Boso-20260813T023038Z-1-001\Mt. Boso-Boso\2016\desktop.ini,desktop.ini,.ini,246
Mt. Boso-Boso-20260813T023038Z-1-001,Mt. Boso-Boso-20260813T023038Z-1-001\Mt. Boso-Boso\2017\BOSO BOSO - APRIL 2017.xlsx,BOSO BOSO - APRIL 2017.xlsx,.xlsx,30995
Mt. Boso-Boso-20260813T023038Z-1-001,Mt. Boso-Boso-20260813T023038Z-1-001\Mt. Boso-Boso\2017\BOSO BOSO - AUGUST 2017.xlsx,BOSO BOSO - AUGUST 2017.xlsx,.xlsx,36126
Mt. Boso-Boso-20260813T023038Z-1-001,Mt. Boso-Boso-20260813T023038Z-1-001\Mt. Boso-Boso\2017\BOSO BOSO - DECEMBER 2017.xlsx,BOSO BOSO - DECEMBER 2017.xlsx,.xlsx,33608
Mt. Boso-Boso-20260813T023038Z-1-001,Mt. Boso-Boso-20260813T023038Z-1-001\Mt. Boso-Boso\2017\BOSO BOSO - FEBRUARY 2017.xlsx,BOSO BOSO - FEBRUARY 2017.xlsx,.xlsx,29905
Mt. Boso-Boso-20260813T023038Z-1-001,Mt. Boso-Boso-20260813T023038Z-1-001\Mt. Boso-Boso\2017\BOSO BOSO - JANUARY 2017.xlsx,BOSO BOSO - JANUARY 2017.xlsx,.xlsx,32028
Mt. Boso-Boso-20260813T023038Z-1-001,Mt. Boso-Boso-20260813T023038Z-1-001\Mt. Boso-Boso\2017\BOSO BOSO - JULY 2017.xlsx,BOSO BOSO - JULY 2017.xlsx,.xlsx,36412
Mt. Boso-Boso-20260813T023038Z-1-001,Mt. Boso-Boso-20260813T023038Z-1-001\Mt. Boso-Boso\2017\BOSO BOSO - JUNE 2017.xlsx,BOSO BOSO - JUNE 2017.xlsx,.xlsx,32472
Mt. Boso-Boso-20260813T023038Z-1-001,Mt. Boso-Boso-20260813T023038Z-1-001\Mt. Boso-Boso\2017\BOSO BOSO - MARCH 2017.xlsx,BOSO BOSO - MARCH 2017.xlsx,.xlsx,29680
Mt. Boso-Boso-20260813T023038Z-1-001,Mt. Boso-Boso-20260813T023038Z-1-001\Mt. Boso-Boso\2017\BOSO BOSO - MAY 2017.xlsx,BOSO BOSO - MAY 2017.xlsx,.xlsx,32726
Mt. Boso-Boso-20260813T023038Z-1-001,Mt. Boso-Boso-20260813T023038Z-1-001\Mt. Boso-Boso\2017\BOSO BOSO - NOVEMBER 2017.xlsx,BOSO BOSO - NOVEMBER 2017.xlsx,.xlsx,33404
Mt. Boso-Boso-20260813T023038Z-1-001,Mt. Boso-Boso-20260813T023038Z-1-001\Mt. Boso-Boso\2017\BOSO BOSO - OCTOBER 2017.xlsx,BOSO BOSO - OCTOBER 2017.xlsx,.xlsx,35265
Mt. Boso-Boso-20260813T023038Z-1-001,Mt. Boso-Boso-20260813T023038Z-1-001\Mt. Boso-Boso\2017\BOSO BOSO - SEPTEMBER 2017.xlsx,BOSO BOSO - SEPTEMBER 2017.xlsx,.xlsx,34193
Mt. Boso-Boso-20260813T023038Z-1-001,Mt. Boso-Boso-20260813T023038Z-1-001\Mt. Boso-Boso\2017\desktop.ini,desktop.ini,.ini,246
Mt. Boso-Boso-20260813T023038Z-1-001,Mt. Boso-Boso-20260813T023038Z-1-001\Mt. Boso-Boso\2018\1. January.xlsx,1. January.xlsx,.xlsx,32113
Mt. Boso-Boso-20260813T023038Z-1-001,Mt. Boso-Boso-20260813T023038Z-1-001\Mt. Boso-Boso\2018\10. October.xlsx,10. October.xlsx,.xlsx,31993
Mt. Boso-Boso-20260813T023038Z-1-001,Mt. Boso-Boso-20260813T023038Z-1-001\Mt. Boso-Boso\2018\11. November.xlsx,11. November.xlsx,.xlsx,30303
Mt. Boso-Boso-20260813T023038Z-1-001,Mt. Boso-Boso-20260813T023038Z-1-001\Mt. Boso-Boso\2018\12. December.xlsx,12. December.xlsx,.xlsx,34160
Mt. Boso-Boso-20260813T023038Z-1-001,Mt. Boso-Boso-20260813T023038Z-1-001\Mt. Boso-Boso\2018\2. February.xlsx,2. February.xlsx,.xlsx,28448
Mt. Boso-Boso-20260813T023038Z-1-001,Mt. Boso-Boso-20260813T023038Z-1-001\Mt. Boso-Boso\2018\3. March.xlsx,3. March.xlsx,.xlsx,30799
Mt. Boso-Boso-20260813T023038Z-1-001,Mt. Boso-Boso-20260813T023038Z-1-001\Mt. Boso-Boso\2018\4. April.xlsx,4. April.xlsx,.xlsx,29079
Mt. Boso-Boso-20260813T023038Z-1-001,Mt. Boso-Boso-20260813T023038Z-1-001\Mt. Boso-Boso\2018\5. May.xlsx,5. May.xlsx,.xlsx,31098
Mt. Boso-Boso-20260813T023038Z-1-001,Mt. Boso-Boso-20260813T023038Z-1-001\Mt. Boso-Boso\2018\6. June.xlsx,6. June.xlsx,.xlsx,37364
Mt. Boso-Boso-20260813T023038Z-1-001,Mt. Boso-Boso-20260813T023038Z-1-001\Mt. Boso-Boso\2018\7. July.xlsx,7. July.xlsx,.xlsx,39286
Mt. Boso-Boso-20260813T023038Z-1-001,Mt. Boso-Boso-20260813T023038Z-1-001\Mt. Boso-Boso\2018\8. August.xlsx,8. August.xlsx,.xlsx,38203
Mt. Boso-Boso-20260813T023038Z-1-001,Mt. Boso-Boso-20260813T023038Z-1-001\Mt. Boso-Boso\2018\9. September.xlsx,9. September.xlsx,.xlsx,35158
Mt. Boso-Boso-20260813T023038Z-1-001,Mt. Boso-Boso-20260813T023038Z-1-001\Mt. Boso-Boso\2018\desktop.ini,desktop.ini,.ini,246
Mt. Boso-Boso-20260813T023038Z-1-001,Mt. Boso-Boso-20260813T023038Z-1-001\Mt. Boso-Boso\2019\1. January.xlsx,1. January.xlsx,.xlsx,29936
Mt. Boso-Boso-20260813T023038Z-1-001,Mt. Boso-Boso-20260813T023038Z-1-001\Mt. Boso-Boso\2019\10. October.xlsx,10. October.xlsx,.xlsx,32062
Mt. Boso-Boso-20260813T023038Z-1-001,Mt. Boso-Boso-20260813T023038Z-1-001\Mt. Boso-Boso\2019\11. November.xlsx,11. November.xlsx,.xlsx,32275
Mt. Boso-Boso-20260813T023038Z-1-001,Mt. Boso-Boso-20260813T023038Z-1-001\Mt. Boso-Boso\2019\12. December.xlsx,12. December.xlsx,.xlsx,30528
Mt. Boso-Boso-20260813T023038Z-1-001,Mt. Boso-Boso-20260813T023038Z-1-001\Mt. Boso-Boso\2019\2. February.xlsx,2. February.xlsx,.xlsx,28498
Mt. Boso-Boso-20260813T023038Z-1-001,Mt. Boso-Boso-20260813T023038Z-1-001\Mt. Boso-Boso\2019\3. March.xlsx,3. March.xlsx,.xlsx,29224
Mt. Boso-Boso-20260813T023038Z-1-001,Mt. Boso-Boso-20260813T023038Z-1-001\Mt. Boso-Boso\2019\4. April.xlsx,4. April.xlsx,.xlsx,29050
Mt. Boso-Boso-20260813T023038Z-1-001,Mt. Boso-Boso-20260813T023038Z-1-001\Mt. Boso-Boso\2019\5. May.xlsx,5. May.xlsx,.xlsx,32264
Mt. Boso-Boso-20260813T023038Z-1-001,Mt. Boso-Boso-20260813T023038Z-1-001\Mt. Boso-Boso\2019\6. June.xlsx,6. June.xlsx,.xlsx,33903
Mt. Boso-Boso-20260813T023038Z-1-001,Mt. Boso-Boso-20260813T023038Z-1-001\Mt. Boso-Boso\2019\7. July.xlsx,7. July.xlsx,.xlsx,35498
Mt. Boso-Boso-20260813T023038Z-1-001,Mt. Boso-Boso-20260813T023038Z-1-001\Mt. Boso-Boso\2019\8. August.xlsx,8. August.xlsx,.xlsx,38884
Mt. Boso-Boso-20260813T023038Z-1-001,Mt. Boso-Boso-20260813T023038Z-1-001\Mt. Boso-Boso\2019\9. September.xlsx,9. September.xlsx,.xlsx,36496
Mt. Boso-Boso-20260813T023038Z-1-001,Mt. Boso-Boso-20260813T023038Z-1-001\Mt. Boso-Boso\2019\desktop.ini,desktop.ini,.ini,246
Mt. Boso-Boso-20260813T023038Z-1-001,Mt. Boso-Boso-20260813T023038Z-1-001\Mt. Boso-Boso\2020\1. January.xlsx,1. January.xlsx,.xlsx,30309
Mt. Boso-Boso-20260813T023038Z-1-001,Mt. Boso-Boso-20260813T023038Z-1-001\Mt. Boso-Boso\2020\10. October.xlsx,10. October.xlsx,.xlsx,37749
Mt. Boso-Boso-20260813T023038Z-1-001,Mt. Boso-Boso-20260813T023038Z-1-001\Mt. Boso-Boso\2020\11. November.xlsx,11. November.xlsx,.xlsx,34601
Mt. Boso-Boso-20260813T023038Z-1-001,Mt. Boso-Boso-20260813T023038Z-1-001\Mt. Boso-Boso\2020\12. December.xlsx,12. December.xlsx,.xlsx,28520
Mt. Boso-Boso-20260813T023038Z-1-001,Mt. Boso-Boso-20260813T023038Z-1-001\Mt. Boso-Boso\2020\2. February.xlsx,2. February.xlsx,.xlsx,30156
Mt. Boso-Boso-20260813T023038Z-1-001,Mt. Boso-Boso-20260813T023038Z-1-001\Mt. Boso-Boso\2020\3. March.xlsx,3. March.xlsx,.xlsx,29047
Mt. Boso-Boso-20260813T023038Z-1-001,Mt. Boso-Boso-20260813T023038Z-1-001\Mt. Boso-Boso\2020\4. April.xlsx,4. April.xlsx,.xlsx,28968
Mt. Boso-Boso-20260813T023038Z-1-001,Mt. Boso-Boso-20260813T023038Z-1-001\Mt. Boso-Boso\2020\5. May.xlsx,5. May.xlsx,.xlsx,30800
Mt. Boso-Boso-20260813T023038Z-1-001,Mt. Boso-Boso-20260813T023038Z-1-001\Mt. Boso-Boso\2020\6. June.xlsx,6. June.xlsx,.xlsx,32294
Mt. Boso-Boso-20260813T023038Z-1-001,Mt. Boso-Boso-20260813T023038Z-1-001\Mt. Boso-Boso\2020\7. July.xlsx,7. July.xlsx,.xlsx,33645
Mt. Boso-Boso-20260813T023038Z-1-001,Mt. Boso-Boso-20260813T023038Z-1-001\Mt. Boso-Boso\2020\8. August.xlsx,8. August.xlsx,.xlsx,33962
Mt. Boso-Boso-20260813T023038Z-1-001,Mt. Boso-Boso-20260813T023038Z-1-001\Mt. Boso-Boso\2020\9. September.xlsx,9. September.xlsx,.xlsx,33327
Mt. Boso-Boso-20260813T023038Z-1-001,Mt. Boso-Boso-20260813T023038Z-1-001\Mt. Boso-Boso\2020\desktop.ini,desktop.ini,.ini,246
Mt. Boso-Boso-20260813T023038Z-1-001,Mt. Boso-Boso-20260813T023038Z-1-001\Mt. Boso-Boso\2021\1. January.xlsx,1. January.xlsx,.xlsx,31823
Mt. Boso-Boso-20260813T023038Z-1-001,Mt. Boso-Boso-20260813T023038Z-1-001\Mt. Boso-Boso\2021\10. October.xlsx,10. October.xlsx,.xlsx,33617
Mt. Boso-Boso-20260813T023038Z-1-001,Mt. Boso-Boso-20260813T023038Z-1-001\Mt. Boso-Boso\2021\11. November.xlsx,11. November.xlsx,.xlsx,31956
Mt. Boso-Boso-20260813T023038Z-1-001,Mt. Boso-Boso-20260813T023038Z-1-001\Mt. Boso-Boso\2021\12. December.xlsx,12. December.xlsx,.xlsx,31250
Mt. Boso-Boso-20260813T023038Z-1-001,Mt. Boso-Boso-20260813T023038Z-1-001\Mt. Boso-Boso\2021\2. February.xlsx,2. February.xlsx,.xlsx,30655
Mt. Boso-Boso-20260813T023038Z-1-001,Mt. Boso-Boso-20260813T023038Z-1-001\Mt. Boso-Boso\2021\3. March.xlsx,3. March.xlsx,.xlsx,30769
Mt. Boso-Boso-20260813T023038Z-1-001,Mt. Boso-Boso-20260813T023038Z-1-001\Mt. Boso-Boso\2021\4. April.xlsx,4. April.xlsx,.xlsx,29990
Mt. Boso-Boso-20260813T023038Z-1-001,Mt. Boso-Boso-20260813T023038Z-1-001\Mt. Boso-Boso\2021\5. May.xlsx,5. May.xlsx,.xlsx,30499
Mt. Boso-Boso-20260813T023038Z-1-001,Mt. Boso-Boso-20260813T023038Z-1-001\Mt. Boso-Boso\2021\6. June.xlsx,6. June.xlsx,.xlsx,32829
Mt. Boso-Boso-20260813T023038Z-1-001,Mt. Boso-Boso-20260813T023038Z-1-001\Mt. Boso-Boso\2021\7. July.xlsx,7. July.xlsx,.xlsx,39352
Mt. Boso-Boso-20260813T023038Z-1-001,Mt. Boso-Boso-20260813T023038Z-1-001\Mt. Boso-Boso\2021\8. August.xlsx,8. August.xlsx,.xlsx,34872
Mt. Boso-Boso-20260813T023038Z-1-001,Mt. Boso-Boso-20260813T023038Z-1-001\Mt. Boso-Boso\2021\9. September.xlsx,9. September.xlsx,.xlsx,34944
Mt. Boso-Boso-20260813T023038Z-1-001,Mt. Boso-Boso-20260813T023038Z-1-001\Mt. Boso-Boso\2021\desktop.ini,desktop.ini,.ini,246
Mt. Boso-Boso-20260813T023038Z-1-001,Mt. Boso-Boso-20260813T023038Z-1-001\Mt. Boso-Boso\2022\1. January.xlsx,1. January.xlsx,.xlsx,21329
Mt. Boso-Boso-20260813T023038Z-1-001,Mt. Boso-Boso-20260813T023038Z-1-001\Mt. Boso-Boso\2022\10. October.xlsx,10. October.xlsx,.xlsx,22542
Mt. Boso-Boso-20260813T023038Z-1-001,Mt. Boso-Boso-20260813T023038Z-1-001\Mt. Boso-Boso\2022\11. November.xlsx,11. November.xlsx,.xlsx,21765
Mt. Boso-Boso-20260813T023038Z-1-001,Mt. Boso-Boso-20260813T023038Z-1-001\Mt. Boso-Boso\2022\12. December.xlsx,12. December.xlsx,.xlsx,22074
Mt. Boso-Boso-20260813T023038Z-1-001,Mt. Boso-Boso-20260813T023038Z-1-001\Mt. Boso-Boso\2022\2. February.xlsx,2. February.xlsx,.xlsx,28966
Mt. Boso-Boso-20260813T023038Z-1-001,Mt. Boso-Boso-20260813T023038Z-1-001\Mt. Boso-Boso\2022\3. March.xlsx,3. March.xlsx,.xlsx,31150
Mt. Boso-Boso-20260813T023038Z-1-001,Mt. Boso-Boso-20260813T023038Z-1-001\Mt. Boso-Boso\2022\4. April.xlsx,4. April.xlsx,.xlsx,21494
Mt. Boso-Boso-20260813T023038Z-1-001,Mt. Boso-Boso-20260813T023038Z-1-001\Mt. Boso-Boso\2022\5. May.xlsx,5. May.xlsx,.xlsx,21626
Mt. Boso-Boso-20260813T023038Z-1-001,Mt. Boso-Boso-20260813T023038Z-1-001\Mt. Boso-Boso\2022\6. June.xlsx,6. June.xlsx,.xlsx,32292
Mt. Boso-Boso-20260813T023038Z-1-001,Mt. Boso-Boso-20260813T023038Z-1-001\Mt. Boso-Boso\2022\7. July.xlsx,7. July.xlsx,.xlsx,34662
Mt. Boso-Boso-20260813T023038Z-1-001,Mt. Boso-Boso-20260813T023038Z-1-001\Mt. Boso-Boso\2022\8. August.xlsx,8. August.xlsx,.xlsx,35943
Mt. Boso-Boso-20260813T023038Z-1-001,Mt. Boso-Boso-20260813T023038Z-1-001\Mt. Boso-Boso\2022\9. September.xlsx,9. September.xlsx,.xlsx,100082
Mt. Boso-Boso-20260813T023038Z-1-001,Mt. Boso-Boso-20260813T023038Z-1-001\Mt. Boso-Boso\2022\desktop.ini,desktop.ini,.ini,246
Mt. Boso-Boso-20260813T023038Z-1-001,Mt. Boso-Boso-20260813T023038Z-1-001\Mt. Boso-Boso\2023\1. January.xlsx,1. January.xlsx,.xlsx,21694
Mt. Boso-Boso-20260813T023038Z-1-001,Mt. Boso-Boso-20260813T023038Z-1-001\Mt. Boso-Boso\2023\11. November.xlsx,11. November.xlsx,.xlsx,21590
Mt. Boso-Boso-20260813T023038Z-1-001,Mt. Boso-Boso-20260813T023038Z-1-001\Mt. Boso-Boso\2023\11. October.xlsx,11. October.xlsx,.xlsx,23423
Mt. Boso-Boso-20260813T023038Z-1-001,Mt. Boso-Boso-20260813T023038Z-1-001\Mt. Boso-Boso\2023\12. December.xlsx,12. December.xlsx,.xlsx,23042
Mt. Boso-Boso-20260813T023038Z-1-001,Mt. Boso-Boso-20260813T023038Z-1-001\Mt. Boso-Boso\2023\2. February.xlsx,2. February.xlsx,.xlsx,20998
Mt. Boso-Boso-20260813T023038Z-1-001,Mt. Boso-Boso-20260813T023038Z-1-001\Mt. Boso-Boso\2023\3. March.xlsx,3. March.xlsx,.xlsx,21190
Mt. Boso-Boso-20260813T023038Z-1-001,Mt. Boso-Boso-20260813T023038Z-1-001\Mt. Boso-Boso\2023\4. April.xlsx,4. April.xlsx,.xlsx,21730
Mt. Boso-Boso-20260813T023038Z-1-001,Mt. Boso-Boso-20260813T023038Z-1-001\Mt. Boso-Boso\2023\5. May.xlsx,5. May.xlsx,.xlsx,21724
Mt. Boso-Boso-20260813T023038Z-1-001,Mt. Boso-Boso-20260813T023038Z-1-001\Mt. Boso-Boso\2023\6. June.xlsx,6. June.xlsx,.xlsx,22124
Mt. Boso-Boso-20260813T023038Z-1-001,Mt. Boso-Boso-20260813T023038Z-1-001\Mt. Boso-Boso\2023\7. July.xlsx,7. July.xlsx,.xlsx,23033
Mt. Boso-Boso-20260813T023038Z-1-001,Mt. Boso-Boso-20260813T023038Z-1-001\Mt. Boso-Boso\2023\8. August.xlsx,8. August.xlsx,.xlsx,22851
Mt. Boso-Boso-20260813T023038Z-1-001,Mt. Boso-Boso-20260813T023038Z-1-001\Mt. Boso-Boso\2023\9. September.xlsx,9. September.xlsx,.xlsx,22185
Mt. Boso-Boso-20260813T023038Z-1-001,Mt. Boso-Boso-20260813T023038Z-1-001\Mt. Boso-Boso\2023\desktop.ini,desktop.ini,.ini,246
Mt. Boso-Boso-20260813T023038Z-1-001,Mt. Boso-Boso-20260813T023038Z-1-001\Mt. Boso-Boso\2024\1. January.xlsx,1. January.xlsx,.xlsx,21692
Mt. Boso-Boso-20260813T023038Z-1-001,Mt. Boso-Boso-20260813T023038Z-1-001\Mt. Boso-Boso\2024\10. October.xlsx,10. October.xlsx,.xlsx,22620
Mt. Boso-Boso-20260813T023038Z-1-001,Mt. Boso-Boso-20260813T023038Z-1-001\Mt. Boso-Boso\2024\11. November.xlsx,11. November.xlsx,.xlsx,21785
Mt. Boso-Boso-20260813T023038Z-1-001,Mt. Boso-Boso-20260813T023038Z-1-001\Mt. Boso-Boso\2024\12. December.xlsx,12. December.xlsx,.xlsx,22098
Mt. Boso-Boso-20260813T023038Z-1-001,Mt. Boso-Boso-20260813T023038Z-1-001\Mt. Boso-Boso\2024\2. February.xlsx,2. February.xlsx,.xlsx,20966
Mt. Boso-Boso-20260813T023038Z-1-001,Mt. Boso-Boso-20260813T023038Z-1-001\Mt. Boso-Boso\2024\3. March.xlsx,3. March.xlsx,.xlsx,21321
Mt. Boso-Boso-20260813T023038Z-1-001,Mt. Boso-Boso-20260813T023038Z-1-001\Mt. Boso-Boso\2024\4. April.xlsx,4. April.xlsx,.xlsx,85453
Mt. Boso-Boso-20260813T023038Z-1-001,Mt. Boso-Boso-20260813T023038Z-1-001\Mt. Boso-Boso\2024\5. May.xlsx,5. May.xlsx,.xlsx,21779
Mt. Boso-Boso-20260813T023038Z-1-001,Mt. Boso-Boso-20260813T023038Z-1-001\Mt. Boso-Boso\2024\6. June.xlsx,6. June.xlsx,.xlsx,22164
Mt. Boso-Boso-20260813T023038Z-1-001,Mt. Boso-Boso-20260813T023038Z-1-001\Mt. Boso-Boso\2024\7. July.xlsx,7. July.xlsx,.xlsx,22455
Mt. Boso-Boso-20260813T023038Z-1-001,Mt. Boso-Boso-20260813T023038Z-1-001\Mt. Boso-Boso\2024\8. August.xlsx,8. August.xlsx,.xlsx,22292
Mt. Boso-Boso-20260813T023038Z-1-001,Mt. Boso-Boso-20260813T023038Z-1-001\Mt. Boso-Boso\2024\9. September.xlsx,9. September.xlsx,.xlsx,22375
Mt. Boso-Boso-20260813T023038Z-1-001,Mt. Boso-Boso-20260813T023038Z-1-001\Mt. Boso-Boso\2024\desktop.ini,desktop.ini,.ini,246
Mt. Boso-Boso-20260813T023038Z-1-001,Mt. Boso-Boso-20260813T023038Z-1-001\Mt. Boso-Boso\2025\1. January.pdf,1. January.pdf,.pdf,107611
Mt. Boso-Boso-20260813T023038Z-1-001,Mt. Boso-Boso-20260813T023038Z-1-001\Mt. Boso-Boso\2025\10. Oct.pdf,10. Oct.pdf,.pdf,107512
Mt. Boso-Boso-20260813T023038Z-1-001,Mt. Boso-Boso-20260813T023038Z-1-001\Mt. Boso-Boso\2025\11. Nov.pdf,11. Nov.pdf,.pdf,107512
Mt. Boso-Boso-20260813T023038Z-1-001,Mt. Boso-Boso-20260813T023038Z-1-001\Mt. Boso-Boso\2025\12. Dec.pdf,12. Dec.pdf,.pdf,108228
Mt. Boso-Boso-20260813T023038Z-1-001,Mt. Boso-Boso-20260813T023038Z-1-001\Mt. Boso-Boso\2025\2. Feb.pdf,2. Feb.pdf,.pdf,101586
Mt. Boso-Boso-20260813T023038Z-1-001,Mt. Boso-Boso-20260813T023038Z-1-001\Mt. Boso-Boso\2025\3. March.pdf,3. March.pdf,.pdf,107198
Mt. Boso-Boso-20260813T023038Z-1-001,Mt. Boso-Boso-20260813T023038Z-1-001\Mt. Boso-Boso\2025\4. April.pdf,4. April.pdf,.pdf,107256
Mt. Boso-Boso-20260813T023038Z-1-001,Mt. Boso-Boso-20260813T023038Z-1-001\Mt. Boso-Boso\2025\5. May.pdf,5. May.pdf,.pdf,106041
Mt. Boso-Boso-20260813T023038Z-1-001,Mt. Boso-Boso-20260813T023038Z-1-001\Mt. Boso-Boso\2025\6. June.pdf,6. June.pdf,.pdf,107178
Mt. Boso-Boso-20260813T023038Z-1-001,Mt. Boso-Boso-20260813T023038Z-1-001\Mt. Boso-Boso\2025\7. July.pdf,7. July.pdf,.pdf,108061
Mt. Boso-Boso-20260813T023038Z-1-001,Mt. Boso-Boso-20260813T023038Z-1-001\Mt. Boso-Boso\2025\8. Aug.pdf,8. Aug.pdf,.pdf,108275
Mt. Boso-Boso-20260813T023038Z-1-001,Mt. Boso-Boso-20260813T023038Z-1-001\Mt. Boso-Boso\2025\9. Sept.pdf,9. Sept.pdf,.pdf,108763
Mt. Boso-Boso-20260813T023038Z-1-001,Mt. Boso-Boso-20260813T023038Z-1-001\Mt. Boso-Boso\2025\desktop.ini,desktop.ini,.ini,246
Mt. Campana-20260814T163506Z-1-001,Mt. Campana-20260814T163506Z-1-001\Mt. Campana\2016\Apr.xls,Apr.xls,.xls,52736
Mt. Campana-20260814T163506Z-1-001,Mt. Campana-20260814T163506Z-1-001\Mt. Campana\2016\Aug.xls,Aug.xls,.xls,45568
Mt. Campana-20260814T163506Z-1-001,Mt. Campana-20260814T163506Z-1-001\Mt. Campana\2016\Feb.xls,Feb.xls,.xls,45568
Mt. Campana-20260814T163506Z-1-001,Mt. Campana-20260814T163506Z-1-001\Mt. Campana\2016\Jan.xls,Jan.xls,.xls,48640
Mt. Campana-20260814T163506Z-1-001,Mt. Campana-20260814T163506Z-1-001\Mt. Campana\2016\Jul.xls,Jul.xls,.xls,48640
Mt. Campana-20260814T163506Z-1-001,Mt. Campana-20260814T163506Z-1-001\Mt. Campana\2016\Jun.xls,Jun.xls,.xls,45568
Mt. Campana-20260814T163506Z-1-001,Mt. Campana-20260814T163506Z-1-001\Mt. Campana\2016\Mar.xls,Mar.xls,.xls,45568
Mt. Campana-20260814T163506Z-1-001,Mt. Campana-20260814T163506Z-1-001\Mt. Campana\2016\May.xls,May.xls,.xls,45568
Mt. Campana-20260814T163506Z-1-001,Mt. Campana-20260814T163506Z-1-001\Mt. Campana\2016\Oct.xls,Oct.xls,.xls,33792
Mt. Campana-20260814T163506Z-1-001,Mt. Campana-20260814T163506Z-1-001\Mt. Campana\2016\Sep.xls,Sep.xls,.xls,48640
Mt. Campana-20260814T163506Z-1-001,Mt. Campana-20260814T163506Z-1-001\Mt. Campana\2016\dec.xlsx,dec.xlsx,.xlsx,15740
Mt. Campana-20260814T163506Z-1-001,Mt. Campana-20260814T163506Z-1-001\Mt. Campana\2016\desktop.ini,desktop.ini,.ini,246
Mt. Campana-20260814T163506Z-1-001,Mt. Campana-20260814T163506Z-1-001\Mt. Campana\2016\nov.xls,nov.xls,.xls,45056
Mt. Campana-20260814T163506Z-1-001,Mt. Campana-20260814T163506Z-1-001\Mt. Campana\2017\MT CAMPANA - APRIL 2017.xlsx,MT CAMPANA - APRIL 2017.xlsx,.xlsx,31007
Mt. Campana-20260814T163506Z-1-001,Mt. Campana-20260814T163506Z-1-001\Mt. Campana\2017\MT CAMPANA - AUGUST 2017.xlsx,MT CAMPANA - AUGUST 2017.xlsx,.xlsx,36223
Mt. Campana-20260814T163506Z-1-001,Mt. Campana-20260814T163506Z-1-001\Mt. Campana\2017\MT CAMPANA - DECEMBER 2017.xlsx,MT CAMPANA - DECEMBER 2017.xlsx,.xlsx,33763
Mt. Campana-20260814T163506Z-1-001,Mt. Campana-20260814T163506Z-1-001\Mt. Campana\2017\MT CAMPANA - FEBRUARY 2017.xlsx,MT CAMPANA - FEBRUARY 2017.xlsx,.xlsx,29975
Mt. Campana-20260814T163506Z-1-001,Mt. Campana-20260814T163506Z-1-001\Mt. Campana\2017\MT CAMPANA - JANUARY 2017.xlsx,MT CAMPANA - JANUARY 2017.xlsx,.xlsx,32167
Mt. Campana-20260814T163506Z-1-001,Mt. Campana-20260814T163506Z-1-001\Mt. Campana\2017\MT CAMPANA - JULY 2017.xlsx,MT CAMPANA - JULY 2017.xlsx,.xlsx,36211
Mt. Campana-20260814T163506Z-1-001,Mt. Campana-20260814T163506Z-1-001\Mt. Campana\2017\MT CAMPANA - JUNE 2017.xlsx,MT CAMPANA - JUNE 2017.xlsx,.xlsx,32417
Mt. Campana-20260814T163506Z-1-001,Mt. Campana-20260814T163506Z-1-001\Mt. Campana\2017\MT CAMPANA - MARCH 2017.xlsx,MT CAMPANA - MARCH 2017.xlsx,.xlsx,29728
Mt. Campana-20260814T163506Z-1-001,Mt. Campana-20260814T163506Z-1-001\Mt. Campana\2017\MT CAMPANA - MAY 2017.xlsx,MT CAMPANA - MAY 2017.xlsx,.xlsx,32666
Mt. Campana-20260814T163506Z-1-001,Mt. Campana-20260814T163506Z-1-001\Mt. Campana\2017\MT CAMPANA - NOVEMBER 2017.xlsx,MT CAMPANA - NOVEMBER 2017.xlsx,.xlsx,33540
Mt. Campana-20260814T163506Z-1-001,Mt. Campana-20260814T163506Z-1-001\Mt. Campana\2017\MT CAMPANA - OCTOBER 2017.xlsx,MT CAMPANA - OCTOBER 2017.xlsx,.xlsx,35321
Mt. Campana-20260814T163506Z-1-001,Mt. Campana-20260814T163506Z-1-001\Mt. Campana\2017\MT CAMPANA - SEPTEMBER 2017.xlsx,MT CAMPANA - SEPTEMBER 2017.xlsx,.xlsx,34421
Mt. Campana-20260814T163506Z-1-001,Mt. Campana-20260814T163506Z-1-001\Mt. Campana\2017\desktop.ini,desktop.ini,.ini,246
Mt. Campana-20260814T163506Z-1-001,Mt. Campana-20260814T163506Z-1-001\Mt. Campana\2018\1. January.xlsx,1. January.xlsx,.xlsx,32169
Mt. Campana-20260814T163506Z-1-001,Mt. Campana-20260814T163506Z-1-001\Mt. Campana\2018\10. October.xlsx,10. October.xlsx,.xlsx,32128
Mt. Campana-20260814T163506Z-1-001,Mt. Campana-20260814T163506Z-1-001\Mt. Campana\2018\11. November.xlsx,11. November.xlsx,.xlsx,30377
Mt. Campana-20260814T163506Z-1-001,Mt. Campana-20260814T163506Z-1-001\Mt. Campana\2018\12. December.xlsx,12. December.xlsx,.xlsx,34298
Mt. Campana-20260814T163506Z-1-001,Mt. Campana-20260814T163506Z-1-001\Mt. Campana\2018\2. February.xlsx,2. February.xlsx,.xlsx,28507
Mt. Campana-20260814T163506Z-1-001,Mt. Campana-20260814T163506Z-1-001\Mt. Campana\2018\3. March.xlsx,3. March.xlsx,.xlsx,30876
Mt. Campana-20260814T163506Z-1-001,Mt. Campana-20260814T163506Z-1-001\Mt. Campana\2018\4. April.xlsx,4. April.xlsx,.xlsx,29245
Mt. Campana-20260814T163506Z-1-001,Mt. Campana-20260814T163506Z-1-001\Mt. Campana\2018\5. May.xlsx,5. May.xlsx,.xlsx,31097
Mt. Campana-20260814T163506Z-1-001,Mt. Campana-20260814T163506Z-1-001\Mt. Campana\2018\6. June.xlsx,6. June.xlsx,.xlsx,37248
Mt. Campana-20260814T163506Z-1-001,Mt. Campana-20260814T163506Z-1-001\Mt. Campana\2018\7. July.xlsx,7. July.xlsx,.xlsx,39320
Mt. Campana-20260814T163506Z-1-001,Mt. Campana-20260814T163506Z-1-001\Mt. Campana\2018\8. August.xlsx,8. August.xlsx,.xlsx,38355
Mt. Campana-20260814T163506Z-1-001,Mt. Campana-20260814T163506Z-1-001\Mt. Campana\2018\9. September.xlsx,9. September.xlsx,.xlsx,35179
Mt. Campana-20260814T163506Z-1-001,Mt. Campana-20260814T163506Z-1-001\Mt. Campana\2018\desktop.ini,desktop.ini,.ini,246
Mt. Campana-20260814T163506Z-1-001,Mt. Campana-20260814T163506Z-1-001\Mt. Campana\2019\1. January.xlsx,1. January.xlsx,.xlsx,30054
Mt. Campana-20260814T163506Z-1-001,Mt. Campana-20260814T163506Z-1-001\Mt. Campana\2019\10. October.xlsx,10. October.xlsx,.xlsx,32091
Mt. Campana-20260814T163506Z-1-001,Mt. Campana-20260814T163506Z-1-001\Mt. Campana\2019\11. November.xlsx,11. November.xlsx,.xlsx,32327
Mt. Campana-20260814T163506Z-1-001,Mt. Campana-20260814T163506Z-1-001\Mt. Campana\2019\12. December.xlsx,12. December.xlsx,.xlsx,30610
Mt. Campana-20260814T163506Z-1-001,Mt. Campana-20260814T163506Z-1-001\Mt. Campana\2019\2. February.xlsx,2. February.xlsx,.xlsx,28517
Mt. Campana-20260814T163506Z-1-001,Mt. Campana-20260814T163506Z-1-001\Mt. Campana\2019\3. March.xlsx,3. March.xlsx,.xlsx,29244
Mt. Campana-20260814T163506Z-1-001,Mt. Campana-20260814T163506Z-1-001\Mt. Campana\2019\4. April.xlsx,4. April.xlsx,.xlsx,29061
Mt. Campana-20260814T163506Z-1-001,Mt. Campana-20260814T163506Z-1-001\Mt. Campana\2019\5. May.xlsx,5. May.xlsx,.xlsx,32192
Mt. Campana-20260814T163506Z-1-001,Mt. Campana-20260814T163506Z-1-001\Mt. Campana\2019\6. June.xlsx,6. June.xlsx,.xlsx,33942
Mt. Campana-20260814T163506Z-1-001,Mt. Campana-20260814T163506Z-1-001\Mt. Campana\2019\7. July.xlsx,7. July.xlsx,.xlsx,35529
Mt. Campana-20260814T163506Z-1-001,Mt. Campana-20260814T163506Z-1-001\Mt. Campana\2019\8. August.xlsx,8. August.xlsx,.xlsx,38995
Mt. Campana-20260814T163506Z-1-001,Mt. Campana-20260814T163506Z-1-001\Mt. Campana\2019\9. September.xlsx,9. September.xlsx,.xlsx,36498
Mt. Campana-20260814T163506Z-1-001,Mt. Campana-20260814T163506Z-1-001\Mt. Campana\2019\desktop.ini,desktop.ini,.ini,246
Mt. Campana-20260814T163506Z-1-001,Mt. Campana-20260814T163506Z-1-001\Mt. Campana\2021\1. January.xlsx,1. January.xlsx,.xlsx,31970
Mt. Campana-20260814T163506Z-1-001,Mt. Campana-20260814T163506Z-1-001\Mt. Campana\2021\10. October.xlsx,10. October.xlsx,.xlsx,33662
Mt. Campana-20260814T163506Z-1-001,Mt. Campana-20260814T163506Z-1-001\Mt. Campana\2021\11. November.xlsx,11. November.xlsx,.xlsx,31648
Mt. Campana-20260814T163506Z-1-001,Mt. Campana-20260814T163506Z-1-001\Mt. Campana\2021\12. December.xlsx,12. December.xlsx,.xlsx,31277
Mt. Campana-20260814T163506Z-1-001,Mt. Campana-20260814T163506Z-1-001\Mt. Campana\2021\2. February.xlsx,2. February.xlsx,.xlsx,30917
Mt. Campana-20260814T163506Z-1-001,Mt. Campana-20260814T163506Z-1-001\Mt. Campana\2021\3. March.xlsx,3. March.xlsx,.xlsx,30410
Mt. Campana-20260814T163506Z-1-001,Mt. Campana-20260814T163506Z-1-001\Mt. Campana\2021\4. April.xlsx,4. April.xlsx,.xlsx,29787
Mt. Campana-20260814T163506Z-1-001,Mt. Campana-20260814T163506Z-1-001\Mt. Campana\2021\5. May.xlsx,5. May.xlsx,.xlsx,30397
Mt. Campana-20260814T163506Z-1-001,Mt. Campana-20260814T163506Z-1-001\Mt. Campana\2021\6. June.xlsx,6. June.xlsx,.xlsx,32703
Mt. Campana-20260814T163506Z-1-001,Mt. Campana-20260814T163506Z-1-001\Mt. Campana\2021\7. July.xlsx,7. July.xlsx,.xlsx,39403
Mt. Campana-20260814T163506Z-1-001,Mt. Campana-20260814T163506Z-1-001\Mt. Campana\2021\8. August.xlsx,8. August.xlsx,.xlsx,34673
Mt. Campana-20260814T163506Z-1-001,Mt. Campana-20260814T163506Z-1-001\Mt. Campana\2021\9. September.xlsx,9. September.xlsx,.xlsx,34656
Mt. Campana-20260814T163506Z-1-001,Mt. Campana-20260814T163506Z-1-001\Mt. Campana\2021\desktop.ini,desktop.ini,.ini,246
Mt. Campana-20260814T163506Z-1-001,Mt. Campana-20260814T163506Z-1-001\Mt. Campana\2022\1. January.xlsx,1. January.xlsx,.xlsx,21373
Mt. Campana-20260814T163506Z-1-001,Mt. Campana-20260814T163506Z-1-001\Mt. Campana\2022\10. October.xlsx,10. October.xlsx,.xlsx,35564
Mt. Campana-20260814T163506Z-1-001,Mt. Campana-20260814T163506Z-1-001\Mt. Campana\2022\11. November.xlsx,11. November.xlsx,.xlsx,21932
Mt. Campana-20260814T163506Z-1-001,Mt. Campana-20260814T163506Z-1-001\Mt. Campana\2022\12. December.xlsx,12. December.xlsx,.xlsx,22368
Mt. Campana-20260814T163506Z-1-001,Mt. Campana-20260814T163506Z-1-001\Mt. Campana\2022\2. February.xlsx,2. February.xlsx,.xlsx,28935
Mt. Campana-20260814T163506Z-1-001,Mt. Campana-20260814T163506Z-1-001\Mt. Campana\2022\3. March.xlsx,3. March.xlsx,.xlsx,31343
Mt. Campana-20260814T163506Z-1-001,Mt. Campana-20260814T163506Z-1-001\Mt. Campana\2022\4. April.xlsx,4. April.xlsx,.xlsx,21625
Mt. Campana-20260814T163506Z-1-001,Mt. Campana-20260814T163506Z-1-001\Mt. Campana\2022\5. May.xlsx,5. May.xlsx,.xlsx,32691
Mt. Campana-20260814T163506Z-1-001,Mt. Campana-20260814T163506Z-1-001\Mt. Campana\2022\6. June.xlsx,6. June.xlsx,.xlsx,32486
Mt. Campana-20260814T163506Z-1-001,Mt. Campana-20260814T163506Z-1-001\Mt. Campana\2022\7. July.xlsx,7. July.xlsx,.xlsx,34616
Mt. Campana-20260814T163506Z-1-001,Mt. Campana-20260814T163506Z-1-001\Mt. Campana\2022\8. August.xlsx,8. August.xlsx,.xlsx,35846
Mt. Campana-20260814T163506Z-1-001,Mt. Campana-20260814T163506Z-1-001\Mt. Campana\2022\9. September.xlsx,9. September.xlsx,.xlsx,100369
Mt. Campana-20260814T163506Z-1-001,Mt. Campana-20260814T163506Z-1-001\Mt. Campana\2022\desktop.ini,desktop.ini,.ini,246
Mt. Campana-20260814T163506Z-1-001,Mt. Campana-20260814T163506Z-1-001\Mt. Campana\2023\1. January.xlsx,1. January.xlsx,.xlsx,21975
Mt. Campana-20260814T163506Z-1-001,Mt. Campana-20260814T163506Z-1-001\Mt. Campana\2023\11. November.xlsx,11. November.xlsx,.xlsx,21665
Mt. Campana-20260814T163506Z-1-001,Mt. Campana-20260814T163506Z-1-001\Mt. Campana\2023\11. October.xlsx,11. October.xlsx,.xlsx,21864
Mt. Campana-20260814T163506Z-1-001,Mt. Campana-20260814T163506Z-1-001\Mt. Campana\2023\12. December.xlsx,12. December.xlsx,.xlsx,21747
Mt. Campana-20260814T163506Z-1-001,Mt. Campana-20260814T163506Z-1-001\Mt. Campana\2023\2. February.xlsx,2. February.xlsx,.xlsx,21039
Mt. Campana-20260814T163506Z-1-001,Mt. Campana-20260814T163506Z-1-001\Mt. Campana\2023\3. March.xlsx,3. March.xlsx,.xlsx,21204
Mt. Campana-20260814T163506Z-1-001,Mt. Campana-20260814T163506Z-1-001\Mt. Campana\2023\4. April.xlsx,4. April.xlsx,.xlsx,21733
Mt. Campana-20260814T163506Z-1-001,Mt. Campana-20260814T163506Z-1-001\Mt. Campana\2023\5. May.xlsx,5. May.xlsx,.xlsx,21823
Mt. Campana-20260814T163506Z-1-001,Mt. Campana-20260814T163506Z-1-001\Mt. Campana\2023\6. June.xlsx,6. June.xlsx,.xlsx,22200
Mt. Campana-20260814T163506Z-1-001,Mt. Campana-20260814T163506Z-1-001\Mt. Campana\2023\7. July.xlsx,7. July.xlsx,.xlsx,22997
Mt. Campana-20260814T163506Z-1-001,Mt. Campana-20260814T163506Z-1-001\Mt. Campana\2023\8. August.xlsx,8. August.xlsx,.xlsx,23011
Mt. Campana-20260814T163506Z-1-001,Mt. Campana-20260814T163506Z-1-001\Mt. Campana\2023\9. September.xlsx,9. September.xlsx,.xlsx,22167
Mt. Campana-20260814T163506Z-1-001,Mt. Campana-20260814T163506Z-1-001\Mt. Campana\2023\desktop.ini,desktop.ini,.ini,246
Mt. Campana-20260814T163506Z-1-001,Mt. Campana-20260814T163506Z-1-001\Mt. Campana\2024\1. January.xlsx,1. January.xlsx,.xlsx,21926
Mt. Campana-20260814T163506Z-1-001,Mt. Campana-20260814T163506Z-1-001\Mt. Campana\2024\10. October.xlsx,10. October.xlsx,.xlsx,22416
Mt. Campana-20260814T163506Z-1-001,Mt. Campana-20260814T163506Z-1-001\Mt. Campana\2024\11. November.xlsx,11. November.xlsx,.xlsx,21549
Mt. Campana-20260814T163506Z-1-001,Mt. Campana-20260814T163506Z-1-001\Mt. Campana\2024\12. December.xlsx,12. December.xlsx,.xlsx,21840
Mt. Campana-20260814T163506Z-1-001,Mt. Campana-20260814T163506Z-1-001\Mt. Campana\2024\2. February.xlsx,2. February.xlsx,.xlsx,21001
Mt. Campana-20260814T163506Z-1-001,Mt. Campana-20260814T163506Z-1-001\Mt. Campana\2024\3. March.xlsx,3. March.xlsx,.xlsx,21368
Mt. Campana-20260814T163506Z-1-001,Mt. Campana-20260814T163506Z-1-001\Mt. Campana\2024\4. April.xlsx,4. April.xlsx,.xlsx,85505
Mt. Campana-20260814T163506Z-1-001,Mt. Campana-20260814T163506Z-1-001\Mt. Campana\2024\5. May.xlsx,5. May.xlsx,.xlsx,21833
Mt. Campana-20260814T163506Z-1-001,Mt. Campana-20260814T163506Z-1-001\Mt. Campana\2024\6. June.xlsx,6. June.xlsx,.xlsx,21956
Mt. Campana-20260814T163506Z-1-001,Mt. Campana-20260814T163506Z-1-001\Mt. Campana\2024\7. July.xlsx,7. July.xlsx,.xlsx,22131
Mt. Campana-20260814T163506Z-1-001,Mt. Campana-20260814T163506Z-1-001\Mt. Campana\2024\8. August.xlsx,8. August.xlsx,.xlsx,22336
Mt. Campana-20260814T163506Z-1-001,Mt. Campana-20260814T163506Z-1-001\Mt. Campana\2024\9. September.xlsx,9. September.xlsx,.xlsx,22248
Mt. Campana-20260814T163506Z-1-001,Mt. Campana-20260814T163506Z-1-001\Mt. Campana\2024\desktop.ini,desktop.ini,.ini,246
Mt. Campana-20260814T163506Z-1-001,Mt. Campana-20260814T163506Z-1-001\Mt. Campana\2025\1. January.pdf,1. January.pdf,.pdf,107529
Mt. Campana-20260814T163506Z-1-001,Mt. Campana-20260814T163506Z-1-001\Mt. Campana\2025\10. Oct.pdf,10. Oct.pdf,.pdf,107614
Mt. Campana-20260814T163506Z-1-001,Mt. Campana-20260814T163506Z-1-001\Mt. Campana\2025\11. Nov.pdf,11. Nov.pdf,.pdf,107614
Mt. Campana-20260814T163506Z-1-001,Mt. Campana-20260814T163506Z-1-001\Mt. Campana\2025\12. Dec.pdf,12. Dec.pdf,.pdf,108368
Mt. Campana-20260814T163506Z-1-001,Mt. Campana-20260814T163506Z-1-001\Mt. Campana\2025\2. Feb.pdf,2. Feb.pdf,.pdf,101522
Mt. Campana-20260814T163506Z-1-001,Mt. Campana-20260814T163506Z-1-001\Mt. Campana\2025\3. March.pdf,3. March.pdf,.pdf,107092
Mt. Campana-20260814T163506Z-1-001,Mt. Campana-20260814T163506Z-1-001\Mt. Campana\2025\4. April.pdf,4. April.pdf,.pdf,107300
Mt. Campana-20260814T163506Z-1-001,Mt. Campana-20260814T163506Z-1-001\Mt. Campana\2025\5. May.pdf,5. May.pdf,.pdf,105917
Mt. Campana-20260814T163506Z-1-001,Mt. Campana-20260814T163506Z-1-001\Mt. Campana\2025\6. June.pdf,6. June.pdf,.pdf,107137
Mt. Campana-20260814T163506Z-1-001,Mt. Campana-20260814T163506Z-1-001\Mt. Campana\2025\7. July.pdf,7. July.pdf,.pdf,108478
Mt. Campana-20260814T163506Z-1-001,Mt. Campana-20260814T163506Z-1-001\Mt. Campana\2025\8. Aug.pdf,8. Aug.pdf,.pdf,108553
Mt. Campana-20260814T163506Z-1-001,Mt. Campana-20260814T163506Z-1-001\Mt. Campana\2025\9. Sept.pdf,9. Sept.pdf,.pdf,108776
Mt. Campana-20260814T163506Z-1-001,Mt. Campana-20260814T163506Z-1-001\Mt. Campana\2025\desktop.ini,desktop.ini,.ini,246
Mt. Oro Station-20260813T023040Z-1-001,Mt. Oro Station-20260813T023040Z-1-001\Mt. Oro Station\2016\1. JANUARY.xls,1. JANUARY.xls,.xls,80896
Mt. Oro Station-20260813T023040Z-1-001,Mt. Oro Station-20260813T023040Z-1-001\Mt. Oro Station\2016\10. OCTOBER.xls,10. OCTOBER.xls,.xls,80384
Mt. Oro Station-20260813T023040Z-1-001,Mt. Oro Station-20260813T023040Z-1-001\Mt. Oro Station\2016\11. NOVEMBER.xls,11. NOVEMBER.xls,.xls,40960
Mt. Oro Station-20260813T023040Z-1-001,Mt. Oro Station-20260813T023040Z-1-001\Mt. Oro Station\2016\12. DECEMBER.xls,12. DECEMBER.xls,.xls,80896
Mt. Oro Station-20260813T023040Z-1-001,Mt. Oro Station-20260813T023040Z-1-001\Mt. Oro Station\2016\2. FEBRUARY.xls,2. FEBRUARY.xls,.xls,80896
Mt. Oro Station-20260813T023040Z-1-001,Mt. Oro Station-20260813T023040Z-1-001\Mt. Oro Station\2016\3. MARCH.xls,3. MARCH.xls,.xls,84480
Mt. Oro Station-20260813T023040Z-1-001,Mt. Oro Station-20260813T023040Z-1-001\Mt. Oro Station\2016\4. APRIL.xls,4. APRIL.xls,.xls,87552
Mt. Oro Station-20260813T023040Z-1-001,Mt. Oro Station-20260813T023040Z-1-001\Mt. Oro Station\2016\5. MAY.xls,5. MAY.xls,.xls,80896
Mt. Oro Station-20260813T023040Z-1-001,Mt. Oro Station-20260813T023040Z-1-001\Mt. Oro Station\2016\6. JUNE.xls,6. JUNE.xls,.xls,80896
Mt. Oro Station-20260813T023040Z-1-001,Mt. Oro Station-20260813T023040Z-1-001\Mt. Oro Station\2016\7. JULY.xls,7. JULY.xls,.xls,83968
Mt. Oro Station-20260813T023040Z-1-001,Mt. Oro Station-20260813T023040Z-1-001\Mt. Oro Station\2016\8. AUGUST.xls,8. AUGUST.xls,.xls,81408
Mt. Oro Station-20260813T023040Z-1-001,Mt. Oro Station-20260813T023040Z-1-001\Mt. Oro Station\2016\9. SEPTEMBER.xls,9. SEPTEMBER.xls,.xls,80896
Mt. Oro Station-20260813T023040Z-1-001,Mt. Oro Station-20260813T023040Z-1-001\Mt. Oro Station\2016\desktop.ini,desktop.ini,.ini,246
Mt. Oro Station-20260813T023040Z-1-001,Mt. Oro Station-20260813T023040Z-1-001\Mt. Oro Station\2017\MT ORO - APRIL 2017.xlsx,MT ORO - APRIL 2017.xlsx,.xlsx,30987
Mt. Oro Station-20260813T023040Z-1-001,Mt. Oro Station-20260813T023040Z-1-001\Mt. Oro Station\2017\MT ORO - AUGUST 2017.xlsx,MT ORO - AUGUST 2017.xlsx,.xlsx,36192
Mt. Oro Station-20260813T023040Z-1-001,Mt. Oro Station-20260813T023040Z-1-001\Mt. Oro Station\2017\MT ORO - DECEMBER 2017.xlsx,MT ORO - DECEMBER 2017.xlsx,.xlsx,33556
Mt. Oro Station-20260813T023040Z-1-001,Mt. Oro Station-20260813T023040Z-1-001\Mt. Oro Station\2017\MT ORO - FEBRUARY 2017.xlsx,MT ORO - FEBRUARY 2017.xlsx,.xlsx,29894
Mt. Oro Station-20260813T023040Z-1-001,Mt. Oro Station-20260813T023040Z-1-001\Mt. Oro Station\2017\MT ORO - JANUARY 2017.xlsx,MT ORO - JANUARY 2017.xlsx,.xlsx,32003
Mt. Oro Station-20260813T023040Z-1-001,Mt. Oro Station-20260813T023040Z-1-001\Mt. Oro Station\2017\MT ORO - JULY 2017.xlsx,MT ORO - JULY 2017.xlsx,.xlsx,36517
Mt. Oro Station-20260813T023040Z-1-001,Mt. Oro Station-20260813T023040Z-1-001\Mt. Oro Station\2017\MT ORO - JUNE 2017.xlsx,MT ORO - JUNE 2017.xlsx,.xlsx,32513
Mt. Oro Station-20260813T023040Z-1-001,Mt. Oro Station-20260813T023040Z-1-001\Mt. Oro Station\2017\MT ORO - MARCH 2017.xlsx,MT ORO - MARCH 2017.xlsx,.xlsx,29674
Mt. Oro Station-20260813T023040Z-1-001,Mt. Oro Station-20260813T023040Z-1-001\Mt. Oro Station\2017\MT ORO - MAY 2017.xlsx,MT ORO - MAY 2017.xlsx,.xlsx,32718
Mt. Oro Station-20260813T023040Z-1-001,Mt. Oro Station-20260813T023040Z-1-001\Mt. Oro Station\2017\MT ORO - NOVEMBER 2017.xlsx,MT ORO - NOVEMBER 2017.xlsx,.xlsx,33465
Mt. Oro Station-20260813T023040Z-1-001,Mt. Oro Station-20260813T023040Z-1-001\Mt. Oro Station\2017\MT ORO - OCTOBER 2017.xlsx,MT ORO - OCTOBER 2017.xlsx,.xlsx,35226
Mt. Oro Station-20260813T023040Z-1-001,Mt. Oro Station-20260813T023040Z-1-001\Mt. Oro Station\2017\MT ORO - SEPTEMBER 2017.xlsx,MT ORO - SEPTEMBER 2017.xlsx,.xlsx,34574
Mt. Oro Station-20260813T023040Z-1-001,Mt. Oro Station-20260813T023040Z-1-001\Mt. Oro Station\2017\desktop.ini,desktop.ini,.ini,246
Mt. Oro Station-20260813T023040Z-1-001,Mt. Oro Station-20260813T023040Z-1-001\Mt. Oro Station\2018\1. January.xlsx,1. January.xlsx,.xlsx,32086
Mt. Oro Station-20260813T023040Z-1-001,Mt. Oro Station-20260813T023040Z-1-001\Mt. Oro Station\2018\10. October.xlsx,10. October.xlsx,.xlsx,32155
Mt. Oro Station-20260813T023040Z-1-001,Mt. Oro Station-20260813T023040Z-1-001\Mt. Oro Station\2018\11. November.xlsx,11. November.xlsx,.xlsx,30324
Mt. Oro Station-20260813T023040Z-1-001,Mt. Oro Station-20260813T023040Z-1-001\Mt. Oro Station\2018\12. December.xlsx,12. December.xlsx,.xlsx,34132
Mt. Oro Station-20260813T023040Z-1-001,Mt. Oro Station-20260813T023040Z-1-001\Mt. Oro Station\2018\2. February.xlsx,2. February.xlsx,.xlsx,28467
Mt. Oro Station-20260813T023040Z-1-001,Mt. Oro Station-20260813T023040Z-1-001\Mt. Oro Station\2018\3. March.xlsx,3. March.xlsx,.xlsx,30848
Mt. Oro Station-20260813T023040Z-1-001,Mt. Oro Station-20260813T023040Z-1-001\Mt. Oro Station\2018\4. April.xlsx,4. April.xlsx,.xlsx,29242
Mt. Oro Station-20260813T023040Z-1-001,Mt. Oro Station-20260813T023040Z-1-001\Mt. Oro Station\2018\5. May.xlsx,5. May.xlsx,.xlsx,31160
Mt. Oro Station-20260813T023040Z-1-001,Mt. Oro Station-20260813T023040Z-1-001\Mt. Oro Station\2018\6. June.xlsx,6. June.xlsx,.xlsx,37380
Mt. Oro Station-20260813T023040Z-1-001,Mt. Oro Station-20260813T023040Z-1-001\Mt. Oro Station\2018\7. July.xlsx,7. July.xlsx,.xlsx,39277
Mt. Oro Station-20260813T023040Z-1-001,Mt. Oro Station-20260813T023040Z-1-001\Mt. Oro Station\2018\8. August.xlsx,8. August.xlsx,.xlsx,38477
Mt. Oro Station-20260813T023040Z-1-001,Mt. Oro Station-20260813T023040Z-1-001\Mt. Oro Station\2018\9. September.xlsx,9. September.xlsx,.xlsx,35225
Mt. Oro Station-20260813T023040Z-1-001,Mt. Oro Station-20260813T023040Z-1-001\Mt. Oro Station\2018\desktop.ini,desktop.ini,.ini,246
Mt. Oro Station-20260813T023040Z-1-001,Mt. Oro Station-20260813T023040Z-1-001\Mt. Oro Station\2019\1. January.xlsx,1. January.xlsx,.xlsx,29899
Mt. Oro Station-20260813T023040Z-1-001,Mt. Oro Station-20260813T023040Z-1-001\Mt. Oro Station\2019\10. October.xlsx,10. October.xlsx,.xlsx,32017
Mt. Oro Station-20260813T023040Z-1-001,Mt. Oro Station-20260813T023040Z-1-001\Mt. Oro Station\2019\11. November.xlsx,11. November.xlsx,.xlsx,32202
Mt. Oro Station-20260813T023040Z-1-001,Mt. Oro Station-20260813T023040Z-1-001\Mt. Oro Station\2019\12. December.xlsx,12. December.xlsx,.xlsx,30426
Mt. Oro Station-20260813T023040Z-1-001,Mt. Oro Station-20260813T023040Z-1-001\Mt. Oro Station\2019\2. February.xlsx,2. February.xlsx,.xlsx,28504
Mt. Oro Station-20260813T023040Z-1-001,Mt. Oro Station-20260813T023040Z-1-001\Mt. Oro Station\2019\3. March.xlsx,3. March.xlsx,.xlsx,29227
Mt. Oro Station-20260813T023040Z-1-001,Mt. Oro Station-20260813T023040Z-1-001\Mt. Oro Station\2019\4. April.xlsx,4. April.xlsx,.xlsx,29022
Mt. Oro Station-20260813T023040Z-1-001,Mt. Oro Station-20260813T023040Z-1-001\Mt. Oro Station\2019\5. May.xlsx,5. May.xlsx,.xlsx,32278
Mt. Oro Station-20260813T023040Z-1-001,Mt. Oro Station-20260813T023040Z-1-001\Mt. Oro Station\2019\6. June.xlsx,6. June.xlsx,.xlsx,33984
Mt. Oro Station-20260813T023040Z-1-001,Mt. Oro Station-20260813T023040Z-1-001\Mt. Oro Station\2019\7. July.xlsx,7. July.xlsx,.xlsx,35526
Mt. Oro Station-20260813T023040Z-1-001,Mt. Oro Station-20260813T023040Z-1-001\Mt. Oro Station\2019\8. August.xlsx,8. August.xlsx,.xlsx,39122
Mt. Oro Station-20260813T023040Z-1-001,Mt. Oro Station-20260813T023040Z-1-001\Mt. Oro Station\2019\9. September.xlsx,9. September.xlsx,.xlsx,36375
Mt. Oro Station-20260813T023040Z-1-001,Mt. Oro Station-20260813T023040Z-1-001\Mt. Oro Station\2019\desktop.ini,desktop.ini,.ini,246
Mt. Oro Station-20260813T023040Z-1-001,Mt. Oro Station-20260813T023040Z-1-001\Mt. Oro Station\2020\1. January.xlsx,1. January.xlsx,.xlsx,29851
Mt. Oro Station-20260813T023040Z-1-001,Mt. Oro Station-20260813T023040Z-1-001\Mt. Oro Station\2020\10. October.xlsx,10. October.xlsx,.xlsx,37792
Mt. Oro Station-20260813T023040Z-1-001,Mt. Oro Station-20260813T023040Z-1-001\Mt. Oro Station\2020\11. November.xlsx,11. November.xlsx,.xlsx,34406
Mt. Oro Station-20260813T023040Z-1-001,Mt. Oro Station-20260813T023040Z-1-001\Mt. Oro Station\2020\12. December.xlsx,12. December.xlsx,.xlsx,28520
Mt. Oro Station-20260813T023040Z-1-001,Mt. Oro Station-20260813T023040Z-1-001\Mt. Oro Station\2020\2. February.xlsx,2. February.xlsx,.xlsx,30136
Mt. Oro Station-20260813T023040Z-1-001,Mt. Oro Station-20260813T023040Z-1-001\Mt. Oro Station\2020\3. March.xlsx,3. March.xlsx,.xlsx,29001
Mt. Oro Station-20260813T023040Z-1-001,Mt. Oro Station-20260813T023040Z-1-001\Mt. Oro Station\2020\4. April.xlsx,4. April.xlsx,.xlsx,28801
Mt. Oro Station-20260813T023040Z-1-001,Mt. Oro Station-20260813T023040Z-1-001\Mt. Oro Station\2020\5. May.xlsx,5. May.xlsx,.xlsx,30856
Mt. Oro Station-20260813T023040Z-1-001,Mt. Oro Station-20260813T023040Z-1-001\Mt. Oro Station\2020\6. June.xlsx,6. June.xlsx,.xlsx,32210
Mt. Oro Station-20260813T023040Z-1-001,Mt. Oro Station-20260813T023040Z-1-001\Mt. Oro Station\2020\7. July.xlsx,7. July.xlsx,.xlsx,33723
Mt. Oro Station-20260813T023040Z-1-001,Mt. Oro Station-20260813T023040Z-1-001\Mt. Oro Station\2020\8. August.xlsx,8. August.xlsx,.xlsx,33899
Mt. Oro Station-20260813T023040Z-1-001,Mt. Oro Station-20260813T023040Z-1-001\Mt. Oro Station\2020\9. September.xlsx,9. September.xlsx,.xlsx,33073
Mt. Oro Station-20260813T023040Z-1-001,Mt. Oro Station-20260813T023040Z-1-001\Mt. Oro Station\2020\desktop.ini,desktop.ini,.ini,246
Mt. Oro Station-20260813T023040Z-1-001,Mt. Oro Station-20260813T023040Z-1-001\Mt. Oro Station\2021\1. January.xlsx,1. January.xlsx,.xlsx,31792
Mt. Oro Station-20260813T023040Z-1-001,Mt. Oro Station-20260813T023040Z-1-001\Mt. Oro Station\2021\10. October.xlsx,10. October.xlsx,.xlsx,33623
Mt. Oro Station-20260813T023040Z-1-001,Mt. Oro Station-20260813T023040Z-1-001\Mt. Oro Station\2021\11. November.xlsx,11. November.xlsx,.xlsx,31743
Mt. Oro Station-20260813T023040Z-1-001,Mt. Oro Station-20260813T023040Z-1-001\Mt. Oro Station\2021\12. December.xlsx,12. December.xlsx,.xlsx,31223
Mt. Oro Station-20260813T023040Z-1-001,Mt. Oro Station-20260813T023040Z-1-001\Mt. Oro Station\2021\2. February.xlsx,2. February.xlsx,.xlsx,30645
Mt. Oro Station-20260813T023040Z-1-001,Mt. Oro Station-20260813T023040Z-1-001\Mt. Oro Station\2021\3. March.xlsx,3. March.xlsx,.xlsx,30861
Mt. Oro Station-20260813T023040Z-1-001,Mt. Oro Station-20260813T023040Z-1-001\Mt. Oro Station\2021\4. April.xlsx,4. April.xlsx,.xlsx,30019
Mt. Oro Station-20260813T023040Z-1-001,Mt. Oro Station-20260813T023040Z-1-001\Mt. Oro Station\2021\5. May.xlsx,5. May.xlsx,.xlsx,30434
Mt. Oro Station-20260813T023040Z-1-001,Mt. Oro Station-20260813T023040Z-1-001\Mt. Oro Station\2021\6. June.xlsx,6. June.xlsx,.xlsx,32573
Mt. Oro Station-20260813T023040Z-1-001,Mt. Oro Station-20260813T023040Z-1-001\Mt. Oro Station\2021\7. July.xlsx,7. July.xlsx,.xlsx,39339
Mt. Oro Station-20260813T023040Z-1-001,Mt. Oro Station-20260813T023040Z-1-001\Mt. Oro Station\2021\8. August.xlsx,8. August.xlsx,.xlsx,34837
Mt. Oro Station-20260813T023040Z-1-001,Mt. Oro Station-20260813T023040Z-1-001\Mt. Oro Station\2021\9. September.xlsx,9. September.xlsx,.xlsx,34751
Mt. Oro Station-20260813T023040Z-1-001,Mt. Oro Station-20260813T023040Z-1-001\Mt. Oro Station\2021\desktop.ini,desktop.ini,.ini,246
Mt. Oro Station-20260813T023040Z-1-001,Mt. Oro Station-20260813T023040Z-1-001\Mt. Oro Station\2022\1. January.xlsx,1. January.xlsx,.xlsx,21482
Mt. Oro Station-20260813T023040Z-1-001,Mt. Oro Station-20260813T023040Z-1-001\Mt. Oro Station\2022\10. October.xlsx,10. October.xlsx,.xlsx,22426
Mt. Oro Station-20260813T023040Z-1-001,Mt. Oro Station-20260813T023040Z-1-001\Mt. Oro Station\2022\11. November.xlsx,11. November.xlsx,.xlsx,21869
Mt. Oro Station-20260813T023040Z-1-001,Mt. Oro Station-20260813T023040Z-1-001\Mt. Oro Station\2022\12. December.xlsx,12. December.xlsx,.xlsx,22137
Mt. Oro Station-20260813T023040Z-1-001,Mt. Oro Station-20260813T023040Z-1-001\Mt. Oro Station\2022\2. February.xlsx,2. February.xlsx,.xlsx,28901
Mt. Oro Station-20260813T023040Z-1-001,Mt. Oro Station-20260813T023040Z-1-001\Mt. Oro Station\2022\3. March.xlsx,3. March.xlsx,.xlsx,31107
Mt. Oro Station-20260813T023040Z-1-001,Mt. Oro Station-20260813T023040Z-1-001\Mt. Oro Station\2022\4. April.xlsx,4. April.xlsx,.xlsx,32294
Mt. Oro Station-20260813T023040Z-1-001,Mt. Oro Station-20260813T023040Z-1-001\Mt. Oro Station\2022\5. May.xlsx,5. May.xlsx,.xlsx,21892
Mt. Oro Station-20260813T023040Z-1-001,Mt. Oro Station-20260813T023040Z-1-001\Mt. Oro Station\2022\6. June.xlsx,6. June.xlsx,.xlsx,32235
Mt. Oro Station-20260813T023040Z-1-001,Mt. Oro Station-20260813T023040Z-1-001\Mt. Oro Station\2022\7. July.xlsx,7. July.xlsx,.xlsx,34626
Mt. Oro Station-20260813T023040Z-1-001,Mt. Oro Station-20260813T023040Z-1-001\Mt. Oro Station\2022\8. August.xlsx,8. August.xlsx,.xlsx,35890
Mt. Oro Station-20260813T023040Z-1-001,Mt. Oro Station-20260813T023040Z-1-001\Mt. Oro Station\2022\9. September.xlsx,9. September.xlsx,.xlsx,100317
Mt. Oro Station-20260813T023040Z-1-001,Mt. Oro Station-20260813T023040Z-1-001\Mt. Oro Station\2022\desktop.ini,desktop.ini,.ini,246
Mt. Oro Station-20260813T023040Z-1-001,Mt. Oro Station-20260813T023040Z-1-001\Mt. Oro Station\2023\1. January.xlsx,1. January.xlsx,.xlsx,22052
Mt. Oro Station-20260813T023040Z-1-001,Mt. Oro Station-20260813T023040Z-1-001\Mt. Oro Station\2023\11. November.xlsx,11. November.xlsx,.xlsx,21781
Mt. Oro Station-20260813T023040Z-1-001,Mt. Oro Station-20260813T023040Z-1-001\Mt. Oro Station\2023\11. October.xlsx,11. October.xlsx,.xlsx,22129
Mt. Oro Station-20260813T023040Z-1-001,Mt. Oro Station-20260813T023040Z-1-001\Mt. Oro Station\2023\12. December.xlsx,12. December.xlsx,.xlsx,21604
Mt. Oro Station-20260813T023040Z-1-001,Mt. Oro Station-20260813T023040Z-1-001\Mt. Oro Station\2023\2. February.xlsx,2. February.xlsx,.xlsx,21101
Mt. Oro Station-20260813T023040Z-1-001,Mt. Oro Station-20260813T023040Z-1-001\Mt. Oro Station\2023\3. March.xlsx,3. March.xlsx,.xlsx,21543
Mt. Oro Station-20260813T023040Z-1-001,Mt. Oro Station-20260813T023040Z-1-001\Mt. Oro Station\2023\4. April.xlsx,4. April.xlsx,.xlsx,21825
Mt. Oro Station-20260813T023040Z-1-001,Mt. Oro Station-20260813T023040Z-1-001\Mt. Oro Station\2023\5. May.xlsx,5. May.xlsx,.xlsx,22037
Mt. Oro Station-20260813T023040Z-1-001,Mt. Oro Station-20260813T023040Z-1-001\Mt. Oro Station\2023\6. June.xlsx,6. June.xlsx,.xlsx,22395
Mt. Oro Station-20260813T023040Z-1-001,Mt. Oro Station-20260813T023040Z-1-001\Mt. Oro Station\2023\7. July.xlsx,7. July.xlsx,.xlsx,23189
Mt. Oro Station-20260813T023040Z-1-001,Mt. Oro Station-20260813T023040Z-1-001\Mt. Oro Station\2023\8. August.xlsx,8. August.xlsx,.xlsx,23065
Mt. Oro Station-20260813T023040Z-1-001,Mt. Oro Station-20260813T023040Z-1-001\Mt. Oro Station\2023\9. September.xlsx,9. September.xlsx,.xlsx,22528
Mt. Oro Station-20260813T023040Z-1-001,Mt. Oro Station-20260813T023040Z-1-001\Mt. Oro Station\2023\desktop.ini,desktop.ini,.ini,246
Mt. Oro Station-20260813T023040Z-1-001,Mt. Oro Station-20260813T023040Z-1-001\Mt. Oro Station\2024\1. January.xlsx,1. January.xlsx,.xlsx,21613
Mt. Oro Station-20260813T023040Z-1-001,Mt. Oro Station-20260813T023040Z-1-001\Mt. Oro Station\2024\10. October.xlsx,10. October.xlsx,.xlsx,22819
Mt. Oro Station-20260813T023040Z-1-001,Mt. Oro Station-20260813T023040Z-1-001\Mt. Oro Station\2024\11. November.xlsx,11. November.xlsx,.xlsx,21848
Mt. Oro Station-20260813T023040Z-1-001,Mt. Oro Station-20260813T023040Z-1-001\Mt. Oro Station\2024\12. December.xlsx,12. December.xlsx,.xlsx,21948
Mt. Oro Station-20260813T023040Z-1-001,Mt. Oro Station-20260813T023040Z-1-001\Mt. Oro Station\2024\2. February.xlsx,2. February.xlsx,.xlsx,21032
Mt. Oro Station-20260813T023040Z-1-001,Mt. Oro Station-20260813T023040Z-1-001\Mt. Oro Station\2024\3. March.xlsx,3. March.xlsx,.xlsx,21345
Mt. Oro Station-20260813T023040Z-1-001,Mt. Oro Station-20260813T023040Z-1-001\Mt. Oro Station\2024\4. April.xlsx,4. April.xlsx,.xlsx,85458
Mt. Oro Station-20260813T023040Z-1-001,Mt. Oro Station-20260813T023040Z-1-001\Mt. Oro Station\2024\5. May.xlsx,5. May.xlsx,.xlsx,21785
Mt. Oro Station-20260813T023040Z-1-001,Mt. Oro Station-20260813T023040Z-1-001\Mt. Oro Station\2024\6. June.xlsx,6. June.xlsx,.xlsx,22146
Mt. Oro Station-20260813T023040Z-1-001,Mt. Oro Station-20260813T023040Z-1-001\Mt. Oro Station\2024\7. July.xlsx,7. July.xlsx,.xlsx,22430
Mt. Oro Station-20260813T023040Z-1-001,Mt. Oro Station-20260813T023040Z-1-001\Mt. Oro Station\2024\8. August.xlsx,8. August.xlsx,.xlsx,22415
Mt. Oro Station-20260813T023040Z-1-001,Mt. Oro Station-20260813T023040Z-1-001\Mt. Oro Station\2024\9. September.xlsx,9. September.xlsx,.xlsx,22523
Mt. Oro Station-20260813T023040Z-1-001,Mt. Oro Station-20260813T023040Z-1-001\Mt. Oro Station\2024\desktop.ini,desktop.ini,.ini,246
Mt. Oro Station-20260813T023040Z-1-001,Mt. Oro Station-20260813T023040Z-1-001\Mt. Oro Station\2025\1. January.pdf,1. January.pdf,.pdf,107622
Mt. Oro Station-20260813T023040Z-1-001,Mt. Oro Station-20260813T023040Z-1-001\Mt. Oro Station\2025\10. Oct.pdf,10. Oct.pdf,.pdf,106454
Mt. Oro Station-20260813T023040Z-1-001,Mt. Oro Station-20260813T023040Z-1-001\Mt. Oro Station\2025\11. Nov.pdf,11. Nov.pdf,.pdf,107523
Mt. Oro Station-20260813T023040Z-1-001,Mt. Oro Station-20260813T023040Z-1-001\Mt. Oro Station\2025\12. Dec.pdf,12. Dec.pdf,.pdf,108299
Mt. Oro Station-20260813T023040Z-1-001,Mt. Oro Station-20260813T023040Z-1-001\Mt. Oro Station\2025\2. Feb.pdf,2. Feb.pdf,.pdf,101747
Mt. Oro Station-20260813T023040Z-1-001,Mt. Oro Station-20260813T023040Z-1-001\Mt. Oro Station\2025\3. Mar.pdf,3. Mar.pdf,.pdf,107249
Mt. Oro Station-20260813T023040Z-1-001,Mt. Oro Station-20260813T023040Z-1-001\Mt. Oro Station\2025\4. April.pdf,4. April.pdf,.pdf,105135
Mt. Oro Station-20260813T023040Z-1-001,Mt. Oro Station-20260813T023040Z-1-001\Mt. Oro Station\2025\5. May.pdf,5. May.pdf,.pdf,106233
Mt. Oro Station-20260813T023040Z-1-001,Mt. Oro Station-20260813T023040Z-1-001\Mt. Oro Station\2025\6. June.pdf,6. June.pdf,.pdf,107201
Mt. Oro Station-20260813T023040Z-1-001,Mt. Oro Station-20260813T023040Z-1-001\Mt. Oro Station\2025\7. July.pdf,7. July.pdf,.pdf,108576
Mt. Oro Station-20260813T023040Z-1-001,Mt. Oro Station-20260813T023040Z-1-001\Mt. Oro Station\2025\8. Aug.pdf,8. Aug.pdf,.pdf,108527
Mt. Oro Station-20260813T023040Z-1-001,Mt. Oro Station-20260813T023040Z-1-001\Mt. Oro Station\2025\9. Sept.pdf,9. Sept.pdf,.pdf,108810
Mt. Oro Station-20260813T023040Z-1-001,Mt. Oro Station-20260813T023040Z-1-001\Mt. Oro Station\2025\desktop.ini,desktop.ini,.ini,246
Nangka RGS,Nangka RGS\2016\apr.xls,apr.xls,.xls,34304
Nangka RGS,Nangka RGS\2016\aug.xls,aug.xls,.xls,34304
Nangka RGS,Nangka RGS\2016\dec.xls,dec.xls,.xls,34304
Nangka RGS,Nangka RGS\2016\desktop.ini,desktop.ini,.ini,246
Nangka RGS,Nangka RGS\2016\feb.xls,feb.xls,.xls,33792
Nangka RGS,Nangka RGS\2016\jan.xls,jan.xls,.xls,34304
Nangka RGS,Nangka RGS\2016\jul.xls,jul.xls,.xls,33792
Nangka RGS,Nangka RGS\2016\jun.xls,jun.xls,.xls,34304
Nangka RGS,Nangka RGS\2016\mar.xls,mar.xls,.xls,45568
Nangka RGS,Nangka RGS\2016\may.xls,may.xls,.xls,34304
Nangka RGS,Nangka RGS\2016\nov.xls,nov.xls,.xls,33792
Nangka RGS,Nangka RGS\2016\oct.xls,oct.xls,.xls,34304
Nangka RGS,Nangka RGS\2016\sep.xls,sep.xls,.xls,33792
Nangka RGS,Nangka RGS\2017\NANGKA RGS - APRIL 2017.xlsx,NANGKA RGS - APRIL 2017.xlsx,.xlsx,31073
Nangka RGS,Nangka RGS\2017\NANGKA RGS - AUGUST 2017.xlsx,NANGKA RGS - AUGUST 2017.xlsx,.xlsx,36220
Nangka RGS,Nangka RGS\2017\NANGKA RGS - DECEMBER 2017.xlsx,NANGKA RGS - DECEMBER 2017.xlsx,.xlsx,33542
Nangka RGS,Nangka RGS\2017\NANGKA RGS - FEBRUARY 2017.xlsx,NANGKA RGS - FEBRUARY 2017.xlsx,.xlsx,29892
Nangka RGS,Nangka RGS\2017\NANGKA RGS - JANUARY 2017.xlsx,NANGKA RGS - JANUARY 2017.xlsx,.xlsx,32005
Nangka RGS,Nangka RGS\2017\NANGKA RGS - JULY 2017.xlsx,NANGKA RGS - JULY 2017.xlsx,.xlsx,36445
Nangka RGS,Nangka RGS\2017\NANGKA RGS - JUNE 2017.xlsx,NANGKA RGS - JUNE 2017.xlsx,.xlsx,32520
Nangka RGS,Nangka RGS\2017\NANGKA RGS - MARCH 2017.xlsx,NANGKA RGS - MARCH 2017.xlsx,.xlsx,29633
Nangka RGS,Nangka RGS\2017\NANGKA RGS - MAY 2017.xlsx,NANGKA RGS - MAY 2017.xlsx,.xlsx,32794
Nangka RGS,Nangka RGS\2017\NANGKA RGS - NOVEMBER 2017.xlsx,NANGKA RGS - NOVEMBER 2017.xlsx,.xlsx,33427
Nangka RGS,Nangka RGS\2017\NANGKA RGS - OCTOBER 2017.xlsx,NANGKA RGS - OCTOBER 2017.xlsx,.xlsx,35261
Nangka RGS,Nangka RGS\2017\NANGKA RGS - SEPTEMBER 2017.xlsx,NANGKA RGS - SEPTEMBER 2017.xlsx,.xlsx,34385
Nangka RGS,Nangka RGS\2017\desktop.ini,desktop.ini,.ini,246
Nangka RGS,Nangka RGS\2018\1. January.xlsx,1. January.xlsx,.xlsx,32086
Nangka RGS,Nangka RGS\2018\10. October.xlsx,10. October.xlsx,.xlsx,32155
Nangka RGS,Nangka RGS\2018\11. November.xlsx,11. November.xlsx,.xlsx,30324
Nangka RGS,Nangka RGS\2018\12. December.xlsx,12. December.xlsx,.xlsx,34132
Nangka RGS,Nangka RGS\2018\2. February.xlsx,2. February.xlsx,.xlsx,28467
Nangka RGS,Nangka RGS\2018\3. March.xlsx,3. March.xlsx,.xlsx,30848
Nangka RGS,Nangka RGS\2018\4. April.xlsx,4. April.xlsx,.xlsx,29242
Nangka RGS,Nangka RGS\2018\5. May.xlsx,5. May.xlsx,.xlsx,31160
Nangka RGS,Nangka RGS\2018\6. June.xlsx,6. June.xlsx,.xlsx,37380
Nangka RGS,Nangka RGS\2018\7. July.xlsx,7. July.xlsx,.xlsx,39277
Nangka RGS,Nangka RGS\2018\8. August.xlsx,8. August.xlsx,.xlsx,38477
Nangka RGS,Nangka RGS\2018\9. September.xlsx,9. September.xlsx,.xlsx,35225
Nangka RGS,Nangka RGS\2018\desktop.ini,desktop.ini,.ini,246
Nangka RGS,Nangka RGS\2019\1. January.xlsx,1. January.xlsx,.xlsx,29935
Nangka RGS,Nangka RGS\2019\10. October.xlsx,10. October.xlsx,.xlsx,32012
Nangka RGS,Nangka RGS\2019\11. November.xlsx,11. November.xlsx,.xlsx,32244
Nangka RGS,Nangka RGS\2019\12. December.xlsx,12. December.xlsx,.xlsx,30486
Nangka RGS,Nangka RGS\2019\2. February.xlsx,2. February.xlsx,.xlsx,28503
Nangka RGS,Nangka RGS\2019\3. March.xlsx,3. March.xlsx,.xlsx,29213
Nangka RGS,Nangka RGS\2019\4. April.xlsx,4. April.xlsx,.xlsx,29061
Nangka RGS,Nangka RGS\2019\5. May.xlsx,5. May.xlsx,.xlsx,32302
Nangka RGS,Nangka RGS\2019\6. June.xlsx,6. June.xlsx,.xlsx,33965
Nangka RGS,Nangka RGS\2019\7. July.xlsx,7. July.xlsx,.xlsx,35437
Nangka RGS,Nangka RGS\2019\8. August.xlsx,8. August.xlsx,.xlsx,38820
Nangka RGS,Nangka RGS\2019\9. September.xlsx,9. September.xlsx,.xlsx,36369
Nangka RGS,Nangka RGS\2019\desktop.ini,desktop.ini,.ini,246
Nangka RGS,Nangka RGS\2020\1. January.xlsx,1. January.xlsx,.xlsx,29909
Nangka RGS,Nangka RGS\2020\10. October.xlsx,10. October.xlsx,.xlsx,37665
Nangka RGS,Nangka RGS\2020\11. November.xlsx,11. November.xlsx,.xlsx,34409
Nangka RGS,Nangka RGS\2020\12. December.xlsx,12. December.xlsx,.xlsx,28526
Nangka RGS,Nangka RGS\2020\2. February.xlsx,2. February.xlsx,.xlsx,30160
Nangka RGS,Nangka RGS\2020\3. March.xlsx,3. March.xlsx,.xlsx,29007
Nangka RGS,Nangka RGS\2020\4. April.xlsx,4. April.xlsx,.xlsx,28808
Nangka RGS,Nangka RGS\2020\5. May.xlsx,5. May.xlsx,.xlsx,30840
Nangka RGS,Nangka RGS\2020\6. June.xlsx,6. June.xlsx,.xlsx,32216
Nangka RGS,Nangka RGS\2020\7. July.xlsx,7. July.xlsx,.xlsx,33673
Nangka RGS,Nangka RGS\2020\8. August.xlsx,8. August.xlsx,.xlsx,33790
Nangka RGS,Nangka RGS\2020\9. September.xlsx,9. September.xlsx,.xlsx,33047
Nangka RGS,Nangka RGS\2020\desktop.ini,desktop.ini,.ini,246
Nangka RGS,Nangka RGS\2021\1. January.xlsx,1. January.xlsx,.xlsx,31800
Nangka RGS,Nangka RGS\2021\10. October.xlsx,10. October.xlsx,.xlsx,33599
Nangka RGS,Nangka RGS\2021\11. November.xlsx,11. November.xlsx,.xlsx,31673
Nangka RGS,Nangka RGS\2021\12. December.xlsx,12. December.xlsx,.xlsx,31276
Nangka RGS,Nangka RGS\2021\2. February.xlsx,2. February.xlsx,.xlsx,30639
Nangka RGS,Nangka RGS\2021\3. March.xlsx,3. March.xlsx,.xlsx,30813
Nangka RGS,Nangka RGS\2021\4. April.xlsx,4. April.xlsx,.xlsx,29429
Nangka RGS,Nangka RGS\2021\5. May.xlsx,5. May.xlsx,.xlsx,30438
Nangka RGS,Nangka RGS\2021\6. June.xlsx,6. June.xlsx,.xlsx,32653
Nangka RGS,Nangka RGS\2021\7. July.xlsx,7. July.xlsx,.xlsx,39293
Nangka RGS,Nangka RGS\2021\8. August.xlsx,8. August.xlsx,.xlsx,34657
Nangka RGS,Nangka RGS\2021\9. September.xlsx,9. September.xlsx,.xlsx,34778
Nangka RGS,Nangka RGS\2021\desktop.ini,desktop.ini,.ini,246
Nangka RGS,Nangka RGS\2022\1. January.xlsx,1. January.xlsx,.xlsx,22040
Nangka RGS,Nangka RGS\2022\10. October.xlsx,10. October.xlsx,.xlsx,22570
Nangka RGS,Nangka RGS\2022\11. November.xlsx,11. November.xlsx,.xlsx,21823
Nangka RGS,Nangka RGS\2022\12. December.xlsx,12. December.xlsx,.xlsx,22060
Nangka RGS,Nangka RGS\2022\2. February.xlsx,2. February.xlsx,.xlsx,28932
Nangka RGS,Nangka RGS\2022\3. March.xlsx,3. March.xlsx,.xlsx,31222
Nangka RGS,Nangka RGS\2022\4. April.xlsx,4. April.xlsx,.xlsx,32255
Nangka RGS,Nangka RGS\2022\5. May.xlsx,5. May.xlsx,.xlsx,21984
Nangka RGS,Nangka RGS\2022\6. June.xlsx,6. June.xlsx,.xlsx,32264
Nangka RGS,Nangka RGS\2022\7. July.xlsx,7. July.xlsx,.xlsx,34694
Nangka RGS,Nangka RGS\2022\8. August.xlsx,8. August.xlsx,.xlsx,35879
Nangka RGS,Nangka RGS\2022\9. September.xlsx,9. September.xlsx,.xlsx,100301
Nangka RGS,Nangka RGS\2022\desktop.ini,desktop.ini,.ini,246
Nangka RGS,Nangka RGS\2023\1. January.xlsx,1. January.xlsx,.xlsx,21920
Nangka RGS,Nangka RGS\2023\11. November.xlsx,11. November.xlsx,.xlsx,21603
Nangka RGS,Nangka RGS\2023\11. October.xlsx,11. October.xlsx,.xlsx,22109
Nangka RGS,Nangka RGS\2023\12. December.xlsx,12. December.xlsx,.xlsx,21591
Nangka RGS,Nangka RGS\2023\2. February.xlsx,2. February.xlsx,.xlsx,21073
Nangka RGS,Nangka RGS\2023\3. March.xlsx,3. March.xlsx,.xlsx,21569
Nangka RGS,Nangka RGS\2023\4. April.xlsx,4. April.xlsx,.xlsx,21701
Nangka RGS,Nangka RGS\2023\5. May.xlsx,5. May.xlsx,.xlsx,21725
Nangka RGS,Nangka RGS\2023\6. June.xlsx,6. June.xlsx,.xlsx,22314
Nangka RGS,Nangka RGS\2023\7. July.xlsx,7. July.xlsx,.xlsx,23137
Nangka RGS,Nangka RGS\2023\8. August.xlsx,8. August.xlsx,.xlsx,22739
Nangka RGS,Nangka RGS\2023\9. September.xlsx,9. September.xlsx,.xlsx,22430
Nangka RGS,Nangka RGS\2023\desktop.ini,desktop.ini,.ini,246
Nangka RGS,Nangka RGS\2024\1. January.xlsx,1. January.xlsx,.xlsx,21668
Nangka RGS,Nangka RGS\2024\10. October.xlsx,10. October.xlsx,.xlsx,22850
Nangka RGS,Nangka RGS\2024\11. November.xlsx,11. November.xlsx,.xlsx,22042
Nangka RGS,Nangka RGS\2024\12. December.xlsx,12. December.xlsx,.xlsx,22812
Nangka RGS,Nangka RGS\2024\2. February.xlsx,2. February.xlsx,.xlsx,21177
Nangka RGS,Nangka RGS\2024\3. March.xlsx,3. March.xlsx,.xlsx,21523
Nangka RGS,Nangka RGS\2024\4. April.xlsx,4. April.xlsx,.xlsx,85389
Nangka RGS,Nangka RGS\2024\5. May.xlsx,5. May.xlsx,.xlsx,21970
Nangka RGS,Nangka RGS\2024\6. June.xlsx,6. June.xlsx,.xlsx,22195
Nangka RGS,Nangka RGS\2024\7. July.xlsx,7. July.xlsx,.xlsx,22412
Nangka RGS,Nangka RGS\2024\8. August.xlsx,8. August.xlsx,.xlsx,22408
Nangka RGS,Nangka RGS\2024\9. September.xlsx,9. September.xlsx,.xlsx,22406
Nangka RGS,Nangka RGS\2024\desktop.ini,desktop.ini,.ini,246
Nangka RGS,Nangka RGS\2025\1. January.pdf,1. January.pdf,.pdf,107786
Nangka RGS,Nangka RGS\2025\10. Oct.pdf,10. Oct.pdf,.pdf,107487
Nangka RGS,Nangka RGS\2025\11. Nov.pdf,11. Nov.pdf,.pdf,107487
Nangka RGS,Nangka RGS\2025\12. Dec.pdf,12. Dec.pdf,.pdf,108209
Nangka RGS,Nangka RGS\2025\2. Feb.pdf,2. Feb.pdf,.pdf,101609
Nangka RGS,Nangka RGS\2025\3. Mar.pdf,3. Mar.pdf,.pdf,107167
Nangka RGS,Nangka RGS\2025\4. April.pdf,4. April.pdf,.pdf,106244
Nangka RGS,Nangka RGS\2025\5. May.pdf,5. May.pdf,.pdf,106168
Nangka RGS,Nangka RGS\2025\6. June.pdf,6. June.pdf,.pdf,107164
Nangka RGS,Nangka RGS\2025\7. July.pdf,7. July.pdf,.pdf,108710
Nangka RGS,Nangka RGS\2025\8. Aug.pdf,8. Aug.pdf,.pdf,108685
Nangka RGS,Nangka RGS\2025\9. Sept.pdf,9. Sept.pdf,.pdf,108817
Nangka RGS,Nangka RGS\2025\desktop.ini,desktop.ini,.ini,246
Nangka RGS,Nangka RGS\2025\2024\1. January.xlsx,1. January.xlsx,.xlsx,21668
Nangka RGS,Nangka RGS\2025\2024\2. February.xlsx,2. February.xlsx,.xlsx,21177
Nangka RGS,Nangka RGS\2025\2024\3. March.xlsx,3. March.xlsx,.xlsx,21523
Nangka waterlevel,Nangka waterlevel\Nangka\2016\APRIL 2016.XLS,APRIL 2016.XLS,.xls,71680
Nangka waterlevel,Nangka waterlevel\Nangka\2016\AUGUST 2016.xls,AUGUST 2016.xls,.xls,76288
Nangka waterlevel,Nangka waterlevel\Nangka\2016\DECEMBER 2016.XLS,DECEMBER 2016.XLS,.xls,61952
Nangka waterlevel,Nangka waterlevel\Nangka\2016\FEBRUARY 2016.XLS,FEBRUARY 2016.XLS,.xls,70656
Nangka waterlevel,Nangka waterlevel\Nangka\2016\JANUARY 2016.XLS,JANUARY 2016.XLS,.xls,72192
Nangka waterlevel,Nangka waterlevel\Nangka\2016\JULY 2016.XLS,JULY 2016.XLS,.xls,75776
Nangka waterlevel,Nangka waterlevel\Nangka\2016\JUNE 2016.XLS,JUNE 2016.XLS,.xls,71680
Nangka waterlevel,Nangka waterlevel\Nangka\2016\MARCH 2016.XLS,MARCH 2016.XLS,.xls,72704
Nangka waterlevel,Nangka waterlevel\Nangka\2016\MAY 2016.XLS,MAY 2016.XLS,.xls,71680
Nangka waterlevel,Nangka waterlevel\Nangka\2016\NOVEMBER 2016.XLS,NOVEMBER 2016.XLS,.xls,71680
Nangka waterlevel,Nangka waterlevel\Nangka\2016\OCTOBER 2016.XLS,OCTOBER 2016.XLS,.xls,67072
Nangka waterlevel,Nangka waterlevel\Nangka\2016\SEPTEMBER 2016.XLS,SEPTEMBER 2016.XLS,.xls,73216
Nangka waterlevel,Nangka waterlevel\Nangka\2017\1. January.xlsx,1. January.xlsx,.xlsx,64592
Nangka waterlevel,Nangka waterlevel\Nangka\2017\10. October.xlsx,10. October.xlsx,.xlsx,69929
Nangka waterlevel,Nangka waterlevel\Nangka\2017\11. November.xlsx,11. November.xlsx,.xlsx,66111
Nangka waterlevel,Nangka waterlevel\Nangka\2017\12. December.xlsx,12. December.xlsx,.xlsx,63769
Nangka waterlevel,Nangka waterlevel\Nangka\2017\2. February.xlsx,2. February.xlsx,.xlsx,62160
Nangka waterlevel,Nangka waterlevel\Nangka\2017\3. March.xlsx,3. March.xlsx,.xlsx,64279
Nangka waterlevel,Nangka waterlevel\Nangka\2017\4. April.xlsx,4. April.xlsx,.xlsx,62281
Nangka waterlevel,Nangka waterlevel\Nangka\2017\5. May.xlsx,5. May.xlsx,.xlsx,65853
Nangka waterlevel,Nangka waterlevel\Nangka\2017\6. June.xlsx,6. June.xlsx,.xlsx,67559
Nangka waterlevel,Nangka waterlevel\Nangka\2017\7. July.xlsx,7. July.xlsx,.xlsx,68463
Nangka waterlevel,Nangka waterlevel\Nangka\2017\8. August.xlsx,8. August.xlsx,.xlsx,74467
Nangka waterlevel,Nangka waterlevel\Nangka\2017\9. September.xlsx,9. September.xlsx,.xlsx,67680
Nangka waterlevel,Nangka waterlevel\Nangka\2018\1. January.xlsx,1. January.xlsx,.xlsx,60794
Nangka waterlevel,Nangka waterlevel\Nangka\2018\10. October.xlsx,10. October.xlsx,.xlsx,67106
Nangka waterlevel,Nangka waterlevel\Nangka\2018\11. November.xlsx,11. November.xlsx,.xlsx,64061
Nangka waterlevel,Nangka waterlevel\Nangka\2018\12. December.xlsx,12. December.xlsx,.xlsx,66431
Nangka waterlevel,Nangka waterlevel\Nangka\2018\2. February.xlsx,2. February.xlsx,.xlsx,56778
Nangka waterlevel,Nangka waterlevel\Nangka\2018\3. March.xlsx,3. March.xlsx,.xlsx,60346
Nangka waterlevel,Nangka waterlevel\Nangka\2018\4. April.xlsx,4. April.xlsx,.xlsx,58076
Nangka waterlevel,Nangka waterlevel\Nangka\2018\5. May.xlsx,5. May.xlsx,.xlsx,58748
Nangka waterlevel,Nangka waterlevel\Nangka\2018\6. June.xlsx,6. June.xlsx,.xlsx,68817
Nangka waterlevel,Nangka waterlevel\Nangka\2018\7. July.xlsx,7. July.xlsx,.xlsx,72841
Nangka waterlevel,Nangka waterlevel\Nangka\2018\8. August.xlsx,8. August.xlsx,.xlsx,72908
Nangka waterlevel,Nangka waterlevel\Nangka\2018\9. September.xlsx,9. September.xlsx,.xlsx,68228
Nangka waterlevel,Nangka waterlevel\Nangka\2019\1. January.xlsx,1. January.xlsx,.xlsx,62930
Nangka waterlevel,Nangka waterlevel\Nangka\2019\10. October.xlsx,10. October.xlsx,.xlsx,54605
Nangka waterlevel,Nangka waterlevel\Nangka\2019\11. November.xlsx,11. November.xlsx,.xlsx,56146
Nangka waterlevel,Nangka waterlevel\Nangka\2019\12. December.xlsx,12. December.xlsx,.xlsx,59279
Nangka waterlevel,Nangka waterlevel\Nangka\2019\2. February.xlsx,2. February.xlsx,.xlsx,56961
Nangka waterlevel,Nangka waterlevel\Nangka\2019\3. March.xlsx,3. March.xlsx,.xlsx,57296
Nangka waterlevel,Nangka waterlevel\Nangka\2019\4. April.xlsx,4. April.xlsx,.xlsx,57286
Nangka waterlevel,Nangka waterlevel\Nangka\2019\5. May.xlsx,5. May.xlsx,.xlsx,62773
Nangka waterlevel,Nangka waterlevel\Nangka\2019\6. June.xlsx,6. June.xlsx,.xlsx,61817
Nangka waterlevel,Nangka waterlevel\Nangka\2019\7. July.xlsx,7. July.xlsx,.xlsx,63598
Nangka waterlevel,Nangka waterlevel\Nangka\2019\8. August.xlsx,8. August.xlsx,.xlsx,70023
Nangka waterlevel,Nangka waterlevel\Nangka\2019\9. September.xlsx,9. September.xlsx,.xlsx,66592
Nangka waterlevel,Nangka waterlevel\Nangka\2020\1. January.xlsx,1. January.xlsx,.xlsx,55584
Nangka waterlevel,Nangka waterlevel\Nangka\2020\10. October.xlsx,10. October.xlsx,.xlsx,69431
Nangka waterlevel,Nangka waterlevel\Nangka\2020\11. November.xlsx,11. November.xlsx,.xlsx,66842
Nangka waterlevel,Nangka waterlevel\Nangka\2020\12. December.xlsx,12. December.xlsx,.xlsx,35050
Nangka waterlevel,Nangka waterlevel\Nangka\2020\2. February.xlsx,2. February.xlsx,.xlsx,53826
Nangka waterlevel,Nangka waterlevel\Nangka\2020\3. March.xlsx,3. March.xlsx,.xlsx,49523
Nangka waterlevel,Nangka waterlevel\Nangka\2020\4. April.xlsx,4. April.xlsx,.xlsx,33879
Nangka waterlevel,Nangka waterlevel\Nangka\2020\5. May.xlsx,5. May.xlsx,.xlsx,43359
Nangka waterlevel,Nangka waterlevel\Nangka\2020\6. June.xlsx,6. June.xlsx,.xlsx,53849
Nangka waterlevel,Nangka waterlevel\Nangka\2020\7. July.xlsx,7. July.xlsx,.xlsx,59774
Nangka waterlevel,Nangka waterlevel\Nangka\2020\8. August.xlsx,8. August.xlsx,.xlsx,64327
Nangka waterlevel,Nangka waterlevel\Nangka\2020\9. September.xlsx,9. September.xlsx,.xlsx,63634
Nangka waterlevel,Nangka waterlevel\Nangka\2021\1. January.xlsx,1. January.xlsx,.xlsx,63486
Nangka waterlevel,Nangka waterlevel\Nangka\2021\10. October.xlsx,10. October.xlsx,.xlsx,60547
Nangka waterlevel,Nangka waterlevel\Nangka\2021\11. November.xlsx,11. November.xlsx,.xlsx,59444
Nangka waterlevel,Nangka waterlevel\Nangka\2021\12. December.xlsx,12. December.xlsx,.xlsx,58539
Nangka waterlevel,Nangka waterlevel\Nangka\2021\2. February.xlsx,2. February.xlsx,.xlsx,57395
Nangka waterlevel,Nangka waterlevel\Nangka\2021\3. March.xlsx,3. March.xlsx,.xlsx,58767
Nangka waterlevel,Nangka waterlevel\Nangka\2021\4. April.xlsx,4. April.xlsx,.xlsx,58369
Nangka waterlevel,Nangka waterlevel\Nangka\2021\5. May.xlsx,5. May.xlsx,.xlsx,59649
Nangka waterlevel,Nangka waterlevel\Nangka\2021\6. June.xlsx,6. June.xlsx,.xlsx,61517
Nangka waterlevel,Nangka waterlevel\Nangka\2021\7. July.xlsx,7. July.xlsx,.xlsx,68059
Nangka waterlevel,Nangka waterlevel\Nangka\2021\8. August.xlsx,8. August.xlsx,.xlsx,68935
Nangka waterlevel,Nangka waterlevel\Nangka\2021\9. September.xlsx,9. September.xlsx,.xlsx,67089
Nangka waterlevel,Nangka waterlevel\Nangka\2022\1. January.xlsx,1. January.xlsx,.xlsx,28580
Nangka waterlevel,Nangka waterlevel\Nangka\2022\10. October.xlsx,10. October.xlsx,.xlsx,31866
Nangka waterlevel,Nangka waterlevel\Nangka\2022\11. November.xlsx,11. November.xlsx,.xlsx,30706
Nangka waterlevel,Nangka waterlevel\Nangka\2022\12. December.xlsx,12. December.xlsx,.xlsx,58526
Nangka waterlevel,Nangka waterlevel\Nangka\2022\2. February.xlsx,2. February.xlsx,.xlsx,55041
Nangka waterlevel,Nangka waterlevel\Nangka\2022\3. March.xlsx,3. March.xlsx,.xlsx,60030
Nangka waterlevel,Nangka waterlevel\Nangka\2022\4. April.xlsx,4. April.xlsx,.xlsx,29612
Nangka waterlevel,Nangka waterlevel\Nangka\2022\5. May.xlsx,5. May.xlsx,.xlsx,60781
Nangka waterlevel,Nangka waterlevel\Nangka\2022\6. June.xlsx,6. June.xlsx,.xlsx,62643
Nangka waterlevel,Nangka waterlevel\Nangka\2022\7. July.xlsx,7. July.xlsx,.xlsx,65026
Nangka waterlevel,Nangka waterlevel\Nangka\2022\8. August.xlsx,8. August.xlsx,.xlsx,66038
Nangka waterlevel,Nangka waterlevel\Nangka\2022\9. September.xlsx,9. September.xlsx,.xlsx,169326
Nangka waterlevel,Nangka waterlevel\Nangka\2023\1. January.xlsx,1. January.xlsx,.xlsx,27979
Nangka waterlevel,Nangka waterlevel\Nangka\2023\10. October.xlsx,10. October.xlsx,.xlsx,28401
Nangka waterlevel,Nangka waterlevel\Nangka\2023\11. November.xlsx,11. November.xlsx,.xlsx,27925
Nangka waterlevel,Nangka waterlevel\Nangka\2023\12. December.xlsx,12. December.xlsx,.xlsx,27317
Nangka waterlevel,Nangka waterlevel\Nangka\2023\2. February.xlsx,2. February.xlsx,.xlsx,27118
Nangka waterlevel,Nangka waterlevel\Nangka\2023\3. March.xlsx,3. March.xlsx,.xlsx,27661
Nangka waterlevel,Nangka waterlevel\Nangka\2023\4. April.xlsx,4. April.xlsx,.xlsx,28205
Nangka waterlevel,Nangka waterlevel\Nangka\2023\5. May.xlsx,5. May.xlsx,.xlsx,28117
Nangka waterlevel,Nangka waterlevel\Nangka\2023\6. June.xlsx,6. June.xlsx,.xlsx,28041
Nangka waterlevel,Nangka waterlevel\Nangka\2023\7. July.xlsx,7. July.xlsx,.xlsx,30460
Nangka waterlevel,Nangka waterlevel\Nangka\2023\8. August.xlsx,8. August.xlsx,.xlsx,30515
Nangka waterlevel,Nangka waterlevel\Nangka\2023\9. September.xlsx,9. September.xlsx,.xlsx,30648
Nangka waterlevel,Nangka waterlevel\Nangka\2024\1. January.xlsx,1. January.xlsx,.xlsx,28122
Nangka waterlevel,Nangka waterlevel\Nangka\2024\10. October.xlsx,10. October.xlsx,.xlsx,29675
Nangka waterlevel,Nangka waterlevel\Nangka\2024\11. November.xlsx,11. November.xlsx,.xlsx,28737
Nangka waterlevel,Nangka waterlevel\Nangka\2024\12. December.xlsx,12. December.xlsx,.xlsx,28428
Nangka waterlevel,Nangka waterlevel\Nangka\2024\2. February.xlsx,2. February.xlsx,.xlsx,27126
Nangka waterlevel,Nangka waterlevel\Nangka\2024\3. March.xlsx,3. March.xlsx,.xlsx,28005
Nangka waterlevel,Nangka waterlevel\Nangka\2024\4. April.xlsx,4. April.xlsx,.xlsx,126416
Nangka waterlevel,Nangka waterlevel\Nangka\2024\5. May.xlsx,5. May.xlsx,.xlsx,27436
Nangka waterlevel,Nangka waterlevel\Nangka\2024\6. June.xlsx,6. June.xlsx,.xlsx,28419
Nangka waterlevel,Nangka waterlevel\Nangka\2024\7. July.xlsx,7. July.xlsx,.xlsx,30285
Nangka waterlevel,Nangka waterlevel\Nangka\2024\8. August.xlsx,8. August.xlsx,.xlsx,29667
Nangka waterlevel,Nangka waterlevel\Nangka\2024\9. September.xlsx,9. September.xlsx,.xlsx,30045
Nangka waterlevel,Nangka waterlevel\Nangka\2025\1. January.pdf,1. January.pdf,.pdf,204665
Nangka waterlevel,Nangka waterlevel\Nangka\2025\10. Oct.pdf,10. Oct.pdf,.pdf,146731
Nangka waterlevel,Nangka waterlevel\Nangka\2025\11. Nov.pdf,11. Nov.pdf,.pdf,146731
Nangka waterlevel,Nangka waterlevel\Nangka\2025\12. Dec.pdf,12. Dec.pdf,.pdf,143293
Nangka waterlevel,Nangka waterlevel\Nangka\2025\2. Feb.pdf,2. Feb.pdf,.pdf,196077
Nangka waterlevel,Nangka waterlevel\Nangka\2025\3. Mar.pdf,3. Mar.pdf,.pdf,199170
Nangka waterlevel,Nangka waterlevel\Nangka\2025\4. April.pdf,4. April.pdf,.pdf,190623
Nangka waterlevel,Nangka waterlevel\Nangka\2025\5. May.pdf,5. May.pdf,.pdf,194296
Nangka waterlevel,Nangka waterlevel\Nangka\2025\6. June.pdf,6. June.pdf,.pdf,199413
Nangka waterlevel,Nangka waterlevel\Nangka\2025\7. July.pdf,7. July.pdf,.pdf,149340
Nangka waterlevel,Nangka waterlevel\Nangka\2025\8. Aug.pdf,8. Aug.pdf,.pdf,149614
Nangka waterlevel,Nangka waterlevel\Nangka\2025\9. Sept.pdf,9. Sept.pdf,.pdf,148687
Rosario-20260731T140408Z-1-001,Rosario-20260731T140408Z-1-001\Rosario\2016\APRIL 2016.XLS,APRIL 2016.XLS,.xls,74240
Rosario-20260731T140408Z-1-001,Rosario-20260731T140408Z-1-001\Rosario\2016\AUGUST 2016.XLS,AUGUST 2016.XLS,.xls,74752
Rosario-20260731T140408Z-1-001,Rosario-20260731T140408Z-1-001\Rosario\2016\DECEMBER 2016.XLS,DECEMBER 2016.XLS,.xls,74752
Rosario-20260731T140408Z-1-001,Rosario-20260731T140408Z-1-001\Rosario\2016\FEBRUARY 2016.XLS,FEBRUARY 2016.XLS,.xls,73216
Rosario-20260731T140408Z-1-001,Rosario-20260731T140408Z-1-001\Rosario\2016\JANUARY 2016.XLS,JANUARY 2016.XLS,.xls,75264
Rosario-20260731T140408Z-1-001,Rosario-20260731T140408Z-1-001\Rosario\2016\JULY 2016.XLS,JULY 2016.XLS,.xls,77824
Rosario-20260731T140408Z-1-001,Rosario-20260731T140408Z-1-001\Rosario\2016\JUNE 2016.XLS,JUNE 2016.XLS,.xls,74240
Rosario-20260731T140408Z-1-001,Rosario-20260731T140408Z-1-001\Rosario\2016\MARCH 2016.XLS,MARCH 2016.XLS,.xls,74240
Rosario-20260731T140408Z-1-001,Rosario-20260731T140408Z-1-001\Rosario\2016\MAY 2016.XLS,MAY 2016.XLS,.xls,74240
Rosario-20260731T140408Z-1-001,Rosario-20260731T140408Z-1-001\Rosario\2016\NOVEMBER 2016.XLS,NOVEMBER 2016.XLS,.xls,74752
Rosario-20260731T140408Z-1-001,Rosario-20260731T140408Z-1-001\Rosario\2016\OCTOBER 2016.XLS,OCTOBER 2016.XLS,.xls,80384
Rosario-20260731T140408Z-1-001,Rosario-20260731T140408Z-1-001\Rosario\2016\SEPTEMBER 2016.XLS,SEPTEMBER 2016.XLS,.xls,74240
Rosario-20260731T140408Z-1-001,Rosario-20260731T140408Z-1-001\Rosario\2017\1. January.xlsx,1. January.xlsx,.xlsx,66450
Rosario-20260731T140408Z-1-001,Rosario-20260731T140408Z-1-001\Rosario\2017\10. October.xlsx,10. October.xlsx,.xlsx,70589
Rosario-20260731T140408Z-1-001,Rosario-20260731T140408Z-1-001\Rosario\2017\11. November.xlsx,11. November.xlsx,.xlsx,67100
Rosario-20260731T140408Z-1-001,Rosario-20260731T140408Z-1-001\Rosario\2017\12. December.xlsx,12. December.xlsx,.xlsx,65627
Rosario-20260731T140408Z-1-001,Rosario-20260731T140408Z-1-001\Rosario\2017\2. February.xlsx,2. February.xlsx,.xlsx,63138
Rosario-20260731T140408Z-1-001,Rosario-20260731T140408Z-1-001\Rosario\2017\3. March.xlsx,3. March.xlsx,.xlsx,65364
Rosario-20260731T140408Z-1-001,Rosario-20260731T140408Z-1-001\Rosario\2017\4. April.xlsx,4. April.xlsx,.xlsx,63097
Rosario-20260731T140408Z-1-001,Rosario-20260731T140408Z-1-001\Rosario\2017\5. May.xlsx,5. May.xlsx,.xlsx,66274
Rosario-20260731T140408Z-1-001,Rosario-20260731T140408Z-1-001\Rosario\2017\6. June.xlsx,6. June.xlsx,.xlsx,68150
Rosario-20260731T140408Z-1-001,Rosario-20260731T140408Z-1-001\Rosario\2017\7. July.xlsx,7. July.xlsx,.xlsx,69712
Rosario-20260731T140408Z-1-001,Rosario-20260731T140408Z-1-001\Rosario\2017\8. August.xlsx,8. August.xlsx,.xlsx,74591
Rosario-20260731T140408Z-1-001,Rosario-20260731T140408Z-1-001\Rosario\2017\9. September.xlsx,9. September.xlsx,.xlsx,67878
Rosario-20260731T140408Z-1-001,Rosario-20260731T140408Z-1-001\Rosario\2018\1. January.xlsx,1. January.xlsx,.xlsx,63012
Rosario-20260731T140408Z-1-001,Rosario-20260731T140408Z-1-001\Rosario\2018\10. October.xlsx,10. October.xlsx,.xlsx,67028
Rosario-20260731T140408Z-1-001,Rosario-20260731T140408Z-1-001\Rosario\2018\11. November.xlsx,11. November.xlsx,.xlsx,64961
Rosario-20260731T140408Z-1-001,Rosario-20260731T140408Z-1-001\Rosario\2018\12. December.xlsx,12. December.xlsx,.xlsx,67666
Rosario-20260731T140408Z-1-001,Rosario-20260731T140408Z-1-001\Rosario\2018\2. February.xlsx,2. February.xlsx,.xlsx,58416
Rosario-20260731T140408Z-1-001,Rosario-20260731T140408Z-1-001\Rosario\2018\3. March.xlsx,3. March.xlsx,.xlsx,62245
Rosario-20260731T140408Z-1-001,Rosario-20260731T140408Z-1-001\Rosario\2018\4. April.xlsx,4. April.xlsx,.xlsx,58900
Rosario-20260731T140408Z-1-001,Rosario-20260731T140408Z-1-001\Rosario\2018\5. May.xlsx,5. May.xlsx,.xlsx,60169
Rosario-20260731T140408Z-1-001,Rosario-20260731T140408Z-1-001\Rosario\2018\6. June.xlsx,6. June.xlsx,.xlsx,69847
Rosario-20260731T140408Z-1-001,Rosario-20260731T140408Z-1-001\Rosario\2018\7. July.xlsx,7. July.xlsx,.xlsx,72598
Rosario-20260731T140408Z-1-001,Rosario-20260731T140408Z-1-001\Rosario\2018\8. August.xlsx,8. August.xlsx,.xlsx,72784
Rosario-20260731T140408Z-1-001,Rosario-20260731T140408Z-1-001\Rosario\2018\9. September.xlsx,9. September.xlsx,.xlsx,68054
Rosario-20260731T140408Z-1-001,Rosario-20260731T140408Z-1-001\Rosario\2019\1. January.xlsx,1. January.xlsx,.xlsx,64523
Rosario-20260731T140408Z-1-001,Rosario-20260731T140408Z-1-001\Rosario\2019\10. October.xlsx,10. October.xlsx,.xlsx,55114
Rosario-20260731T140408Z-1-001,Rosario-20260731T140408Z-1-001\Rosario\2019\11. November.xlsx,11. November.xlsx,.xlsx,58309
Rosario-20260731T140408Z-1-001,Rosario-20260731T140408Z-1-001\Rosario\2019\12. December.xlsx,12. December.xlsx,.xlsx,61333
Rosario-20260731T140408Z-1-001,Rosario-20260731T140408Z-1-001\Rosario\2019\2. February.xlsx,2. February.xlsx,.xlsx,58893
Rosario-20260731T140408Z-1-001,Rosario-20260731T140408Z-1-001\Rosario\2019\3. March.xlsx,3. March.xlsx,.xlsx,59011
Rosario-20260731T140408Z-1-001,Rosario-20260731T140408Z-1-001\Rosario\2019\4. April.xlsx,4. April.xlsx,.xlsx,58142
Rosario-20260731T140408Z-1-001,Rosario-20260731T140408Z-1-001\Rosario\2019\5. May.xlsx,5. May.xlsx,.xlsx,64478
Rosario-20260731T140408Z-1-001,Rosario-20260731T140408Z-1-001\Rosario\2019\6. June.xlsx,6. June.xlsx,.xlsx,63009
Rosario-20260731T140408Z-1-001,Rosario-20260731T140408Z-1-001\Rosario\2019\7. July.xlsx,7. July.xlsx,.xlsx,64399
Rosario-20260731T140408Z-1-001,Rosario-20260731T140408Z-1-001\Rosario\2019\8. August.xlsx,8. August.xlsx,.xlsx,69604
Rosario-20260731T140408Z-1-001,Rosario-20260731T140408Z-1-001\Rosario\2019\9. September.xlsx,9. September.xlsx,.xlsx,65911
Rosario-20260731T140408Z-1-001,Rosario-20260731T140408Z-1-001\Rosario\2020\1. January.xlsx,1. January.xlsx,.xlsx,57890
Rosario-20260731T140408Z-1-001,Rosario-20260731T140408Z-1-001\Rosario\2020\10. October.xlsx,10. October.xlsx,.xlsx,70408
Rosario-20260731T140408Z-1-001,Rosario-20260731T140408Z-1-001\Rosario\2020\11. November.xlsx,11. November.xlsx,.xlsx,66859
Rosario-20260731T140408Z-1-001,Rosario-20260731T140408Z-1-001\Rosario\2020\12. December.xlsx,12. December.xlsx,.xlsx,34713
Rosario-20260731T140408Z-1-001,Rosario-20260731T140408Z-1-001\Rosario\2020\2. February.xlsx,2. February.xlsx,.xlsx,56041
Rosario-20260731T140408Z-1-001,Rosario-20260731T140408Z-1-001\Rosario\2020\3. March.xlsx,3. March.xlsx,.xlsx,51344
Rosario-20260731T140408Z-1-001,Rosario-20260731T140408Z-1-001\Rosario\2020\4. April.xlsx,4. April.xlsx,.xlsx,33502
Rosario-20260731T140408Z-1-001,Rosario-20260731T140408Z-1-001\Rosario\2020\5. May.xlsx,5. May.xlsx,.xlsx,43468
Rosario-20260731T140408Z-1-001,Rosario-20260731T140408Z-1-001\Rosario\2020\6. June.xlsx,6. June.xlsx,.xlsx,56044
Rosario-20260731T140408Z-1-001,Rosario-20260731T140408Z-1-001\Rosario\2020\7. July.xlsx,7. July.xlsx,.xlsx,61987
Rosario-20260731T140408Z-1-001,Rosario-20260731T140408Z-1-001\Rosario\2020\8. August.xlsx,8. August.xlsx,.xlsx,65007
Rosario-20260731T140408Z-1-001,Rosario-20260731T140408Z-1-001\Rosario\2020\9. September.xlsx,9. September.xlsx,.xlsx,63955
Rosario-20260731T140408Z-1-001,Rosario-20260731T140408Z-1-001\Rosario\2021\1. January.xlsx,1. January.xlsx,.xlsx,64884
Rosario-20260731T140408Z-1-001,Rosario-20260731T140408Z-1-001\Rosario\2021\10. October.xlsx,10. October.xlsx,.xlsx,61145
Rosario-20260731T140408Z-1-001,Rosario-20260731T140408Z-1-001\Rosario\2021\11. November.xlsx,11. November.xlsx,.xlsx,60243
Rosario-20260731T140408Z-1-001,Rosario-20260731T140408Z-1-001\Rosario\2021\12. December.xlsx,12. December.xlsx,.xlsx,59047
Rosario-20260731T140408Z-1-001,Rosario-20260731T140408Z-1-001\Rosario\2021\2. February.xlsx,2. February.xlsx,.xlsx,59644
Rosario-20260731T140408Z-1-001,Rosario-20260731T140408Z-1-001\Rosario\2021\3. March.xlsx,3. March.xlsx,.xlsx,61298
Rosario-20260731T140408Z-1-001,Rosario-20260731T140408Z-1-001\Rosario\2021\4. April.xlsx,4. April.xlsx,.xlsx,59786
Rosario-20260731T140408Z-1-001,Rosario-20260731T140408Z-1-001\Rosario\2021\5. May.xlsx,5. May.xlsx,.xlsx,61371
Rosario-20260731T140408Z-1-001,Rosario-20260731T140408Z-1-001\Rosario\2021\6. June.xlsx,6. June.xlsx,.xlsx,62882
Rosario-20260731T140408Z-1-001,Rosario-20260731T140408Z-1-001\Rosario\2021\7. July.xlsx,7. July.xlsx,.xlsx,68252
Rosario-20260731T140408Z-1-001,Rosario-20260731T140408Z-1-001\Rosario\2021\8. August.xlsx,8. August.xlsx,.xlsx,69295
Rosario-20260731T140408Z-1-001,Rosario-20260731T140408Z-1-001\Rosario\2021\9. September.xlsx,9. September.xlsx,.xlsx,66186
Rosario-20260731T140408Z-1-001,Rosario-20260731T140408Z-1-001\Rosario\2022\1. January.xlsx,1. January.xlsx,.xlsx,33955
Rosario-20260731T140408Z-1-001,Rosario-20260731T140408Z-1-001\Rosario\2022\10. October.xlsx,10. October.xlsx,.xlsx,34102
Rosario-20260731T140408Z-1-001,Rosario-20260731T140408Z-1-001\Rosario\2022\11. November.xlsx,11. November.xlsx,.xlsx,33528
Rosario-20260731T140408Z-1-001,Rosario-20260731T140408Z-1-001\Rosario\2022\12. December.xlsx,12. December.xlsx,.xlsx,60119
Rosario-20260731T140408Z-1-001,Rosario-20260731T140408Z-1-001\Rosario\2022\2. February.xlsx,2. February.xlsx,.xlsx,57358
Rosario-20260731T140408Z-1-001,Rosario-20260731T140408Z-1-001\Rosario\2022\3. March.xlsx,3. March.xlsx,.xlsx,62236
Rosario-20260731T140408Z-1-001,Rosario-20260731T140408Z-1-001\Rosario\2022\4. April.xlsx,4. April.xlsx,.xlsx,33756
Rosario-20260731T140408Z-1-001,Rosario-20260731T140408Z-1-001\Rosario\2022\5. May.xlsx,5. May.xlsx,.xlsx,62966
Rosario-20260731T140408Z-1-001,Rosario-20260731T140408Z-1-001\Rosario\2022\6. June.xlsx,6. June.xlsx,.xlsx,64205
Rosario-20260731T140408Z-1-001,Rosario-20260731T140408Z-1-001\Rosario\2022\7. July.xlsx,7. July.xlsx,.xlsx,66663
Rosario-20260731T140408Z-1-001,Rosario-20260731T140408Z-1-001\Rosario\2022\8. August.xlsx,8. August.xlsx,.xlsx,67116
Rosario-20260731T140408Z-1-001,Rosario-20260731T140408Z-1-001\Rosario\2022\9. September.xlsx,9. September.xlsx,.xlsx,137829
Rosario-20260731T140408Z-1-001,Rosario-20260731T140408Z-1-001\Rosario\2023\1. January.xlsx,1. January.xlsx,.xlsx,34092
Rosario-20260731T140408Z-1-001,Rosario-20260731T140408Z-1-001\Rosario\2023\10. October.xlsx,10. October.xlsx,.xlsx,32864
Rosario-20260731T140408Z-1-001,Rosario-20260731T140408Z-1-001\Rosario\2023\11. November.xlsx,11. November.xlsx,.xlsx,32764
Rosario-20260731T140408Z-1-001,Rosario-20260731T140408Z-1-001\Rosario\2023\12. December.xlsx,12. December.xlsx,.xlsx,32717
Rosario-20260731T140408Z-1-001,Rosario-20260731T140408Z-1-001\Rosario\2023\2. February.xlsx,2. February.xlsx,.xlsx,32864
Rosario-20260731T140408Z-1-001,Rosario-20260731T140408Z-1-001\Rosario\2023\3. March.xlsx,3. March.xlsx,.xlsx,34114
Rosario-20260731T140408Z-1-001,Rosario-20260731T140408Z-1-001\Rosario\2023\4. April.xlsx,4. April.xlsx,.xlsx,33673
Rosario-20260731T140408Z-1-001,Rosario-20260731T140408Z-1-001\Rosario\2023\5. May.xlsx,5. May.xlsx,.xlsx,34220
Rosario-20260731T140408Z-1-001,Rosario-20260731T140408Z-1-001\Rosario\2023\6. June.xlsx,6. June.xlsx,.xlsx,34131
Rosario-20260731T140408Z-1-001,Rosario-20260731T140408Z-1-001\Rosario\2023\7. July.xlsx,7. July.xlsx,.xlsx,34641
Rosario-20260731T140408Z-1-001,Rosario-20260731T140408Z-1-001\Rosario\2023\8. August.xlsx,8. August.xlsx,.xlsx,34054
Rosario-20260731T140408Z-1-001,Rosario-20260731T140408Z-1-001\Rosario\2023\9. September.xlsx,9. September.xlsx,.xlsx,33620
Rosario-20260731T140408Z-1-001,Rosario-20260731T140408Z-1-001\Rosario\2024\1. January.xlsx,1. January.xlsx,.xlsx,33404
Rosario-20260731T140408Z-1-001,Rosario-20260731T140408Z-1-001\Rosario\2024\10. October.xlsx,10. October.xlsx,.xlsx,34202
Rosario-20260731T140408Z-1-001,Rosario-20260731T140408Z-1-001\Rosario\2024\11. November.xlsx,11. November.xlsx,.xlsx,34033
Rosario-20260731T140408Z-1-001,Rosario-20260731T140408Z-1-001\Rosario\2024\12. December.xlsx,12. December.xlsx,.xlsx,33355
Rosario-20260731T140408Z-1-001,Rosario-20260731T140408Z-1-001\Rosario\2024\2. February.xlsx,2. February.xlsx,.xlsx,33090
Rosario-20260731T140408Z-1-001,Rosario-20260731T140408Z-1-001\Rosario\2024\3. March.xlsx,3. March.xlsx,.xlsx,34204
Rosario-20260731T140408Z-1-001,Rosario-20260731T140408Z-1-001\Rosario\2024\4. April.xlsx,4. April.xlsx,.xlsx,135753
Rosario-20260731T140408Z-1-001,Rosario-20260731T140408Z-1-001\Rosario\2024\5. May.xlsx,5. May.xlsx,.xlsx,31185
Rosario-20260731T140408Z-1-001,Rosario-20260731T140408Z-1-001\Rosario\2024\6. June.xlsx,6. June.xlsx,.xlsx,30353
Rosario-20260731T140408Z-1-001,Rosario-20260731T140408Z-1-001\Rosario\2024\7. July.xlsx,7. July.xlsx,.xlsx,32188
Rosario-20260731T140408Z-1-001,Rosario-20260731T140408Z-1-001\Rosario\2024\8. August.xlsx,8. August.xlsx,.xlsx,33830
Rosario-20260731T140408Z-1-001,Rosario-20260731T140408Z-1-001\Rosario\2024\9. September.xlsx,9. September.xlsx,.xlsx,33642
Rosario-20260731T140408Z-1-001,Rosario-20260731T140408Z-1-001\Rosario\2025\1. January.pdf,1. January.pdf,.pdf,209624
Rosario-20260731T140408Z-1-001,Rosario-20260731T140408Z-1-001\Rosario\2025\10. Oct.pdf,10. Oct.pdf,.pdf,149089
Rosario-20260731T140408Z-1-001,Rosario-20260731T140408Z-1-001\Rosario\2025\11. Nov.pdf,11. Nov.pdf,.pdf,149089
Rosario-20260731T140408Z-1-001,Rosario-20260731T140408Z-1-001\Rosario\2025\12. Dec.pdf,12. Dec.pdf,.pdf,150564
Rosario-20260731T140408Z-1-001,Rosario-20260731T140408Z-1-001\Rosario\2025\2. Feb.pdf,2. Feb.pdf,.pdf,190245
Rosario-20260731T140408Z-1-001,Rosario-20260731T140408Z-1-001\Rosario\2025\3. Mar.pdf,3. Mar.pdf,.pdf,211555
Rosario-20260731T140408Z-1-001,Rosario-20260731T140408Z-1-001\Rosario\2025\4. April.pdf,4. April.pdf,.pdf,196180
Rosario-20260731T140408Z-1-001,Rosario-20260731T140408Z-1-001\Rosario\2025\5. May.pdf,5. May.pdf,.pdf,207479
Rosario-20260731T140408Z-1-001,Rosario-20260731T140408Z-1-001\Rosario\2025\6. June.pdf,6. June.pdf,.pdf,198489
Rosario-20260731T140408Z-1-001,Rosario-20260731T140408Z-1-001\Rosario\2025\7. July.pdf,7. July.pdf,.pdf,150435
Rosario-20260731T140408Z-1-001,Rosario-20260731T140408Z-1-001\Rosario\2025\8. Aug.pdf,8. Aug.pdf,.pdf,150291
Rosario-20260731T140408Z-1-001,Rosario-20260731T140408Z-1-001\Rosario\2025\9. Sept.pdf,9. Sept.pdf,.pdf,150535
Sto nino,Sto nino\2016\APRIL 2016.XLS,APRIL 2016.XLS,.xls,73728
Sto nino,Sto nino\2016\AUGUST 2016.XLS,AUGUST 2016.XLS,.xls,78336
Sto nino,Sto nino\2016\DECEMBER 2016.XLS,DECEMBER 2016.XLS,.xls,74240
Sto nino,Sto nino\2016\FEBRUARY 2016.XLS,FEBRUARY 2016.XLS,.xls,73216
Sto nino,Sto nino\2016\JANUARY 2016.XLS,JANUARY 2016.XLS,.xls,78848
Sto nino,Sto nino\2016\JULY 2016.XLS,JULY 2016.XLS,.xls,78336
Sto nino,Sto nino\2016\JUNE 2016.XLS,JUNE 2016.XLS,.xls,77824
Sto nino,Sto nino\2016\MARCH 2016.XLS,MARCH 2016.XLS,.xls,74240
Sto nino,Sto nino\2016\MAY 2016.XLS,MAY 2016.XLS,.xls,74240
Sto nino,Sto nino\2016\NOVEMBER 2016.XLS,NOVEMBER 2016.XLS,.xls,73728
Sto nino,Sto nino\2016\OCTOBER 2016.XLS,OCTOBER 2016.XLS,.xls,79360
Sto nino,Sto nino\2016\SEPTEMBER 2016.XLS,SEPTEMBER 2016.XLS,.xls,74240
Sto nino,Sto nino\2017\1. January.xlsx,1. January.xlsx,.xlsx,64819
Sto nino,Sto nino\2017\10. October.xlsx,10. October.xlsx,.xlsx,69764
Sto nino,Sto nino\2017\11. November.xlsx,11. November.xlsx,.xlsx,67274
Sto nino,Sto nino\2017\12. December.xlsx,12. December.xlsx,.xlsx,65667
Sto nino,Sto nino\2017\2. February.xlsx,2. February.xlsx,.xlsx,62376
Sto nino,Sto nino\2017\3. March.xlsx,3. March.xlsx,.xlsx,63567
Sto nino,Sto nino\2017\4. April.xlsx,4. April.xlsx,.xlsx,61783
Sto nino,Sto nino\2017\5. May.xlsx,5. May.xlsx,.xlsx,65206
Sto nino,Sto nino\2017\6. June.xlsx,6. June.xlsx,.xlsx,67062
Sto nino,Sto nino\2017\7. July.xlsx,7. July.xlsx,.xlsx,69376
Sto nino,Sto nino\2017\8. August.xlsx,8. August.xlsx,.xlsx,75252
Sto nino,Sto nino\2017\9. September.xlsx,9. September.xlsx,.xlsx,68412
Sto nino,Sto nino\2018\STO NINO -  JUNE 2018.xlsx,STO NINO -  JUNE 2018.xlsx,.xlsx,69970
Sto nino,Sto nino\2018\STO NINO - APRIL 2018.xlsx,STO NINO - APRIL 2018.xlsx,.xlsx,58341
Sto nino,Sto nino\2018\STO NINO - AUGUST 2018.xlsx,STO NINO - AUGUST 2018.xlsx,.xlsx,73520
Sto nino,Sto nino\2018\STO NINO - DECEMBER 2018.xlsx,STO NINO - DECEMBER 2018.xlsx,.xlsx,67896
Sto nino,Sto nino\2018\STO NINO - FEBRUARY 2018.xlsx,STO NINO - FEBRUARY 2018.xlsx,.xlsx,56988
Sto nino,Sto nino\2018\STO NINO - JANUARY 2018.xlsx,STO NINO - JANUARY 2018.xlsx,.xlsx,61801
Sto nino,Sto nino\2018\STO NINO - JULY 2018.xlsx,STO NINO - JULY 2018.xlsx,.xlsx,73326
Sto nino,Sto nino\2018\STO NINO - MARCH 2018.xlsx,STO NINO - MARCH 2018.xlsx,.xlsx,60668
Sto nino,Sto nino\2018\STO NINO - MAY 2018.xlsx,STO NINO - MAY 2018.xlsx,.xlsx,59219
Sto nino,Sto nino\2018\STO NINO - NOVEMBER 2018.xlsx,STO NINO - NOVEMBER 2018.xlsx,.xlsx,65174
Sto nino,Sto nino\2018\STO NINO - OCTOBER 2018.xlsx,STO NINO - OCTOBER 2018.xlsx,.xlsx,67481
Sto nino,Sto nino\2018\STO NINO - SEPTEMBER 2018.xlsx,STO NINO - SEPTEMBER 2018.xlsx,.xlsx,67906
Sto nino,Sto nino\2019\1. January.xlsx,1. January.xlsx,.xlsx,64468
Sto nino,Sto nino\2019\10. October.xlsx,10. October.xlsx,.xlsx,55040
Sto nino,Sto nino\2019\11. November.xlsx,11. November.xlsx,.xlsx,57071
Sto nino,Sto nino\2019\12. December.xlsx,12. December.xlsx,.xlsx,60197
Sto nino,Sto nino\2019\2. February.xlsx,2. February.xlsx,.xlsx,57139
Sto nino,Sto nino\2019\3. March.xlsx,3. March.xlsx,.xlsx,57239
Sto nino,Sto nino\2019\4. April.xlsx,4. April.xlsx,.xlsx,56567
Sto nino,Sto nino\2019\5. May.xlsx,5. May.xlsx,.xlsx,62923
Sto nino,Sto nino\2019\6. June.xlsx,6. June.xlsx,.xlsx,61539
Sto nino,Sto nino\2019\7. July.xlsx,7. July.xlsx,.xlsx,63672
Sto nino,Sto nino\2019\8. August.xlsx,8. August.xlsx,.xlsx,70188
Sto nino,Sto nino\2019\9. September.xlsx,9. September.xlsx,.xlsx,66453
Sto nino,Sto nino\2020\1. January.xlsx,1. January.xlsx,.xlsx,56052
Sto nino,Sto nino\2020\10. October.xlsx,10. October.xlsx,.xlsx,70965
Sto nino,Sto nino\2020\11. November.xlsx,11. November.xlsx,.xlsx,66280
Sto nino,Sto nino\2020\12. December.xlsx,12. December.xlsx,.xlsx,35124
Sto nino,Sto nino\2020\2. February.xlsx,2. February.xlsx,.xlsx,54073
Sto nino,Sto nino\2020\3. March.xlsx,3. March.xlsx,.xlsx,49630
Sto nino,Sto nino\2020\4. April.xlsx,4. April.xlsx,.xlsx,33820
Sto nino,Sto nino\2020\5. May.xlsx,5. May.xlsx,.xlsx,43264
Sto nino,Sto nino\2020\6. June.xlsx,6. June.xlsx,.xlsx,53677
Sto nino,Sto nino\2020\7. July.xlsx,7. July.xlsx,.xlsx,59743
Sto nino,Sto nino\2020\8. August.xlsx,8. August.xlsx,.xlsx,64099
Sto nino,Sto nino\2020\9. September.xlsx,9. September.xlsx,.xlsx,63091
Sto nino,Sto nino\2021\1. January.xlsx,1. January.xlsx,.xlsx,65276
Sto nino,Sto nino\2021\10. October.xlsx,10. October.xlsx,.xlsx,61015
Sto nino,Sto nino\2021\11. November.xlsx,11. November.xlsx,.xlsx,60429
Sto nino,Sto nino\2021\12. December.xlsx,12. December.xlsx,.xlsx,58773
Sto nino,Sto nino\2021\2. February.xlsx,2. February.xlsx,.xlsx,59492
Sto nino,Sto nino\2021\3. March.xlsx,3. March.xlsx,.xlsx,57259
Sto nino,Sto nino\2021\4. April.xlsx,4. April.xlsx,.xlsx,59286
Sto nino,Sto nino\2021\5. May.xlsx,5. May.xlsx,.xlsx,59762
Sto nino,Sto nino\2021\6. June.xlsx,6. June.xlsx,.xlsx,63209
Sto nino,Sto nino\2021\7. July.xlsx,7. July.xlsx,.xlsx,67666
Sto nino,Sto nino\2021\8. August.xlsx,8. August.xlsx,.xlsx,68477
Sto nino,Sto nino\2021\9. September.xlsx,9. September.xlsx,.xlsx,67327
Sto nino,Sto nino\2022\1. January.xlsx,1. January.xlsx,.xlsx,30925
Sto nino,Sto nino\2022\10. October.xlsx,10. October.xlsx,.xlsx,34940
Sto nino,Sto nino\2022\11. November.xlsx,11. November.xlsx,.xlsx,33919
Sto nino,Sto nino\2022\12. December.xlsx,12. December.xlsx,.xlsx,60445
Sto nino,Sto nino\2022\2. February.xlsx,2. February.xlsx,.xlsx,55957
Sto nino,Sto nino\2022\3. March.xlsx,3. March.xlsx,.xlsx,31712
Sto nino,Sto nino\2022\4. April.xlsx,4. April.xlsx,.xlsx,31671
Sto nino,Sto nino\2022\5. May.xlsx,5. May.xlsx,.xlsx,62003
Sto nino,Sto nino\2022\6. June.xlsx,6. June.xlsx,.xlsx,64693
Sto nino,Sto nino\2022\7. July.xlsx,7. July.xlsx,.xlsx,67398
Sto nino,Sto nino\2022\8. August.xlsx,8. August.xlsx,.xlsx,67965
Sto nino,Sto nino\2022\9. September.xlsx,9. September.xlsx,.xlsx,170837
Sto nino,Sto nino\2023\1. January.xlsx,1. January.xlsx,.xlsx,33214
Sto nino,Sto nino\2023\10. October.xlsx,10. October.xlsx,.xlsx,33608
Sto nino,Sto nino\2023\11. November.xlsx,11. November.xlsx,.xlsx,30144
Sto nino,Sto nino\2023\12. December.xlsx,12. December.xlsx,.xlsx,29615
Sto nino,Sto nino\2023\2. February.xlsx,2. February.xlsx,.xlsx,29511
Sto nino,Sto nino\2023\3. March.xlsx,3. March.xlsx,.xlsx,30490
Sto nino,Sto nino\2023\4. April.xlsx,4. April.xlsx,.xlsx,30771
Sto nino,Sto nino\2023\5. May.xlsx,5. May.xlsx,.xlsx,31393
Sto nino,Sto nino\2023\6. June.xlsx,6. June.xlsx,.xlsx,31335
Sto nino,Sto nino\2023\7. July.xlsx,7. July.xlsx,.xlsx,33932
Sto nino,Sto nino\2023\8. August.xlsx,8. August.xlsx,.xlsx,35397
Sto nino,Sto nino\2023\9. September.xlsx,9. September.xlsx,.xlsx,35209
Sto nino,Sto nino\2024\1. January.xlsx,1. January.xlsx,.xlsx,29263
Sto nino,Sto nino\2024\10. October.xlsx,10. October.xlsx,.xlsx,34595
Sto nino,Sto nino\2024\11. November.xlsx,11. November.xlsx,.xlsx,34299
Sto nino,Sto nino\2024\12. December.xlsx,12. December.xlsx,.xlsx,33860
Sto nino,Sto nino\2024\2. February.xlsx,2. February.xlsx,.xlsx,29823
Sto nino,Sto nino\2024\3. March.xlsx,3. March.xlsx,.xlsx,29716
Sto nino,Sto nino\2024\4. April.xlsx,4. April.xlsx,.xlsx,132431
Sto nino,Sto nino\2024\5. May.xlsx,5. May.xlsx,.xlsx,31118
Sto nino,Sto nino\2024\6. June.xlsx,6. June.xlsx,.xlsx,31558
Sto nino,Sto nino\2024\7. July.xlsx,7. July.xlsx,.xlsx,33421
Sto nino,Sto nino\2024\8. August.xlsx,8. August.xlsx,.xlsx,35091
Sto nino,Sto nino\2024\9. September.xlsx,9. September.xlsx,.xlsx,35113
Sto nino,Sto nino\2025\1. January.pdf,1. January.pdf,.pdf,207891
Sto nino,Sto nino\2025\10. Oct.pdf,10. Oct.pdf,.pdf,149931
Sto nino,Sto nino\2025\11. Nov.pdf,11. Nov.pdf,.pdf,149931
Sto nino,Sto nino\2025\12. Dec.pdf,12. Dec.pdf,.pdf,151016
Sto nino,Sto nino\2025\2. Feb.pdf,2. Feb.pdf,.pdf,191452
Sto nino,Sto nino\2025\3. Mar.pdf,3. Mar.pdf,.pdf,203405
Sto nino,Sto nino\2025\4. April.pdf,4. April.pdf,.pdf,194280
Sto nino,Sto nino\2025\5. May.pdf,5. May.pdf,.pdf,192522
Sto nino,Sto nino\2025\6. June.pdf,6. June.pdf,.pdf,198130
Sto nino,Sto nino\2025\7. July.pdf,7. July.pdf,.pdf,151196
Sto nino,Sto nino\2025\8. Aug.pdf,8. Aug.pdf,.pdf,150450
Sto nino,Sto nino\2025\9. Sept.pdf,9. Sept.pdf,.pdf,151453
