Station,Variable,Year,Month,Filename,Full_Path,File_Type,File_Size_Bytes,SHA256,First_Observation,Last_Observation,Expected_Sampling,Parsed_Observation_Count,Valid_Observation_Count,Parser_Status,Included_In_10Year_Pipeline,Exclusion_Reason
Sto. Niño Water Level,Water_Level_m,2016,4,APRIL 2016.XLS,C:\Users\chris\Desktop\codes\floodguard\data compilation\Data from MMDA-20260727T035138Z-1-001\Data from MMDA\Sto nino\2016\APRIL 2016.XLS,XLS,73728,67a98db8258b3e15ed4c6600a5d47209e055534b54152d2f540cb6e6de6e84ab,2016-04-01 00:00:00,2016-04-30 23:00:00,Hourly,720,720,SUCCESS,YES,NONE
Sto. Niño Water Level,Water_Level_m,2016,8,AUGUST 2016.XLS,C:\Users\chris\Desktop\codes\floodguard\data compilation\Data from MMDA-20260727T035138Z-1-001\Data from MMDA\Sto nino\2016\AUGUST 2016.XLS,XLS,78336,648763ba4e8e6f6b587753dd3f75113cb7d6c45881100b7150e0858e13c53480,2016-08-01 00:00:00,2016-08-31 23:00:00,Hourly,743,743,SUCCESS,YES,NONE
Sto. Niño Water Level,Water_Level_m,2016,12,DECEMBER 2016.XLS,C:\Users\chris\Desktop\codes\floodguard\data compilation\Data from MMDA-20260727T035138Z-1-001\Data from MMDA\Sto nino\2016\DECEMBER 2016.XLS,XLS,74240,41f58e7e02b5c36688f2edfbfa24d17bc09d781a28679531655ee68a27eca574,2016-12-01 00:00:00,2016-12-31 23:00:00,Hourly,744,744,SUCCESS,YES,NONE
Sto. Niño Water Level,Water_Level_m,2016,2,FEBRUARY 2016.XLS,C:\Users\chris\Desktop\codes\floodguard\data compilation\Data from MMDA-20260727T035138Z-1-001\Data from MMDA\Sto nino\2016\FEBRUARY 2016.XLS,XLS,73216,16e675f3946fb472650bc8728f29373d9b47d0795e0cda229a17c1ea5e6f33bf,2016-02-01 00:00:00,2016-02-29 23:00:00,Hourly,696,696,SUCCESS,YES,NONE
Sto. Niño Water Level,Water_Level_m,2016,1,JANUARY 2016.XLS,C:\Users\chris\Desktop\codes\floodguard\data compilation\Data from MMDA-20260727T035138Z-1-001\Data from MMDA\Sto nino\2016\JANUARY 2016.XLS,XLS,78848,53ed8e999e3e0dd8061adc377275fb94a3e6cc62caa70b58e6dd8a1c42fc14ad,2016-01-01 00:00:00,2016-01-31 23:00:00,Hourly,690,690,SUCCESS,YES,NONE
Sto. Niño Water Level,Water_Level_m,2016,7,JULY 2016.XLS,C:\Users\chris\Desktop\codes\floodguard\data compilation\Data from MMDA-20260727T035138Z-1-001\Data from MMDA\Sto nino\2016\JULY 2016.XLS,XLS,78336,b74d7ada1881b0f71baa2c4a57cf4ff821bcb4beca186c82e44871f82b851134,2016-07-01 00:00:00,2016-07-31 23:00:00,Hourly,742,742,SUCCESS,YES,NONE
Sto. Niño Water Level,Water_Level_m,2016,6,JUNE 2016.XLS,C:\Users\chris\Desktop\codes\floodguard\data compilation\Data from MMDA-20260727T035138Z-1-001\Data from MMDA\Sto nino\2016\JUNE 2016.XLS,XLS,77824,c5a51ee1fa32dd1d086908c652526faa2b93217969ae7244481ecd4cc467bbc2,2016-06-01 00:00:00,2016-06-30 23:00:00,Hourly,717,717,SUCCESS,YES,NONE
Sto. Niño Water Level,Water_Level_m,2016,3,MARCH 2016.XLS,C:\Users\chris\Desktop\codes\floodguard\data compilation\Data from MMDA-20260727T035138Z-1-001\Data from MMDA\Sto nino\2016\MARCH 2016.XLS,XLS,74240,3abd6773a49bfe2d19541a29d69f8eea15f386521616e382eb4da4c469345f50,2016-03-01 00:00:00,2016-03-31 23:00:00,Hourly,744,744,SUCCESS,YES,NONE
Sto. Niño Water Level,Water_Level_m,2016,5,MAY 2016.XLS,C:\Users\chris\Desktop\codes\floodguard\data compilation\Data from MMDA-20260727T035138Z-1-001\Data from MMDA\Sto nino\2016\MAY 2016.XLS,XLS,74240,00e9b56f5c2a58294bb0971c3316e6193513ade071b3adb9050d3b6a771d6c77,2016-05-01 00:00:00,2016-05-31 23:00:00,Hourly,744,744,SUCCESS,YES,NONE
Sto. Niño Water Level,Water_Level_m,2016,11,NOVEMBER 2016.XLS,C:\Users\chris\Desktop\codes\floodguard\data compilation\Data from MMDA-20260727T035138Z-1-001\Data from MMDA\Sto nino\2016\NOVEMBER 2016.XLS,XLS,73728,8f1e85e2c98faa6334dfffc573c62628bdfc3d6148637e03512932e49ebc0302,2016-11-01 00:00:00,2016-11-30 23:00:00,Hourly,720,720,SUCCESS,YES,NONE
Sto. Niño Water Level,Water_Level_m,2016,10,OCTOBER 2016.XLS,C:\Users\chris\Desktop\codes\floodguard\data compilation\Data from MMDA-20260727T035138Z-1-001\Data from MMDA\Sto nino\2016\OCTOBER 2016.XLS,XLS,79360,2338eb919ecb70e08184c7d3424dbcf78670c61369870002d18c0c47de84db19,2016-10-01 00:00:00,2016-10-31 23:00:00,Hourly,743,743,SUCCESS,YES,NONE
Sto. Niño Water Level,Water_Level_m,2016,9,SEPTEMBER 2016.XLS,C:\Users\chris\Desktop\codes\floodguard\data compilation\Data from MMDA-20260727T035138Z-1-001\Data from MMDA\Sto nino\2016\SEPTEMBER 2016.XLS,XLS,74240,c75508b6ee741b3dd2b35d3ade0c19740eb76f11399d2e588b8dc2c9e6d4bc5e,2016-09-01 00:00:00,2016-09-30 21:00:00,Hourly,717,717,SUCCESS,YES,NONE
Sto. Niño Water Level,Water_Level_m,2017,1,1. January.xlsx,C:\Users\chris\Desktop\codes\floodguard\data compilation\Data from MMDA-20260727T035138Z-1-001\Data from MMDA\Sto nino\2017\1. January.xlsx,XLSX,64819,c11c56632746f534f7f11eb0c6fbfd427ed2c4336ebd184eb907d7318b191b31,2017-01-01 00:00:00,2017-01-31 23:00:00,Hourly,744,744,SUCCESS,YES,NONE
Sto. Niño Water Level,Water_Level_m,2017,10,10. October.xlsx,C:\Users\chris\Desktop\codes\floodguard\data compilation\Data from MMDA-20260727T035138Z-1-001\Data from MMDA\Sto nino\2017\10. October.xlsx,XLSX,69764,3876bba854e952d109f4ee1437d71e8ea147f9888aa81e0ecf9ec03e8e2a7ff5,2017-10-01 00:00:00,2017-10-31 23:00:00,Hourly,744,744,SUCCESS,YES,NONE
Sto. Niño Water Level,Water_Level_m,2017,11,11. November.xlsx,C:\Users\chris\Desktop\codes\floodguard\data compilation\Data from MMDA-20260727T035138Z-1-001\Data from MMDA\Sto nino\2017\11. November.xlsx,XLSX,67274,a70d4916619a3b3ac9afa4a68f465397eac7d36ac635977297914324ef4346a5,2017-11-01 00:00:00,2017-11-30 23:00:00,Hourly,720,720,SUCCESS,YES,NONE
Sto. Niño Water Level,Water_Level_m,2017,12,12. December.xlsx,C:\Users\chris\Desktop\codes\floodguard\data compilation\Data from MMDA-20260727T035138Z-1-001\Data from MMDA\Sto nino\2017\12. December.xlsx,XLSX,65667,1d6375a9ed34571cfe81d9112c05998b93e01fad4a85f538c5e640e25bac9bfc,2017-12-01 00:00:00,2017-12-31 23:00:00,Hourly,744,744,SUCCESS,YES,NONE
Sto. Niño Water Level,Water_Level_m,2017,2,2. February.xlsx,C:\Users\chris\Desktop\codes\floodguard\data compilation\Data from MMDA-20260727T035138Z-1-001\Data from MMDA\Sto nino\2017\2. February.xlsx,XLSX,62376,9c675cd82d02c732f45d1d44904effd759cb8bfcfc30b2a91eb0398b1b8a7149,2017-02-01 00:00:00,2017-02-28 23:00:00,Hourly,672,672,SUCCESS,YES,NONE
Sto. Niño Water Level,Water_Level_m,2017,3,3. March.xlsx,C:\Users\chris\Desktop\codes\floodguard\data compilation\Data from MMDA-20260727T035138Z-1-001\Data from MMDA\Sto nino\2017\3. March.xlsx,XLSX,63567,927120c979802e3bb1e11b55274d13ab38fdbef9b643cd925fd8df52990b709b,2017-03-01 00:00:00,2017-03-31 23:00:00,Hourly,743,743,SUCCESS,YES,NONE
Sto. Niño Water Level,Water_Level_m,2017,4,4. April.xlsx,C:\Users\chris\Desktop\codes\floodguard\data compilation\Data from MMDA-20260727T035138Z-1-001\Data from MMDA\Sto nino\2017\4. April.xlsx,XLSX,61783,74394786108528b29e53cd3819587a533498539f41a5fe463337ae1028f5bc43,2017-04-01 00:00:00,2017-04-30 23:00:00,Hourly,720,720,SUCCESS,YES,NONE
Sto. Niño Water Level,Water_Level_m,2017,5,5. May.xlsx,C:\Users\chris\Desktop\codes\floodguard\data compilation\Data from MMDA-20260727T035138Z-1-001\Data from MMDA\Sto nino\2017\5. May.xlsx,XLSX,65206,35719d01fd471b9836af2dd57be709015f051c6fb86eeb270ec54d0c4aaa5ad1,2017-05-01 00:00:00,2017-05-31 23:00:00,Hourly,744,744,SUCCESS,YES,NONE
Sto. Niño Water Level,Water_Level_m,2017,6,6. June.xlsx,C:\Users\chris\Desktop\codes\floodguard\data compilation\Data from MMDA-20260727T035138Z-1-001\Data from MMDA\Sto nino\2017\6. June.xlsx,XLSX,67062,3144a129d9e4277dda3bd649211bab6dfb38f6e0c777116dbbfdce8ad8bba22f,2017-06-01 00:00:00,2017-06-30 23:00:00,Hourly,720,720,SUCCESS,YES,NONE
Sto. Niño Water Level,Water_Level_m,2017,7,7. July.xlsx,C:\Users\chris\Desktop\codes\floodguard\data compilation\Data from MMDA-20260727T035138Z-1-001\Data from MMDA\Sto nino\2017\7. July.xlsx,XLSX,69376,aea25086d8618c948ac5c0312e5e0deff7415c9ef49be1d580f3d7ead0970d27,2017-07-01 00:00:00,2017-07-31 23:00:00,Hourly,744,744,SUCCESS,YES,NONE
Sto. Niño Water Level,Water_Level_m,2017,8,8. August.xlsx,C:\Users\chris\Desktop\codes\floodguard\data compilation\Data from MMDA-20260727T035138Z-1-001\Data from MMDA\Sto nino\2017\8. August.xlsx,XLSX,75252,7312396afc79547e8ea5cf1af6a73a86f901c99b7cc41a1521c0ae1d21437d4a,2017-08-01 00:00:00,2017-08-31 23:00:00,Hourly,742,742,SUCCESS,YES,NONE
Sto. Niño Water Level,Water_Level_m,2017,9,9. September.xlsx,C:\Users\chris\Desktop\codes\floodguard\data compilation\Data from MMDA-20260727T035138Z-1-001\Data from MMDA\Sto nino\2017\9. September.xlsx,XLSX,68412,5237bcc113ab269564b5fd9c1ea785d566ed2434f0ad8dfc05ab747e4d418b8d,2017-09-01 00:00:00,2017-09-30 23:00:00,Hourly,720,720,SUCCESS,YES,NONE
Sto. Niño Water Level,Water_Level_m,2018,6,STO NINO -  JUNE 2018.xlsx,C:\Users\chris\Desktop\codes\floodguard\data compilation\Data from MMDA-20260727T035138Z-1-001\Data from MMDA\Sto nino\2018\STO NINO -  JUNE 2018.xlsx,XLSX,69970,d055328327f8cab674add4f24f6906ed7088c667985fba865cae862122880a9b,2018-06-01 00:00:00,2018-06-30 23:00:00,Hourly,716,716,SUCCESS,YES,NONE
Sto. Niño Water Level,Water_Level_m,2018,4,STO NINO - APRIL 2018.xlsx,C:\Users\chris\Desktop\codes\floodguard\data compilation\Data from MMDA-20260727T035138Z-1-001\Data from MMDA\Sto nino\2018\STO NINO - APRIL 2018.xlsx,XLSX,58341,0cb6ec63a151c988feaab9360d831de6e626551fb3b51260e2dedfe9917f4b0c,2018-04-01 00:00:00,2018-04-29 23:00:00,Hourly,696,696,SUCCESS,YES,NONE
Sto. Niño Water Level,Water_Level_m,2018,8,STO NINO - AUGUST 2018.xlsx,C:\Users\chris\Desktop\codes\floodguard\data compilation\Data from MMDA-20260727T035138Z-1-001\Data from MMDA\Sto nino\2018\STO NINO - AUGUST 2018.xlsx,XLSX,73520,ef7eb96b7168b2678c4b477efac46913da024c8ef8df4729668555eab38ca18a,2018-08-01 00:00:00,2018-08-31 23:00:00,Hourly,741,741,SUCCESS,YES,NONE
Sto. Niño Water Level,Water_Level_m,2018,12,STO NINO - DECEMBER 2018.xlsx,C:\Users\chris\Desktop\codes\floodguard\data compilation\Data from MMDA-20260727T035138Z-1-001\Data from MMDA\Sto nino\2018\STO NINO - DECEMBER 2018.xlsx,XLSX,67896,456b1e2803a4f7e49a8850031ee22581ccadc37daa52f2d93aaedca1915a6e4f,2018-12-01 00:00:00,2018-12-30 23:00:00,Hourly,704,704,SUCCESS,YES,NONE
Sto. Niño Water Level,Water_Level_m,2018,2,STO NINO - FEBRUARY 2018.xlsx,C:\Users\chris\Desktop\codes\floodguard\data compilation\Data from MMDA-20260727T035138Z-1-001\Data from MMDA\Sto nino\2018\STO NINO - FEBRUARY 2018.xlsx,XLSX,56988,c3fb3260aad0d005607a8178e2ac6126e681b26f18bd2253c7820208550ca72c,2018-02-01 00:00:00,2018-02-28 23:00:00,Hourly,672,672,SUCCESS,YES,NONE
Sto. Niño Water Level,Water_Level_m,2018,1,STO NINO - JANUARY 2018.xlsx,C:\Users\chris\Desktop\codes\floodguard\data compilation\Data from MMDA-20260727T035138Z-1-001\Data from MMDA\Sto nino\2018\STO NINO - JANUARY 2018.xlsx,XLSX,61801,79616c2bc5266a0756f269fb815ac1af3854615d2a3744bda10c529d7ff14691,2018-01-01 00:00:00,2018-01-31 23:00:00,Hourly,744,744,SUCCESS,YES,NONE
Sto. Niño Water Level,Water_Level_m,2018,7,STO NINO - JULY 2018.xlsx,C:\Users\chris\Desktop\codes\floodguard\data compilation\Data from MMDA-20260727T035138Z-1-001\Data from MMDA\Sto nino\2018\STO NINO - JULY 2018.xlsx,XLSX,73326,891733ca4392c5a7b0690bb225a32edea58aa3f304228d941d5c21ace2cbbfd6,2018-07-01 00:00:00,2018-07-31 23:00:00,Hourly,743,743,SUCCESS,YES,NONE
Sto. Niño Water Level,Water_Level_m,2018,3,STO NINO - MARCH 2018.xlsx,C:\Users\chris\Desktop\codes\floodguard\data compilation\Data from MMDA-20260727T035138Z-1-001\Data from MMDA\Sto nino\2018\STO NINO - MARCH 2018.xlsx,XLSX,60668,bf8066b3b563e4e00b9c2d24b92e63460d88acb548a29517709f8fe7061d740f,2018-03-01 00:00:00,2018-03-31 23:00:00,Hourly,744,744,SUCCESS,YES,NONE
Sto. Niño Water Level,Water_Level_m,2018,5,STO NINO - MAY 2018.xlsx,C:\Users\chris\Desktop\codes\floodguard\data compilation\Data from MMDA-20260727T035138Z-1-001\Data from MMDA\Sto nino\2018\STO NINO - MAY 2018.xlsx,XLSX,59219,d8cabb92ceea0fb9c7bf6b8474b1b32f87e4e375937c663ae3142dcd161db775,2018-05-01 00:00:00,2018-05-31 23:00:00,Hourly,743,743,SUCCESS,YES,NONE
Sto. Niño Water Level,Water_Level_m,2018,11,STO NINO - NOVEMBER 2018.xlsx,C:\Users\chris\Desktop\codes\floodguard\data compilation\Data from MMDA-20260727T035138Z-1-001\Data from MMDA\Sto nino\2018\STO NINO - NOVEMBER 2018.xlsx,XLSX,65174,0fd63963bae2dd53820e1dba84eb063bdfa949fce07b3709b17284619f9d2714,2018-11-01 00:00:00,2018-11-30 23:00:00,Hourly,720,720,SUCCESS,YES,NONE
Sto. Niño Water Level,Water_Level_m,2018,10,STO NINO - OCTOBER 2018.xlsx,C:\Users\chris\Desktop\codes\floodguard\data compilation\Data from MMDA-20260727T035138Z-1-001\Data from MMDA\Sto nino\2018\STO NINO - OCTOBER 2018.xlsx,XLSX,67481,9db623e3874aaaada94e4e116d311c7579350b38550e2aa712a6038868651536,2018-10-01 00:00:00,2018-10-30 23:00:00,Hourly,720,720,SUCCESS,YES,NONE
Sto. Niño Water Level,Water_Level_m,2018,9,STO NINO - SEPTEMBER 2018.xlsx,C:\Users\chris\Desktop\codes\floodguard\data compilation\Data from MMDA-20260727T035138Z-1-001\Data from MMDA\Sto nino\2018\STO NINO - SEPTEMBER 2018.xlsx,XLSX,67906,d8eabe0abf6ffe11eda8ed7172620ab21928c988159373ff978bd538c30f702a,2018-09-01 00:00:00,2018-09-30 23:00:00,Hourly,720,720,SUCCESS,YES,NONE
Sto. Niño Water Level,Water_Level_m,2019,1,1. January.xlsx,C:\Users\chris\Desktop\codes\floodguard\data compilation\Data from MMDA-20260727T035138Z-1-001\Data from MMDA\Sto nino\2019\1. January.xlsx,XLSX,64468,7844e0bf282856ae5c707352b538b577387cffe8110925cd8a472ee75b265c14,2019-01-01 00:00:00,2019-01-31 23:00:00,Hourly,744,744,SUCCESS,YES,NONE
Sto. Niño Water Level,Water_Level_m,2019,10,10. October.xlsx,C:\Users\chris\Desktop\codes\floodguard\data compilation\Data from MMDA-20260727T035138Z-1-001\Data from MMDA\Sto nino\2019\10. October.xlsx,XLSX,55040,940cd5e7170c0824188883ddb83598818d0d8beaff70c168697e4b0f0f6c1a55,2019-10-01 00:00:00,2019-10-31 23:00:00,Hourly,707,707,SUCCESS,YES,NONE
Sto. Niño Water Level,Water_Level_m,2019,11,11. November.xlsx,C:\Users\chris\Desktop\codes\floodguard\data compilation\Data from MMDA-20260727T035138Z-1-001\Data from MMDA\Sto nino\2019\11. November.xlsx,XLSX,57071,8dcc01d4b443f02159dbb8aeece21611af3ab748a32416a6c1252facba2f58f6,2019-11-01 00:00:00,2019-11-30 23:00:00,Hourly,720,720,SUCCESS,YES,NONE
Sto. Niño Water Level,Water_Level_m,2019,12,12. December.xlsx,C:\Users\chris\Desktop\codes\floodguard\data compilation\Data from MMDA-20260727T035138Z-1-001\Data from MMDA\Sto nino\2019\12. December.xlsx,XLSX,60197,1afe19921e616aec7413288b860504b1b10c2f9f28742e38c6c4bb1bea68a241,2019-12-01 00:00:00,2019-12-31 23:00:00,Hourly,743,743,SUCCESS,YES,NONE
Sto. Niño Water Level,Water_Level_m,2019,2,2. February.xlsx,C:\Users\chris\Desktop\codes\floodguard\data compilation\Data from MMDA-20260727T035138Z-1-001\Data from MMDA\Sto nino\2019\2. February.xlsx,XLSX,57139,90438c12699eeb8edcc41e869c4783280dc58bc1985b081055c83f5441e703eb,2019-02-01 00:00:00,2019-02-28 23:00:00,Hourly,671,671,SUCCESS,YES,NONE
Sto. Niño Water Level,Water_Level_m,2019,3,3. March.xlsx,C:\Users\chris\Desktop\codes\floodguard\data compilation\Data from MMDA-20260727T035138Z-1-001\Data from MMDA\Sto nino\2019\3. March.xlsx,XLSX,57239,ddd8f2f15fb77bad99c286ebd345c907f15f651f467dcbcbca95956eac83a28e,2019-03-01 00:00:00,2019-03-31 23:00:00,Hourly,743,743,SUCCESS,YES,NONE
Sto. Niño Water Level,Water_Level_m,2019,4,4. April.xlsx,C:\Users\chris\Desktop\codes\floodguard\data compilation\Data from MMDA-20260727T035138Z-1-001\Data from MMDA\Sto nino\2019\4. April.xlsx,XLSX,56567,09e48346cc0b8b569349b9600688e4f6c725907c4cdcb69a84b645d51ab64584,2019-04-02 00:00:00,2019-04-30 23:00:00,Hourly,696,696,SUCCESS,YES,NONE
Sto. Niño Water Level,Water_Level_m,2019,5,5. May.xlsx,C:\Users\chris\Desktop\codes\floodguard\data compilation\Data from MMDA-20260727T035138Z-1-001\Data from MMDA\Sto nino\2019\5. May.xlsx,XLSX,62923,f5e2ddf4cd1f2f038d16366cad9147686ca8d7945f3fe1ff76bf7da25655221c,2019-05-01 00:00:00,2019-05-31 23:00:00,Hourly,742,742,SUCCESS,YES,NONE
Sto. Niño Water Level,Water_Level_m,2019,6,6. June.xlsx,C:\Users\chris\Desktop\codes\floodguard\data compilation\Data from MMDA-20260727T035138Z-1-001\Data from MMDA\Sto nino\2019\6. June.xlsx,XLSX,61539,5ab017b651846265fa1013c4496bb12c0f1f0138998a0c9417086aa7c753e76c,2019-06-01 00:00:00,2019-06-30 23:00:00,Hourly,720,720,SUCCESS,YES,NONE
Sto. Niño Water Level,Water_Level_m,2019,7,7. July.xlsx,C:\Users\chris\Desktop\codes\floodguard\data compilation\Data from MMDA-20260727T035138Z-1-001\Data from MMDA\Sto nino\2019\7. July.xlsx,XLSX,63672,9be8688288dda5285d60c9b9365291a4004c7cf26d2a38c48aa630121ee98aa7,2019-07-01 00:00:00,2019-07-31 23:00:00,Hourly,742,742,SUCCESS,YES,NONE
Sto. Niño Water Level,Water_Level_m,2019,8,8. August.xlsx,C:\Users\chris\Desktop\codes\floodguard\data compilation\Data from MMDA-20260727T035138Z-1-001\Data from MMDA\Sto nino\2019\8. August.xlsx,XLSX,70188,1c59ed704b55721f01b5cbc93e9465da22f0e17aeebdc29a3594ac1b39910219,2019-08-01 00:00:00,2019-08-31 23:00:00,Hourly,740,740,SUCCESS,YES,NONE
Sto. Niño Water Level,Water_Level_m,2019,9,9. September.xlsx,C:\Users\chris\Desktop\codes\floodguard\data compilation\Data from MMDA-20260727T035138Z-1-001\Data from MMDA\Sto nino\2019\9. September.xlsx,XLSX,66453,a95d9757e1d314d203e9f9bc72990064cf0c4119f783031f3232618678a04c08,2019-09-01 00:00:00,2019-09-30 23:00:00,Hourly,718,718,SUCCESS,YES,NONE
Sto. Niño Water Level,Water_Level_m,2020,1,1. January.xlsx,C:\Users\chris\Desktop\codes\floodguard\data compilation\Data from MMDA-20260727T035138Z-1-001\Data from MMDA\Sto nino\2020\1. January.xlsx,XLSX,56052,ad640b9021e74ee9480701dabad4fc03f0a899bb58ba06bf67129454b81acfde,2020-01-01 00:00:00,2020-01-31 23:00:00,Hourly,727,727,SUCCESS,YES,NONE
Sto. Niño Water Level,Water_Level_m,2020,10,10. October.xlsx,C:\Users\chris\Desktop\codes\floodguard\data compilation\Data from MMDA-20260727T035138Z-1-001\Data from MMDA\Sto nino\2020\10. October.xlsx,XLSX,70965,8242146a09622d833f8b4ff3597546e78f2dacf7da676b261b52fdbd8c7b8555,2020-10-01 00:00:00,2020-10-31 23:00:00,Hourly,744,744,SUCCESS,YES,NONE
Sto. Niño Water Level,Water_Level_m,2020,11,11. November.xlsx,C:\Users\chris\Desktop\codes\floodguard\data compilation\Data from MMDA-20260727T035138Z-1-001\Data from MMDA\Sto nino\2020\11. November.xlsx,XLSX,66280,c5e9d258657a2be15c35a27d3cb8bc1eb9280e05f14a503ebf3343c0a4a20711,2020-11-01 00:00:00,2020-11-30 23:00:00,Hourly,719,719,SUCCESS,YES,NONE
Sto. Niño Water Level,Water_Level_m,2020,12,12. December.xlsx,C:\Users\chris\Desktop\codes\floodguard\data compilation\Data from MMDA-20260727T035138Z-1-001\Data from MMDA\Sto nino\2020\12. December.xlsx,XLSX,35124,2eee8b41c26abcb5b091f7f573e22b126e7d2851c56dc15e1ba60c27a9e4b1f3,2020-12-01 00:00:00,2020-12-30 23:00:00,Hourly,720,720,SUCCESS,YES,NONE
Sto. Niño Water Level,Water_Level_m,2020,2,2. February.xlsx,C:\Users\chris\Desktop\codes\floodguard\data compilation\Data from MMDA-20260727T035138Z-1-001\Data from MMDA\Sto nino\2020\2. February.xlsx,XLSX,54073,8f31f653b2caf54450acb9cc0b43fcb547e8dcd6c0e2756a29a54ec5c906e81d,2020-02-01 00:00:00,2020-02-29 23:00:00,Hourly,696,696,SUCCESS,YES,NONE
Sto. Niño Water Level,Water_Level_m,2020,3,3. March.xlsx,C:\Users\chris\Desktop\codes\floodguard\data compilation\Data from MMDA-20260727T035138Z-1-001\Data from MMDA\Sto nino\2020\3. March.xlsx,XLSX,49630,4e0e247cc1a9d5843eb2663fcb7847901c41475b64fc969f4ec3f06d9303dd54,2020-03-01 00:00:00,2020-03-31 23:00:00,Hourly,744,744,SUCCESS,YES,NONE
Sto. Niño Water Level,Water_Level_m,2020,4,4. April.xlsx,C:\Users\chris\Desktop\codes\floodguard\data compilation\Data from MMDA-20260727T035138Z-1-001\Data from MMDA\Sto nino\2020\4. April.xlsx,XLSX,33820,586dede65e9f51359c217e4494421c323cd28f7cdaf5e42712a2ea19da420cff,2020-04-01 00:00:00,2020-04-30 23:00:00,Hourly,720,720,SUCCESS,YES,NONE
Sto. Niño Water Level,Water_Level_m,2020,5,5. May.xlsx,C:\Users\chris\Desktop\codes\floodguard\data compilation\Data from MMDA-20260727T035138Z-1-001\Data from MMDA\Sto nino\2020\5. May.xlsx,XLSX,43264,77f07f8244e4d483372c1a57088835f462f07a0cc034bb19d2c0d9a9fc1909d9,2020-05-01 00:00:00,2020-05-31 23:00:00,Hourly,742,742,SUCCESS,YES,NONE
Sto. Niño Water Level,Water_Level_m,2020,6,6. June.xlsx,C:\Users\chris\Desktop\codes\floodguard\data compilation\Data from MMDA-20260727T035138Z-1-001\Data from MMDA\Sto nino\2020\6. June.xlsx,XLSX,53677,4943e3baab6bb89f8ba0108b6f2febe22089c71cb75743d59e7f4a8e4ee3868e,2020-06-01 00:00:00,2020-06-30 23:00:00,Hourly,719,719,SUCCESS,YES,NONE
Sto. Niño Water Level,Water_Level_m,2020,7,7. July.xlsx,C:\Users\chris\Desktop\codes\floodguard\data compilation\Data from MMDA-20260727T035138Z-1-001\Data from MMDA\Sto nino\2020\7. July.xlsx,XLSX,59743,a0d32f73d06d2a4fd72a7f327e8d3b92b7a1492df7c6569b6e87daa1654def11,2020-07-01 00:00:00,2020-07-31 23:00:00,Hourly,744,744,SUCCESS,YES,NONE
Sto. Niño Water Level,Water_Level_m,2020,8,8. August.xlsx,C:\Users\chris\Desktop\codes\floodguard\data compilation\Data from MMDA-20260727T035138Z-1-001\Data from MMDA\Sto nino\2020\8. August.xlsx,XLSX,64099,5499f729a32bb8c78185d8bdff9264c70b37df8c76055fb6ff9cb0934e138ac9,2020-08-01 00:00:00,2020-08-31 23:00:00,Hourly,719,719,SUCCESS,YES,NONE
Sto. Niño Water Level,Water_Level_m,2020,9,9. September.xlsx,C:\Users\chris\Desktop\codes\floodguard\data compilation\Data from MMDA-20260727T035138Z-1-001\Data from MMDA\Sto nino\2020\9. September.xlsx,XLSX,63091,fedfc5b701b23ae62b3e499359e5000bbdb5328852136609b850541fd28d5c8b,2020-09-01 00:00:00,2020-09-30 23:00:00,Hourly,719,719,SUCCESS,YES,NONE
Sto. Niño Water Level,Water_Level_m,2021,1,1. January.xlsx,C:\Users\chris\Desktop\codes\floodguard\data compilation\Data from MMDA-20260727T035138Z-1-001\Data from MMDA\Sto nino\2021\1. January.xlsx,XLSX,65276,75ce0abbe1e1f98344a8812d28720b1e847083ae86273e6765a123e4d7fcd9bb,2021-01-01 00:00:00,2021-01-31 23:00:00,Hourly,744,744,SUCCESS,YES,NONE
Sto. Niño Water Level,Water_Level_m,2021,10,10. October.xlsx,C:\Users\chris\Desktop\codes\floodguard\data compilation\Data from MMDA-20260727T035138Z-1-001\Data from MMDA\Sto nino\2021\10. October.xlsx,XLSX,61015,1273a7bd9eba255688aa94a91323c26eb5bd0ef73f7b2e1f93cd4fcd67fcdfb6,2021-10-01 00:00:00,2021-10-31 23:00:00,Hourly,744,744,SUCCESS,YES,NONE
Sto. Niño Water Level,Water_Level_m,2021,11,11. November.xlsx,C:\Users\chris\Desktop\codes\floodguard\data compilation\Data from MMDA-20260727T035138Z-1-001\Data from MMDA\Sto nino\2021\11. November.xlsx,XLSX,60429,124e726a76de8d77a1357347f9ed3d64fd3288c801eacfdaa8a6e553b674b078,2021-11-01 00:00:00,2021-11-30 23:00:00,Hourly,720,720,SUCCESS,YES,NONE
Sto. Niño Water Level,Water_Level_m,2021,12,12. December.xlsx,C:\Users\chris\Desktop\codes\floodguard\data compilation\Data from MMDA-20260727T035138Z-1-001\Data from MMDA\Sto nino\2021\12. December.xlsx,XLSX,58773,6b2d8efd9a94dc3beae1087eaaeb785b4de4de18e46c1e1758f78e6e13b84f50,2021-12-01 00:00:00,2021-12-31 23:00:00,Hourly,720,720,SUCCESS,YES,NONE
Sto. Niño Water Level,Water_Level_m,2021,2,2. February.xlsx,C:\Users\chris\Desktop\codes\floodguard\data compilation\Data from MMDA-20260727T035138Z-1-001\Data from MMDA\Sto nino\2021\2. February.xlsx,XLSX,59492,04595d6b0a7ac828782af700238064842bd4c08188f47dbfac256c3215587fe3,2021-02-01 00:00:00,2021-02-28 23:00:00,Hourly,672,672,SUCCESS,YES,NONE
Sto. Niño Water Level,Water_Level_m,2021,3,3. March.xlsx,C:\Users\chris\Desktop\codes\floodguard\data compilation\Data from MMDA-20260727T035138Z-1-001\Data from MMDA\Sto nino\2021\3. March.xlsx,XLSX,57259,58f43606e8f46c0ff23673ba2ba8d3f96f72e8c7cb36d5aaca2035a40b7ed351,2021-03-01 00:00:00,2021-03-31 23:00:00,Hourly,743,743,SUCCESS,YES,NONE
Sto. Niño Water Level,Water_Level_m,2021,4,4. April.xlsx,C:\Users\chris\Desktop\codes\floodguard\data compilation\Data from MMDA-20260727T035138Z-1-001\Data from MMDA\Sto nino\2021\4. April.xlsx,XLSX,59286,0b62a79f163714384c79d1be12d0213ace18fcd95997fd1fa8e15262f525e17e,2021-04-01 00:00:00,2021-04-30 23:00:00,Hourly,720,720,SUCCESS,YES,NONE
Sto. Niño Water Level,Water_Level_m,2021,5,5. May.xlsx,C:\Users\chris\Desktop\codes\floodguard\data compilation\Data from MMDA-20260727T035138Z-1-001\Data from MMDA\Sto nino\2021\5. May.xlsx,XLSX,59762,95d3c15b8c2e22c34958d6298e7b75dcd700a4fa507d5c270dd9b4974fdd11bd,2021-05-01 00:00:00,2021-05-31 23:00:00,Hourly,742,742,SUCCESS,YES,NONE
Sto. Niño Water Level,Water_Level_m,2021,6,6. June.xlsx,C:\Users\chris\Desktop\codes\floodguard\data compilation\Data from MMDA-20260727T035138Z-1-001\Data from MMDA\Sto nino\2021\6. June.xlsx,XLSX,63209,dbf73fd148c46c75d101e26c8b79852e23db5a783058004711153ffa0c75314a,2021-06-01 00:00:00,2021-06-30 23:00:00,Hourly,718,718,SUCCESS,YES,NONE
Sto. Niño Water Level,Water_Level_m,2021,7,7. July.xlsx,C:\Users\chris\Desktop\codes\floodguard\data compilation\Data from MMDA-20260727T035138Z-1-001\Data from MMDA\Sto nino\2021\7. July.xlsx,XLSX,67666,b3026460eb257019b8097d7abdd7c96ee3f5ce435443bc3b726db756190f72ce,2021-07-01 00:00:00,2021-07-31 23:00:00,Hourly,743,743,SUCCESS,YES,NONE
Sto. Niño Water Level,Water_Level_m,2021,8,8. August.xlsx,C:\Users\chris\Desktop\codes\floodguard\data compilation\Data from MMDA-20260727T035138Z-1-001\Data from MMDA\Sto nino\2021\8. August.xlsx,XLSX,68477,d4cc8cb1e9b3f23eb5fdb791860dd2c66b36be9749dd77afa3815420f688e5cb,2021-08-01 00:00:00,2021-08-31 23:00:00,Hourly,718,718,SUCCESS,YES,NONE
Sto. Niño Water Level,Water_Level_m,2021,9,9. September.xlsx,C:\Users\chris\Desktop\codes\floodguard\data compilation\Data from MMDA-20260727T035138Z-1-001\Data from MMDA\Sto nino\2021\9. September.xlsx,XLSX,67327,42afa4653d3941151dff9aa77f6fb0c205fa52e9f706d2cd2555148925013d3c,2021-09-01 00:00:00,2021-09-30 23:00:00,Hourly,718,718,SUCCESS,YES,NONE
Sto. Niño Water Level,Water_Level_m,2022,1,1. January.xlsx,C:\Users\chris\Desktop\codes\floodguard\data compilation\Data from MMDA-20260727T035138Z-1-001\Data from MMDA\Sto nino\2022\1. January.xlsx,XLSX,30925,27540abf56e38b2f1b0d96e9d8909bb251eff936ab24d3a2bbfcf5018b941c53,2022-01-01 00:00:00,2022-01-31 23:00:00,Hourly,743,743,SUCCESS,YES,NONE
Sto. Niño Water Level,Water_Level_m,2022,10,10. October.xlsx,C:\Users\chris\Desktop\codes\floodguard\data compilation\Data from MMDA-20260727T035138Z-1-001\Data from MMDA\Sto nino\2022\10. October.xlsx,XLSX,34940,ff5e323ee5d0e27c0fe20473e240e0a70f45d67681c511ac6beaf7e1b318fd0f,2022-10-01 00:00:00,2022-10-31 23:00:00,Hourly,744,744,SUCCESS,YES,NONE
Sto. Niño Water Level,Water_Level_m,2022,11,11. November.xlsx,C:\Users\chris\Desktop\codes\floodguard\data compilation\Data from MMDA-20260727T035138Z-1-001\Data from MMDA\Sto nino\2022\11. November.xlsx,XLSX,33919,a2d2edeb78fad3352171eee0c90afdef0e63d1f47414aced4ed237987e1912d2,2022-11-01 00:00:00,2022-11-30 23:00:00,Hourly,717,717,SUCCESS,YES,NONE
Sto. Niño Water Level,Water_Level_m,2022,12,12. December.xlsx,C:\Users\chris\Desktop\codes\floodguard\data compilation\Data from MMDA-20260727T035138Z-1-001\Data from MMDA\Sto nino\2022\12. December.xlsx,XLSX,60445,1524e20b3d55fff74ff46b6d1a01fe75058fe69efe2aa90d9af2fe464599d039,2022-12-01 00:00:00,2022-12-31 23:00:00,Hourly,659,659,SUCCESS,YES,NONE
Sto. Niño Water Level,Water_Level_m,2022,2,2. February.xlsx,C:\Users\chris\Desktop\codes\floodguard\data compilation\Data from MMDA-20260727T035138Z-1-001\Data from MMDA\Sto nino\2022\2. February.xlsx,XLSX,55957,fabd6172b72937d8b0b8957084d2abb48136b1fd2866eedb002bbe7eed868bd7,2022-02-01 00:00:00,2022-02-28 23:00:00,Hourly,672,672,SUCCESS,YES,NONE
Sto. Niño Water Level,Water_Level_m,2022,3,3. March.xlsx,C:\Users\chris\Desktop\codes\floodguard\data compilation\Data from MMDA-20260727T035138Z-1-001\Data from MMDA\Sto nino\2022\3. March.xlsx,XLSX,31712,d883dbdd300ca201efb650070110dbf6f06beb3483e578329c4eed6842c68089,2022-03-01 00:00:00,2022-03-31 23:00:00,Hourly,744,744,SUCCESS,YES,NONE
Sto. Niño Water Level,Water_Level_m,2022,4,4. April.xlsx,C:\Users\chris\Desktop\codes\floodguard\data compilation\Data from MMDA-20260727T035138Z-1-001\Data from MMDA\Sto nino\2022\4. April.xlsx,XLSX,31671,df17d453643c0a059b46ff9c33247aee68ecf556982aa8a21a8d971d0c2b9e55,2022-04-01 00:00:00,2022-04-30 23:00:00,Hourly,720,720,SUCCESS,YES,NONE
Sto. Niño Water Level,Water_Level_m,2022,5,5. May.xlsx,C:\Users\chris\Desktop\codes\floodguard\data compilation\Data from MMDA-20260727T035138Z-1-001\Data from MMDA\Sto nino\2022\5. May.xlsx,XLSX,62003,12c1e33a620d107d18f0ce2421c1888c5b8b7dfa25bba4b6ee642f932b814a1e,2022-05-01 00:00:00,2022-05-31 23:00:00,Hourly,744,744,SUCCESS,YES,NONE
Sto. Niño Water Level,Water_Level_m,2022,6,6. June.xlsx,C:\Users\chris\Desktop\codes\floodguard\data compilation\Data from MMDA-20260727T035138Z-1-001\Data from MMDA\Sto nino\2022\6. June.xlsx,XLSX,64693,3e5c816129f2bcc04caf3bad04a68b930f1186f5f7f152d1e27f47f52bb5cde1,2022-06-01 00:00:00,2022-06-30 23:00:00,Hourly,720,720,SUCCESS,YES,NONE
Sto. Niño Water Level,Water_Level_m,2022,7,7. July.xlsx,C:\Users\chris\Desktop\codes\floodguard\data compilation\Data from MMDA-20260727T035138Z-1-001\Data from MMDA\Sto nino\2022\7. July.xlsx,XLSX,67398,d8b7abd549d1a0673063bd263376b6896542288ccd9858286888e31e0928cc98,2022-07-01 00:00:00,2022-07-31 23:00:00,Hourly,741,741,SUCCESS,YES,NONE
Sto. Niño Water Level,Water_Level_m,2022,8,8. August.xlsx,C:\Users\chris\Desktop\codes\floodguard\data compilation\Data from MMDA-20260727T035138Z-1-001\Data from MMDA\Sto nino\2022\8. August.xlsx,XLSX,67965,0c91e4f0b09dac92b5a206847cbb55482a9bb5fb6179bf8857a825326a8e39d1,2022-08-01 00:00:00,2022-08-31 23:00:00,Hourly,715,715,SUCCESS,YES,NONE
Sto. Niño Water Level,Water_Level_m,2022,9,9. September.xlsx,C:\Users\chris\Desktop\codes\floodguard\data compilation\Data from MMDA-20260727T035138Z-1-001\Data from MMDA\Sto nino\2022\9. September.xlsx,XLSX,170837,19c8b41bd69f458224088f7e19182323ff2ab1ced74ad62dd2ba070c37d09fe6,2022-09-01 00:00:00,2022-09-30 23:00:00,Hourly,711,711,SUCCESS,YES,NONE
Sto. Niño Water Level,Water_Level_m,2023,1,1. January.xlsx,C:\Users\chris\Desktop\codes\floodguard\data compilation\Data from MMDA-20260727T035138Z-1-001\Data from MMDA\Sto nino\2023\1. January.xlsx,XLSX,33214,e9d7b3eac19c9799435563bec1a487d8d1f4e1b32195b48db8f596df0eb50b86,2023-01-01 00:00:00,2023-01-31 23:00:00,Hourly,744,744,SUCCESS,YES,NONE
Sto. Niño Water Level,Water_Level_m,2023,10,10. October.xlsx,C:\Users\chris\Desktop\codes\floodguard\data compilation\Data from MMDA-20260727T035138Z-1-001\Data from MMDA\Sto nino\2023\10. October.xlsx,XLSX,33608,443ae2d06663b30ae0d5f523b655c60d2fb4801dc784fe0467d0c030f50392ac,2023-10-01 00:00:00,2023-10-30 23:00:00,Hourly,699,699,SUCCESS,YES,NONE
Sto. Niño Water Level,Water_Level_m,2023,11,11. November.xlsx,C:\Users\chris\Desktop\codes\floodguard\data compilation\Data from MMDA-20260727T035138Z-1-001\Data from MMDA\Sto nino\2023\11. November.xlsx,XLSX,30144,f35f55636d3594178950e16e110d218c5e853cb8acd889b94c3187912e2e3559,2023-11-01 00:00:00,2023-11-30 23:00:00,Hourly,680,680,SUCCESS,YES,NONE
Sto. Niño Water Level,Water_Level_m,2023,12,12. December.xlsx,C:\Users\chris\Desktop\codes\floodguard\data compilation\Data from MMDA-20260727T035138Z-1-001\Data from MMDA\Sto nino\2023\12. December.xlsx,XLSX,29615,1063bca66ce74dacfeadcab32bdca2a44e5cc3f387a862ea9765fd2577cc9e5a,2023-12-01 00:00:00,2023-12-30 23:00:00,Hourly,720,720,SUCCESS,YES,NONE
Sto. Niño Water Level,Water_Level_m,2023,2,2. February.xlsx,C:\Users\chris\Desktop\codes\floodguard\data compilation\Data from MMDA-20260727T035138Z-1-001\Data from MMDA\Sto nino\2023\2. February.xlsx,XLSX,29511,e450520c43aa65bf4a70d91ca48d43784b27b8aec2c7b5620c874c1992fc823b,2023-02-01 00:00:00,2023-02-28 23:00:00,Hourly,672,672,SUCCESS,YES,NONE
Sto. Niño Water Level,Water_Level_m,2023,3,3. March.xlsx,C:\Users\chris\Desktop\codes\floodguard\data compilation\Data from MMDA-20260727T035138Z-1-001\Data from MMDA\Sto nino\2023\3. March.xlsx,XLSX,30490,c0d39df73ea5518372fd787f5b27d998d32de3db5275fc12cadeb2c7e970355a,2023-03-01 00:00:00,2023-03-31 23:00:00,Hourly,743,743,SUCCESS,YES,NONE
Sto. Niño Water Level,Water_Level_m,2023,4,4. April.xlsx,C:\Users\chris\Desktop\codes\floodguard\data compilation\Data from MMDA-20260727T035138Z-1-001\Data from MMDA\Sto nino\2023\4. April.xlsx,XLSX,30771,f598e8b5e811254c5956ab1592b7044aacc4dc1108d2b6592ed684e0364e53ad,2023-04-01 00:00:00,2023-04-30 23:00:00,Hourly,720,720,SUCCESS,YES,NONE
Sto. Niño Water Level,Water_Level_m,2023,5,5. May.xlsx,C:\Users\chris\Desktop\codes\floodguard\data compilation\Data from MMDA-20260727T035138Z-1-001\Data from MMDA\Sto nino\2023\5. May.xlsx,XLSX,31393,83d79f1a527b6261ac1f248dcc9ec1f582f53e6f33745367b589872856e91507,2023-05-01 00:00:00,2023-05-31 23:00:00,Hourly,744,744,SUCCESS,YES,NONE
Sto. Niño Water Level,Water_Level_m,2023,6,6. June.xlsx,C:\Users\chris\Desktop\codes\floodguard\data compilation\Data from MMDA-20260727T035138Z-1-001\Data from MMDA\Sto nino\2023\6. June.xlsx,XLSX,31335,5789d58e98673bda9498fc60195f1f90251acf487e9b85cb3d18842c7687e83b,2023-06-01 00:00:00,2023-06-30 23:00:00,Hourly,720,720,SUCCESS,YES,NONE
Sto. Niño Water Level,Water_Level_m,2023,7,7. July.xlsx,C:\Users\chris\Desktop\codes\floodguard\data compilation\Data from MMDA-20260727T035138Z-1-001\Data from MMDA\Sto nino\2023\7. July.xlsx,XLSX,33932,7bb1eb58996b9b8e7e48ecd27b33a568f3d89a59d79580491fc8f68c5562a67b,2023-07-01 00:00:00,2023-07-31 23:00:00,Hourly,744,744,SUCCESS,YES,NONE
Sto. Niño Water Level,Water_Level_m,2023,8,8. August.xlsx,C:\Users\chris\Desktop\codes\floodguard\data compilation\Data from MMDA-20260727T035138Z-1-001\Data from MMDA\Sto nino\2023\8. August.xlsx,XLSX,35397,e5deb72c285892b834a855acb6c55a7ee9deaf5fe02b12fa95a6bb6b8a0aebe7,2023-08-01 00:00:00,2023-08-31 23:00:00,Hourly,743,743,SUCCESS,YES,NONE
Sto. Niño Water Level,Water_Level_m,2023,9,9. September.xlsx,C:\Users\chris\Desktop\codes\floodguard\data compilation\Data from MMDA-20260727T035138Z-1-001\Data from MMDA\Sto nino\2023\9. September.xlsx,XLSX,35209,24122c55578fe7d1944f8383cc6d546a0688da91ab919c6df4801d620bb0c2c2,2023-09-01 00:00:00,2023-09-30 23:00:00,Hourly,718,718,SUCCESS,YES,NONE
Sto. Niño Water Level,Water_Level_m,2024,1,1. January.xlsx,C:\Users\chris\Desktop\codes\floodguard\data compilation\Data from MMDA-20260727T035138Z-1-001\Data from MMDA\Sto nino\2024\1. January.xlsx,XLSX,29263,2a7c6e1599e2bb43552a0b1e8d614f48466f6e6024055ee4b035a89c76362096,2024-01-01 00:00:00,2024-01-31 23:00:00,Hourly,744,744,SUCCESS,YES,NONE
Sto. Niño Water Level,Water_Level_m,2024,10,10. October.xlsx,C:\Users\chris\Desktop\codes\floodguard\data compilation\Data from MMDA-20260727T035138Z-1-001\Data from MMDA\Sto nino\2024\10. October.xlsx,XLSX,34595,7b7b5d843fb5974a3ddfada7378757171e6b933f62630b812cccf2683749f7d2,2024-10-01 00:00:00,2024-10-31 23:00:00,Hourly,719,719,SUCCESS,YES,NONE
Sto. Niño Water Level,Water_Level_m,2024,11,11. November.xlsx,C:\Users\chris\Desktop\codes\floodguard\data compilation\Data from MMDA-20260727T035138Z-1-001\Data from MMDA\Sto nino\2024\11. November.xlsx,XLSX,34299,76c13e4cdbb10a454f6be1b3219755ea0e2140f4551b0e8e14029fbd395e2e7f,2024-11-01 00:00:00,2024-11-30 23:00:00,Hourly,718,718,SUCCESS,YES,NONE
Sto. Niño Water Level,Water_Level_m,2024,12,12. December.xlsx,C:\Users\chris\Desktop\codes\floodguard\data compilation\Data from MMDA-20260727T035138Z-1-001\Data from MMDA\Sto nino\2024\12. December.xlsx,XLSX,33860,52c020c3f80104d7f91a2dab72940d40d4d9deffe10ba10fc0d07dcc290f2a4c,2024-12-01 00:00:00,2024-12-31 23:00:00,Hourly,730,730,SUCCESS,YES,NONE
Sto. Niño Water Level,Water_Level_m,2024,2,2. February.xlsx,C:\Users\chris\Desktop\codes\floodguard\data compilation\Data from MMDA-20260727T035138Z-1-001\Data from MMDA\Sto nino\2024\2. February.xlsx,XLSX,29823,315015f717717d27919dbd6e066db357fb369c5ff47430acb71149c7f04632e0,2024-02-01 00:00:00,2024-02-29 23:00:00,Hourly,696,696,SUCCESS,YES,NONE
Sto. Niño Water Level,Water_Level_m,2024,3,3. March.xlsx,C:\Users\chris\Desktop\codes\floodguard\data compilation\Data from MMDA-20260727T035138Z-1-001\Data from MMDA\Sto nino\2024\3. March.xlsx,XLSX,29716,87032d8df9a5b61705593519920f9954aa630f077fe9ba4908b0f8e1d9f67a24,2024-03-01 00:00:00,2024-03-31 23:00:00,Hourly,705,705,SUCCESS,YES,NONE
Sto. Niño Water Level,Water_Level_m,2024,4,4. April.xlsx,C:\Users\chris\Desktop\codes\floodguard\data compilation\Data from MMDA-20260727T035138Z-1-001\Data from MMDA\Sto nino\2024\4. April.xlsx,XLSX,132431,f46e26bad8d3e9e2cead3380515815b7c58653d70bed39b01caae7864ddaca78,2024-04-01 00:00:00,2024-04-30 23:00:00,Hourly,719,719,SUCCESS,YES,NONE
Sto. Niño Water Level,Water_Level_m,2024,5,5. May.xlsx,C:\Users\chris\Desktop\codes\floodguard\data compilation\Data from MMDA-20260727T035138Z-1-001\Data from MMDA\Sto nino\2024\5. May.xlsx,XLSX,31118,769a6f80a42b5644556bc554838e75bf7e681603d9856ece2d5531bdc248a428,2024-05-01 00:00:00,2024-05-31 23:00:00,Hourly,744,744,SUCCESS,YES,NONE
Sto. Niño Water Level,Water_Level_m,2024,6,6. June.xlsx,C:\Users\chris\Desktop\codes\floodguard\data compilation\Data from MMDA-20260727T035138Z-1-001\Data from MMDA\Sto nino\2024\6. June.xlsx,XLSX,31558,1fea6a57a688b2411850f7239f66e4ac13455cc62ef1841efa0d2a878b1de235,2024-06-01 00:00:00,2024-06-30 23:00:00,Hourly,712,712,SUCCESS,YES,NONE
Sto. Niño Water Level,Water_Level_m,2024,7,7. July.xlsx,C:\Users\chris\Desktop\codes\floodguard\data compilation\Data from MMDA-20260727T035138Z-1-001\Data from MMDA\Sto nino\2024\7. July.xlsx,XLSX,33421,af4a5551de9e66e5cd1a3d5eb2c9422a1bba0fa2371c425d10901afa15fbc6b9,2024-07-01 00:00:00,2024-07-31 23:00:00,Hourly,660,660,SUCCESS,YES,NONE
Sto. Niño Water Level,Water_Level_m,2024,8,8. August.xlsx,C:\Users\chris\Desktop\codes\floodguard\data compilation\Data from MMDA-20260727T035138Z-1-001\Data from MMDA\Sto nino\2024\8. August.xlsx,XLSX,35091,591f10814137e22148a47b92696165391634d1a104bab8ea2f16b2905288b432,2024-08-01 00:00:00,2024-08-31 23:00:00,Hourly,743,743,SUCCESS,YES,NONE
Sto. Niño Water Level,Water_Level_m,2024,9,9. September.xlsx,C:\Users\chris\Desktop\codes\floodguard\data compilation\Data from MMDA-20260727T035138Z-1-001\Data from MMDA\Sto nino\2024\9. September.xlsx,XLSX,35113,3d89e3d0212fe578a6b576f43755b0fb5fb18a2a7e8a921a1bdad4e3ac0a490e,2024-09-01 00:00:00,2024-09-30 23:00:00,Hourly,714,714,SUCCESS,YES,NONE
Sto. Niño Water Level,Water_Level_m,2025,1,1. January.pdf,C:\Users\chris\Desktop\codes\floodguard\data compilation\Data from MMDA-20260727T035138Z-1-001\Data from MMDA\Sto nino\2025\1. January.pdf,PDF,207891,3ca6c695d056617c5cf050bdee062583d41dd7206317b11aaf596876d76c1ce5,2025-01-01 00:00:00,2025-01-31 23:00:00,Hourly,744,744,SUCCESS,YES,NONE
Sto. Niño Water Level,Water_Level_m,2025,10,10. Oct.pdf,C:\Users\chris\Desktop\codes\floodguard\data compilation\Data from MMDA-20260727T035138Z-1-001\Data from MMDA\Sto nino\2025\10. Oct.pdf,PDF,149931,e2466512b8429a3691cca70a25bf18668e2277c935112fad58264f3551ea4e73,NONE,NONE,Hourly,0,0,QUARANTINED,NO,QUARANTINED_DUPLICATE_NOVEMBER_2025_PDF
Sto. Niño Water Level,Water_Level_m,2025,11,11. Nov.pdf,C:\Users\chris\Desktop\codes\floodguard\data compilation\Data from MMDA-20260727T035138Z-1-001\Data from MMDA\Sto nino\2025\11. Nov.pdf,PDF,149931,e2466512b8429a3691cca70a25bf18668e2277c935112fad58264f3551ea4e73,2025-11-01 00:00:00,2025-11-30 23:00:00,Hourly,720,720,SUCCESS,YES,NONE
Sto. Niño Water Level,Water_Level_m,2025,12,12. Dec.pdf,C:\Users\chris\Desktop\codes\floodguard\data compilation\Data from MMDA-20260727T035138Z-1-001\Data from MMDA\Sto nino\2025\12. Dec.pdf,PDF,151016,92be5b6ebdf0532066617131719b318673ff557126a398e1109bf4e69cc11f2d,2025-12-01 00:00:00,2025-12-31 23:00:00,Hourly,742,742,SUCCESS,YES,NONE
Sto. Niño Water Level,Water_Level_m,2025,2,2. Feb.pdf,C:\Users\chris\Desktop\codes\floodguard\data compilation\Data from MMDA-20260727T035138Z-1-001\Data from MMDA\Sto nino\2025\2. Feb.pdf,PDF,191452,f88aa4855177db2f5611c64e334113f97102d781d0320ffdf3f2d027c6a3195b,2025-02-01 00:00:00,2025-02-28 23:00:00,Hourly,666,666,SUCCESS,YES,NONE
Sto. Niño Water Level,Water_Level_m,2025,3,3. Mar.pdf,C:\Users\chris\Desktop\codes\floodguard\data compilation\Data from MMDA-20260727T035138Z-1-001\Data from MMDA\Sto nino\2025\3. Mar.pdf,PDF,203405,17081258733195714802a0b32d5d51c0b313a07320317c0649a994fb7c9711c3,2025-03-01 00:00:00,2025-03-31 23:00:00,Hourly,744,744,SUCCESS,YES,NONE
Sto. Niño Water Level,Water_Level_m,2025,4,4. April.pdf,C:\Users\chris\Desktop\codes\floodguard\data compilation\Data from MMDA-20260727T035138Z-1-001\Data from MMDA\Sto nino\2025\4. April.pdf,PDF,194280,73a4b642cef4e63aefc9167ccfdc4169ce8b73138eacfb71257bf86c3ad1bed7,2025-04-01 00:00:00,2025-04-30 23:00:00,Hourly,720,720,SUCCESS,YES,NONE
Sto. Niño Water Level,Water_Level_m,2025,5,5. May.pdf,C:\Users\chris\Desktop\codes\floodguard\data compilation\Data from MMDA-20260727T035138Z-1-001\Data from MMDA\Sto nino\2025\5. May.pdf,PDF,192522,a48d01773dd7a754dbbe84d0e2724c26280a1856057f707e04bc47c241538ace,2025-05-01 00:00:00,2025-05-31 23:00:00,Hourly,744,744,SUCCESS,YES,NONE
Sto. Niño Water Level,Water_Level_m,2025,6,6. June.pdf,C:\Users\chris\Desktop\codes\floodguard\data compilation\Data from MMDA-20260727T035138Z-1-001\Data from MMDA\Sto nino\2025\6. June.pdf,PDF,198130,0412d78da9b296059cc5be93a3aef24cb92c8d6eea10edb8de89977d940f682b,2025-06-01 00:00:00,2025-06-30 23:00:00,Hourly,720,720,SUCCESS,YES,NONE
Sto. Niño Water Level,Water_Level_m,2025,7,7. July.pdf,C:\Users\chris\Desktop\codes\floodguard\data compilation\Data from MMDA-20260727T035138Z-1-001\Data from MMDA\Sto nino\2025\7. July.pdf,PDF,151196,ca3946bfbef7bc60fa8118ed08ff2ef317b32264a48129a5080e203f5b21e3b4,2025-07-01 00:00:00,2025-07-31 23:00:00,Hourly,743,743,SUCCESS,YES,NONE
Sto. Niño Water Level,Water_Level_m,2025,8,8. Aug.pdf,C:\Users\chris\Desktop\codes\floodguard\data compilation\Data from MMDA-20260727T035138Z-1-001\Data from MMDA\Sto nino\2025\8. Aug.pdf,PDF,150450,a3a89b7610432576665134149485224bb46d209fea02f0a18a0442b84fad9a9a,2025-08-01 00:00:00,2025-08-31 23:00:00,Hourly,741,741,SUCCESS,YES,NONE
Sto. Niño Water Level,Water_Level_m,2025,9,9. Sept.pdf,C:\Users\chris\Desktop\codes\floodguard\data compilation\Data from MMDA-20260727T035138Z-1-001\Data from MMDA\Sto nino\2025\9. Sept.pdf,PDF,151453,a855644e22ee8734b68f274c7c145f3f1c411a6aa6f0f2926b862f95141b791b,2025-09-01 00:00:00,2025-09-30 23:00:00,Hourly,719,719,SUCCESS,YES,NONE
Nangka Water Level,Water_Level_m,2016,4,APRIL 2016.XLS,C:\Users\chris\Desktop\codes\floodguard\data compilation\Data from MMDA-20260727T035138Z-1-001\Data from MMDA\Nangka waterlevel\Nangka\2016\APRIL 2016.XLS,XLS,71680,a872c0fa6a89c650b4f991faed6a16a1ee8a8afd63183f7b281b25ab0576b2bd,2016-04-01 00:00:00,2016-04-30 23:00:00,Hourly,720,720,SUCCESS,YES,NONE
Nangka Water Level,Water_Level_m,2016,8,AUGUST 2016.xls,C:\Users\chris\Desktop\codes\floodguard\data compilation\Data from MMDA-20260727T035138Z-1-001\Data from MMDA\Nangka waterlevel\Nangka\2016\AUGUST 2016.xls,XLS,76288,88daeb0fcec73b8cf60456e88b148ac88e66b69655977e69d93640b65590e6b3,2016-08-01 00:00:00,2016-08-31 23:00:00,Hourly,744,744,SUCCESS,YES,NONE
Nangka Water Level,Water_Level_m,2016,12,DECEMBER 2016.XLS,C:\Users\chris\Desktop\codes\floodguard\data compilation\Data from MMDA-20260727T035138Z-1-001\Data from MMDA\Nangka waterlevel\Nangka\2016\DECEMBER 2016.XLS,XLS,61952,4a18b7836bb8cf9ab72a4e9295dcc9d257d5ca67ea5d3a3383c6bb1a12ef2200,2016-12-01 00:00:00,2016-12-31 23:00:00,Hourly,744,744,SUCCESS,YES,NONE
Nangka Water Level,Water_Level_m,2016,2,FEBRUARY 2016.XLS,C:\Users\chris\Desktop\codes\floodguard\data compilation\Data from MMDA-20260727T035138Z-1-001\Data from MMDA\Nangka waterlevel\Nangka\2016\FEBRUARY 2016.XLS,XLS,70656,2f0f280eccde1eb5111327c81a10184fbf388a56c2b742de9ad470bb6b7221c7,2016-02-01 00:00:00,2016-02-29 23:00:00,Hourly,696,696,SUCCESS,YES,NONE
Nangka Water Level,Water_Level_m,2016,1,JANUARY 2016.XLS,C:\Users\chris\Desktop\codes\floodguard\data compilation\Data from MMDA-20260727T035138Z-1-001\Data from MMDA\Nangka waterlevel\Nangka\2016\JANUARY 2016.XLS,XLS,72192,b921eb478a3b72e6e897f027bec567647dcbf07d8b8324dd530df17327ebf1a5,2016-01-01 00:00:00,2016-01-31 23:00:00,Hourly,744,744,SUCCESS,YES,NONE
Nangka Water Level,Water_Level_m,2016,7,JULY 2016.XLS,C:\Users\chris\Desktop\codes\floodguard\data compilation\Data from MMDA-20260727T035138Z-1-001\Data from MMDA\Nangka waterlevel\Nangka\2016\JULY 2016.XLS,XLS,75776,1df45eb7354f116a32cc9f8aa1c6ce3c3af7f0c2a938940de06e91846e149cc5,2016-07-01 00:00:00,2016-07-31 23:00:00,Hourly,744,744,SUCCESS,YES,NONE
Nangka Water Level,Water_Level_m,2016,6,JUNE 2016.XLS,C:\Users\chris\Desktop\codes\floodguard\data compilation\Data from MMDA-20260727T035138Z-1-001\Data from MMDA\Nangka waterlevel\Nangka\2016\JUNE 2016.XLS,XLS,71680,4f05b982eddf78c7b18a2aff85a0fb042224ffbc50612b260a45e6ca88c4fbbf,2016-06-01 00:00:00,2016-06-30 23:00:00,Hourly,720,720,SUCCESS,YES,NONE
Nangka Water Level,Water_Level_m,2016,3,MARCH 2016.XLS,C:\Users\chris\Desktop\codes\floodguard\data compilation\Data from MMDA-20260727T035138Z-1-001\Data from MMDA\Nangka waterlevel\Nangka\2016\MARCH 2016.XLS,XLS,72704,5094742f9b3efc5a93b057b5543376059a1e2de2c6d6e525b2c4ee6b4d40ea8b,2016-03-01 00:00:00,2016-03-31 23:00:00,Hourly,744,744,SUCCESS,YES,NONE
Nangka Water Level,Water_Level_m,2016,5,MAY 2016.XLS,C:\Users\chris\Desktop\codes\floodguard\data compilation\Data from MMDA-20260727T035138Z-1-001\Data from MMDA\Nangka waterlevel\Nangka\2016\MAY 2016.XLS,XLS,71680,b2504ab281070c3197931cdee648f2f50fe7016138c349d60c2f04252994e63a,2016-05-01 00:00:00,2016-05-31 23:00:00,Hourly,744,744,SUCCESS,YES,NONE
Nangka Water Level,Water_Level_m,2016,11,NOVEMBER 2016.XLS,C:\Users\chris\Desktop\codes\floodguard\data compilation\Data from MMDA-20260727T035138Z-1-001\Data from MMDA\Nangka waterlevel\Nangka\2016\NOVEMBER 2016.XLS,XLS,71680,01fd55e49e462b4bbd50851cf2caaf1509029050c25b7a35f5051b19e25070e1,2016-11-01 00:00:00,2016-11-30 23:00:00,Hourly,720,720,SUCCESS,YES,NONE
Nangka Water Level,Water_Level_m,2016,10,OCTOBER 2016.XLS,C:\Users\chris\Desktop\codes\floodguard\data compilation\Data from MMDA-20260727T035138Z-1-001\Data from MMDA\Nangka waterlevel\Nangka\2016\OCTOBER 2016.XLS,XLS,67072,88583048b649b9e74e12560d658e0fb136d798ea4826a0c6ff8fcf609ddba211,2016-10-01 00:00:00,2016-10-31 23:00:00,Hourly,744,744,SUCCESS,YES,NONE
Nangka Water Level,Water_Level_m,2016,9,SEPTEMBER 2016.XLS,C:\Users\chris\Desktop\codes\floodguard\data compilation\Data from MMDA-20260727T035138Z-1-001\Data from MMDA\Nangka waterlevel\Nangka\2016\SEPTEMBER 2016.XLS,XLS,73216,b0bd710c67ed041e151697a4b534fdba72d4413266e1ed4bac9894722441deb7,2016-09-01 00:00:00,2016-09-30 23:00:00,Hourly,720,720,SUCCESS,YES,NONE
Nangka Water Level,Water_Level_m,2017,1,1. January.xlsx,C:\Users\chris\Desktop\codes\floodguard\data compilation\Data from MMDA-20260727T035138Z-1-001\Data from MMDA\Nangka waterlevel\Nangka\2017\1. January.xlsx,XLSX,64592,3e3fcedcfee5cd244caefc814416b90ef6c7fc78e6f75353366e37c7beae97fe,2017-01-01 00:00:00,2017-01-31 23:00:00,Hourly,744,744,SUCCESS,YES,NONE
Nangka Water Level,Water_Level_m,2017,10,10. October.xlsx,C:\Users\chris\Desktop\codes\floodguard\data compilation\Data from MMDA-20260727T035138Z-1-001\Data from MMDA\Nangka waterlevel\Nangka\2017\10. October.xlsx,XLSX,69929,4485b9ad4a27e23f43a4e3ff29e340ef2f71528a5e55234fb045365bdb7007a4,2017-10-01 00:00:00,2017-10-31 23:00:00,Hourly,744,744,SUCCESS,YES,NONE
Nangka Water Level,Water_Level_m,2017,11,11. November.xlsx,C:\Users\chris\Desktop\codes\floodguard\data compilation\Data from MMDA-20260727T035138Z-1-001\Data from MMDA\Nangka waterlevel\Nangka\2017\11. November.xlsx,XLSX,66111,9545767dfb6d6e368beba1709b68d9b21b62e7fe37f8cb56bb49b3997ae63cc7,2017-11-01 00:00:00,2017-11-30 23:00:00,Hourly,720,720,SUCCESS,YES,NONE
Nangka Water Level,Water_Level_m,2017,12,12. December.xlsx,C:\Users\chris\Desktop\codes\floodguard\data compilation\Data from MMDA-20260727T035138Z-1-001\Data from MMDA\Nangka waterlevel\Nangka\2017\12. December.xlsx,XLSX,63769,698d9ec18f276a96f912e2bccd977084d3a4dc90b212b5b693e8c1172806b855,2017-12-01 00:00:00,2017-12-31 23:00:00,Hourly,744,744,SUCCESS,YES,NONE
Nangka Water Level,Water_Level_m,2017,2,2. February.xlsx,C:\Users\chris\Desktop\codes\floodguard\data compilation\Data from MMDA-20260727T035138Z-1-001\Data from MMDA\Nangka waterlevel\Nangka\2017\2. February.xlsx,XLSX,62160,9664146301d4fc885a46871a0285bff0fa6e9c8ee980951d36bf8c57d41f7ba5,2017-02-01 00:00:00,2017-02-28 23:00:00,Hourly,672,672,SUCCESS,YES,NONE
Nangka Water Level,Water_Level_m,2017,3,3. March.xlsx,C:\Users\chris\Desktop\codes\floodguard\data compilation\Data from MMDA-20260727T035138Z-1-001\Data from MMDA\Nangka waterlevel\Nangka\2017\3. March.xlsx,XLSX,64279,9d1898a4d4cf8774fea5895d0e98708c629ca167856e8059b9ec30d5e5209d5a,2017-03-01 00:00:00,2017-03-31 23:00:00,Hourly,744,744,SUCCESS,YES,NONE
Nangka Water Level,Water_Level_m,2017,4,4. April.xlsx,C:\Users\chris\Desktop\codes\floodguard\data compilation\Data from MMDA-20260727T035138Z-1-001\Data from MMDA\Nangka waterlevel\Nangka\2017\4. April.xlsx,XLSX,62281,42a828db856f90aab6944748abf05c9dc1cdb1fad13c136b93f62b0d8a15fc70,2017-04-01 00:00:00,2017-04-30 23:00:00,Hourly,720,720,SUCCESS,YES,NONE
Nangka Water Level,Water_Level_m,2017,5,5. May.xlsx,C:\Users\chris\Desktop\codes\floodguard\data compilation\Data from MMDA-20260727T035138Z-1-001\Data from MMDA\Nangka waterlevel\Nangka\2017\5. May.xlsx,XLSX,65853,8b139dce5a7196a21020c01d07e07f17f890ead7d3c05d902eb0a3b610646f5e,2017-05-01 00:00:00,2017-05-31 23:00:00,Hourly,744,744,SUCCESS,YES,NONE
Nangka Water Level,Water_Level_m,2017,6,6. June.xlsx,C:\Users\chris\Desktop\codes\floodguard\data compilation\Data from MMDA-20260727T035138Z-1-001\Data from MMDA\Nangka waterlevel\Nangka\2017\6. June.xlsx,XLSX,67559,ad41419092e146871dde7428794490cf8a8e6ae9e0b6426adc6d27ba0c69c0c3,2017-06-01 00:00:00,2017-06-30 23:00:00,Hourly,720,720,SUCCESS,YES,NONE
Nangka Water Level,Water_Level_m,2017,7,7. July.xlsx,C:\Users\chris\Desktop\codes\floodguard\data compilation\Data from MMDA-20260727T035138Z-1-001\Data from MMDA\Nangka waterlevel\Nangka\2017\7. July.xlsx,XLSX,68463,368903f664cefd31743fabd80f637e246261e3a055972b842eee707b9346819f,2017-07-01 00:00:00,2017-07-31 23:00:00,Hourly,743,743,SUCCESS,YES,NONE
Nangka Water Level,Water_Level_m,2017,8,8. August.xlsx,C:\Users\chris\Desktop\codes\floodguard\data compilation\Data from MMDA-20260727T035138Z-1-001\Data from MMDA\Nangka waterlevel\Nangka\2017\8. August.xlsx,XLSX,74467,0222a4e2d0ee9b18ae155385b47448b1bddf21367d27642f871fe524b6072a4b,2017-08-01 00:00:00,2017-08-31 23:00:00,Hourly,744,744,SUCCESS,YES,NONE
Nangka Water Level,Water_Level_m,2017,9,9. September.xlsx,C:\Users\chris\Desktop\codes\floodguard\data compilation\Data from MMDA-20260727T035138Z-1-001\Data from MMDA\Nangka waterlevel\Nangka\2017\9. September.xlsx,XLSX,67680,44a79bb96f0067a054d2817983d3088e267e04e883b340f2f0bd6beaefff928b,2017-09-01 00:00:00,2017-09-30 23:00:00,Hourly,720,720,SUCCESS,YES,NONE
Nangka Water Level,Water_Level_m,2018,1,1. January.xlsx,C:\Users\chris\Desktop\codes\floodguard\data compilation\Data from MMDA-20260727T035138Z-1-001\Data from MMDA\Nangka waterlevel\Nangka\2018\1. January.xlsx,XLSX,60794,3f5276601fdafa1ad716675cc8963823dc9f63028b2430dc766ec176b24acd68,2018-01-01 00:00:00,2018-01-31 23:00:00,Hourly,744,744,SUCCESS,YES,NONE
Nangka Water Level,Water_Level_m,2018,10,10. October.xlsx,C:\Users\chris\Desktop\codes\floodguard\data compilation\Data from MMDA-20260727T035138Z-1-001\Data from MMDA\Nangka waterlevel\Nangka\2018\10. October.xlsx,XLSX,67106,cf80097ecef32f0c2ec6e400f7456cbb8c5f76648b5e6bb9050baf3a333a29a7,2018-10-01 00:00:00,2018-10-30 23:00:00,Hourly,720,720,SUCCESS,YES,NONE
Nangka Water Level,Water_Level_m,2018,11,11. November.xlsx,C:\Users\chris\Desktop\codes\floodguard\data compilation\Data from MMDA-20260727T035138Z-1-001\Data from MMDA\Nangka waterlevel\Nangka\2018\11. November.xlsx,XLSX,64061,c0860f1f80390b32ef310d055814d018ad71a6fd38f3fc75ab56caa177d2c96f,2018-11-01 00:00:00,2018-11-30 23:00:00,Hourly,718,718,SUCCESS,YES,NONE
Nangka Water Level,Water_Level_m,2018,12,12. December.xlsx,C:\Users\chris\Desktop\codes\floodguard\data compilation\Data from MMDA-20260727T035138Z-1-001\Data from MMDA\Nangka waterlevel\Nangka\2018\12. December.xlsx,XLSX,66431,ed8144c66715fb302874028814659e8f068becd5185d0377fb1d38769303c4ef,2018-12-01 00:00:00,2018-12-30 23:00:00,Hourly,719,719,SUCCESS,YES,NONE
Nangka Water Level,Water_Level_m,2018,2,2. February.xlsx,C:\Users\chris\Desktop\codes\floodguard\data compilation\Data from MMDA-20260727T035138Z-1-001\Data from MMDA\Nangka waterlevel\Nangka\2018\2. February.xlsx,XLSX,56778,2364aecae514287db4d77ef199e6d8a758c47c062c4af599f5dc433b02147085,2018-02-01 00:00:00,2018-02-28 23:00:00,Hourly,672,672,SUCCESS,YES,NONE
Nangka Water Level,Water_Level_m,2018,3,3. March.xlsx,C:\Users\chris\Desktop\codes\floodguard\data compilation\Data from MMDA-20260727T035138Z-1-001\Data from MMDA\Nangka waterlevel\Nangka\2018\3. March.xlsx,XLSX,60346,28cad27d2216551096e36c81eefc302f19696aa07e1283f8f91b1eec530cac32,2018-03-01 00:00:00,2018-03-31 23:00:00,Hourly,744,744,SUCCESS,YES,NONE
Nangka Water Level,Water_Level_m,2018,4,4. April.xlsx,C:\Users\chris\Desktop\codes\floodguard\data compilation\Data from MMDA-20260727T035138Z-1-001\Data from MMDA\Nangka waterlevel\Nangka\2018\4. April.xlsx,XLSX,58076,fb5e6815918546a15be20b0ebb91d6a38d253b29847307eff54304c512ad5efa,2018-04-01 00:00:00,2018-04-30 23:00:00,Hourly,720,720,SUCCESS,YES,NONE
Nangka Water Level,Water_Level_m,2018,5,5. May.xlsx,C:\Users\chris\Desktop\codes\floodguard\data compilation\Data from MMDA-20260727T035138Z-1-001\Data from MMDA\Nangka waterlevel\Nangka\2018\5. May.xlsx,XLSX,58748,48b01dbaf22cc571d77ea11af22944393236d6f211519097c8c0a65fffe150e1,2018-05-01 00:00:00,2018-05-31 23:00:00,Hourly,743,743,SUCCESS,YES,NONE
Nangka Water Level,Water_Level_m,2018,6,6. June.xlsx,C:\Users\chris\Desktop\codes\floodguard\data compilation\Data from MMDA-20260727T035138Z-1-001\Data from MMDA\Nangka waterlevel\Nangka\2018\6. June.xlsx,XLSX,68817,56882a2b6da38697e78d84cb8ceeda0957f429ef2a96c50827cd715e9cc9ee58,2018-06-01 00:00:00,2018-06-30 23:00:00,Hourly,717,717,SUCCESS,YES,NONE
Nangka Water Level,Water_Level_m,2018,7,7. July.xlsx,C:\Users\chris\Desktop\codes\floodguard\data compilation\Data from MMDA-20260727T035138Z-1-001\Data from MMDA\Nangka waterlevel\Nangka\2018\7. July.xlsx,XLSX,72841,a95016ff6b38abf47295a236075da9ea063d9d02b70ea8eb0782d9e82c418f42,2018-07-01 00:00:00,2018-07-31 23:00:00,Hourly,743,743,SUCCESS,YES,NONE
Nangka Water Level,Water_Level_m,2018,8,8. August.xlsx,C:\Users\chris\Desktop\codes\floodguard\data compilation\Data from MMDA-20260727T035138Z-1-001\Data from MMDA\Nangka waterlevel\Nangka\2018\8. August.xlsx,XLSX,72908,0460ffc0bc8a74718ddb84bdb66c806eccf9bac0ce030a16f521eaa35d31a7da,2018-08-01 00:00:00,2018-08-31 23:00:00,Hourly,743,743,SUCCESS,YES,NONE
Nangka Water Level,Water_Level_m,2018,9,9. September.xlsx,C:\Users\chris\Desktop\codes\floodguard\data compilation\Data from MMDA-20260727T035138Z-1-001\Data from MMDA\Nangka waterlevel\Nangka\2018\9. September.xlsx,XLSX,68228,952308f342fd2cd3306c8975614e1d67fc4709e9380aeee876ca2d890a521289,2018-09-01 00:00:00,2018-09-30 23:00:00,Hourly,718,718,SUCCESS,YES,NONE
Nangka Water Level,Water_Level_m,2019,1,1. January.xlsx,C:\Users\chris\Desktop\codes\floodguard\data compilation\Data from MMDA-20260727T035138Z-1-001\Data from MMDA\Nangka waterlevel\Nangka\2019\1. January.xlsx,XLSX,62930,9c183306db13f35fc63226a5c3110da5bc0d842699b842bff7bcde4cec46a535,2019-01-01 00:00:00,2019-01-31 23:00:00,Hourly,744,744,SUCCESS,YES,NONE
Nangka Water Level,Water_Level_m,2019,10,10. October.xlsx,C:\Users\chris\Desktop\codes\floodguard\data compilation\Data from MMDA-20260727T035138Z-1-001\Data from MMDA\Nangka waterlevel\Nangka\2019\10. October.xlsx,XLSX,54605,92a631b4e60ec4e71c892553b4c892d79f5daa6300464bbf307ecaa3c5566596,2019-10-01 00:00:00,2019-10-31 23:00:00,Hourly,744,744,SUCCESS,YES,NONE
Nangka Water Level,Water_Level_m,2019,11,11. November.xlsx,C:\Users\chris\Desktop\codes\floodguard\data compilation\Data from MMDA-20260727T035138Z-1-001\Data from MMDA\Nangka waterlevel\Nangka\2019\11. November.xlsx,XLSX,56146,3f21e8fb411c0c6d32a6d443f0a8f055d551e6bbf58f83d093ce830020cb7b76,2019-11-01 00:00:00,2019-11-30 23:00:00,Hourly,720,720,SUCCESS,YES,NONE
Nangka Water Level,Water_Level_m,2019,12,12. December.xlsx,C:\Users\chris\Desktop\codes\floodguard\data compilation\Data from MMDA-20260727T035138Z-1-001\Data from MMDA\Nangka waterlevel\Nangka\2019\12. December.xlsx,XLSX,59279,767cfda771ecd0ec81308166c6504b8d67ce2176701409c9b8c36d611575d190,2019-12-01 00:00:00,2019-12-31 23:00:00,Hourly,742,742,SUCCESS,YES,NONE
Nangka Water Level,Water_Level_m,2019,2,2. February.xlsx,C:\Users\chris\Desktop\codes\floodguard\data compilation\Data from MMDA-20260727T035138Z-1-001\Data from MMDA\Nangka waterlevel\Nangka\2019\2. February.xlsx,XLSX,56961,9ca6f6a0f6af8b19a130d1a8211ce560be91a52326372f9be91a297088bf219a,2019-02-01 00:00:00,2019-02-28 23:00:00,Hourly,670,670,SUCCESS,YES,NONE
Nangka Water Level,Water_Level_m,2019,3,3. March.xlsx,C:\Users\chris\Desktop\codes\floodguard\data compilation\Data from MMDA-20260727T035138Z-1-001\Data from MMDA\Nangka waterlevel\Nangka\2019\3. March.xlsx,XLSX,57296,5a3ee8ae69ad60e862b9cd92205db98c51a106f91ee4efd605cb78e085017fda,2019-03-01 00:00:00,2019-03-31 23:00:00,Hourly,744,744,SUCCESS,YES,NONE
Nangka Water Level,Water_Level_m,2019,4,4. April.xlsx,C:\Users\chris\Desktop\codes\floodguard\data compilation\Data from MMDA-20260727T035138Z-1-001\Data from MMDA\Nangka waterlevel\Nangka\2019\4. April.xlsx,XLSX,57286,9e066bfc65b911630ca7aadf336e5283afcf391f95f54238e277f641882612b2,2019-04-02 00:00:00,2019-04-30 23:00:00,Hourly,696,696,SUCCESS,YES,NONE
Nangka Water Level,Water_Level_m,2019,5,5. May.xlsx,C:\Users\chris\Desktop\codes\floodguard\data compilation\Data from MMDA-20260727T035138Z-1-001\Data from MMDA\Nangka waterlevel\Nangka\2019\5. May.xlsx,XLSX,62773,bfbf45057e914c37619597af717ceaec481635dcf77ad2d7140deac2765a7a7c,2019-05-01 00:00:00,2019-05-31 23:00:00,Hourly,742,742,SUCCESS,YES,NONE
Nangka Water Level,Water_Level_m,2019,6,6. June.xlsx,C:\Users\chris\Desktop\codes\floodguard\data compilation\Data from MMDA-20260727T035138Z-1-001\Data from MMDA\Nangka waterlevel\Nangka\2019\6. June.xlsx,XLSX,61817,91ed914dfe6f43be139ca7bff255529dcfd41354f7765bf57b0d3dc7b35276b8,2019-06-01 00:00:00,2019-06-30 23:00:00,Hourly,720,720,SUCCESS,YES,NONE
Nangka Water Level,Water_Level_m,2019,7,7. July.xlsx,C:\Users\chris\Desktop\codes\floodguard\data compilation\Data from MMDA-20260727T035138Z-1-001\Data from MMDA\Nangka waterlevel\Nangka\2019\7. July.xlsx,XLSX,63598,95eefb97cbb4928691540ff2c2860bdaec5be95cce29718d80d39f0e47162537,2019-07-01 00:00:00,2019-07-31 23:00:00,Hourly,742,742,SUCCESS,YES,NONE
Nangka Water Level,Water_Level_m,2019,8,8. August.xlsx,C:\Users\chris\Desktop\codes\floodguard\data compilation\Data from MMDA-20260727T035138Z-1-001\Data from MMDA\Nangka waterlevel\Nangka\2019\8. August.xlsx,XLSX,70023,66b119423155632c5a0394fb6ba448fdabc614b8c555a38de9cb632322deaff3,2019-08-01 00:00:00,2019-08-31 23:00:00,Hourly,741,741,SUCCESS,YES,NONE
Nangka Water Level,Water_Level_m,2019,9,9. September.xlsx,C:\Users\chris\Desktop\codes\floodguard\data compilation\Data from MMDA-20260727T035138Z-1-001\Data from MMDA\Nangka waterlevel\Nangka\2019\9. September.xlsx,XLSX,66592,fb2b51708bac22a2ba96aca36c5287f09690f0042ea3be7bc8e21bddab25da77,2019-09-01 00:00:00,2019-09-30 23:00:00,Hourly,718,718,SUCCESS,YES,NONE
Nangka Water Level,Water_Level_m,2020,1,1. January.xlsx,C:\Users\chris\Desktop\codes\floodguard\data compilation\Data from MMDA-20260727T035138Z-1-001\Data from MMDA\Nangka waterlevel\Nangka\2020\1. January.xlsx,XLSX,55584,70aeb0d3d4664247644d819e26899e2084c90de46adacc0d3f422995c2a3aaee,2020-01-01 00:00:00,2020-01-31 23:00:00,Hourly,744,744,SUCCESS,YES,NONE
Nangka Water Level,Water_Level_m,2020,10,10. October.xlsx,C:\Users\chris\Desktop\codes\floodguard\data compilation\Data from MMDA-20260727T035138Z-1-001\Data from MMDA\Nangka waterlevel\Nangka\2020\10. October.xlsx,XLSX,69431,a7ae7a48c0d01f539121a4a4fff0f9b4c6a42bdc0ce16d94ac77323e385f40b3,2020-10-01 00:00:00,2020-10-31 23:00:00,Hourly,741,741,SUCCESS,YES,NONE
Nangka Water Level,Water_Level_m,2020,11,11. November.xlsx,C:\Users\chris\Desktop\codes\floodguard\data compilation\Data from MMDA-20260727T035138Z-1-001\Data from MMDA\Nangka waterlevel\Nangka\2020\11. November.xlsx,XLSX,66842,0c0baea0dd494acec3d9b0a64a4ee3063b206c317396c236141d83ef7c802dce,2020-11-01 00:00:00,2020-11-30 19:00:00,Hourly,657,657,SUCCESS,YES,NONE
Nangka Water Level,Water_Level_m,2020,12,12. December.xlsx,C:\Users\chris\Desktop\codes\floodguard\data compilation\Data from MMDA-20260727T035138Z-1-001\Data from MMDA\Nangka waterlevel\Nangka\2020\12. December.xlsx,XLSX,35050,7225d90bd9a0875da25735e38cb6efb7ce96669655161f50898d8b5ca00128da,2020-12-01 00:00:00,2020-12-30 23:00:00,Hourly,719,719,SUCCESS,YES,NONE
Nangka Water Level,Water_Level_m,2020,2,2. February.xlsx,C:\Users\chris\Desktop\codes\floodguard\data compilation\Data from MMDA-20260727T035138Z-1-001\Data from MMDA\Nangka waterlevel\Nangka\2020\2. February.xlsx,XLSX,53826,ac946bd87a66c76a52fe318d5a10f02794156a0cabb5cb30540cf5c65c541baa,2020-02-01 00:00:00,2020-02-29 23:00:00,Hourly,696,696,SUCCESS,YES,NONE
Nangka Water Level,Water_Level_m,2020,3,3. March.xlsx,C:\Users\chris\Desktop\codes\floodguard\data compilation\Data from MMDA-20260727T035138Z-1-001\Data from MMDA\Nangka waterlevel\Nangka\2020\3. March.xlsx,XLSX,49523,eb421e2d706003290c52d981a01bf654f4380cfb12e6f733bff8111169c22fbb,2020-03-01 00:00:00,2020-03-31 23:00:00,Hourly,744,744,SUCCESS,YES,NONE
Nangka Water Level,Water_Level_m,2020,4,4. April.xlsx,C:\Users\chris\Desktop\codes\floodguard\data compilation\Data from MMDA-20260727T035138Z-1-001\Data from MMDA\Nangka waterlevel\Nangka\2020\4. April.xlsx,XLSX,33879,cf05b3bbbbf0c93b5d8c99b4acbfffedadf91539df4b6165d609fff96212f843,2020-04-01 00:00:00,2020-04-30 23:00:00,Hourly,720,720,SUCCESS,YES,NONE
Nangka Water Level,Water_Level_m,2020,5,5. May.xlsx,C:\Users\chris\Desktop\codes\floodguard\data compilation\Data from MMDA-20260727T035138Z-1-001\Data from MMDA\Nangka waterlevel\Nangka\2020\5. May.xlsx,XLSX,43359,0e1dbbaf613ed6e531b692ed9e75ded47a76ab33aafb96cb02dc5953845049e4,2020-05-01 00:00:00,2020-05-31 23:00:00,Hourly,743,743,SUCCESS,YES,NONE
Nangka Water Level,Water_Level_m,2020,6,6. June.xlsx,C:\Users\chris\Desktop\codes\floodguard\data compilation\Data from MMDA-20260727T035138Z-1-001\Data from MMDA\Nangka waterlevel\Nangka\2020\6. June.xlsx,XLSX,53849,2695c38f6288f550e713bd336bff6a35f99d5f759b7990573c2dbc4497087944,2020-06-01 00:00:00,2020-06-30 23:00:00,Hourly,718,718,SUCCESS,YES,NONE
Nangka Water Level,Water_Level_m,2020,7,7. July.xlsx,C:\Users\chris\Desktop\codes\floodguard\data compilation\Data from MMDA-20260727T035138Z-1-001\Data from MMDA\Nangka waterlevel\Nangka\2020\7. July.xlsx,XLSX,59774,d6e2f180171ff31ca18deae83876661bf0b45092186a39ea7190f18cd487b504,2020-07-01 00:00:00,2020-07-31 23:00:00,Hourly,744,744,SUCCESS,YES,NONE
Nangka Water Level,Water_Level_m,2020,8,8. August.xlsx,C:\Users\chris\Desktop\codes\floodguard\data compilation\Data from MMDA-20260727T035138Z-1-001\Data from MMDA\Nangka waterlevel\Nangka\2020\8. August.xlsx,XLSX,64327,b939964bb432897f2511eea8e728630f58a166971dc7824f83372e3493658313,2020-08-01 00:00:00,2020-08-31 23:00:00,Hourly,715,715,SUCCESS,YES,NONE
Nangka Water Level,Water_Level_m,2020,9,9. September.xlsx,C:\Users\chris\Desktop\codes\floodguard\data compilation\Data from MMDA-20260727T035138Z-1-001\Data from MMDA\Nangka waterlevel\Nangka\2020\9. September.xlsx,XLSX,63634,07049d551401cc864d3fec82a3116733407f8ad6f692ce21dfdfe9bf56e29897,2020-09-01 00:00:00,2020-09-30 23:00:00,Hourly,717,717,SUCCESS,YES,NONE
Nangka Water Level,Water_Level_m,2021,1,1. January.xlsx,C:\Users\chris\Desktop\codes\floodguard\data compilation\Data from MMDA-20260727T035138Z-1-001\Data from MMDA\Nangka waterlevel\Nangka\2021\1. January.xlsx,XLSX,63486,c9c5fc80a9cad2c175577593503fffc536e0f03ab7dc8daf72def61406c73e77,2021-01-01 00:00:00,2021-01-31 23:00:00,Hourly,742,742,SUCCESS,YES,NONE
Nangka Water Level,Water_Level_m,2021,10,10. October.xlsx,C:\Users\chris\Desktop\codes\floodguard\data compilation\Data from MMDA-20260727T035138Z-1-001\Data from MMDA\Nangka waterlevel\Nangka\2021\10. October.xlsx,XLSX,60547,ad3d162d0a10a6be403a42a6e64eb40de1b4a3eda9c6b1a90940a73a6c92c020,2021-10-01 00:00:00,2021-10-31 23:00:00,Hourly,719,719,SUCCESS,YES,NONE
Nangka Water Level,Water_Level_m,2021,11,11. November.xlsx,C:\Users\chris\Desktop\codes\floodguard\data compilation\Data from MMDA-20260727T035138Z-1-001\Data from MMDA\Nangka waterlevel\Nangka\2021\11. November.xlsx,XLSX,59444,7464dabdf1eed9490d8e293b6659843d2cdecd12c1d46331a598e91e54290c68,2021-11-01 00:00:00,2021-11-30 23:00:00,Hourly,698,698,SUCCESS,YES,NONE
Nangka Water Level,Water_Level_m,2021,12,12. December.xlsx,C:\Users\chris\Desktop\codes\floodguard\data compilation\Data from MMDA-20260727T035138Z-1-001\Data from MMDA\Nangka waterlevel\Nangka\2021\12. December.xlsx,XLSX,58539,bd9298f166ae1a77b1ad6234d291529d0aa0cbfbec75a2820d5d830a6e588d3c,2021-12-01 00:00:00,2021-12-31 23:00:00,Hourly,639,639,SUCCESS,YES,NONE
Nangka Water Level,Water_Level_m,2021,2,2. February.xlsx,C:\Users\chris\Desktop\codes\floodguard\data compilation\Data from MMDA-20260727T035138Z-1-001\Data from MMDA\Nangka waterlevel\Nangka\2021\2. February.xlsx,XLSX,57395,f71f430dbb80a458ad4170899eb6e6a800934c22b82ff1cb1e5e27cc26d2cfaa,2021-02-01 00:00:00,2021-02-28 23:00:00,Hourly,667,667,SUCCESS,YES,NONE
Nangka Water Level,Water_Level_m,2021,3,3. March.xlsx,C:\Users\chris\Desktop\codes\floodguard\data compilation\Data from MMDA-20260727T035138Z-1-001\Data from MMDA\Nangka waterlevel\Nangka\2021\3. March.xlsx,XLSX,58767,c63a61034fc03c06311f63676c7af8696fa57d97fbd9604ca951801e82bb9769,2021-03-01 00:00:00,2021-03-31 23:00:00,Hourly,742,742,SUCCESS,YES,NONE
Nangka Water Level,Water_Level_m,2021,4,4. April.xlsx,C:\Users\chris\Desktop\codes\floodguard\data compilation\Data from MMDA-20260727T035138Z-1-001\Data from MMDA\Nangka waterlevel\Nangka\2021\4. April.xlsx,XLSX,58369,e24210d8f8434f00640b01de8846a275b3d5bfddf2fc708bdb43064736cbd5a9,2021-04-01 00:00:00,2021-04-30 23:00:00,Hourly,717,717,SUCCESS,YES,NONE
Nangka Water Level,Water_Level_m,2021,5,5. May.xlsx,C:\Users\chris\Desktop\codes\floodguard\data compilation\Data from MMDA-20260727T035138Z-1-001\Data from MMDA\Nangka waterlevel\Nangka\2021\5. May.xlsx,XLSX,59649,3ca83bce8abb2ef8ed5989dc29ae8ef46964f03d978cb9f02b41aa4e0b131a98,2021-05-01 00:00:00,2021-05-31 23:00:00,Hourly,729,729,SUCCESS,YES,NONE
Nangka Water Level,Water_Level_m,2021,6,6. June.xlsx,C:\Users\chris\Desktop\codes\floodguard\data compilation\Data from MMDA-20260727T035138Z-1-001\Data from MMDA\Nangka waterlevel\Nangka\2021\6. June.xlsx,XLSX,61517,c14b4c805361d9ea5ff3c1ee8f12eb7bdde63dacb99137af38d62a4d22c95a21,2021-06-01 00:00:00,2021-06-30 23:00:00,Hourly,707,707,SUCCESS,YES,NONE
Nangka Water Level,Water_Level_m,2021,7,7. July.xlsx,C:\Users\chris\Desktop\codes\floodguard\data compilation\Data from MMDA-20260727T035138Z-1-001\Data from MMDA\Nangka waterlevel\Nangka\2021\7. July.xlsx,XLSX,68059,34700053ad01cbd1f6a450cb2b6dec58ac3d73bbc508b4edaef8347bed438c03,2021-07-01 00:00:00,2021-07-31 23:00:00,Hourly,740,740,SUCCESS,YES,NONE
Nangka Water Level,Water_Level_m,2021,8,8. August.xlsx,C:\Users\chris\Desktop\codes\floodguard\data compilation\Data from MMDA-20260727T035138Z-1-001\Data from MMDA\Nangka waterlevel\Nangka\2021\8. August.xlsx,XLSX,68935,45044d6f3d7d63920def399614692bf326d63d7e8daf5b6e1a91a6f62cc1d318,2021-08-01 01:00:00,2021-08-31 23:00:00,Hourly,709,709,SUCCESS,YES,NONE
Nangka Water Level,Water_Level_m,2021,9,9. September.xlsx,C:\Users\chris\Desktop\codes\floodguard\data compilation\Data from MMDA-20260727T035138Z-1-001\Data from MMDA\Nangka waterlevel\Nangka\2021\9. September.xlsx,XLSX,67089,5bf789ab55cb25ced080a97675cd4dd2ab301028dba7ae2aceef09113387783b,2021-09-01 00:00:00,2021-09-30 23:00:00,Hourly,707,707,SUCCESS,YES,NONE
Nangka Water Level,Water_Level_m,2022,1,1. January.xlsx,C:\Users\chris\Desktop\codes\floodguard\data compilation\Data from MMDA-20260727T035138Z-1-001\Data from MMDA\Nangka waterlevel\Nangka\2022\1. January.xlsx,XLSX,28580,16796a486e584b2189541af86e0c85ea6140f1cfa8c3565fda2989c8722b5afd,2022-01-01 00:00:00,2022-01-31 23:00:00,Hourly,674,674,SUCCESS,YES,NONE
Nangka Water Level,Water_Level_m,2022,10,10. October.xlsx,C:\Users\chris\Desktop\codes\floodguard\data compilation\Data from MMDA-20260727T035138Z-1-001\Data from MMDA\Nangka waterlevel\Nangka\2022\10. October.xlsx,XLSX,31866,ec5bad831e1dbc81b906e67996fcefc3ab8f4589f5e942a92b94ea88ec7780ba,2022-10-01 00:00:00,2022-10-31 23:00:00,Hourly,740,740,SUCCESS,YES,NONE
Nangka Water Level,Water_Level_m,2022,11,11. November.xlsx,C:\Users\chris\Desktop\codes\floodguard\data compilation\Data from MMDA-20260727T035138Z-1-001\Data from MMDA\Nangka waterlevel\Nangka\2022\11. November.xlsx,XLSX,30706,657f4852b0b6104eee96a0d562b4f5e8be0c89f37414bf390ec2aff8ff4b4bc3,2022-11-01 00:00:00,2022-11-30 23:00:00,Hourly,714,714,SUCCESS,YES,NONE
Nangka Water Level,Water_Level_m,2022,12,12. December.xlsx,C:\Users\chris\Desktop\codes\floodguard\data compilation\Data from MMDA-20260727T035138Z-1-001\Data from MMDA\Nangka waterlevel\Nangka\2022\12. December.xlsx,XLSX,58526,ff4906fb37a3ef00b5a5d0205fe93e492e7b9f1cda74bfc97d7167ec9dfb3696,2022-12-01 00:00:00,2022-12-31 23:00:00,Hourly,657,657,SUCCESS,YES,NONE
Nangka Water Level,Water_Level_m,2022,2,2. February.xlsx,C:\Users\chris\Desktop\codes\floodguard\data compilation\Data from MMDA-20260727T035138Z-1-001\Data from MMDA\Nangka waterlevel\Nangka\2022\2. February.xlsx,XLSX,55041,232e0c28d84e6e980d8677af1cc357ded8ce1c668aa25e76b42655a495454932,2022-02-01 01:00:00,2022-02-28 23:00:00,Hourly,647,647,SUCCESS,YES,NONE
Nangka Water Level,Water_Level_m,2022,3,3. March.xlsx,C:\Users\chris\Desktop\codes\floodguard\data compilation\Data from MMDA-20260727T035138Z-1-001\Data from MMDA\Nangka waterlevel\Nangka\2022\3. March.xlsx,XLSX,60030,6d1e298049d8a780f4f953c286f87fdfab063600dd5945435868e2825809bde6,2022-03-01 00:00:00,2022-03-31 23:00:00,Hourly,727,727,SUCCESS,YES,NONE
Nangka Water Level,Water_Level_m,2022,4,4. April.xlsx,C:\Users\chris\Desktop\codes\floodguard\data compilation\Data from MMDA-20260727T035138Z-1-001\Data from MMDA\Nangka waterlevel\Nangka\2022\4. April.xlsx,XLSX,29612,d9bda5428ad3f20a3488abe5efd2d4d1fdcd24bff824e13f9f45b7434a4f393f,2022-04-01 00:00:00,2022-04-30 23:00:00,Hourly,719,719,SUCCESS,YES,NONE
Nangka Water Level,Water_Level_m,2022,5,5. May.xlsx,C:\Users\chris\Desktop\codes\floodguard\data compilation\Data from MMDA-20260727T035138Z-1-001\Data from MMDA\Nangka waterlevel\Nangka\2022\5. May.xlsx,XLSX,60781,1e5fa9c2122ba811c7e7ec2cc55c902dc9bdb788d86a041f79a9b5c033c6ccf5,2022-05-01 00:00:00,2022-05-31 23:00:00,Hourly,742,742,SUCCESS,YES,NONE
Nangka Water Level,Water_Level_m,2022,6,6. June.xlsx,C:\Users\chris\Desktop\codes\floodguard\data compilation\Data from MMDA-20260727T035138Z-1-001\Data from MMDA\Nangka waterlevel\Nangka\2022\6. June.xlsx,XLSX,62643,a26983ea4f329496191b638685a9a7a2cc479058f82c09f9cf6c419341f3c948,2022-06-01 00:00:00,2022-06-30 23:00:00,Hourly,694,694,SUCCESS,YES,NONE
Nangka Water Level,Water_Level_m,2022,7,7. July.xlsx,C:\Users\chris\Desktop\codes\floodguard\data compilation\Data from MMDA-20260727T035138Z-1-001\Data from MMDA\Nangka waterlevel\Nangka\2022\7. July.xlsx,XLSX,65026,58fed25686f5a2f9b6089ed882a1304829fc21ea433d20fb6c8e0317177ad7cb,2022-07-01 00:00:00,2022-07-31 23:00:00,Hourly,719,719,SUCCESS,YES,NONE
Nangka Water Level,Water_Level_m,2022,8,8. August.xlsx,C:\Users\chris\Desktop\codes\floodguard\data compilation\Data from MMDA-20260727T035138Z-1-001\Data from MMDA\Nangka waterlevel\Nangka\2022\8. August.xlsx,XLSX,66038,cfabca8b80e61ac6feee1ef7a00d53a3f96ffd8bd2bbca45fe715508af3246bf,2022-08-01 00:00:00,2022-08-31 23:00:00,Hourly,707,707,SUCCESS,YES,NONE
Nangka Water Level,Water_Level_m,2022,9,9. September.xlsx,C:\Users\chris\Desktop\codes\floodguard\data compilation\Data from MMDA-20260727T035138Z-1-001\Data from MMDA\Nangka waterlevel\Nangka\2022\9. September.xlsx,XLSX,169326,c99192cfd5dc344a62dcd39e78eac7f1a3fcfa2a497da715d216a719d32a7883,2022-09-01 00:00:00,2022-09-30 23:00:00,Hourly,705,705,SUCCESS,YES,NONE
Nangka Water Level,Water_Level_m,2023,1,1. January.xlsx,C:\Users\chris\Desktop\codes\floodguard\data compilation\Data from MMDA-20260727T035138Z-1-001\Data from MMDA\Nangka waterlevel\Nangka\2023\1. January.xlsx,XLSX,27979,038d20c000bd2d878b23cd1233fef38d31dd5786604c232d22ee6ce10f86d08d,2023-01-01 00:00:00,2023-01-31 23:00:00,Hourly,741,741,SUCCESS,YES,NONE
Nangka Water Level,Water_Level_m,2023,10,10. October.xlsx,C:\Users\chris\Desktop\codes\floodguard\data compilation\Data from MMDA-20260727T035138Z-1-001\Data from MMDA\Nangka waterlevel\Nangka\2023\10. October.xlsx,XLSX,28401,35413504551f2b651068cce3b4f56700923e08ffa13b7c8958900f6557b9456e,2023-10-01 00:00:00,2023-10-18 15:00:00,Hourly,335,335,SUCCESS,YES,NONE
Nangka Water Level,Water_Level_m,2023,11,11. November.xlsx,C:\Users\chris\Desktop\codes\floodguard\data compilation\Data from MMDA-20260727T035138Z-1-001\Data from MMDA\Nangka waterlevel\Nangka\2023\11. November.xlsx,XLSX,27925,e22b026248d2e7438ad9b5b8624465b1e79621b1ff02d0b5ac8975eda35f3ed0,2023-11-01 00:00:00,2023-11-30 23:00:00,Hourly,713,713,SUCCESS,YES,NONE
Nangka Water Level,Water_Level_m,2023,12,12. December.xlsx,C:\Users\chris\Desktop\codes\floodguard\data compilation\Data from MMDA-20260727T035138Z-1-001\Data from MMDA\Nangka waterlevel\Nangka\2023\12. December.xlsx,XLSX,27317,e81d195b9b0f8357b25d9cfadf6f119540a22e6c04d2f87f9aa2081776daa7a5,2023-12-01 00:00:00,2023-12-30 23:00:00,Hourly,717,717,SUCCESS,YES,NONE
Nangka Water Level,Water_Level_m,2023,2,2. February.xlsx,C:\Users\chris\Desktop\codes\floodguard\data compilation\Data from MMDA-20260727T035138Z-1-001\Data from MMDA\Nangka waterlevel\Nangka\2023\2. February.xlsx,XLSX,27118,36e757b6b79d6fe046fff08f35c13d2588f613776b84a6c3884a59273835c289,2023-02-01 00:00:00,2023-02-28 23:00:00,Hourly,666,666,SUCCESS,YES,NONE
Nangka Water Level,Water_Level_m,2023,3,3. March.xlsx,C:\Users\chris\Desktop\codes\floodguard\data compilation\Data from MMDA-20260727T035138Z-1-001\Data from MMDA\Nangka waterlevel\Nangka\2023\3. March.xlsx,XLSX,27661,d88b8607f7c896773769dd6736dc9fd57eee9699301943a8c54e49787505aa12,2023-03-01 00:00:00,2023-03-31 23:00:00,Hourly,730,730,SUCCESS,YES,NONE
Nangka Water Level,Water_Level_m,2023,4,4. April.xlsx,C:\Users\chris\Desktop\codes\floodguard\data compilation\Data from MMDA-20260727T035138Z-1-001\Data from MMDA\Nangka waterlevel\Nangka\2023\4. April.xlsx,XLSX,28205,64afc1738b81b93b9ffe4497f39833af95140081e4774622fbfc101323d616bd,2023-04-01 00:00:00,2023-04-30 23:00:00,Hourly,715,715,SUCCESS,YES,NONE
Nangka Water Level,Water_Level_m,2023,5,5. May.xlsx,C:\Users\chris\Desktop\codes\floodguard\data compilation\Data from MMDA-20260727T035138Z-1-001\Data from MMDA\Nangka waterlevel\Nangka\2023\5. May.xlsx,XLSX,28117,2a4c3b2edb7a7638919431b9445a6a226d964e4cd8c2aed8a51c7a939421fabd,2023-05-01 00:00:00,2023-05-31 23:00:00,Hourly,742,742,SUCCESS,YES,NONE
Nangka Water Level,Water_Level_m,2023,6,6. June.xlsx,C:\Users\chris\Desktop\codes\floodguard\data compilation\Data from MMDA-20260727T035138Z-1-001\Data from MMDA\Nangka waterlevel\Nangka\2023\6. June.xlsx,XLSX,28041,7b7f98ce874304037ed041c5c1321ba36b6533a9967795807f98d7f159ba7410,2023-06-01 00:00:00,2023-06-30 23:00:00,Hourly,715,715,SUCCESS,YES,NONE
Nangka Water Level,Water_Level_m,2023,7,7. July.xlsx,C:\Users\chris\Desktop\codes\floodguard\data compilation\Data from MMDA-20260727T035138Z-1-001\Data from MMDA\Nangka waterlevel\Nangka\2023\7. July.xlsx,XLSX,30460,4523966a3d356cf30f8f2b8aadb1b20b69b10d0f9471d0716a45bb0693c963b5,2023-07-01 00:00:00,2023-07-31 23:00:00,Hourly,736,736,SUCCESS,YES,NONE
Nangka Water Level,Water_Level_m,2023,8,8. August.xlsx,C:\Users\chris\Desktop\codes\floodguard\data compilation\Data from MMDA-20260727T035138Z-1-001\Data from MMDA\Nangka waterlevel\Nangka\2023\8. August.xlsx,XLSX,30515,be94a81f3133ac46fa5a0d38b58a5492d025a62a927e1dc74964a3c822f175fc,2023-08-01 00:00:00,2023-08-31 22:00:00,Hourly,734,734,SUCCESS,YES,NONE
Nangka Water Level,Water_Level_m,2023,9,9. September.xlsx,C:\Users\chris\Desktop\codes\floodguard\data compilation\Data from MMDA-20260727T035138Z-1-001\Data from MMDA\Nangka waterlevel\Nangka\2023\9. September.xlsx,XLSX,30648,3278a9f1f0c49d577d37fe3828983b2d4a46c474bfa05f4df433848724f98745,2023-09-01 00:00:00,2023-09-30 23:00:00,Hourly,330,330,SUCCESS,YES,NONE
Nangka Water Level,Water_Level_m,2024,1,1. January.xlsx,C:\Users\chris\Desktop\codes\floodguard\data compilation\Data from MMDA-20260727T035138Z-1-001\Data from MMDA\Nangka waterlevel\Nangka\2024\1. January.xlsx,XLSX,28122,bc780b536fdba3bf6b72b2566df0299b68f8dfa4e70b85cf770701618e306adc,2024-01-01 00:00:00,2024-01-31 23:00:00,Hourly,743,743,SUCCESS,YES,NONE
Nangka Water Level,Water_Level_m,2024,10,10. October.xlsx,C:\Users\chris\Desktop\codes\floodguard\data compilation\Data from MMDA-20260727T035138Z-1-001\Data from MMDA\Nangka waterlevel\Nangka\2024\10. October.xlsx,XLSX,29675,fe73260105ab1f1b08b132c6501d331004698d65220a1656fb5becbb850452b1,2024-10-01 00:00:00,2024-10-29 23:00:00,Hourly,588,588,SUCCESS,YES,NONE
Nangka Water Level,Water_Level_m,2024,11,11. November.xlsx,C:\Users\chris\Desktop\codes\floodguard\data compilation\Data from MMDA-20260727T035138Z-1-001\Data from MMDA\Nangka waterlevel\Nangka\2024\11. November.xlsx,XLSX,28737,359193d2489f7242d6834eb8120a9de8b4f854735b1f418b382a723929819be3,2024-11-01 22:00:00,2024-11-30 23:00:00,Hourly,258,258,SUCCESS,YES,NONE
Nangka Water Level,Water_Level_m,2024,12,12. December.xlsx,C:\Users\chris\Desktop\codes\floodguard\data compilation\Data from MMDA-20260727T035138Z-1-001\Data from MMDA\Nangka waterlevel\Nangka\2024\12. December.xlsx,XLSX,28428,a7cb2cb756573466d5ed622f720216dcbeac9e3dc2fca41f0a6681fc1dec6eb5,2024-12-01 00:00:00,2024-12-28 04:00:00,Hourly,182,182,SUCCESS,YES,NONE
Nangka Water Level,Water_Level_m,2024,2,2. February.xlsx,C:\Users\chris\Desktop\codes\floodguard\data compilation\Data from MMDA-20260727T035138Z-1-001\Data from MMDA\Nangka waterlevel\Nangka\2024\2. February.xlsx,XLSX,27126,9ec77a39a66517c03fe4930da7f3a5836e69c77f1b881f1536892f33eee47a63,2024-02-01 00:00:00,2024-02-29 23:00:00,Hourly,691,691,SUCCESS,YES,NONE
Nangka Water Level,Water_Level_m,2024,3,3. March.xlsx,C:\Users\chris\Desktop\codes\floodguard\data compilation\Data from MMDA-20260727T035138Z-1-001\Data from MMDA\Nangka waterlevel\Nangka\2024\3. March.xlsx,XLSX,28005,a4b5d8e80236ffdb6853d7ec58c3fe3ee784e3d70a3ad47d4875c88b9b2683c8,2024-03-01 00:00:00,2024-03-31 23:00:00,Hourly,738,738,SUCCESS,YES,NONE
Nangka Water Level,Water_Level_m,2024,4,4. April.xlsx,C:\Users\chris\Desktop\codes\floodguard\data compilation\Data from MMDA-20260727T035138Z-1-001\Data from MMDA\Nangka waterlevel\Nangka\2024\4. April.xlsx,XLSX,126416,92fdaef194d1e95680d0e5d48c070b78820865953bd4a91d458e944da88a1827,2024-04-01 00:00:00,2024-04-30 23:00:00,Hourly,718,718,SUCCESS,YES,NONE
Nangka Water Level,Water_Level_m,2024,5,5. May.xlsx,C:\Users\chris\Desktop\codes\floodguard\data compilation\Data from MMDA-20260727T035138Z-1-001\Data from MMDA\Nangka waterlevel\Nangka\2024\5. May.xlsx,XLSX,27436,70a3a1864efff71af2b915e3ef1cf207114d42074d817ae17188c0bd727589b8,2024-05-01 00:00:00,2024-05-31 23:00:00,Hourly,742,742,SUCCESS,YES,NONE
Nangka Water Level,Water_Level_m,2024,6,6. June.xlsx,C:\Users\chris\Desktop\codes\floodguard\data compilation\Data from MMDA-20260727T035138Z-1-001\Data from MMDA\Nangka waterlevel\Nangka\2024\6. June.xlsx,XLSX,28419,3e0ff0e6d1a9eb5b7a0f90e643a7b79612f18333823f7ecc2ebb4df082e6b205,2024-06-01 00:00:00,2024-06-30 23:00:00,Hourly,716,716,SUCCESS,YES,NONE
Nangka Water Level,Water_Level_m,2024,7,7. July.xlsx,C:\Users\chris\Desktop\codes\floodguard\data compilation\Data from MMDA-20260727T035138Z-1-001\Data from MMDA\Nangka waterlevel\Nangka\2024\7. July.xlsx,XLSX,30285,7e0c66487bd40a27aa1c03f9e5b22ac7cf222ba7c4409deed7820dd7cb4416e3,2024-07-01 00:00:00,2024-07-31 23:00:00,Hourly,741,741,SUCCESS,YES,NONE
Nangka Water Level,Water_Level_m,2024,8,8. August.xlsx,C:\Users\chris\Desktop\codes\floodguard\data compilation\Data from MMDA-20260727T035138Z-1-001\Data from MMDA\Nangka waterlevel\Nangka\2024\8. August.xlsx,XLSX,29667,2acc79dfa9393e2b764a86e0e8436568579425f7f2f00787422d9c0a8f4f88e8,2024-08-01 00:00:00,2024-08-31 23:00:00,Hourly,742,742,SUCCESS,YES,NONE
Nangka Water Level,Water_Level_m,2024,9,9. September.xlsx,C:\Users\chris\Desktop\codes\floodguard\data compilation\Data from MMDA-20260727T035138Z-1-001\Data from MMDA\Nangka waterlevel\Nangka\2024\9. September.xlsx,XLSX,30045,7a05db80ce7a0a446a37cd107794544ae7b9e41f45eeeecbaf3afe8ddc186577,2024-09-01 00:00:00,2024-09-30 23:00:00,Hourly,717,717,SUCCESS,YES,NONE
Nangka Water Level,Water_Level_m,2025,1,1. January.pdf,C:\Users\chris\Desktop\codes\floodguard\data compilation\Data from MMDA-20260727T035138Z-1-001\Data from MMDA\Nangka waterlevel\Nangka\2025\1. January.pdf,PDF,204665,5c0f892301462afd2416d9aaadfb5ba0f781c227f00782866d9a772105a181fd,2025-01-09 00:00:00,2025-01-31 23:00:00,Hourly,516,516,SUCCESS,YES,NONE
Nangka Water Level,Water_Level_m,2025,10,10. Oct.pdf,C:\Users\chris\Desktop\codes\floodguard\data compilation\Data from MMDA-20260727T035138Z-1-001\Data from MMDA\Nangka waterlevel\Nangka\2025\10. Oct.pdf,PDF,146731,a689b1e406b3d9965e816cb7f983a25fc1f54e0bf96cb0c210b6fe29c0d683d7,NONE,NONE,Hourly,0,0,QUARANTINED,NO,QUARANTINED_DUPLICATE_NOVEMBER_2025_PDF
Nangka Water Level,Water_Level_m,2025,11,11. Nov.pdf,C:\Users\chris\Desktop\codes\floodguard\data compilation\Data from MMDA-20260727T035138Z-1-001\Data from MMDA\Nangka waterlevel\Nangka\2025\11. Nov.pdf,PDF,146731,a689b1e406b3d9965e816cb7f983a25fc1f54e0bf96cb0c210b6fe29c0d683d7,2025-11-09 00:00:00,2025-11-30 18:00:00,Hourly,63,63,SUCCESS,YES,NONE
Nangka Water Level,Water_Level_m,2025,12,12. Dec.pdf,C:\Users\chris\Desktop\codes\floodguard\data compilation\Data from MMDA-20260727T035138Z-1-001\Data from MMDA\Nangka waterlevel\Nangka\2025\12. Dec.pdf,PDF,143293,11249c5203e5846b355b704a4a914a05d1f2fe57155df68e940ec4ed6a67cfc8,2025-12-04 16:00:00,2025-12-21 00:00:00,Hourly,16,16,SUCCESS,YES,NONE
Nangka Water Level,Water_Level_m,2025,2,2. Feb.pdf,C:\Users\chris\Desktop\codes\floodguard\data compilation\Data from MMDA-20260727T035138Z-1-001\Data from MMDA\Nangka waterlevel\Nangka\2025\2. Feb.pdf,PDF,196077,332df239941f3fbcd9a1ea82e574ab8c3d8f41a7095121426b532df60a7f43ed,2025-02-01 00:00:00,2025-02-28 23:00:00,Hourly,670,670,SUCCESS,YES,NONE
Nangka Water Level,Water_Level_m,2025,3,3. Mar.pdf,C:\Users\chris\Desktop\codes\floodguard\data compilation\Data from MMDA-20260727T035138Z-1-001\Data from MMDA\Nangka waterlevel\Nangka\2025\3. Mar.pdf,PDF,199170,52e3abea432a94acc97db08a69680b30878d2ffcf1550f06477d2b643621e8e5,2025-03-01 00:00:00,2025-03-31 23:00:00,Hourly,743,743,SUCCESS,YES,NONE
Nangka Water Level,Water_Level_m,2025,4,4. April.pdf,C:\Users\chris\Desktop\codes\floodguard\data compilation\Data from MMDA-20260727T035138Z-1-001\Data from MMDA\Nangka waterlevel\Nangka\2025\4. April.pdf,PDF,190623,adc213f0117146860934b36760b8bc63e203eb0b42002925ff539e32758f0511,2025-04-01 00:00:00,2025-04-30 23:00:00,Hourly,718,718,SUCCESS,YES,NONE
Nangka Water Level,Water_Level_m,2025,5,5. May.pdf,C:\Users\chris\Desktop\codes\floodguard\data compilation\Data from MMDA-20260727T035138Z-1-001\Data from MMDA\Nangka waterlevel\Nangka\2025\5. May.pdf,PDF,194296,0c858c2923b73e5359f45ac824d76bcc3fb58b1acda23c54fef11f518b7f97cd,2025-05-01 09:00:00,2025-05-31 23:00:00,Hourly,630,630,SUCCESS,YES,NONE
Nangka Water Level,Water_Level_m,2025,6,6. June.pdf,C:\Users\chris\Desktop\codes\floodguard\data compilation\Data from MMDA-20260727T035138Z-1-001\Data from MMDA\Nangka waterlevel\Nangka\2025\6. June.pdf,PDF,199413,05670ed55b8eef537ad283e5faf561060dedb0f02e5c60bd921aec51c94ba016,2025-06-01 00:00:00,2025-06-30 23:00:00,Hourly,694,694,SUCCESS,YES,NONE
Nangka Water Level,Water_Level_m,2025,7,7. July.pdf,C:\Users\chris\Desktop\codes\floodguard\data compilation\Data from MMDA-20260727T035138Z-1-001\Data from MMDA\Nangka waterlevel\Nangka\2025\7. July.pdf,PDF,149340,f835e822747df2fd6636932277c766b0abf463f9cbd0f646e0b633df5a0def41,2025-07-01 00:00:00,2025-07-31 20:00:00,Hourly,547,547,SUCCESS,YES,NONE
Nangka Water Level,Water_Level_m,2025,8,8. Aug.pdf,C:\Users\chris\Desktop\codes\floodguard\data compilation\Data from MMDA-20260727T035138Z-1-001\Data from MMDA\Nangka waterlevel\Nangka\2025\8. Aug.pdf,PDF,149614,bc6e6f62441ac3dbad6924d45afb0403a403eb0fe93cdfe8aaf8574bb73769e1,2025-08-01 00:00:00,2025-08-31 23:00:00,Hourly,579,579,SUCCESS,YES,NONE
Nangka Water Level,Water_Level_m,2025,9,9. Sept.pdf,C:\Users\chris\Desktop\codes\floodguard\data compilation\Data from MMDA-20260727T035138Z-1-001\Data from MMDA\Nangka waterlevel\Nangka\2025\9. Sept.pdf,PDF,148687,5fd39d3965bc6fcb6a11784fb3d741dfdef38fd7e0cca0d810b812367c10bdda,2025-09-01 00:00:00,2025-09-30 23:00:00,Hourly,460,460,SUCCESS,YES,NONE
Mt. Boso-Boso Rain,Rainfall_mm,2016,4,Apr.xls,C:\Users\chris\Desktop\codes\floodguard\data compilation\Data from MMDA-20260727T035138Z-1-001\Data from MMDA\Mt. Boso-Boso-20260813T023038Z-1-001\Mt. Boso-Boso\2016\Apr.xls,XLS,40448,5fd9592eb2ba0db29b5726afacb7fc54f1bbe1cf067bb4a7e828ec69e223e983,2016-04-01 00:00:00,2016-04-29 23:00:00,Hourly,696,696,SUCCESS,YES,NONE
Mt. Boso-Boso Rain,Rainfall_mm,2016,8,Aug.xls,C:\Users\chris\Desktop\codes\floodguard\data compilation\Data from MMDA-20260727T035138Z-1-001\Data from MMDA\Mt. Boso-Boso-20260813T023038Z-1-001\Mt. Boso-Boso\2016\Aug.xls,XLS,33792,f2ce9b8a3fecc6d29a97b1f3fdc4284f9737fd8abc499c36cae3cdc2cfc64e11,2016-08-01 00:00:00,2016-08-31 23:00:00,Hourly,744,744,SUCCESS,YES,NONE
Mt. Boso-Boso Rain,Rainfall_mm,2016,12,Dec.xls,C:\Users\chris\Desktop\codes\floodguard\data compilation\Data from MMDA-20260727T035138Z-1-001\Data from MMDA\Mt. Boso-Boso-20260813T023038Z-1-001\Mt. Boso-Boso\2016\Dec.xls,XLS,34304,24358560e6a312ff4100dff8b65b4ca7a4ff3a1826df44d5420bfc798be45863,2016-12-01 00:00:00,2016-12-31 23:00:00,Hourly,744,744,SUCCESS,YES,NONE
Mt. Boso-Boso Rain,Rainfall_mm,2016,2,Feb.xls,C:\Users\chris\Desktop\codes\floodguard\data compilation\Data from MMDA-20260727T035138Z-1-001\Data from MMDA\Mt. Boso-Boso-20260813T023038Z-1-001\Mt. Boso-Boso\2016\Feb.xls,XLS,36864,c3362a59d975b7239d508e8826d318e423bc6982a0d26aee6e6515587d7a62c2,2016-02-01 00:00:00,2016-02-29 23:00:00,Hourly,696,696,SUCCESS,YES,NONE
Mt. Boso-Boso Rain,Rainfall_mm,2016,1,Jan.xls,C:\Users\chris\Desktop\codes\floodguard\data compilation\Data from MMDA-20260727T035138Z-1-001\Data from MMDA\Mt. Boso-Boso-20260813T023038Z-1-001\Mt. Boso-Boso\2016\Jan.xls,XLS,34304,ba17b56a25b56e67e31205c79213fb2dd90630430cd5bd9af4573ff94e193a08,2016-01-01 00:00:00,2016-01-31 23:00:00,Hourly,744,744,SUCCESS,YES,NONE
Mt. Boso-Boso Rain,Rainfall_mm,2016,7,Jul.xls,C:\Users\chris\Desktop\codes\floodguard\data compilation\Data from MMDA-20260727T035138Z-1-001\Data from MMDA\Mt. Boso-Boso-20260813T023038Z-1-001\Mt. Boso-Boso\2016\Jul.xls,XLS,37376,bc23cc6632894f794ce6bcfafff0065185df563b0b216a20bbdec746d6d2f9c5,2016-07-01 00:00:00,2016-07-31 23:00:00,Hourly,744,744,SUCCESS,YES,NONE
Mt. Boso-Boso Rain,Rainfall_mm,2016,6,Jun.xls,C:\Users\chris\Desktop\codes\floodguard\data compilation\Data from MMDA-20260727T035138Z-1-001\Data from MMDA\Mt. Boso-Boso-20260813T023038Z-1-001\Mt. Boso-Boso\2016\Jun.xls,XLS,36864,5292d65f7d250bfe4a7682b31de9a3b7bc766e08da4d2797c20e200b687dceec,2016-06-01 00:00:00,2016-06-30 23:00:00,Hourly,720,720,SUCCESS,YES,NONE
Mt. Boso-Boso Rain,Rainfall_mm,2016,3,Mar.xls,C:\Users\chris\Desktop\codes\floodguard\data compilation\Data from MMDA-20260727T035138Z-1-001\Data from MMDA\Mt. Boso-Boso-20260813T023038Z-1-001\Mt. Boso-Boso\2016\Mar.xls,XLS,33792,6267ca6df460a5841279bdc0c8f2f0b20260a68037b2ba26ffc9073b3f199988,2016-03-01 00:00:00,2016-03-31 23:00:00,Hourly,744,744,SUCCESS,YES,NONE
Mt. Boso-Boso Rain,Rainfall_mm,2016,5,May.xls,C:\Users\chris\Desktop\codes\floodguard\data compilation\Data from MMDA-20260727T035138Z-1-001\Data from MMDA\Mt. Boso-Boso-20260813T023038Z-1-001\Mt. Boso-Boso\2016\May.xls,XLS,33792,20d0822ac82ed9bcd96a5d75f2533cdbe81500729f96b041cd07b8d08c7b5989,2016-05-01 00:00:00,2016-05-31 23:00:00,Hourly,744,744,SUCCESS,YES,NONE
Mt. Boso-Boso Rain,Rainfall_mm,2016,11,Nov.xls,C:\Users\chris\Desktop\codes\floodguard\data compilation\Data from MMDA-20260727T035138Z-1-001\Data from MMDA\Mt. Boso-Boso-20260813T023038Z-1-001\Mt. Boso-Boso\2016\Nov.xls,XLS,33792,ed915c268e9098fa332665edfeab2f7a76a6669d4ed1ca782ddb247db97d504d,2016-11-01 00:00:00,2016-11-30 23:00:00,Hourly,720,720,SUCCESS,YES,NONE
Mt. Boso-Boso Rain,Rainfall_mm,2016,10,Oct.xls,C:\Users\chris\Desktop\codes\floodguard\data compilation\Data from MMDA-20260727T035138Z-1-001\Data from MMDA\Mt. Boso-Boso-20260813T023038Z-1-001\Mt. Boso-Boso\2016\Oct.xls,XLS,33792,196314ac76b98d83ee6702a0375ed9e18a4c47960d1669a01208daa73d5e088c,2016-10-01 00:00:00,2016-10-31 23:00:00,Hourly,744,744,SUCCESS,YES,NONE
Mt. Boso-Boso Rain,Rainfall_mm,2016,9,Sep.xls,C:\Users\chris\Desktop\codes\floodguard\data compilation\Data from MMDA-20260727T035138Z-1-001\Data from MMDA\Mt. Boso-Boso-20260813T023038Z-1-001\Mt. Boso-Boso\2016\Sep.xls,XLS,33792,ab5b13882299622deabfa95254a8d1ecee3edb487dc907e7995727b4e3d95cda,2016-09-01 00:00:00,2016-09-30 23:00:00,Hourly,720,720,SUCCESS,YES,NONE
Mt. Boso-Boso Rain,Rainfall_mm,2017,4,BOSO BOSO - APRIL 2017.xlsx,C:\Users\chris\Desktop\codes\floodguard\data compilation\Data from MMDA-20260727T035138Z-1-001\Data from MMDA\Mt. Boso-Boso-20260813T023038Z-1-001\Mt. Boso-Boso\2017\BOSO BOSO - APRIL 2017.xlsx,XLSX,30995,f1a7fe836dfb9bea3989d01f46dd29a8e5c9903539b2f5829d8b57bfcfe308a2,2017-04-01 00:00:00,2017-04-30 23:00:00,Hourly,720,720,SUCCESS,YES,NONE
Mt. Boso-Boso Rain,Rainfall_mm,2017,8,BOSO BOSO - AUGUST 2017.xlsx,C:\Users\chris\Desktop\codes\floodguard\data compilation\Data from MMDA-20260727T035138Z-1-001\Data from MMDA\Mt. Boso-Boso-20260813T023038Z-1-001\Mt. Boso-Boso\2017\BOSO BOSO - AUGUST 2017.xlsx,XLSX,36126,4fdef6c7b15e54bbaab9236ebea0040a3635983da1dc4032c67d686387d52049,2017-08-01 00:00:00,2017-08-31 23:00:00,Hourly,744,744,SUCCESS,YES,NONE
Mt. Boso-Boso Rain,Rainfall_mm,2017,12,BOSO BOSO - DECEMBER 2017.xlsx,C:\Users\chris\Desktop\codes\floodguard\data compilation\Data from MMDA-20260727T035138Z-1-001\Data from MMDA\Mt. Boso-Boso-20260813T023038Z-1-001\Mt. Boso-Boso\2017\BOSO BOSO - DECEMBER 2017.xlsx,XLSX,33608,da011638a7a494d9a2fc40640bf750969afcb8b7c4de031a0f3367c40716a6ce,2017-12-01 00:00:00,2017-12-31 23:00:00,Hourly,744,744,SUCCESS,YES,NONE
Mt. Boso-Boso Rain,Rainfall_mm,2017,2,BOSO BOSO - FEBRUARY 2017.xlsx,C:\Users\chris\Desktop\codes\floodguard\data compilation\Data from MMDA-20260727T035138Z-1-001\Data from MMDA\Mt. Boso-Boso-20260813T023038Z-1-001\Mt. Boso-Boso\2017\BOSO BOSO - FEBRUARY 2017.xlsx,XLSX,29905,c133393ae3590a8c162215db584d87291dc4fbb77df11c0df9412de50acde565,2017-02-01 00:00:00,2017-02-28 23:00:00,Hourly,672,672,SUCCESS,YES,NONE
Mt. Boso-Boso Rain,Rainfall_mm,2017,1,BOSO BOSO - JANUARY 2017.xlsx,C:\Users\chris\Desktop\codes\floodguard\data compilation\Data from MMDA-20260727T035138Z-1-001\Data from MMDA\Mt. Boso-Boso-20260813T023038Z-1-001\Mt. Boso-Boso\2017\BOSO BOSO - JANUARY 2017.xlsx,XLSX,32028,b7b44cce833e4412cbc0e1cca5b55b1c2e2e3819f6056c29d1bbabdbad43c4ba,2017-01-01 00:00:00,2017-01-31 23:00:00,Hourly,744,744,SUCCESS,YES,NONE
Mt. Boso-Boso Rain,Rainfall_mm,2017,7,BOSO BOSO - JULY 2017.xlsx,C:\Users\chris\Desktop\codes\floodguard\data compilation\Data from MMDA-20260727T035138Z-1-001\Data from MMDA\Mt. Boso-Boso-20260813T023038Z-1-001\Mt. Boso-Boso\2017\BOSO BOSO - JULY 2017.xlsx,XLSX,36412,8c2965e72a9ee1496c54d065ca1542bdbb490f27add149a98ce482ddb4b9e2cd,2017-07-01 00:00:00,2017-07-31 23:00:00,Hourly,744,744,SUCCESS,YES,NONE
Mt. Boso-Boso Rain,Rainfall_mm,2017,6,BOSO BOSO - JUNE 2017.xlsx,C:\Users\chris\Desktop\codes\floodguard\data compilation\Data from MMDA-20260727T035138Z-1-001\Data from MMDA\Mt. Boso-Boso-20260813T023038Z-1-001\Mt. Boso-Boso\2017\BOSO BOSO - JUNE 2017.xlsx,XLSX,32472,c82760f299d12cdb294798c79f8a42bb23d39392ddb9cbd9bab09f2ca913da80,2017-06-01 00:00:00,2017-06-30 23:00:00,Hourly,720,720,SUCCESS,YES,NONE
Mt. Boso-Boso Rain,Rainfall_mm,2017,3,BOSO BOSO - MARCH 2017.xlsx,C:\Users\chris\Desktop\codes\floodguard\data compilation\Data from MMDA-20260727T035138Z-1-001\Data from MMDA\Mt. Boso-Boso-20260813T023038Z-1-001\Mt. Boso-Boso\2017\BOSO BOSO - MARCH 2017.xlsx,XLSX,29680,8eea4f2d5480cfc5d199fe4569994be0eb26504c4906b4d91154fe4b1a27a38d,2017-03-01 00:00:00,2017-03-31 23:00:00,Hourly,744,744,SUCCESS,YES,NONE
Mt. Boso-Boso Rain,Rainfall_mm,2017,5,BOSO BOSO - MAY 2017.xlsx,C:\Users\chris\Desktop\codes\floodguard\data compilation\Data from MMDA-20260727T035138Z-1-001\Data from MMDA\Mt. Boso-Boso-20260813T023038Z-1-001\Mt. Boso-Boso\2017\BOSO BOSO - MAY 2017.xlsx,XLSX,32726,c09288bd0ac228df06a897b36c4f5858af99742fc0f78cbce7f1e401fbf0e851,2017-05-01 00:00:00,2017-05-31 23:00:00,Hourly,744,744,SUCCESS,YES,NONE
Mt. Boso-Boso Rain,Rainfall_mm,2017,11,BOSO BOSO - NOVEMBER 2017.xlsx,C:\Users\chris\Desktop\codes\floodguard\data compilation\Data from MMDA-20260727T035138Z-1-001\Data from MMDA\Mt. Boso-Boso-20260813T023038Z-1-001\Mt. Boso-Boso\2017\BOSO BOSO - NOVEMBER 2017.xlsx,XLSX,33404,981ae15ae60bbd3857674267144f6e17e9d1343a0b31abe51804c0bb2f861b81,2017-11-01 00:00:00,2017-11-30 23:00:00,Hourly,720,720,SUCCESS,YES,NONE
Mt. Boso-Boso Rain,Rainfall_mm,2017,10,BOSO BOSO - OCTOBER 2017.xlsx,C:\Users\chris\Desktop\codes\floodguard\data compilation\Data from MMDA-20260727T035138Z-1-001\Data from MMDA\Mt. Boso-Boso-20260813T023038Z-1-001\Mt. Boso-Boso\2017\BOSO BOSO - OCTOBER 2017.xlsx,XLSX,35265,5837a80aee374bc6a16fda51855c6a85dc38dec787197e897f6ef5ddc3cab266,2017-10-01 00:00:00,2017-10-31 23:00:00,Hourly,744,744,SUCCESS,YES,NONE
Mt. Boso-Boso Rain,Rainfall_mm,2017,9,BOSO BOSO - SEPTEMBER 2017.xlsx,C:\Users\chris\Desktop\codes\floodguard\data compilation\Data from MMDA-20260727T035138Z-1-001\Data from MMDA\Mt. Boso-Boso-20260813T023038Z-1-001\Mt. Boso-Boso\2017\BOSO BOSO - SEPTEMBER 2017.xlsx,XLSX,34193,21eedadb874ea320c802b996bed9d3bfccfb20e8348350415d4da15d1ef09ff8,2017-09-01 00:00:00,2017-09-30 23:00:00,Hourly,720,720,SUCCESS,YES,NONE
Mt. Boso-Boso Rain,Rainfall_mm,2018,1,1. January.xlsx,C:\Users\chris\Desktop\codes\floodguard\data compilation\Data from MMDA-20260727T035138Z-1-001\Data from MMDA\Mt. Boso-Boso-20260813T023038Z-1-001\Mt. Boso-Boso\2018\1. January.xlsx,XLSX,32113,84751308fd3279f3a23c1331461c6c86296d927a13c1209e01533df8b4647dcb,2018-01-01 00:00:00,2018-01-31 23:00:00,Hourly,744,744,SUCCESS,YES,NONE
Mt. Boso-Boso Rain,Rainfall_mm,2018,10,10. October.xlsx,C:\Users\chris\Desktop\codes\floodguard\data compilation\Data from MMDA-20260727T035138Z-1-001\Data from MMDA\Mt. Boso-Boso-20260813T023038Z-1-001\Mt. Boso-Boso\2018\10. October.xlsx,XLSX,31993,06f3771e8aeba16393549ca5435bbd45d0ca4bfa17511108d65fbf50076eeae6,2018-10-01 00:00:00,2018-10-31 23:00:00,Hourly,744,744,SUCCESS,YES,NONE
Mt. Boso-Boso Rain,Rainfall_mm,2018,11,11. November.xlsx,C:\Users\chris\Desktop\codes\floodguard\data compilation\Data from MMDA-20260727T035138Z-1-001\Data from MMDA\Mt. Boso-Boso-20260813T023038Z-1-001\Mt. Boso-Boso\2018\11. November.xlsx,XLSX,30303,ac1a33ee697cd7a88771281c3664fed475c97eaa52f3e639a0f97bf4d815c407,2018-11-01 00:00:00,2018-11-30 23:00:00,Hourly,720,720,SUCCESS,YES,NONE
Mt. Boso-Boso Rain,Rainfall_mm,2018,12,12. December.xlsx,C:\Users\chris\Desktop\codes\floodguard\data compilation\Data from MMDA-20260727T035138Z-1-001\Data from MMDA\Mt. Boso-Boso-20260813T023038Z-1-001\Mt. Boso-Boso\2018\12. December.xlsx,XLSX,34160,6f5ffe0da160f78312bd09030cef25a1f1456ffbba59a2a8e8d0ac4c91230f54,2018-12-01 00:00:00,2018-12-30 23:00:00,Hourly,720,720,SUCCESS,YES,NONE
Mt. Boso-Boso Rain,Rainfall_mm,2018,2,2. February.xlsx,C:\Users\chris\Desktop\codes\floodguard\data compilation\Data from MMDA-20260727T035138Z-1-001\Data from MMDA\Mt. Boso-Boso-20260813T023038Z-1-001\Mt. Boso-Boso\2018\2. February.xlsx,XLSX,28448,4e5781b98a65c9781e8fc649c459f7ad94298ab9ca69fd40f216c42d9171bf25,2018-02-01 00:00:00,2018-02-28 23:00:00,Hourly,672,672,SUCCESS,YES,NONE
Mt. Boso-Boso Rain,Rainfall_mm,2018,3,3. March.xlsx,C:\Users\chris\Desktop\codes\floodguard\data compilation\Data from MMDA-20260727T035138Z-1-001\Data from MMDA\Mt. Boso-Boso-20260813T023038Z-1-001\Mt. Boso-Boso\2018\3. March.xlsx,XLSX,30799,d058b0aa8fe813c49d80bb9f782c3142648bb6f6927ea7f2b1e5f2469c3e9a5e,2018-03-01 00:00:00,2018-03-31 23:00:00,Hourly,744,744,SUCCESS,YES,NONE
Mt. Boso-Boso Rain,Rainfall_mm,2018,4,4. April.xlsx,C:\Users\chris\Desktop\codes\floodguard\data compilation\Data from MMDA-20260727T035138Z-1-001\Data from MMDA\Mt. Boso-Boso-20260813T023038Z-1-001\Mt. Boso-Boso\2018\4. April.xlsx,XLSX,29079,d9b7fd0b472f0ed2b709680e15346cbb5fa2ddf757e56d3a1c3911afdf8bdd5b,2018-04-01 00:00:00,2018-04-30 23:00:00,Hourly,720,720,SUCCESS,YES,NONE
Mt. Boso-Boso Rain,Rainfall_mm,2018,5,5. May.xlsx,C:\Users\chris\Desktop\codes\floodguard\data compilation\Data from MMDA-20260727T035138Z-1-001\Data from MMDA\Mt. Boso-Boso-20260813T023038Z-1-001\Mt. Boso-Boso\2018\5. May.xlsx,XLSX,31098,ba671a598b4320932ebf63cf666bbbd6ef2645ba0b48c5e1683fb534701b2d23,2018-05-01 00:00:00,2018-05-31 23:00:00,Hourly,744,744,SUCCESS,YES,NONE
Mt. Boso-Boso Rain,Rainfall_mm,2018,6,6. June.xlsx,C:\Users\chris\Desktop\codes\floodguard\data compilation\Data from MMDA-20260727T035138Z-1-001\Data from MMDA\Mt. Boso-Boso-20260813T023038Z-1-001\Mt. Boso-Boso\2018\6. June.xlsx,XLSX,37364,ea18c999dbd500343e740c82dcd6df336123fd11dc9fb85e5ed93732e316505d,2018-06-01 00:00:00,2018-06-30 23:00:00,Hourly,719,719,SUCCESS,YES,NONE
Mt. Boso-Boso Rain,Rainfall_mm,2018,7,7. July.xlsx,C:\Users\chris\Desktop\codes\floodguard\data compilation\Data from MMDA-20260727T035138Z-1-001\Data from MMDA\Mt. Boso-Boso-20260813T023038Z-1-001\Mt. Boso-Boso\2018\7. July.xlsx,XLSX,39286,c12107bc5e299ba394fffed467fc57ccebf9836914a784fa03eb50a7d61ecbf8,2018-07-01 00:00:00,2018-07-31 23:00:00,Hourly,744,744,SUCCESS,YES,NONE
Mt. Boso-Boso Rain,Rainfall_mm,2018,8,8. August.xlsx,C:\Users\chris\Desktop\codes\floodguard\data compilation\Data from MMDA-20260727T035138Z-1-001\Data from MMDA\Mt. Boso-Boso-20260813T023038Z-1-001\Mt. Boso-Boso\2018\8. August.xlsx,XLSX,38203,fb12ba9fe6ca623a6020479529b881e24101d8ebf61aa91db2c7029d0823040a,2018-08-01 00:00:00,2018-08-31 23:00:00,Hourly,743,743,SUCCESS,YES,NONE
Mt. Boso-Boso Rain,Rainfall_mm,2018,9,9. September.xlsx,C:\Users\chris\Desktop\codes\floodguard\data compilation\Data from MMDA-20260727T035138Z-1-001\Data from MMDA\Mt. Boso-Boso-20260813T023038Z-1-001\Mt. Boso-Boso\2018\9. September.xlsx,XLSX,35158,62bb4ece93458cd6e7c2c9f5e0a840c3ced7ec337f0e532a6fc30dab1c843b5a,2018-09-01 00:00:00,2018-09-30 23:00:00,Hourly,720,720,SUCCESS,YES,NONE
Mt. Boso-Boso Rain,Rainfall_mm,2019,1,1. January.xlsx,C:\Users\chris\Desktop\codes\floodguard\data compilation\Data from MMDA-20260727T035138Z-1-001\Data from MMDA\Mt. Boso-Boso-20260813T023038Z-1-001\Mt. Boso-Boso\2019\1. January.xlsx,XLSX,29936,5499ce889630f193950bd367fcd6d79d044691193995f2f0d6e9ece0bb9930d3,2019-01-01 00:00:00,2019-01-31 23:00:00,Hourly,744,744,SUCCESS,YES,NONE
Mt. Boso-Boso Rain,Rainfall_mm,2019,10,10. October.xlsx,C:\Users\chris\Desktop\codes\floodguard\data compilation\Data from MMDA-20260727T035138Z-1-001\Data from MMDA\Mt. Boso-Boso-20260813T023038Z-1-001\Mt. Boso-Boso\2019\10. October.xlsx,XLSX,32062,6708e9c3c16d251b7ed8a67c5bfdd6a75d143b0445542cddb5bd5e39f189c0ca,2019-10-01 00:00:00,2019-10-31 23:00:00,Hourly,744,744,SUCCESS,YES,NONE
Mt. Boso-Boso Rain,Rainfall_mm,2019,11,11. November.xlsx,C:\Users\chris\Desktop\codes\floodguard\data compilation\Data from MMDA-20260727T035138Z-1-001\Data from MMDA\Mt. Boso-Boso-20260813T023038Z-1-001\Mt. Boso-Boso\2019\11. November.xlsx,XLSX,32275,d697e21e04e794199a2b8131d8c4a5c1b923a88c25b06acfae01ee1f263016f7,2019-11-01 00:00:00,2019-11-30 23:00:00,Hourly,696,696,SUCCESS,YES,NONE
Mt. Boso-Boso Rain,Rainfall_mm,2019,12,12. December.xlsx,C:\Users\chris\Desktop\codes\floodguard\data compilation\Data from MMDA-20260727T035138Z-1-001\Data from MMDA\Mt. Boso-Boso-20260813T023038Z-1-001\Mt. Boso-Boso\2019\12. December.xlsx,XLSX,30528,29d896c3dcb2b4c84fdd9005095335c2595fbb4b8df3c1e853a9afb03bb47ef7,2019-12-01 00:00:00,2019-12-31 23:00:00,Hourly,744,744,SUCCESS,YES,NONE
Mt. Boso-Boso Rain,Rainfall_mm,2019,2,2. February.xlsx,C:\Users\chris\Desktop\codes\floodguard\data compilation\Data from MMDA-20260727T035138Z-1-001\Data from MMDA\Mt. Boso-Boso-20260813T023038Z-1-001\Mt. Boso-Boso\2019\2. February.xlsx,XLSX,28498,fc0d6b1254b0126bd382954bdac3f78f0ea5add7c9bfa86f9e9d1757c7aa8a43,2019-02-01 00:00:00,2019-02-28 23:00:00,Hourly,672,672,SUCCESS,YES,NONE
Mt. Boso-Boso Rain,Rainfall_mm,2019,3,3. March.xlsx,C:\Users\chris\Desktop\codes\floodguard\data compilation\Data from MMDA-20260727T035138Z-1-001\Data from MMDA\Mt. Boso-Boso-20260813T023038Z-1-001\Mt. Boso-Boso\2019\3. March.xlsx,XLSX,29224,1d5b27f2d716395ba830ff95293777a5d0b0ad63f2a3d6585afe3ba0a7cf30ef,2019-03-01 00:00:00,2019-03-31 23:00:00,Hourly,744,744,SUCCESS,YES,NONE
Mt. Boso-Boso Rain,Rainfall_mm,2019,4,4. April.xlsx,C:\Users\chris\Desktop\codes\floodguard\data compilation\Data from MMDA-20260727T035138Z-1-001\Data from MMDA\Mt. Boso-Boso-20260813T023038Z-1-001\Mt. Boso-Boso\2019\4. April.xlsx,XLSX,29050,12660fe591cb67e7607427ce3e38363c1c436e7f49229ac1a290e20390f5d5ea,2019-04-02 00:00:00,2019-04-30 23:00:00,Hourly,696,696,SUCCESS,YES,NONE
Mt. Boso-Boso Rain,Rainfall_mm,2019,5,5. May.xlsx,C:\Users\chris\Desktop\codes\floodguard\data compilation\Data from MMDA-20260727T035138Z-1-001\Data from MMDA\Mt. Boso-Boso-20260813T023038Z-1-001\Mt. Boso-Boso\2019\5. May.xlsx,XLSX,32264,cdc9f1d508e96bf33d4acb4a8ca7c20686b18d77ee2326daab5175b529c7581b,2019-05-01 00:00:00,2019-05-31 23:00:00,Hourly,744,744,SUCCESS,YES,NONE
Mt. Boso-Boso Rain,Rainfall_mm,2019,6,6. June.xlsx,C:\Users\chris\Desktop\codes\floodguard\data compilation\Data from MMDA-20260727T035138Z-1-001\Data from MMDA\Mt. Boso-Boso-20260813T023038Z-1-001\Mt. Boso-Boso\2019\6. June.xlsx,XLSX,33903,53142b277529ae54b8a50268a6ec374dfb5d993cd0c3a3710c5c1e47eac23bd4,2019-06-01 00:00:00,2019-06-30 23:00:00,Hourly,720,720,SUCCESS,YES,NONE
Mt. Boso-Boso Rain,Rainfall_mm,2019,7,7. July.xlsx,C:\Users\chris\Desktop\codes\floodguard\data compilation\Data from MMDA-20260727T035138Z-1-001\Data from MMDA\Mt. Boso-Boso-20260813T023038Z-1-001\Mt. Boso-Boso\2019\7. July.xlsx,XLSX,35498,0b5382d84bd7f6725b6fbbc1e0ace4cfdcbd8a2e2332a4177a51635d11e10bcd,2019-07-01 00:00:00,2019-07-31 23:00:00,Hourly,743,743,SUCCESS,YES,NONE
Mt. Boso-Boso Rain,Rainfall_mm,2019,8,8. August.xlsx,C:\Users\chris\Desktop\codes\floodguard\data compilation\Data from MMDA-20260727T035138Z-1-001\Data from MMDA\Mt. Boso-Boso-20260813T023038Z-1-001\Mt. Boso-Boso\2019\8. August.xlsx,XLSX,38884,27d2e7908d9e711ec757c940d7c61249d209d4f11f3324e6aa0aa4d12b1d905b,2019-08-01 00:00:00,2019-08-31 23:00:00,Hourly,743,743,SUCCESS,YES,NONE
Mt. Boso-Boso Rain,Rainfall_mm,2019,9,9. September.xlsx,C:\Users\chris\Desktop\codes\floodguard\data compilation\Data from MMDA-20260727T035138Z-1-001\Data from MMDA\Mt. Boso-Boso-20260813T023038Z-1-001\Mt. Boso-Boso\2019\9. September.xlsx,XLSX,36496,58d017d3261fea9070c6926534207b19ebaf83c7142f5856a6ec45d35570c1af,2019-09-01 00:00:00,2019-09-30 23:00:00,Hourly,720,720,SUCCESS,YES,NONE
Mt. Boso-Boso Rain,Rainfall_mm,2020,1,1. January.xlsx,C:\Users\chris\Desktop\codes\floodguard\data compilation\Data from MMDA-20260727T035138Z-1-001\Data from MMDA\Mt. Boso-Boso-20260813T023038Z-1-001\Mt. Boso-Boso\2020\1. January.xlsx,XLSX,30309,b9f5a4031f748ca60289e985d8d95413ce4ca01865e844099aca600bcfdfde60,2020-01-01 00:00:00,2020-01-31 23:00:00,Hourly,744,744,SUCCESS,YES,NONE
Mt. Boso-Boso Rain,Rainfall_mm,2020,10,10. October.xlsx,C:\Users\chris\Desktop\codes\floodguard\data compilation\Data from MMDA-20260727T035138Z-1-001\Data from MMDA\Mt. Boso-Boso-20260813T023038Z-1-001\Mt. Boso-Boso\2020\10. October.xlsx,XLSX,37749,03157d2f59f3c7241204254093e1280f14172566f956723765507e8220402b6d,2020-10-01 00:00:00,2020-10-31 23:00:00,Hourly,744,744,SUCCESS,YES,NONE
Mt. Boso-Boso Rain,Rainfall_mm,2020,11,11. November.xlsx,C:\Users\chris\Desktop\codes\floodguard\data compilation\Data from MMDA-20260727T035138Z-1-001\Data from MMDA\Mt. Boso-Boso-20260813T023038Z-1-001\Mt. Boso-Boso\2020\11. November.xlsx,XLSX,34601,f5311c080247e81090915041a1c8e70a0b2c9889be59fc733fb02aff924a877b,2020-11-01 00:00:00,2020-11-30 23:00:00,Hourly,720,720,SUCCESS,YES,NONE
Mt. Boso-Boso Rain,Rainfall_mm,2020,12,12. December.xlsx,C:\Users\chris\Desktop\codes\floodguard\data compilation\Data from MMDA-20260727T035138Z-1-001\Data from MMDA\Mt. Boso-Boso-20260813T023038Z-1-001\Mt. Boso-Boso\2020\12. December.xlsx,XLSX,28520,0bdc2d1edeebaee0f1636f0f29e8d320b88f12f2b0d271640236d991eaa9a116,2020-12-01 00:00:00,2020-12-31 23:00:00,Hourly,744,744,SUCCESS,YES,NONE
Mt. Boso-Boso Rain,Rainfall_mm,2020,2,2. February.xlsx,C:\Users\chris\Desktop\codes\floodguard\data compilation\Data from MMDA-20260727T035138Z-1-001\Data from MMDA\Mt. Boso-Boso-20260813T023038Z-1-001\Mt. Boso-Boso\2020\2. February.xlsx,XLSX,30156,c84018a6542df65e8c653613ff59249d422d2af16d46d420aee3794f9a006e44,2020-02-01 00:00:00,2020-02-29 23:00:00,Hourly,695,695,SUCCESS,YES,NONE
Mt. Boso-Boso Rain,Rainfall_mm,2020,3,3. March.xlsx,C:\Users\chris\Desktop\codes\floodguard\data compilation\Data from MMDA-20260727T035138Z-1-001\Data from MMDA\Mt. Boso-Boso-20260813T023038Z-1-001\Mt. Boso-Boso\2020\3. March.xlsx,XLSX,29047,5d1fce966f3cf80f4d56e4dced540c6722d1d3d4a99ac3826ab6b6df60642476,2020-03-01 00:00:00,2020-03-31 23:00:00,Hourly,740,740,SUCCESS,YES,NONE
Mt. Boso-Boso Rain,Rainfall_mm,2020,4,4. April.xlsx,C:\Users\chris\Desktop\codes\floodguard\data compilation\Data from MMDA-20260727T035138Z-1-001\Data from MMDA\Mt. Boso-Boso-20260813T023038Z-1-001\Mt. Boso-Boso\2020\4. April.xlsx,XLSX,28968,a4da7331b3bfdd1a07d58726e42926d1f1473b131b399870c72c3feba06b5a08,2020-04-01 00:00:00,2020-04-30 23:00:00,Hourly,720,720,SUCCESS,YES,NONE
Mt. Boso-Boso Rain,Rainfall_mm,2020,5,5. May.xlsx,C:\Users\chris\Desktop\codes\floodguard\data compilation\Data from MMDA-20260727T035138Z-1-001\Data from MMDA\Mt. Boso-Boso-20260813T023038Z-1-001\Mt. Boso-Boso\2020\5. May.xlsx,XLSX,30800,57df02abb644e86caeb147d1be87ba272ab293f728974a97cab637d945f42711,2020-05-01 00:00:00,2020-05-31 23:00:00,Hourly,744,744,SUCCESS,YES,NONE
Mt. Boso-Boso Rain,Rainfall_mm,2020,6,6. June.xlsx,C:\Users\chris\Desktop\codes\floodguard\data compilation\Data from MMDA-20260727T035138Z-1-001\Data from MMDA\Mt. Boso-Boso-20260813T023038Z-1-001\Mt. Boso-Boso\2020\6. June.xlsx,XLSX,32294,100efd37a1291a5d3aa68cc78ade0bc4c2e6b0e7d03ca1ae6e52f4facf00d69d,2020-06-01 00:00:00,2020-06-30 23:00:00,Hourly,720,720,SUCCESS,YES,NONE
Mt. Boso-Boso Rain,Rainfall_mm,2020,7,7. July.xlsx,C:\Users\chris\Desktop\codes\floodguard\data compilation\Data from MMDA-20260727T035138Z-1-001\Data from MMDA\Mt. Boso-Boso-20260813T023038Z-1-001\Mt. Boso-Boso\2020\7. July.xlsx,XLSX,33645,57204f580d194f4f90db2a7d4d01c05e083c89952aff2255dfa3595876e5a2bb,2020-07-01 00:00:00,2020-07-31 23:00:00,Hourly,744,744,SUCCESS,YES,NONE
Mt. Boso-Boso Rain,Rainfall_mm,2020,8,8. August.xlsx,C:\Users\chris\Desktop\codes\floodguard\data compilation\Data from MMDA-20260727T035138Z-1-001\Data from MMDA\Mt. Boso-Boso-20260813T023038Z-1-001\Mt. Boso-Boso\2020\8. August.xlsx,XLSX,33962,d60fd4ad279aaadf533c502e4d9c4bf30294132645e476679f9d34f928650187,2020-08-01 00:00:00,2020-08-31 23:00:00,Hourly,744,744,SUCCESS,YES,NONE
Mt. Boso-Boso Rain,Rainfall_mm,2020,9,9. September.xlsx,C:\Users\chris\Desktop\codes\floodguard\data compilation\Data from MMDA-20260727T035138Z-1-001\Data from MMDA\Mt. Boso-Boso-20260813T023038Z-1-001\Mt. Boso-Boso\2020\9. September.xlsx,XLSX,33327,e2c610447d07e0df5676c2cc51f653109a8102ef340dc79daeeb05d13f233338,2020-09-01 00:00:00,2020-09-30 23:00:00,Hourly,720,720,SUCCESS,YES,NONE
Mt. Boso-Boso Rain,Rainfall_mm,2021,1,1. January.xlsx,C:\Users\chris\Desktop\codes\floodguard\data compilation\Data from MMDA-20260727T035138Z-1-001\Data from MMDA\Mt. Boso-Boso-20260813T023038Z-1-001\Mt. Boso-Boso\2021\1. January.xlsx,XLSX,31823,5d83538ad688db8958f71b4da94202da78e5e8154590e456a42bbbc081120eca,2021-01-01 00:00:00,2021-01-31 23:00:00,Hourly,744,744,SUCCESS,YES,NONE
Mt. Boso-Boso Rain,Rainfall_mm,2021,10,10. October.xlsx,C:\Users\chris\Desktop\codes\floodguard\data compilation\Data from MMDA-20260727T035138Z-1-001\Data from MMDA\Mt. Boso-Boso-20260813T023038Z-1-001\Mt. Boso-Boso\2021\10. October.xlsx,XLSX,33617,68429291a81fba014ed5635169fd64a267fc945ff6c546cd3eb7e1ef1e756ce3,2021-10-01 00:00:00,2021-10-31 23:00:00,Hourly,744,744,SUCCESS,YES,NONE
Mt. Boso-Boso Rain,Rainfall_mm,2021,11,11. November.xlsx,C:\Users\chris\Desktop\codes\floodguard\data compilation\Data from MMDA-20260727T035138Z-1-001\Data from MMDA\Mt. Boso-Boso-20260813T023038Z-1-001\Mt. Boso-Boso\2021\11. November.xlsx,XLSX,31956,8f3db3fa8c728aefd52fec931dece62a2d7c7e5a8f78d98592022a3d85a93053,2021-11-01 00:00:00,2021-11-30 23:00:00,Hourly,720,720,SUCCESS,YES,NONE
Mt. Boso-Boso Rain,Rainfall_mm,2021,12,12. December.xlsx,C:\Users\chris\Desktop\codes\floodguard\data compilation\Data from MMDA-20260727T035138Z-1-001\Data from MMDA\Mt. Boso-Boso-20260813T023038Z-1-001\Mt. Boso-Boso\2021\12. December.xlsx,XLSX,31250,f84666a0837883ef77eeeb266b94b7c68a9d4cddedb56188dcd1a80008e3aae2,2021-12-01 00:00:00,2021-12-31 23:00:00,Hourly,744,744,SUCCESS,YES,NONE
Mt. Boso-Boso Rain,Rainfall_mm,2021,2,2. February.xlsx,C:\Users\chris\Desktop\codes\floodguard\data compilation\Data from MMDA-20260727T035138Z-1-001\Data from MMDA\Mt. Boso-Boso-20260813T023038Z-1-001\Mt. Boso-Boso\2021\2. February.xlsx,XLSX,30655,9a94109e2670b55660eccdb5c3c434cb8e63a64c66767f20974fb0e1a7d178af,2021-02-01 00:00:00,2021-02-28 23:00:00,Hourly,672,672,SUCCESS,YES,NONE
Mt. Boso-Boso Rain,Rainfall_mm,2021,3,3. March.xlsx,C:\Users\chris\Desktop\codes\floodguard\data compilation\Data from MMDA-20260727T035138Z-1-001\Data from MMDA\Mt. Boso-Boso-20260813T023038Z-1-001\Mt. Boso-Boso\2021\3. March.xlsx,XLSX,30769,80ee83f0d8638068f7dba995f5497bd83a0cbc2e3b99897ba22c591bb7b8dc58,2021-03-01 00:00:00,2021-03-31 23:00:00,Hourly,744,744,SUCCESS,YES,NONE
Mt. Boso-Boso Rain,Rainfall_mm,2021,4,4. April.xlsx,C:\Users\chris\Desktop\codes\floodguard\data compilation\Data from MMDA-20260727T035138Z-1-001\Data from MMDA\Mt. Boso-Boso-20260813T023038Z-1-001\Mt. Boso-Boso\2021\4. April.xlsx,XLSX,29990,0b15fdfe54a9f9a1e4461c05068a6da29f7e8a43d1e8c3324c4928edbd3fab91,2021-04-01 00:00:00,2021-04-30 23:00:00,Hourly,720,720,SUCCESS,YES,NONE
Mt. Boso-Boso Rain,Rainfall_mm,2021,5,5. May.xlsx,C:\Users\chris\Desktop\codes\floodguard\data compilation\Data from MMDA-20260727T035138Z-1-001\Data from MMDA\Mt. Boso-Boso-20260813T023038Z-1-001\Mt. Boso-Boso\2021\5. May.xlsx,XLSX,30499,e63b404a8e206ab6a716205bff121173e40fa773dc1e9ac6bc5b198a960d5468,2021-05-01 00:00:00,2021-05-31 23:00:00,Hourly,744,744,SUCCESS,YES,NONE
Mt. Boso-Boso Rain,Rainfall_mm,2021,6,6. June.xlsx,C:\Users\chris\Desktop\codes\floodguard\data compilation\Data from MMDA-20260727T035138Z-1-001\Data from MMDA\Mt. Boso-Boso-20260813T023038Z-1-001\Mt. Boso-Boso\2021\6. June.xlsx,XLSX,32829,9393c9716f19c5de5b70855f197335b70bd3b46d452aa0ec95e7f145264bbe43,2021-06-01 00:00:00,2021-06-30 23:00:00,Hourly,720,720,SUCCESS,YES,NONE
Mt. Boso-Boso Rain,Rainfall_mm,2021,7,7. July.xlsx,C:\Users\chris\Desktop\codes\floodguard\data compilation\Data from MMDA-20260727T035138Z-1-001\Data from MMDA\Mt. Boso-Boso-20260813T023038Z-1-001\Mt. Boso-Boso\2021\7. July.xlsx,XLSX,39352,155c70610cdef46a1dc5018b42eb5fcd2188d33344a1529b4373aba1dd670a16,2021-07-01 00:00:00,2021-07-31 23:00:00,Hourly,744,744,SUCCESS,YES,NONE
Mt. Boso-Boso Rain,Rainfall_mm,2021,8,8. August.xlsx,C:\Users\chris\Desktop\codes\floodguard\data compilation\Data from MMDA-20260727T035138Z-1-001\Data from MMDA\Mt. Boso-Boso-20260813T023038Z-1-001\Mt. Boso-Boso\2021\8. August.xlsx,XLSX,34872,bb706bf02d914c6c6cac865d0cba6d808ac7e3edcd61533ed26f7791e67a8489,2021-08-01 00:00:00,2021-08-31 23:00:00,Hourly,744,744,SUCCESS,YES,NONE
Mt. Boso-Boso Rain,Rainfall_mm,2021,9,9. September.xlsx,C:\Users\chris\Desktop\codes\floodguard\data compilation\Data from MMDA-20260727T035138Z-1-001\Data from MMDA\Mt. Boso-Boso-20260813T023038Z-1-001\Mt. Boso-Boso\2021\9. September.xlsx,XLSX,34944,398321ea66116f59aec2a4ebc1c12746b6a29e1cbcc83b906e56f52de602978d,2021-09-01 00:00:00,2021-09-30 23:00:00,Hourly,720,720,SUCCESS,YES,NONE
Mt. Boso-Boso Rain,Rainfall_mm,2022,1,1. January.xlsx,C:\Users\chris\Desktop\codes\floodguard\data compilation\Data from MMDA-20260727T035138Z-1-001\Data from MMDA\Mt. Boso-Boso-20260813T023038Z-1-001\Mt. Boso-Boso\2022\1. January.xlsx,XLSX,21329,20b1fcca6f86a57fb22aae492bc3f711d10dffa655558743c4bf6a13cd3d83e5,2022-01-01 00:00:00,2022-01-31 23:00:00,Hourly,744,744,SUCCESS,YES,NONE
Mt. Boso-Boso Rain,Rainfall_mm,2022,10,10. October.xlsx,C:\Users\chris\Desktop\codes\floodguard\data compilation\Data from MMDA-20260727T035138Z-1-001\Data from MMDA\Mt. Boso-Boso-20260813T023038Z-1-001\Mt. Boso-Boso\2022\10. October.xlsx,XLSX,22542,527893feedb6b6289717f72c77ca3b18f0abdbf30a759f2cac0c5220fe63c3d2,2022-10-01 00:00:00,2022-10-31 23:00:00,Hourly,744,744,SUCCESS,YES,NONE
Mt. Boso-Boso Rain,Rainfall_mm,2022,11,11. November.xlsx,C:\Users\chris\Desktop\codes\floodguard\data compilation\Data from MMDA-20260727T035138Z-1-001\Data from MMDA\Mt. Boso-Boso-20260813T023038Z-1-001\Mt. Boso-Boso\2022\11. November.xlsx,XLSX,21765,e0aff58ae3cbe3d60f4c2eae8699b27a6ff339d6d58a17305fac427b8a9eb1d0,2022-11-01 00:00:00,2022-11-30 23:00:00,Hourly,720,720,SUCCESS,YES,NONE
Mt. Boso-Boso Rain,Rainfall_mm,2022,12,12. December.xlsx,C:\Users\chris\Desktop\codes\floodguard\data compilation\Data from MMDA-20260727T035138Z-1-001\Data from MMDA\Mt. Boso-Boso-20260813T023038Z-1-001\Mt. Boso-Boso\2022\12. December.xlsx,XLSX,22074,57e53989e745d552908acb891333eecd0911a772769e44d3291452ce12cd8ee1,2022-12-01 00:00:00,2022-12-31 23:00:00,Hourly,744,744,SUCCESS,YES,NONE
Mt. Boso-Boso Rain,Rainfall_mm,2022,2,2. February.xlsx,C:\Users\chris\Desktop\codes\floodguard\data compilation\Data from MMDA-20260727T035138Z-1-001\Data from MMDA\Mt. Boso-Boso-20260813T023038Z-1-001\Mt. Boso-Boso\2022\2. February.xlsx,XLSX,28966,d4c31b284b457c05fccf11bfcfd766116a421bd1cda11a26908ce11d3a29ffac,2022-02-01 00:00:00,2022-02-28 23:00:00,Hourly,672,672,SUCCESS,YES,NONE
Mt. Boso-Boso Rain,Rainfall_mm,2022,3,3. March.xlsx,C:\Users\chris\Desktop\codes\floodguard\data compilation\Data from MMDA-20260727T035138Z-1-001\Data from MMDA\Mt. Boso-Boso-20260813T023038Z-1-001\Mt. Boso-Boso\2022\3. March.xlsx,XLSX,31150,80bb2b64791396b4a739d8447dcf47b32165e80e3124ce80c740fed80aa01c4e,2022-03-01 00:00:00,2022-03-31 23:00:00,Hourly,744,744,SUCCESS,YES,NONE
Mt. Boso-Boso Rain,Rainfall_mm,2022,4,4. April.xlsx,C:\Users\chris\Desktop\codes\floodguard\data compilation\Data from MMDA-20260727T035138Z-1-001\Data from MMDA\Mt. Boso-Boso-20260813T023038Z-1-001\Mt. Boso-Boso\2022\4. April.xlsx,XLSX,21494,b4db8f2238d863854cde5da0bb1d69f1cc3aeb4742549d944c984d27602209d3,2022-04-01 00:00:00,2022-04-30 23:00:00,Hourly,720,720,SUCCESS,YES,NONE
Mt. Boso-Boso Rain,Rainfall_mm,2022,5,5. May.xlsx,C:\Users\chris\Desktop\codes\floodguard\data compilation\Data from MMDA-20260727T035138Z-1-001\Data from MMDA\Mt. Boso-Boso-20260813T023038Z-1-001\Mt. Boso-Boso\2022\5. May.xlsx,XLSX,21626,53d943ad211f1c179e137455955f2fceb132deabcb79a759b23c0137951f6f24,2022-05-01 00:00:00,2022-05-31 23:00:00,Hourly,744,744,SUCCESS,YES,NONE
Mt. Boso-Boso Rain,Rainfall_mm,2022,6,6. June.xlsx,C:\Users\chris\Desktop\codes\floodguard\data compilation\Data from MMDA-20260727T035138Z-1-001\Data from MMDA\Mt. Boso-Boso-20260813T023038Z-1-001\Mt. Boso-Boso\2022\6. June.xlsx,XLSX,32292,b440557e81f081f4c8de95a33accca73de1882471318ca9b7b21d630bdc7411c,2022-06-01 00:00:00,2022-06-30 23:00:00,Hourly,720,720,SUCCESS,YES,NONE
Mt. Boso-Boso Rain,Rainfall_mm,2022,7,7. July.xlsx,C:\Users\chris\Desktop\codes\floodguard\data compilation\Data from MMDA-20260727T035138Z-1-001\Data from MMDA\Mt. Boso-Boso-20260813T023038Z-1-001\Mt. Boso-Boso\2022\7. July.xlsx,XLSX,34662,f5662f34d8ecbee5b0c325f60407a6c482099237160dd135f8b61c2a16be0ad5,2022-07-01 00:00:00,2022-07-31 23:00:00,Hourly,744,744,SUCCESS,YES,NONE
Mt. Boso-Boso Rain,Rainfall_mm,2022,8,8. August.xlsx,C:\Users\chris\Desktop\codes\floodguard\data compilation\Data from MMDA-20260727T035138Z-1-001\Data from MMDA\Mt. Boso-Boso-20260813T023038Z-1-001\Mt. Boso-Boso\2022\8. August.xlsx,XLSX,35943,32b841b6705d6d54871480577dc1c29dbcbe16667dd9638e33eeea491b7f1215,2022-08-01 00:00:00,2022-08-31 23:00:00,Hourly,744,744,SUCCESS,YES,NONE
Mt. Boso-Boso Rain,Rainfall_mm,2022,9,9. September.xlsx,C:\Users\chris\Desktop\codes\floodguard\data compilation\Data from MMDA-20260727T035138Z-1-001\Data from MMDA\Mt. Boso-Boso-20260813T023038Z-1-001\Mt. Boso-Boso\2022\9. September.xlsx,XLSX,100082,93c6a4299763b4d5d511259da2f030e61473d21913e0137dd1ae413827f91e9a,2022-09-01 00:00:00,2022-09-30 23:00:00,Hourly,720,720,SUCCESS,YES,NONE
Mt. Boso-Boso Rain,Rainfall_mm,2023,1,1. January.xlsx,C:\Users\chris\Desktop\codes\floodguard\data compilation\Data from MMDA-20260727T035138Z-1-001\Data from MMDA\Mt. Boso-Boso-20260813T023038Z-1-001\Mt. Boso-Boso\2023\1. January.xlsx,XLSX,21694,164687b5c49bc68e357831815b989c7460eb29b6746df79584fbd4396bd757be,2023-01-01 00:00:00,2023-01-31 23:00:00,Hourly,744,744,SUCCESS,YES,NONE
Mt. Boso-Boso Rain,Rainfall_mm,2023,11,11. November.xlsx,C:\Users\chris\Desktop\codes\floodguard\data compilation\Data from MMDA-20260727T035138Z-1-001\Data from MMDA\Mt. Boso-Boso-20260813T023038Z-1-001\Mt. Boso-Boso\2023\11. November.xlsx,XLSX,21590,4f72980f71668eb8d14a82394d2b136da264b207f65be86030a47c8e8f23406f,2023-11-01 00:00:00,2023-11-30 23:00:00,Hourly,720,720,SUCCESS,YES,NONE
Mt. Boso-Boso Rain,Rainfall_mm,2023,10,11. October.xlsx,C:\Users\chris\Desktop\codes\floodguard\data compilation\Data from MMDA-20260727T035138Z-1-001\Data from MMDA\Mt. Boso-Boso-20260813T023038Z-1-001\Mt. Boso-Boso\2023\11. October.xlsx,XLSX,23423,fb976334e9cd83fd2c8956a95049af4254773370f6c44b0a1137cb8950083e5a,2023-10-01 00:00:00,2023-10-31 23:00:00,Hourly,744,744,SUCCESS,YES,NONE
Mt. Boso-Boso Rain,Rainfall_mm,2023,12,12. December.xlsx,C:\Users\chris\Desktop\codes\floodguard\data compilation\Data from MMDA-20260727T035138Z-1-001\Data from MMDA\Mt. Boso-Boso-20260813T023038Z-1-001\Mt. Boso-Boso\2023\12. December.xlsx,XLSX,23042,729f5ad00058b76bef84ea8a3c4bb63134e232eecee3c1ce56fa2e514f44c85d,2023-12-01 00:00:00,2023-12-31 23:00:00,Hourly,743,743,SUCCESS,YES,NONE
Mt. Boso-Boso Rain,Rainfall_mm,2023,2,2. February.xlsx,C:\Users\chris\Desktop\codes\floodguard\data compilation\Data from MMDA-20260727T035138Z-1-001\Data from MMDA\Mt. Boso-Boso-20260813T023038Z-1-001\Mt. Boso-Boso\2023\2. February.xlsx,XLSX,20998,2896ba1e740dcc9c0c15e45a43ed898139dfb25ccbc8b826c91624306fa5fa8f,2023-02-01 00:00:00,2023-02-28 23:00:00,Hourly,672,672,SUCCESS,YES,NONE
Mt. Boso-Boso Rain,Rainfall_mm,2023,3,3. March.xlsx,C:\Users\chris\Desktop\codes\floodguard\data compilation\Data from MMDA-20260727T035138Z-1-001\Data from MMDA\Mt. Boso-Boso-20260813T023038Z-1-001\Mt. Boso-Boso\2023\3. March.xlsx,XLSX,21190,3b8a16efac1d3725afbd0adf42d10a60950ab6d8f25153c1e00969ff18002563,2023-03-01 00:00:00,2023-03-31 23:00:00,Hourly,744,744,SUCCESS,YES,NONE
Mt. Boso-Boso Rain,Rainfall_mm,2023,4,4. April.xlsx,C:\Users\chris\Desktop\codes\floodguard\data compilation\Data from MMDA-20260727T035138Z-1-001\Data from MMDA\Mt. Boso-Boso-20260813T023038Z-1-001\Mt. Boso-Boso\2023\4. April.xlsx,XLSX,21730,eecf3332544daf84e9ed6365b87c87cd6ddd6ef82cd739d73bc448d8db22dbf9,2023-04-01 00:00:00,2023-04-30 23:00:00,Hourly,720,720,SUCCESS,YES,NONE
Mt. Boso-Boso Rain,Rainfall_mm,2023,5,5. May.xlsx,C:\Users\chris\Desktop\codes\floodguard\data compilation\Data from MMDA-20260727T035138Z-1-001\Data from MMDA\Mt. Boso-Boso-20260813T023038Z-1-001\Mt. Boso-Boso\2023\5. May.xlsx,XLSX,21724,0f2065abf22cf459e8d3d7421407352f4d5a3802eee1ff3cc924d14deb661ce1,2023-05-01 00:00:00,2023-05-31 23:00:00,Hourly,744,744,SUCCESS,YES,NONE
Mt. Boso-Boso Rain,Rainfall_mm,2023,6,6. June.xlsx,C:\Users\chris\Desktop\codes\floodguard\data compilation\Data from MMDA-20260727T035138Z-1-001\Data from MMDA\Mt. Boso-Boso-20260813T023038Z-1-001\Mt. Boso-Boso\2023\6. June.xlsx,XLSX,22124,ce07097903bdddedb3dda55254efdcc0c91a0c9ac90f92249892af81a9acc318,2023-06-01 00:00:00,2023-06-30 23:00:00,Hourly,720,720,SUCCESS,YES,NONE
Mt. Boso-Boso Rain,Rainfall_mm,2023,7,7. July.xlsx,C:\Users\chris\Desktop\codes\floodguard\data compilation\Data from MMDA-20260727T035138Z-1-001\Data from MMDA\Mt. Boso-Boso-20260813T023038Z-1-001\Mt. Boso-Boso\2023\7. July.xlsx,XLSX,23033,165b84e9e4f0d9dfce9aae6b001821a7cd8a135e36c8362a1f245c20f04c1274,2023-07-01 00:00:00,2023-07-31 23:00:00,Hourly,744,744,SUCCESS,YES,NONE
Mt. Boso-Boso Rain,Rainfall_mm,2023,8,8. August.xlsx,C:\Users\chris\Desktop\codes\floodguard\data compilation\Data from MMDA-20260727T035138Z-1-001\Data from MMDA\Mt. Boso-Boso-20260813T023038Z-1-001\Mt. Boso-Boso\2023\8. August.xlsx,XLSX,22851,a0342f9ad5048f9121733d3fa110ba3a64c9e4379b0c5252c4c2761d436c4a78,2023-08-01 00:00:00,2023-08-31 23:00:00,Hourly,744,744,SUCCESS,YES,NONE
Mt. Boso-Boso Rain,Rainfall_mm,2023,9,9. September.xlsx,C:\Users\chris\Desktop\codes\floodguard\data compilation\Data from MMDA-20260727T035138Z-1-001\Data from MMDA\Mt. Boso-Boso-20260813T023038Z-1-001\Mt. Boso-Boso\2023\9. September.xlsx,XLSX,22185,b6cb4824414b283f9cc4dbd25327b3a6d9ae95947f9893f85c4aed569d0dc7f8,2023-09-01 00:00:00,2023-09-30 23:00:00,Hourly,720,720,SUCCESS,YES,NONE
Mt. Boso-Boso Rain,Rainfall_mm,2024,1,1. January.xlsx,C:\Users\chris\Desktop\codes\floodguard\data compilation\Data from MMDA-20260727T035138Z-1-001\Data from MMDA\Mt. Boso-Boso-20260813T023038Z-1-001\Mt. Boso-Boso\2024\1. January.xlsx,XLSX,21692,67af1a5263375c6c918bbd8bee05b9f44df5e96d05afe6d845d33380efa833c2,2024-01-01 00:00:00,2024-01-31 23:00:00,Hourly,742,742,SUCCESS,YES,NONE
Mt. Boso-Boso Rain,Rainfall_mm,2024,10,10. October.xlsx,C:\Users\chris\Desktop\codes\floodguard\data compilation\Data from MMDA-20260727T035138Z-1-001\Data from MMDA\Mt. Boso-Boso-20260813T023038Z-1-001\Mt. Boso-Boso\2024\10. October.xlsx,XLSX,22620,690b2d5533e82c6739216b9c4ecfe6b54a191ee6113aee349343f0295fa54c6f,2024-10-01 00:00:00,2024-10-31 23:00:00,Hourly,744,744,SUCCESS,YES,NONE
Mt. Boso-Boso Rain,Rainfall_mm,2024,11,11. November.xlsx,C:\Users\chris\Desktop\codes\floodguard\data compilation\Data from MMDA-20260727T035138Z-1-001\Data from MMDA\Mt. Boso-Boso-20260813T023038Z-1-001\Mt. Boso-Boso\2024\11. November.xlsx,XLSX,21785,4ca50a37933e4fababd89ae103408a6219762caff6f4bb87b2e474cd28ed415d,2024-11-01 00:00:00,2024-11-30 23:00:00,Hourly,720,720,SUCCESS,YES,NONE
Mt. Boso-Boso Rain,Rainfall_mm,2024,12,12. December.xlsx,C:\Users\chris\Desktop\codes\floodguard\data compilation\Data from MMDA-20260727T035138Z-1-001\Data from MMDA\Mt. Boso-Boso-20260813T023038Z-1-001\Mt. Boso-Boso\2024\12. December.xlsx,XLSX,22098,cd0cedcbac0bcffce43495aaec1424bd8b685aad849c531a54b9123d6cb84f8f,2024-12-01 00:00:00,2024-12-31 23:00:00,Hourly,744,744,SUCCESS,YES,NONE
Mt. Boso-Boso Rain,Rainfall_mm,2024,2,2. February.xlsx,C:\Users\chris\Desktop\codes\floodguard\data compilation\Data from MMDA-20260727T035138Z-1-001\Data from MMDA\Mt. Boso-Boso-20260813T023038Z-1-001\Mt. Boso-Boso\2024\2. February.xlsx,XLSX,20966,ed96ec912fc8a9be8784bfb5bbbe5adf1949fb365be9f872f9c839d5359408eb,2024-02-01 00:00:00,2024-02-29 23:00:00,Hourly,696,696,SUCCESS,YES,NONE
Mt. Boso-Boso Rain,Rainfall_mm,2024,3,3. March.xlsx,C:\Users\chris\Desktop\codes\floodguard\data compilation\Data from MMDA-20260727T035138Z-1-001\Data from MMDA\Mt. Boso-Boso-20260813T023038Z-1-001\Mt. Boso-Boso\2024\3. March.xlsx,XLSX,21321,8bbbf32f3310935cafc6467b7837e3897218fbce19b881800397bbf33db50c5c,2024-03-01 00:00:00,2024-03-31 23:00:00,Hourly,744,744,SUCCESS,YES,NONE
Mt. Boso-Boso Rain,Rainfall_mm,2024,4,4. April.xlsx,C:\Users\chris\Desktop\codes\floodguard\data compilation\Data from MMDA-20260727T035138Z-1-001\Data from MMDA\Mt. Boso-Boso-20260813T023038Z-1-001\Mt. Boso-Boso\2024\4. April.xlsx,XLSX,85453,ca614685f3cb93010f2ac851a9064b24e98a3693b0675358a0196f59eaab0416,2024-04-01 00:00:00,2024-04-30 23:00:00,Hourly,720,720,SUCCESS,YES,NONE
Mt. Boso-Boso Rain,Rainfall_mm,2024,5,5. May.xlsx,C:\Users\chris\Desktop\codes\floodguard\data compilation\Data from MMDA-20260727T035138Z-1-001\Data from MMDA\Mt. Boso-Boso-20260813T023038Z-1-001\Mt. Boso-Boso\2024\5. May.xlsx,XLSX,21779,06a7b0f46baee759f6e3be5bc74729dd9027f1024e594f1e72aeaafa35d167fd,2024-05-01 00:00:00,2024-05-31 23:00:00,Hourly,744,744,SUCCESS,YES,NONE
Mt. Boso-Boso Rain,Rainfall_mm,2024,6,6. June.xlsx,C:\Users\chris\Desktop\codes\floodguard\data compilation\Data from MMDA-20260727T035138Z-1-001\Data from MMDA\Mt. Boso-Boso-20260813T023038Z-1-001\Mt. Boso-Boso\2024\6. June.xlsx,XLSX,22164,270cd7b56876f1de52c8b166e574a9c6040752ccae8d8edaf4b6ef2c5bee2f88,2024-06-01 00:00:00,2024-06-30 23:00:00,Hourly,720,720,SUCCESS,YES,NONE
Mt. Boso-Boso Rain,Rainfall_mm,2024,7,7. July.xlsx,C:\Users\chris\Desktop\codes\floodguard\data compilation\Data from MMDA-20260727T035138Z-1-001\Data from MMDA\Mt. Boso-Boso-20260813T023038Z-1-001\Mt. Boso-Boso\2024\7. July.xlsx,XLSX,22455,936470776cf5feac017647602d4dfce31256084707fbe085e45761834d9f1146,2024-07-01 00:00:00,2024-07-31 23:00:00,Hourly,743,743,SUCCESS,YES,NONE
Mt. Boso-Boso Rain,Rainfall_mm,2024,8,8. August.xlsx,C:\Users\chris\Desktop\codes\floodguard\data compilation\Data from MMDA-20260727T035138Z-1-001\Data from MMDA\Mt. Boso-Boso-20260813T023038Z-1-001\Mt. Boso-Boso\2024\8. August.xlsx,XLSX,22292,1af9330f2c789b5b16b426670d264ba0c7fb4424f4c5100159a183afd23246e0,2024-08-01 00:00:00,2024-08-31 23:00:00,Hourly,744,744,SUCCESS,YES,NONE
Mt. Boso-Boso Rain,Rainfall_mm,2024,9,9. September.xlsx,C:\Users\chris\Desktop\codes\floodguard\data compilation\Data from MMDA-20260727T035138Z-1-001\Data from MMDA\Mt. Boso-Boso-20260813T023038Z-1-001\Mt. Boso-Boso\2024\9. September.xlsx,XLSX,22375,5ff7d8033b9e5823ef431ef150dcd97ad886f5b071d9ced3938d5b8f24c10cb7,2024-09-01 00:00:00,2024-09-30 23:00:00,Hourly,720,720,SUCCESS,YES,NONE
Mt. Boso-Boso Rain,Rainfall_mm,2025,1,1. January.pdf,C:\Users\chris\Desktop\codes\floodguard\data compilation\Data from MMDA-20260727T035138Z-1-001\Data from MMDA\Mt. Boso-Boso-20260813T023038Z-1-001\Mt. Boso-Boso\2025\1. January.pdf,PDF,107611,6176014c8f708dde3f2d42eae98799c0862ab2de87068b4629b3bde210cea8c7,2025-01-01 00:00:00,2025-01-31 23:00:00,Hourly,744,744,SUCCESS,YES,NONE
Mt. Boso-Boso Rain,Rainfall_mm,2025,10,10. Oct.pdf,C:\Users\chris\Desktop\codes\floodguard\data compilation\Data from MMDA-20260727T035138Z-1-001\Data from MMDA\Mt. Boso-Boso-20260813T023038Z-1-001\Mt. Boso-Boso\2025\10. Oct.pdf,PDF,107512,9745f39f09cf56b40bcdfb80312eb2865414ca3f8b09539f6ca2dad88f03b82a,NONE,NONE,Hourly,0,0,QUARANTINED,NO,QUARANTINED_DUPLICATE_NOVEMBER_2025_PDF
Mt. Boso-Boso Rain,Rainfall_mm,2025,11,11. Nov.pdf,C:\Users\chris\Desktop\codes\floodguard\data compilation\Data from MMDA-20260727T035138Z-1-001\Data from MMDA\Mt. Boso-Boso-20260813T023038Z-1-001\Mt. Boso-Boso\2025\11. Nov.pdf,PDF,107512,9745f39f09cf56b40bcdfb80312eb2865414ca3f8b09539f6ca2dad88f03b82a,2025-11-01 00:00:00,2025-11-30 23:00:00,Hourly,720,720,SUCCESS,YES,NONE
Mt. Boso-Boso Rain,Rainfall_mm,2025,12,12. Dec.pdf,C:\Users\chris\Desktop\codes\floodguard\data compilation\Data from MMDA-20260727T035138Z-1-001\Data from MMDA\Mt. Boso-Boso-20260813T023038Z-1-001\Mt. Boso-Boso\2025\12. Dec.pdf,PDF,108228,5012a36d9003ded1edaa519f79246641b596a4c4a4612c4b75c4a1d8e7284a6a,2025-12-01 00:00:00,2025-12-31 23:00:00,Hourly,744,744,SUCCESS,YES,NONE
Mt. Boso-Boso Rain,Rainfall_mm,2025,2,2. Feb.pdf,C:\Users\chris\Desktop\codes\floodguard\data compilation\Data from MMDA-20260727T035138Z-1-001\Data from MMDA\Mt. Boso-Boso-20260813T023038Z-1-001\Mt. Boso-Boso\2025\2. Feb.pdf,PDF,101586,54696816cd441b24a25d8f3481c56a875d70467b4f8f84db99fb25a887af897b,2025-02-01 00:00:00,2025-02-28 23:00:00,Hourly,672,672,SUCCESS,YES,NONE
Mt. Boso-Boso Rain,Rainfall_mm,2025,3,3. March.pdf,C:\Users\chris\Desktop\codes\floodguard\data compilation\Data from MMDA-20260727T035138Z-1-001\Data from MMDA\Mt. Boso-Boso-20260813T023038Z-1-001\Mt. Boso-Boso\2025\3. March.pdf,PDF,107198,0165e5be0f49aa35048c3950d2c69646b6870f81575937b5218993469ddc04ff,2025-03-01 00:00:00,2025-03-31 23:00:00,Hourly,744,744,SUCCESS,YES,NONE
Mt. Boso-Boso Rain,Rainfall_mm,2025,4,4. April.pdf,C:\Users\chris\Desktop\codes\floodguard\data compilation\Data from MMDA-20260727T035138Z-1-001\Data from MMDA\Mt. Boso-Boso-20260813T023038Z-1-001\Mt. Boso-Boso\2025\4. April.pdf,PDF,107256,cb2e5dae9102fa7eae37983109bc342944f83928671306f19f8f60dfdf5799ec,2025-04-01 00:00:00,2025-04-30 23:00:00,Hourly,720,720,SUCCESS,YES,NONE
Mt. Boso-Boso Rain,Rainfall_mm,2025,5,5. May.pdf,C:\Users\chris\Desktop\codes\floodguard\data compilation\Data from MMDA-20260727T035138Z-1-001\Data from MMDA\Mt. Boso-Boso-20260813T023038Z-1-001\Mt. Boso-Boso\2025\5. May.pdf,PDF,106041,3d0f737b387adcce5ca9479cb4393ccadfcc5487dcb1a5b89c254eb254be3992,2025-05-01 00:00:00,2025-05-31 23:00:00,Hourly,744,744,SUCCESS,YES,NONE
Mt. Boso-Boso Rain,Rainfall_mm,2025,6,6. June.pdf,C:\Users\chris\Desktop\codes\floodguard\data compilation\Data from MMDA-20260727T035138Z-1-001\Data from MMDA\Mt. Boso-Boso-20260813T023038Z-1-001\Mt. Boso-Boso\2025\6. June.pdf,PDF,107178,fb63be0900b5fac684d6b9c8f1ff2bea3abb741bab27d24bead561db1e851932,2025-06-01 00:00:00,2025-06-30 23:00:00,Hourly,720,720,SUCCESS,YES,NONE
Mt. Boso-Boso Rain,Rainfall_mm,2025,7,7. July.pdf,C:\Users\chris\Desktop\codes\floodguard\data compilation\Data from MMDA-20260727T035138Z-1-001\Data from MMDA\Mt. Boso-Boso-20260813T023038Z-1-001\Mt. Boso-Boso\2025\7. July.pdf,PDF,108061,2b3caf6cf78f947a8088c376e8ff3dc45055529d6e83ba4bb8f0a51ede57fd6b,2025-07-01 00:00:00,2025-07-31 23:00:00,Hourly,744,744,SUCCESS,YES,NONE
Mt. Boso-Boso Rain,Rainfall_mm,2025,8,8. Aug.pdf,C:\Users\chris\Desktop\codes\floodguard\data compilation\Data from MMDA-20260727T035138Z-1-001\Data from MMDA\Mt. Boso-Boso-20260813T023038Z-1-001\Mt. Boso-Boso\2025\8. Aug.pdf,PDF,108275,78d9e4beb9611e8077495a0863a5ac65f081ce908c259594ad1ac4418133d153,2025-08-01 00:00:00,2025-08-31 23:00:00,Hourly,742,742,SUCCESS,YES,NONE
Mt. Boso-Boso Rain,Rainfall_mm,2025,9,9. Sept.pdf,C:\Users\chris\Desktop\codes\floodguard\data compilation\Data from MMDA-20260727T035138Z-1-001\Data from MMDA\Mt. Boso-Boso-20260813T023038Z-1-001\Mt. Boso-Boso\2025\9. Sept.pdf,PDF,108763,db8f3814dd85bf73d4500587188358aaa0a27192900ea94059986a210b6c65c6,2025-09-01 00:00:00,2025-09-30 23:00:00,Hourly,720,720,SUCCESS,YES,NONE
Mt. Campana Rain,Rainfall_mm,2016,4,Apr.xls,C:\Users\chris\Desktop\codes\floodguard\data compilation\Data from MMDA-20260727T035138Z-1-001\Data from MMDA\Mt. Campana-20260814T163506Z-1-001\Mt. Campana\2016\Apr.xls,XLS,52736,d79e1732bb7c9668074f5deff3909e1250dfd082d74419af06501c9df1d31737,2016-04-01 00:00:00,2016-04-29 23:00:00,Hourly,696,696,SUCCESS,YES,NONE
Mt. Campana Rain,Rainfall_mm,2016,8,Aug.xls,C:\Users\chris\Desktop\codes\floodguard\data compilation\Data from MMDA-20260727T035138Z-1-001\Data from MMDA\Mt. Campana-20260814T163506Z-1-001\Mt. Campana\2016\Aug.xls,XLS,45568,e3136a21d5fde752b3ca41a831e26cccac45cc2e1b4bb75b807214f7bc7c38b0,2016-08-01 00:00:00,2016-08-31 23:00:00,Hourly,744,744,SUCCESS,YES,NONE
Mt. Campana Rain,Rainfall_mm,2016,2,Feb.xls,C:\Users\chris\Desktop\codes\floodguard\data compilation\Data from MMDA-20260727T035138Z-1-001\Data from MMDA\Mt. Campana-20260814T163506Z-1-001\Mt. Campana\2016\Feb.xls,XLS,45568,159c28d0ac326159e2bc4da01421b48b52fda928c08956bf685977352ddefa41,2016-02-01 00:00:00,2016-02-29 23:00:00,Hourly,696,696,SUCCESS,YES,NONE
Mt. Campana Rain,Rainfall_mm,2016,1,Jan.xls,C:\Users\chris\Desktop\codes\floodguard\data compilation\Data from MMDA-20260727T035138Z-1-001\Data from MMDA\Mt. Campana-20260814T163506Z-1-001\Mt. Campana\2016\Jan.xls,XLS,48640,a12ff7f6a25cb83f494493eafb898ca49a7c6c92d72b125c782190428707a079,2016-01-01 00:00:00,2016-01-31 23:00:00,Hourly,744,744,SUCCESS,YES,NONE
Mt. Campana Rain,Rainfall_mm,2016,7,Jul.xls,C:\Users\chris\Desktop\codes\floodguard\data compilation\Data from MMDA-20260727T035138Z-1-001\Data from MMDA\Mt. Campana-20260814T163506Z-1-001\Mt. Campana\2016\Jul.xls,XLS,48640,ec4b5e8fd8526c2b0327da449c40b3366fc8392d0672f2e17bed549e0dcca86e,2016-07-01 00:00:00,2016-07-31 23:00:00,Hourly,744,744,SUCCESS,YES,NONE
Mt. Campana Rain,Rainfall_mm,2016,6,Jun.xls,C:\Users\chris\Desktop\codes\floodguard\data compilation\Data from MMDA-20260727T035138Z-1-001\Data from MMDA\Mt. Campana-20260814T163506Z-1-001\Mt. Campana\2016\Jun.xls,XLS,45568,52ef689db6196a06e36b023ac6d968e7f33dea1797bedfa83cb8f9ac25b89494,2016-06-01 00:00:00,2016-06-30 23:00:00,Hourly,720,720,SUCCESS,YES,NONE
Mt. Campana Rain,Rainfall_mm,2016,3,Mar.xls,C:\Users\chris\Desktop\codes\floodguard\data compilation\Data from MMDA-20260727T035138Z-1-001\Data from MMDA\Mt. Campana-20260814T163506Z-1-001\Mt. Campana\2016\Mar.xls,XLS,45568,dea48a2605293d5fc58c4f18559814e5a0cfa5c161fa1a0b3729624434341591,2016-03-01 00:00:00,2016-03-31 23:00:00,Hourly,744,744,SUCCESS,YES,NONE
Mt. Campana Rain,Rainfall_mm,2016,5,May.xls,C:\Users\chris\Desktop\codes\floodguard\data compilation\Data from MMDA-20260727T035138Z-1-001\Data from MMDA\Mt. Campana-20260814T163506Z-1-001\Mt. Campana\2016\May.xls,XLS,45568,d588e421561a598020458269e1d1ad7d91d3fc26dbbfb22a70ce87a1c2806655,2016-05-01 00:00:00,2016-05-31 23:00:00,Hourly,744,744,SUCCESS,YES,NONE
Mt. Campana Rain,Rainfall_mm,2016,10,Oct.xls,C:\Users\chris\Desktop\codes\floodguard\data compilation\Data from MMDA-20260727T035138Z-1-001\Data from MMDA\Mt. Campana-20260814T163506Z-1-001\Mt. Campana\2016\Oct.xls,XLS,33792,a44e144fbf7b8a1fb9cf7b74ae50470a12a48141cb5414ab88c275c7e79085bd,2016-10-01 00:00:00,2016-10-31 23:00:00,Hourly,744,744,SUCCESS,YES,NONE
Mt. Campana Rain,Rainfall_mm,2016,9,Sep.xls,C:\Users\chris\Desktop\codes\floodguard\data compilation\Data from MMDA-20260727T035138Z-1-001\Data from MMDA\Mt. Campana-20260814T163506Z-1-001\Mt. Campana\2016\Sep.xls,XLS,48640,3673822dc40ac68f3d0d4254b9f46e267161f6445c96ac975131a28f0b4b2f56,2016-09-01 00:00:00,2016-09-30 23:00:00,Hourly,720,720,SUCCESS,YES,NONE
Mt. Campana Rain,Rainfall_mm,2016,12,dec.xlsx,C:\Users\chris\Desktop\codes\floodguard\data compilation\Data from MMDA-20260727T035138Z-1-001\Data from MMDA\Mt. Campana-20260814T163506Z-1-001\Mt. Campana\2016\dec.xlsx,XLSX,15740,67d0e03d2bf689c605598cfe44b0ce02492f4e71137d5740ca17f51b9624ff47,2016-12-01 00:00:00,2016-12-31 23:00:00,Hourly,744,744,SUCCESS,YES,NONE
Mt. Campana Rain,Rainfall_mm,2016,11,nov.xls,C:\Users\chris\Desktop\codes\floodguard\data compilation\Data from MMDA-20260727T035138Z-1-001\Data from MMDA\Mt. Campana-20260814T163506Z-1-001\Mt. Campana\2016\nov.xls,XLS,45056,4496d2e4fea0e69222a09d1c1a852b4bbc5a561bea9b36799bfcd422dff902e2,2016-11-01 00:00:00,2016-11-30 23:00:00,Hourly,720,720,SUCCESS,YES,NONE
Mt. Campana Rain,Rainfall_mm,2017,4,MT CAMPANA - APRIL 2017.xlsx,C:\Users\chris\Desktop\codes\floodguard\data compilation\Data from MMDA-20260727T035138Z-1-001\Data from MMDA\Mt. Campana-20260814T163506Z-1-001\Mt. Campana\2017\MT CAMPANA - APRIL 2017.xlsx,XLSX,31007,99141907f0de5d070beb2c75fb816049ade8709a4acf42bbd594efa8186c7073,2017-04-01 00:00:00,2017-04-30 23:00:00,Hourly,720,720,SUCCESS,YES,NONE
Mt. Campana Rain,Rainfall_mm,2017,8,MT CAMPANA - AUGUST 2017.xlsx,C:\Users\chris\Desktop\codes\floodguard\data compilation\Data from MMDA-20260727T035138Z-1-001\Data from MMDA\Mt. Campana-20260814T163506Z-1-001\Mt. Campana\2017\MT CAMPANA - AUGUST 2017.xlsx,XLSX,36223,d5b6406ad6f625b39982380d7cd800c31692027e55e9fcded4e91f56e94e35b5,2017-08-01 00:00:00,2017-08-31 23:00:00,Hourly,744,744,SUCCESS,YES,NONE
Mt. Campana Rain,Rainfall_mm,2017,12,MT CAMPANA - DECEMBER 2017.xlsx,C:\Users\chris\Desktop\codes\floodguard\data compilation\Data from MMDA-20260727T035138Z-1-001\Data from MMDA\Mt. Campana-20260814T163506Z-1-001\Mt. Campana\2017\MT CAMPANA - DECEMBER 2017.xlsx,XLSX,33763,bef0ec431589f27a39242da75cddf2a31cfa8b694f87102e3a51d8a7ed69d523,2017-12-01 00:00:00,2017-12-31 23:00:00,Hourly,744,744,SUCCESS,YES,NONE
Mt. Campana Rain,Rainfall_mm,2017,2,MT CAMPANA - FEBRUARY 2017.xlsx,C:\Users\chris\Desktop\codes\floodguard\data compilation\Data from MMDA-20260727T035138Z-1-001\Data from MMDA\Mt. Campana-20260814T163506Z-1-001\Mt. Campana\2017\MT CAMPANA - FEBRUARY 2017.xlsx,XLSX,29975,69a18bd766d42dae0fffe6e978490da826c1adab98a71114acf5ff359c41c88b,2017-02-01 00:00:00,2017-02-28 23:00:00,Hourly,672,672,SUCCESS,YES,NONE
Mt. Campana Rain,Rainfall_mm,2017,1,MT CAMPANA - JANUARY 2017.xlsx,C:\Users\chris\Desktop\codes\floodguard\data compilation\Data from MMDA-20260727T035138Z-1-001\Data from MMDA\Mt. Campana-20260814T163506Z-1-001\Mt. Campana\2017\MT CAMPANA - JANUARY 2017.xlsx,XLSX,32167,5f6671101570cfd98779289d2c6e37e57e7c11875edc361cf453d2e49a2e21e9,2017-01-01 00:00:00,2017-01-31 23:00:00,Hourly,744,744,SUCCESS,YES,NONE
Mt. Campana Rain,Rainfall_mm,2017,7,MT CAMPANA - JULY 2017.xlsx,C:\Users\chris\Desktop\codes\floodguard\data compilation\Data from MMDA-20260727T035138Z-1-001\Data from MMDA\Mt. Campana-20260814T163506Z-1-001\Mt. Campana\2017\MT CAMPANA - JULY 2017.xlsx,XLSX,36211,dbb96d76f80ef0902eb0857434e74ed422200023a115685105e9bb5fb64598da,2017-07-01 00:00:00,2017-07-31 23:00:00,Hourly,744,744,SUCCESS,YES,NONE
Mt. Campana Rain,Rainfall_mm,2017,6,MT CAMPANA - JUNE 2017.xlsx,C:\Users\chris\Desktop\codes\floodguard\data compilation\Data from MMDA-20260727T035138Z-1-001\Data from MMDA\Mt. Campana-20260814T163506Z-1-001\Mt. Campana\2017\MT CAMPANA - JUNE 2017.xlsx,XLSX,32417,6b37d0e597eb60af53368b98825781e6b763df3fdb3a7404ab363a24f2c1cccb,2017-06-01 00:00:00,2017-06-30 23:00:00,Hourly,720,720,SUCCESS,YES,NONE
Mt. Campana Rain,Rainfall_mm,2017,3,MT CAMPANA - MARCH 2017.xlsx,C:\Users\chris\Desktop\codes\floodguard\data compilation\Data from MMDA-20260727T035138Z-1-001\Data from MMDA\Mt. Campana-20260814T163506Z-1-001\Mt. Campana\2017\MT CAMPANA - MARCH 2017.xlsx,XLSX,29728,62dd842ca79121fdca0a61463063f94c30709795e03181fc5491bfac67b24333,2017-03-01 00:00:00,2017-03-31 23:00:00,Hourly,744,744,SUCCESS,YES,NONE
Mt. Campana Rain,Rainfall_mm,2017,5,MT CAMPANA - MAY 2017.xlsx,C:\Users\chris\Desktop\codes\floodguard\data compilation\Data from MMDA-20260727T035138Z-1-001\Data from MMDA\Mt. Campana-20260814T163506Z-1-001\Mt. Campana\2017\MT CAMPANA - MAY 2017.xlsx,XLSX,32666,68115b405c5f4599a0b9a483539425c841ed9ac42716157d63ecbb20571a0924,2017-05-01 00:00:00,2017-05-31 23:00:00,Hourly,744,744,SUCCESS,YES,NONE
Mt. Campana Rain,Rainfall_mm,2017,11,MT CAMPANA - NOVEMBER 2017.xlsx,C:\Users\chris\Desktop\codes\floodguard\data compilation\Data from MMDA-20260727T035138Z-1-001\Data from MMDA\Mt. Campana-20260814T163506Z-1-001\Mt. Campana\2017\MT CAMPANA - NOVEMBER 2017.xlsx,XLSX,33540,a8c9e09bfef1bf841425e08d4451c9d945087351c71fe629eec88a7ae6cd56b6,2017-11-01 00:00:00,2017-11-30 23:00:00,Hourly,720,720,SUCCESS,YES,NONE
Mt. Campana Rain,Rainfall_mm,2017,10,MT CAMPANA - OCTOBER 2017.xlsx,C:\Users\chris\Desktop\codes\floodguard\data compilation\Data from MMDA-20260727T035138Z-1-001\Data from MMDA\Mt. Campana-20260814T163506Z-1-001\Mt. Campana\2017\MT CAMPANA - OCTOBER 2017.xlsx,XLSX,35321,a5ece543cb14d0130a0ec87e0e9876e59cec5cdc89111a5238c89ce5155e1415,2017-10-01 00:00:00,2017-10-31 23:00:00,Hourly,744,744,SUCCESS,YES,NONE
Mt. Campana Rain,Rainfall_mm,2017,9,MT CAMPANA - SEPTEMBER 2017.xlsx,C:\Users\chris\Desktop\codes\floodguard\data compilation\Data from MMDA-20260727T035138Z-1-001\Data from MMDA\Mt. Campana-20260814T163506Z-1-001\Mt. Campana\2017\MT CAMPANA - SEPTEMBER 2017.xlsx,XLSX,34421,e02066891b4bb7ae49bfaf56dccf3338ec485b41f0aee04448e81c9091a904d8,2017-09-01 00:00:00,2017-09-30 23:00:00,Hourly,720,720,SUCCESS,YES,NONE
Mt. Campana Rain,Rainfall_mm,2018,1,1. January.xlsx,C:\Users\chris\Desktop\codes\floodguard\data compilation\Data from MMDA-20260727T035138Z-1-001\Data from MMDA\Mt. Campana-20260814T163506Z-1-001\Mt. Campana\2018\1. January.xlsx,XLSX,32169,d339ba17104d11fc5a4b5445dcf12302cfa6903f43ed154b06221561ece0e256,2018-01-01 00:00:00,2018-01-31 23:00:00,Hourly,744,744,SUCCESS,YES,NONE
Mt. Campana Rain,Rainfall_mm,2018,10,10. October.xlsx,C:\Users\chris\Desktop\codes\floodguard\data compilation\Data from MMDA-20260727T035138Z-1-001\Data from MMDA\Mt. Campana-20260814T163506Z-1-001\Mt. Campana\2018\10. October.xlsx,XLSX,32128,bf503a9b3418ce93bc902814299af06bf54997f6783cf0119d46dc8a45fdc03a,2018-10-01 00:00:00,2018-10-30 23:00:00,Hourly,720,720,SUCCESS,YES,NONE
Mt. Campana Rain,Rainfall_mm,2018,11,11. November.xlsx,C:\Users\chris\Desktop\codes\floodguard\data compilation\Data from MMDA-20260727T035138Z-1-001\Data from MMDA\Mt. Campana-20260814T163506Z-1-001\Mt. Campana\2018\11. November.xlsx,XLSX,30377,65339be0192cb14352e78f135b05eae3d411bd3c5c6cd9ee2af899fefadcefef,2018-11-01 00:00:00,2018-11-30 23:00:00,Hourly,720,720,SUCCESS,YES,NONE
Mt. Campana Rain,Rainfall_mm,2018,12,12. December.xlsx,C:\Users\chris\Desktop\codes\floodguard\data compilation\Data from MMDA-20260727T035138Z-1-001\Data from MMDA\Mt. Campana-20260814T163506Z-1-001\Mt. Campana\2018\12. December.xlsx,XLSX,34298,531a41ca5b1faa6dd4e865d5c8ef632274eb7171042da2b7b66607101ffa9df8,2018-12-01 00:00:00,2018-12-30 23:00:00,Hourly,720,720,SUCCESS,YES,NONE
Mt. Campana Rain,Rainfall_mm,2018,2,2. February.xlsx,C:\Users\chris\Desktop\codes\floodguard\data compilation\Data from MMDA-20260727T035138Z-1-001\Data from MMDA\Mt. Campana-20260814T163506Z-1-001\Mt. Campana\2018\2. February.xlsx,XLSX,28507,f33b8cabf68309648ed9f634772cbb7505b5435b47a6d8a4b913fd4abc9ec1a4,2018-02-01 00:00:00,2018-02-28 23:00:00,Hourly,672,672,SUCCESS,YES,NONE
Mt. Campana Rain,Rainfall_mm,2018,3,3. March.xlsx,C:\Users\chris\Desktop\codes\floodguard\data compilation\Data from MMDA-20260727T035138Z-1-001\Data from MMDA\Mt. Campana-20260814T163506Z-1-001\Mt. Campana\2018\3. March.xlsx,XLSX,30876,532119d5ea5401c76056b79a51fc21042f531bee8fcae92399a13c41e41371ed,2018-03-01 00:00:00,2018-03-31 23:00:00,Hourly,744,744,SUCCESS,YES,NONE
Mt. Campana Rain,Rainfall_mm,2018,4,4. April.xlsx,C:\Users\chris\Desktop\codes\floodguard\data compilation\Data from MMDA-20260727T035138Z-1-001\Data from MMDA\Mt. Campana-20260814T163506Z-1-001\Mt. Campana\2018\4. April.xlsx,XLSX,29245,3b87424baddacc61e41d433078cb9bddee6561960cfac646a0b35ffd7ec197b9,2018-04-01 00:00:00,2018-04-29 23:00:00,Hourly,696,696,SUCCESS,YES,NONE
Mt. Campana Rain,Rainfall_mm,2018,5,5. May.xlsx,C:\Users\chris\Desktop\codes\floodguard\data compilation\Data from MMDA-20260727T035138Z-1-001\Data from MMDA\Mt. Campana-20260814T163506Z-1-001\Mt. Campana\2018\5. May.xlsx,XLSX,31097,34368ea2b37db5c09f38146b872a7bc9276acf4e08946e8007e32f56153336be,2018-05-01 00:00:00,2018-05-31 23:00:00,Hourly,744,744,SUCCESS,YES,NONE
Mt. Campana Rain,Rainfall_mm,2018,6,6. June.xlsx,C:\Users\chris\Desktop\codes\floodguard\data compilation\Data from MMDA-20260727T035138Z-1-001\Data from MMDA\Mt. Campana-20260814T163506Z-1-001\Mt. Campana\2018\6. June.xlsx,XLSX,37248,86f1bdf300cad331f93afb430f0f9ce083370fdbf56f08658039bd4234567930,2018-06-01 00:00:00,2018-06-30 23:00:00,Hourly,719,719,SUCCESS,YES,NONE
Mt. Campana Rain,Rainfall_mm,2018,7,7. July.xlsx,C:\Users\chris\Desktop\codes\floodguard\data compilation\Data from MMDA-20260727T035138Z-1-001\Data from MMDA\Mt. Campana-20260814T163506Z-1-001\Mt. Campana\2018\7. July.xlsx,XLSX,39320,04694be472ffbbf2a55d691a3232e11c254426adbee56dd5e2720d62a3ce28be,2018-07-01 00:00:00,2018-07-31 23:00:00,Hourly,744,744,SUCCESS,YES,NONE
Mt. Campana Rain,Rainfall_mm,2018,8,8. August.xlsx,C:\Users\chris\Desktop\codes\floodguard\data compilation\Data from MMDA-20260727T035138Z-1-001\Data from MMDA\Mt. Campana-20260814T163506Z-1-001\Mt. Campana\2018\8. August.xlsx,XLSX,38355,97d9312ac24d7fd23cc6c18a0e4f41879fc0643270863925ce73582ed17216dd,2018-08-01 00:00:00,2018-08-31 23:00:00,Hourly,694,694,SUCCESS,YES,NONE
Mt. Campana Rain,Rainfall_mm,2018,9,9. September.xlsx,C:\Users\chris\Desktop\codes\floodguard\data compilation\Data from MMDA-20260727T035138Z-1-001\Data from MMDA\Mt. Campana-20260814T163506Z-1-001\Mt. Campana\2018\9. September.xlsx,XLSX,35179,5dfb76264bf2c2be6c1ee8dea3231c37c9b5dcb96b29f179f58af382a3d38d21,2018-09-01 00:00:00,2018-09-30 23:00:00,Hourly,720,720,SUCCESS,YES,NONE
Mt. Campana Rain,Rainfall_mm,2019,1,1. January.xlsx,C:\Users\chris\Desktop\codes\floodguard\data compilation\Data from MMDA-20260727T035138Z-1-001\Data from MMDA\Mt. Campana-20260814T163506Z-1-001\Mt. Campana\2019\1. January.xlsx,XLSX,30054,25f0871da279229720f9ab083749b68108f4a137afbdc097adc4d34f1b06f2e2,2019-01-01 00:00:00,2019-01-31 23:00:00,Hourly,744,744,SUCCESS,YES,NONE
Mt. Campana Rain,Rainfall_mm,2019,10,10. October.xlsx,C:\Users\chris\Desktop\codes\floodguard\data compilation\Data from MMDA-20260727T035138Z-1-001\Data from MMDA\Mt. Campana-20260814T163506Z-1-001\Mt. Campana\2019\10. October.xlsx,XLSX,32091,6b0ad0659cf2a439c72ecfacd71962b3532cae78e0c8faad2a8b4df7fce5cb9e,2019-10-01 00:00:00,2019-10-31 23:00:00,Hourly,744,744,SUCCESS,YES,NONE
Mt. Campana Rain,Rainfall_mm,2019,11,11. November.xlsx,C:\Users\chris\Desktop\codes\floodguard\data compilation\Data from MMDA-20260727T035138Z-1-001\Data from MMDA\Mt. Campana-20260814T163506Z-1-001\Mt. Campana\2019\11. November.xlsx,XLSX,32327,59e4fbfa7c4212c64bd8a9464e40c1dba25a1b14b84f123f61484d4faeb043e0,2019-11-01 00:00:00,2019-11-30 23:00:00,Hourly,696,696,SUCCESS,YES,NONE
Mt. Campana Rain,Rainfall_mm,2019,12,12. December.xlsx,C:\Users\chris\Desktop\codes\floodguard\data compilation\Data from MMDA-20260727T035138Z-1-001\Data from MMDA\Mt. Campana-20260814T163506Z-1-001\Mt. Campana\2019\12. December.xlsx,XLSX,30610,93ec05998aa07ddd92f1ed09dabc065a98e2e7419a65f725b778bfbd3968c56b,2019-12-01 00:00:00,2019-12-31 23:00:00,Hourly,744,744,SUCCESS,YES,NONE
Mt. Campana Rain,Rainfall_mm,2019,2,2. February.xlsx,C:\Users\chris\Desktop\codes\floodguard\data compilation\Data from MMDA-20260727T035138Z-1-001\Data from MMDA\Mt. Campana-20260814T163506Z-1-001\Mt. Campana\2019\2. February.xlsx,XLSX,28517,97f812cbf0201aa8d471d523da813d765559b093aa8d911209e0c9a94e3d2fd6,2019-02-01 00:00:00,2019-02-28 23:00:00,Hourly,672,672,SUCCESS,YES,NONE
Mt. Campana Rain,Rainfall_mm,2019,3,3. March.xlsx,C:\Users\chris\Desktop\codes\floodguard\data compilation\Data from MMDA-20260727T035138Z-1-001\Data from MMDA\Mt. Campana-20260814T163506Z-1-001\Mt. Campana\2019\3. March.xlsx,XLSX,29244,b9f57ba3627aa0e92db76d1cd51aba23c51c222c7fd387fc0689d1bd6541ef53,2019-03-01 00:00:00,2019-03-31 23:00:00,Hourly,744,744,SUCCESS,YES,NONE
Mt. Campana Rain,Rainfall_mm,2019,4,4. April.xlsx,C:\Users\chris\Desktop\codes\floodguard\data compilation\Data from MMDA-20260727T035138Z-1-001\Data from MMDA\Mt. Campana-20260814T163506Z-1-001\Mt. Campana\2019\4. April.xlsx,XLSX,29061,845ce277c8a223e53084c386facd23818bc4ce2ab81afcb2ad08e513eb0aa2e8,2019-04-02 00:00:00,2019-04-30 23:00:00,Hourly,696,696,SUCCESS,YES,NONE
Mt. Campana Rain,Rainfall_mm,2019,5,5. May.xlsx,C:\Users\chris\Desktop\codes\floodguard\data compilation\Data from MMDA-20260727T035138Z-1-001\Data from MMDA\Mt. Campana-20260814T163506Z-1-001\Mt. Campana\2019\5. May.xlsx,XLSX,32192,52a72c5253ef2a186a3363b1f0635e8d41093e0a3e69b7764a1fa692d2644986,2019-05-01 00:00:00,2019-05-31 23:00:00,Hourly,744,744,SUCCESS,YES,NONE
Mt. Campana Rain,Rainfall_mm,2019,6,6. June.xlsx,C:\Users\chris\Desktop\codes\floodguard\data compilation\Data from MMDA-20260727T035138Z-1-001\Data from MMDA\Mt. Campana-20260814T163506Z-1-001\Mt. Campana\2019\6. June.xlsx,XLSX,33942,9d5fcfeada3361a456439b41ffe8725b6f03d08c75f63c61992f115e3e477725,2019-06-01 00:00:00,2019-06-30 23:00:00,Hourly,720,720,SUCCESS,YES,NONE
Mt. Campana Rain,Rainfall_mm,2019,7,7. July.xlsx,C:\Users\chris\Desktop\codes\floodguard\data compilation\Data from MMDA-20260727T035138Z-1-001\Data from MMDA\Mt. Campana-20260814T163506Z-1-001\Mt. Campana\2019\7. July.xlsx,XLSX,35529,002bb19507b6183ebb3583a0d894b05c85b9257f30124ff1b20f4ffef5715b90,2019-07-01 00:00:00,2019-07-31 23:00:00,Hourly,743,743,SUCCESS,YES,NONE
Mt. Campana Rain,Rainfall_mm,2019,8,8. August.xlsx,C:\Users\chris\Desktop\codes\floodguard\data compilation\Data from MMDA-20260727T035138Z-1-001\Data from MMDA\Mt. Campana-20260814T163506Z-1-001\Mt. Campana\2019\8. August.xlsx,XLSX,38995,d4390862dd136a0a35741a89ca73c9f22b9c3e7ee084812051d21f37671bc4fa,2019-08-01 00:00:00,2019-08-31 23:00:00,Hourly,743,743,SUCCESS,YES,NONE
Mt. Campana Rain,Rainfall_mm,2019,9,9. September.xlsx,C:\Users\chris\Desktop\codes\floodguard\data compilation\Data from MMDA-20260727T035138Z-1-001\Data from MMDA\Mt. Campana-20260814T163506Z-1-001\Mt. Campana\2019\9. September.xlsx,XLSX,36498,0173dd67ef329149c9c15f01a2771816fb76097c8ec03b9bb3081b51f6b22866,2019-09-01 00:00:00,2019-09-30 23:00:00,Hourly,720,720,SUCCESS,YES,NONE
Mt. Campana Rain,Rainfall_mm,2021,1,1. January.xlsx,C:\Users\chris\Desktop\codes\floodguard\data compilation\Data from MMDA-20260727T035138Z-1-001\Data from MMDA\Mt. Campana-20260814T163506Z-1-001\Mt. Campana\2021\1. January.xlsx,XLSX,31970,e2b2020cb9b2a3f0ec897bc76abb27f8b27bb20ccee5468c4f3a4100ec97687d,2021-01-01 00:00:00,2021-01-31 23:00:00,Hourly,744,744,SUCCESS,YES,NONE
Mt. Campana Rain,Rainfall_mm,2021,10,10. October.xlsx,C:\Users\chris\Desktop\codes\floodguard\data compilation\Data from MMDA-20260727T035138Z-1-001\Data from MMDA\Mt. Campana-20260814T163506Z-1-001\Mt. Campana\2021\10. October.xlsx,XLSX,33662,40609f1db306e3b05f1578e1b5f1ba92221df6b30204e660a855c5cc7a55c684,2021-10-01 00:00:00,2021-10-31 23:00:00,Hourly,744,744,SUCCESS,YES,NONE
Mt. Campana Rain,Rainfall_mm,2021,11,11. November.xlsx,C:\Users\chris\Desktop\codes\floodguard\data compilation\Data from MMDA-20260727T035138Z-1-001\Data from MMDA\Mt. Campana-20260814T163506Z-1-001\Mt. Campana\2021\11. November.xlsx,XLSX,31648,5d2ce0564361689d9f5c05ed9296fa8be122b2e00111032dd38f1ef9b2c18f31,2021-11-01 00:00:00,2021-11-30 23:00:00,Hourly,720,720,SUCCESS,YES,NONE
Mt. Campana Rain,Rainfall_mm,2021,12,12. December.xlsx,C:\Users\chris\Desktop\codes\floodguard\data compilation\Data from MMDA-20260727T035138Z-1-001\Data from MMDA\Mt. Campana-20260814T163506Z-1-001\Mt. Campana\2021\12. December.xlsx,XLSX,31277,56866e2656ca47cfeca0ae290e3ec51295022b7559bd1d3994dd0c6dcfc541b8,2021-12-01 00:00:00,2021-12-31 23:00:00,Hourly,744,744,SUCCESS,YES,NONE
Mt. Campana Rain,Rainfall_mm,2021,2,2. February.xlsx,C:\Users\chris\Desktop\codes\floodguard\data compilation\Data from MMDA-20260727T035138Z-1-001\Data from MMDA\Mt. Campana-20260814T163506Z-1-001\Mt. Campana\2021\2. February.xlsx,XLSX,30917,03eb18489f29524bbf40ac253f2a3ef1339c562417a243966e3cbb7eafd20334,2021-02-01 00:00:00,2021-02-28 23:00:00,Hourly,672,672,SUCCESS,YES,NONE
Mt. Campana Rain,Rainfall_mm,2021,3,3. March.xlsx,C:\Users\chris\Desktop\codes\floodguard\data compilation\Data from MMDA-20260727T035138Z-1-001\Data from MMDA\Mt. Campana-20260814T163506Z-1-001\Mt. Campana\2021\3. March.xlsx,XLSX,30410,e27040e0c72950e1097f2cb5a1dc69abc25f45f64b471369acbe29b7821fda39,2021-03-01 00:00:00,2021-03-31 23:00:00,Hourly,744,744,SUCCESS,YES,NONE
Mt. Campana Rain,Rainfall_mm,2021,4,4. April.xlsx,C:\Users\chris\Desktop\codes\floodguard\data compilation\Data from MMDA-20260727T035138Z-1-001\Data from MMDA\Mt. Campana-20260814T163506Z-1-001\Mt. Campana\2021\4. April.xlsx,XLSX,29787,93c4ec7f73c59792fac2e7228db586e63f18bace175f6af82de365e9590d2def,2021-04-01 00:00:00,2021-04-30 23:00:00,Hourly,720,720,SUCCESS,YES,NONE
Mt. Campana Rain,Rainfall_mm,2021,5,5. May.xlsx,C:\Users\chris\Desktop\codes\floodguard\data compilation\Data from MMDA-20260727T035138Z-1-001\Data from MMDA\Mt. Campana-20260814T163506Z-1-001\Mt. Campana\2021\5. May.xlsx,XLSX,30397,e9dd741ca5bf9bb355c41966bc0d404005c9720b16181043b1360ec11797c7c4,2021-05-01 00:00:00,2021-05-31 23:00:00,Hourly,744,744,SUCCESS,YES,NONE
Mt. Campana Rain,Rainfall_mm,2021,6,6. June.xlsx,C:\Users\chris\Desktop\codes\floodguard\data compilation\Data from MMDA-20260727T035138Z-1-001\Data from MMDA\Mt. Campana-20260814T163506Z-1-001\Mt. Campana\2021\6. June.xlsx,XLSX,32703,fc76a9b4611a690ac2da9ad0129edd910f84ff0942b8ae83ce6b4eb137a8fff9,2021-06-01 00:00:00,2021-06-30 23:00:00,Hourly,720,720,SUCCESS,YES,NONE
Mt. Campana Rain,Rainfall_mm,2021,7,7. July.xlsx,C:\Users\chris\Desktop\codes\floodguard\data compilation\Data from MMDA-20260727T035138Z-1-001\Data from MMDA\Mt. Campana-20260814T163506Z-1-001\Mt. Campana\2021\7. July.xlsx,XLSX,39403,d7945602a815216ad7420273e32b8c49502ace073684f48a9d010a09f60993fe,2021-07-01 00:00:00,2021-07-31 23:00:00,Hourly,744,744,SUCCESS,YES,NONE
Mt. Campana Rain,Rainfall_mm,2021,8,8. August.xlsx,C:\Users\chris\Desktop\codes\floodguard\data compilation\Data from MMDA-20260727T035138Z-1-001\Data from MMDA\Mt. Campana-20260814T163506Z-1-001\Mt. Campana\2021\8. August.xlsx,XLSX,34673,5549ddc14f5180ce92cf0ee54d65b9a28ad8b6936c42cd15643b5cb9d0d0d940,2021-08-01 00:00:00,2021-08-31 23:00:00,Hourly,744,744,SUCCESS,YES,NONE
Mt. Campana Rain,Rainfall_mm,2021,9,9. September.xlsx,C:\Users\chris\Desktop\codes\floodguard\data compilation\Data from MMDA-20260727T035138Z-1-001\Data from MMDA\Mt. Campana-20260814T163506Z-1-001\Mt. Campana\2021\9. September.xlsx,XLSX,34656,ad7ea62be85f1799678062bc068dfc688ce3b7478fb9bf9c79ab1b2e401ff35b,2021-09-01 00:00:00,2021-09-30 23:00:00,Hourly,720,720,SUCCESS,YES,NONE
Mt. Campana Rain,Rainfall_mm,2022,1,1. January.xlsx,C:\Users\chris\Desktop\codes\floodguard\data compilation\Data from MMDA-20260727T035138Z-1-001\Data from MMDA\Mt. Campana-20260814T163506Z-1-001\Mt. Campana\2022\1. January.xlsx,XLSX,21373,df536748c3c1fcc96ae014e0624e48faf3f0dcc7b499ffd9c277e6ebab1fd76f,2022-01-01 00:00:00,2022-01-31 23:00:00,Hourly,744,744,SUCCESS,YES,NONE
Mt. Campana Rain,Rainfall_mm,2022,10,10. October.xlsx,C:\Users\chris\Desktop\codes\floodguard\data compilation\Data from MMDA-20260727T035138Z-1-001\Data from MMDA\Mt. Campana-20260814T163506Z-1-001\Mt. Campana\2022\10. October.xlsx,XLSX,35564,a3a09c8da03bf7ddbeffa62eacf6e60c8cdb7e34581501b104ead951dccd5fc9,2022-10-01 00:00:00,2022-10-31 23:00:00,Hourly,744,744,SUCCESS,YES,NONE
Mt. Campana Rain,Rainfall_mm,2022,11,11. November.xlsx,C:\Users\chris\Desktop\codes\floodguard\data compilation\Data from MMDA-20260727T035138Z-1-001\Data from MMDA\Mt. Campana-20260814T163506Z-1-001\Mt. Campana\2022\11. November.xlsx,XLSX,21932,9aad00d2379486cda65eb649cb9967eb323746b00953ba0b9614e0853c3c1630,2022-11-01 00:00:00,2022-11-30 23:00:00,Hourly,720,720,SUCCESS,YES,NONE
Mt. Campana Rain,Rainfall_mm,2022,12,12. December.xlsx,C:\Users\chris\Desktop\codes\floodguard\data compilation\Data from MMDA-20260727T035138Z-1-001\Data from MMDA\Mt. Campana-20260814T163506Z-1-001\Mt. Campana\2022\12. December.xlsx,XLSX,22368,161c0cded58fdbdf0a4cc476f2ff4460f41f741775048851d48b272a706326c1,2022-12-01 00:00:00,2022-12-31 23:00:00,Hourly,744,744,SUCCESS,YES,NONE
Mt. Campana Rain,Rainfall_mm,2022,2,2. February.xlsx,C:\Users\chris\Desktop\codes\floodguard\data compilation\Data from MMDA-20260727T035138Z-1-001\Data from MMDA\Mt. Campana-20260814T163506Z-1-001\Mt. Campana\2022\2. February.xlsx,XLSX,28935,27ae09df90f6e9e8037db4d444c90a4f3839f4e8b516919201ac6d6d2ae6e3f5,2022-02-01 00:00:00,2022-02-28 23:00:00,Hourly,672,672,SUCCESS,YES,NONE
Mt. Campana Rain,Rainfall_mm,2022,3,3. March.xlsx,C:\Users\chris\Desktop\codes\floodguard\data compilation\Data from MMDA-20260727T035138Z-1-001\Data from MMDA\Mt. Campana-20260814T163506Z-1-001\Mt. Campana\2022\3. March.xlsx,XLSX,31343,51b57a4994c599934c83a1f5879a69f85d660ed8f040ab234965fcba918bf0f3,2022-03-01 00:00:00,2022-03-31 23:00:00,Hourly,744,744,SUCCESS,YES,NONE
Mt. Campana Rain,Rainfall_mm,2022,4,4. April.xlsx,C:\Users\chris\Desktop\codes\floodguard\data compilation\Data from MMDA-20260727T035138Z-1-001\Data from MMDA\Mt. Campana-20260814T163506Z-1-001\Mt. Campana\2022\4. April.xlsx,XLSX,21625,61ee478711f8002b83751dae9b8d90158cfad81b93435aaf6e26e9a993a92c6b,2022-04-01 00:00:00,2022-04-30 23:00:00,Hourly,720,720,SUCCESS,YES,NONE
Mt. Campana Rain,Rainfall_mm,2022,5,5. May.xlsx,C:\Users\chris\Desktop\codes\floodguard\data compilation\Data from MMDA-20260727T035138Z-1-001\Data from MMDA\Mt. Campana-20260814T163506Z-1-001\Mt. Campana\2022\5. May.xlsx,XLSX,32691,cb54ee61c354ccb04f12db9ede268db3b072228b8a63647ae605ff05aebf4c9a,2022-05-01 00:00:00,2022-05-31 23:00:00,Hourly,744,744,SUCCESS,YES,NONE
Mt. Campana Rain,Rainfall_mm,2022,6,6. June.xlsx,C:\Users\chris\Desktop\codes\floodguard\data compilation\Data from MMDA-20260727T035138Z-1-001\Data from MMDA\Mt. Campana-20260814T163506Z-1-001\Mt. Campana\2022\6. June.xlsx,XLSX,32486,6fa6efb8fdec057cf7b97e3624b8aaadc70c9ec674a7e842ef8d5e84fdef713d,2022-06-01 00:00:00,2022-06-30 23:00:00,Hourly,720,720,SUCCESS,YES,NONE
Mt. Campana Rain,Rainfall_mm,2022,7,7. July.xlsx,C:\Users\chris\Desktop\codes\floodguard\data compilation\Data from MMDA-20260727T035138Z-1-001\Data from MMDA\Mt. Campana-20260814T163506Z-1-001\Mt. Campana\2022\7. July.xlsx,XLSX,34616,6fa765935e8bd16cfadd6d9b3e18c9f1b0c3551c8e3267b11ee87b9d21ae4bdb,2022-07-01 00:00:00,2022-07-31 23:00:00,Hourly,744,744,SUCCESS,YES,NONE
Mt. Campana Rain,Rainfall_mm,2022,8,8. August.xlsx,C:\Users\chris\Desktop\codes\floodguard\data compilation\Data from MMDA-20260727T035138Z-1-001\Data from MMDA\Mt. Campana-20260814T163506Z-1-001\Mt. Campana\2022\8. August.xlsx,XLSX,35846,fd748de62c8adbfd74d71ca531cf795a211efff51a8360328ba51b3d208006e1,2022-08-01 00:00:00,2022-08-31 23:00:00,Hourly,744,744,SUCCESS,YES,NONE
Mt. Campana Rain,Rainfall_mm,2022,9,9. September.xlsx,C:\Users\chris\Desktop\codes\floodguard\data compilation\Data from MMDA-20260727T035138Z-1-001\Data from MMDA\Mt. Campana-20260814T163506Z-1-001\Mt. Campana\2022\9. September.xlsx,XLSX,100369,06e01bc52f728c494bf2d5d891e6461eaa21e74dc965d60f2944a62ae29f1821,2022-09-01 00:00:00,2022-09-30 23:00:00,Hourly,720,720,SUCCESS,YES,NONE
Mt. Campana Rain,Rainfall_mm,2023,1,1. January.xlsx,C:\Users\chris\Desktop\codes\floodguard\data compilation\Data from MMDA-20260727T035138Z-1-001\Data from MMDA\Mt. Campana-20260814T163506Z-1-001\Mt. Campana\2023\1. January.xlsx,XLSX,21975,e013f0992024081d8d5730fb4e5b2ad77aed44b9d087bafee3a78ae17be5e3e3,2023-01-01 00:00:00,2023-01-31 23:00:00,Hourly,744,744,SUCCESS,YES,NONE
Mt. Campana Rain,Rainfall_mm,2023,11,11. November.xlsx,C:\Users\chris\Desktop\codes\floodguard\data compilation\Data from MMDA-20260727T035138Z-1-001\Data from MMDA\Mt. Campana-20260814T163506Z-1-001\Mt. Campana\2023\11. November.xlsx,XLSX,21665,fab3a4857c7081880d0701d0809fa347b24ee35a69bb5e734e9fa25f1b41f794,2023-11-01 00:00:00,2023-11-30 23:00:00,Hourly,720,720,SUCCESS,YES,NONE
Mt. Campana Rain,Rainfall_mm,2023,10,11. October.xlsx,C:\Users\chris\Desktop\codes\floodguard\data compilation\Data from MMDA-20260727T035138Z-1-001\Data from MMDA\Mt. Campana-20260814T163506Z-1-001\Mt. Campana\2023\11. October.xlsx,XLSX,21864,875c25b8ee2cfe9363ded550c2087915b7cff1f93f10d0a28c32a01302e6c19b,2023-10-01 00:00:00,2023-10-30 23:00:00,Hourly,720,720,SUCCESS,YES,NONE
Mt. Campana Rain,Rainfall_mm,2023,12,12. December.xlsx,C:\Users\chris\Desktop\codes\floodguard\data compilation\Data from MMDA-20260727T035138Z-1-001\Data from MMDA\Mt. Campana-20260814T163506Z-1-001\Mt. Campana\2023\12. December.xlsx,XLSX,21747,733d884e2fa2ddc4f04bf9f6919a183f1fb67a8f0582713bbf406405198404ff,2023-12-01 00:00:00,2023-12-30 23:00:00,Hourly,719,719,SUCCESS,YES,NONE
Mt. Campana Rain,Rainfall_mm,2023,2,2. February.xlsx,C:\Users\chris\Desktop\codes\floodguard\data compilation\Data from MMDA-20260727T035138Z-1-001\Data from MMDA\Mt. Campana-20260814T163506Z-1-001\Mt. Campana\2023\2. February.xlsx,XLSX,21039,6799f8b091d2462b9bd8354245d0ab41567103eb44310c9002e0d8da08ac2cf2,2023-02-01 00:00:00,2023-02-28 23:00:00,Hourly,672,672,SUCCESS,YES,NONE
Mt. Campana Rain,Rainfall_mm,2023,3,3. March.xlsx,C:\Users\chris\Desktop\codes\floodguard\data compilation\Data from MMDA-20260727T035138Z-1-001\Data from MMDA\Mt. Campana-20260814T163506Z-1-001\Mt. Campana\2023\3. March.xlsx,XLSX,21204,a9e27b0a962c70d260ffaf2d591f106c55c36965e02cd7c33cfe47596d8f6641,2023-03-01 00:00:00,2023-03-31 23:00:00,Hourly,744,744,SUCCESS,YES,NONE
Mt. Campana Rain,Rainfall_mm,2023,4,4. April.xlsx,C:\Users\chris\Desktop\codes\floodguard\data compilation\Data from MMDA-20260727T035138Z-1-001\Data from MMDA\Mt. Campana-20260814T163506Z-1-001\Mt. Campana\2023\4. April.xlsx,XLSX,21733,6f3f031adf07b7ae6b70168cf1b30580f9e17532a10b1c17eb601272ddf95e7d,2023-04-01 00:00:00,2023-04-30 23:00:00,Hourly,720,720,SUCCESS,YES,NONE
Mt. Campana Rain,Rainfall_mm,2023,5,5. May.xlsx,C:\Users\chris\Desktop\codes\floodguard\data compilation\Data from MMDA-20260727T035138Z-1-001\Data from MMDA\Mt. Campana-20260814T163506Z-1-001\Mt. Campana\2023\5. May.xlsx,XLSX,21823,5f2b84374e51a37a16aeaf30c3773ea4c5ba29a6d3179966caffdd3cf7f5ad99,2023-05-01 00:00:00,2023-05-31 23:00:00,Hourly,743,743,SUCCESS,YES,NONE
Mt. Campana Rain,Rainfall_mm,2023,6,6. June.xlsx,C:\Users\chris\Desktop\codes\floodguard\data compilation\Data from MMDA-20260727T035138Z-1-001\Data from MMDA\Mt. Campana-20260814T163506Z-1-001\Mt. Campana\2023\6. June.xlsx,XLSX,22200,6b4d368c2146b0a0b848117e41c09bb18ed6fe5ae2ca244b85bcf681d493b767,2023-06-01 00:00:00,2023-06-30 23:00:00,Hourly,720,720,SUCCESS,YES,NONE
Mt. Campana Rain,Rainfall_mm,2023,7,7. July.xlsx,C:\Users\chris\Desktop\codes\floodguard\data compilation\Data from MMDA-20260727T035138Z-1-001\Data from MMDA\Mt. Campana-20260814T163506Z-1-001\Mt. Campana\2023\7. July.xlsx,XLSX,22997,5b512caa5c40ba900133ac9fc6b066dc575d78844b99851e2d700a2ef9269351,2023-07-01 00:00:00,2023-07-31 23:00:00,Hourly,744,744,SUCCESS,YES,NONE
Mt. Campana Rain,Rainfall_mm,2023,8,8. August.xlsx,C:\Users\chris\Desktop\codes\floodguard\data compilation\Data from MMDA-20260727T035138Z-1-001\Data from MMDA\Mt. Campana-20260814T163506Z-1-001\Mt. Campana\2023\8. August.xlsx,XLSX,23011,1bed1d244de40dcbaf9bb8e071d510cd411d18b1f33307fa385d8f3f1a2bae05,2023-08-01 00:00:00,2023-08-31 23:00:00,Hourly,744,744,SUCCESS,YES,NONE
Mt. Campana Rain,Rainfall_mm,2023,9,9. September.xlsx,C:\Users\chris\Desktop\codes\floodguard\data compilation\Data from MMDA-20260727T035138Z-1-001\Data from MMDA\Mt. Campana-20260814T163506Z-1-001\Mt. Campana\2023\9. September.xlsx,XLSX,22167,5b9ab12a6ba34daf3df56ef15d1067ccea6f1d40aa1dc9236131153aa2d25803,2023-09-01 00:00:00,2023-09-30 23:00:00,Hourly,720,720,SUCCESS,YES,NONE
Mt. Campana Rain,Rainfall_mm,2024,1,1. January.xlsx,C:\Users\chris\Desktop\codes\floodguard\data compilation\Data from MMDA-20260727T035138Z-1-001\Data from MMDA\Mt. Campana-20260814T163506Z-1-001\Mt. Campana\2024\1. January.xlsx,XLSX,21926,fd6f73ee46076caa4276ff4dd31c8800f23a5b61833a31abbeb3c3362e7aed87,2024-01-01 00:00:00,2024-01-31 23:00:00,Hourly,742,742,SUCCESS,YES,NONE
Mt. Campana Rain,Rainfall_mm,2024,10,10. October.xlsx,C:\Users\chris\Desktop\codes\floodguard\data compilation\Data from MMDA-20260727T035138Z-1-001\Data from MMDA\Mt. Campana-20260814T163506Z-1-001\Mt. Campana\2024\10. October.xlsx,XLSX,22416,6c46c24179825263798d077c4e41b72a32fda645421e6512869452de2bdf4c8e,2024-10-01 00:00:00,2024-10-31 23:00:00,Hourly,744,744,SUCCESS,YES,NONE
Mt. Campana Rain,Rainfall_mm,2024,11,11. November.xlsx,C:\Users\chris\Desktop\codes\floodguard\data compilation\Data from MMDA-20260727T035138Z-1-001\Data from MMDA\Mt. Campana-20260814T163506Z-1-001\Mt. Campana\2024\11. November.xlsx,XLSX,21549,7b00a4d49815dbcd3f9b9437e81de1111ddfa6d19482d4513373433dd0591c4b,2024-11-01 00:00:00,2024-11-30 23:00:00,Hourly,720,720,SUCCESS,YES,NONE
Mt. Campana Rain,Rainfall_mm,2024,12,12. December.xlsx,C:\Users\chris\Desktop\codes\floodguard\data compilation\Data from MMDA-20260727T035138Z-1-001\Data from MMDA\Mt. Campana-20260814T163506Z-1-001\Mt. Campana\2024\12. December.xlsx,XLSX,21840,1713ba7f745cd84e3d65c14da313297143d0f57d1cc4f8cb395b6da1ab68a626,2024-12-01 00:00:00,2024-12-31 23:00:00,Hourly,744,744,SUCCESS,YES,NONE
Mt. Campana Rain,Rainfall_mm,2024,2,2. February.xlsx,C:\Users\chris\Desktop\codes\floodguard\data compilation\Data from MMDA-20260727T035138Z-1-001\Data from MMDA\Mt. Campana-20260814T163506Z-1-001\Mt. Campana\2024\2. February.xlsx,XLSX,21001,1258481b5a9e5ac2bb0ebdf773e884d42cc0631dbc2cc6eb63ed4b8b3bf321ca,2024-02-01 00:00:00,2024-02-29 23:00:00,Hourly,696,696,SUCCESS,YES,NONE
Mt. Campana Rain,Rainfall_mm,2024,3,3. March.xlsx,C:\Users\chris\Desktop\codes\floodguard\data compilation\Data from MMDA-20260727T035138Z-1-001\Data from MMDA\Mt. Campana-20260814T163506Z-1-001\Mt. Campana\2024\3. March.xlsx,XLSX,21368,6aef736d72569e54a773ae4ba2f38b7b8deb985c6340ee0587d58ede839a1e1a,2024-03-01 00:00:00,2024-03-31 23:00:00,Hourly,744,744,SUCCESS,YES,NONE
Mt. Campana Rain,Rainfall_mm,2024,4,4. April.xlsx,C:\Users\chris\Desktop\codes\floodguard\data compilation\Data from MMDA-20260727T035138Z-1-001\Data from MMDA\Mt. Campana-20260814T163506Z-1-001\Mt. Campana\2024\4. April.xlsx,XLSX,85505,da72982912898bdc0e9764244efe78e601106caafe784509c3c61e5095e0cfa8,2024-04-01 00:00:00,2024-04-30 23:00:00,Hourly,720,720,SUCCESS,YES,NONE
Mt. Campana Rain,Rainfall_mm,2024,5,5. May.xlsx,C:\Users\chris\Desktop\codes\floodguard\data compilation\Data from MMDA-20260727T035138Z-1-001\Data from MMDA\Mt. Campana-20260814T163506Z-1-001\Mt. Campana\2024\5. May.xlsx,XLSX,21833,b15701b97b81a73e633884f2b225704889842d21d07b1ae1e30236b863b3c146,2024-05-01 00:00:00,2024-05-31 23:00:00,Hourly,744,744,SUCCESS,YES,NONE
Mt. Campana Rain,Rainfall_mm,2024,6,6. June.xlsx,C:\Users\chris\Desktop\codes\floodguard\data compilation\Data from MMDA-20260727T035138Z-1-001\Data from MMDA\Mt. Campana-20260814T163506Z-1-001\Mt. Campana\2024\6. June.xlsx,XLSX,21956,88c3c7fce05fc1fcb8be770859f7e1caef9a9fa838e1b377269e8f27dbec2cb8,2024-06-01 00:00:00,2024-06-30 23:00:00,Hourly,719,719,SUCCESS,YES,NONE
Mt. Campana Rain,Rainfall_mm,2024,7,7. July.xlsx,C:\Users\chris\Desktop\codes\floodguard\data compilation\Data from MMDA-20260727T035138Z-1-001\Data from MMDA\Mt. Campana-20260814T163506Z-1-001\Mt. Campana\2024\7. July.xlsx,XLSX,22131,83339c1f92143b54135e671bdf90c612b29c0d24e8e502fef28e53434bec0dd2,2024-07-01 00:00:00,2024-07-31 23:00:00,Hourly,744,744,SUCCESS,YES,NONE
Mt. Campana Rain,Rainfall_mm,2024,8,8. August.xlsx,C:\Users\chris\Desktop\codes\floodguard\data compilation\Data from MMDA-20260727T035138Z-1-001\Data from MMDA\Mt. Campana-20260814T163506Z-1-001\Mt. Campana\2024\8. August.xlsx,XLSX,22336,0f8def77cb588cd13e2c341422180936faa596ef8ad6dbef2fc90d9e479175bd,2024-08-01 00:00:00,2024-08-31 23:00:00,Hourly,744,744,SUCCESS,YES,NONE
Mt. Campana Rain,Rainfall_mm,2024,9,9. September.xlsx,C:\Users\chris\Desktop\codes\floodguard\data compilation\Data from MMDA-20260727T035138Z-1-001\Data from MMDA\Mt. Campana-20260814T163506Z-1-001\Mt. Campana\2024\9. September.xlsx,XLSX,22248,b86a5c280a97bc41f9908c959bda8955e2ee5326201e25b6e7152dc761777834,2024-09-01 00:00:00,2024-09-30 23:00:00,Hourly,720,720,SUCCESS,YES,NONE
Mt. Campana Rain,Rainfall_mm,2025,1,1. January.pdf,C:\Users\chris\Desktop\codes\floodguard\data compilation\Data from MMDA-20260727T035138Z-1-001\Data from MMDA\Mt. Campana-20260814T163506Z-1-001\Mt. Campana\2025\1. January.pdf,PDF,107529,9167e8bd44062f0bdb92f832a5de54e2bc9e9ea35e26e458e43b4fa7cff38155,2025-01-01 00:00:00,2025-01-31 23:00:00,Hourly,744,744,SUCCESS,YES,NONE
Mt. Campana Rain,Rainfall_mm,2025,10,10. Oct.pdf,C:\Users\chris\Desktop\codes\floodguard\data compilation\Data from MMDA-20260727T035138Z-1-001\Data from MMDA\Mt. Campana-20260814T163506Z-1-001\Mt. Campana\2025\10. Oct.pdf,PDF,107614,6a00b157ac266fab78419af2430dc51699ace650b5bd227dd3d1dc41d957dc71,NONE,NONE,Hourly,0,0,QUARANTINED,NO,QUARANTINED_DUPLICATE_NOVEMBER_2025_PDF
Mt. Campana Rain,Rainfall_mm,2025,11,11. Nov.pdf,C:\Users\chris\Desktop\codes\floodguard\data compilation\Data from MMDA-20260727T035138Z-1-001\Data from MMDA\Mt. Campana-20260814T163506Z-1-001\Mt. Campana\2025\11. Nov.pdf,PDF,107614,6a00b157ac266fab78419af2430dc51699ace650b5bd227dd3d1dc41d957dc71,2025-11-01 00:00:00,2025-11-11 23:00:00,Hourly,264,264,SUCCESS,YES,NONE
Mt. Campana Rain,Rainfall_mm,2025,12,12. Dec.pdf,C:\Users\chris\Desktop\codes\floodguard\data compilation\Data from MMDA-20260727T035138Z-1-001\Data from MMDA\Mt. Campana-20260814T163506Z-1-001\Mt. Campana\2025\12. Dec.pdf,PDF,108368,8dda7138f5a6de348b5145da5a5538fc3f62a9b4223e0ffa6e605ece486ca872,2025-12-01 00:00:00,2025-12-31 23:00:00,Hourly,744,744,SUCCESS,YES,NONE
Mt. Campana Rain,Rainfall_mm,2025,2,2. Feb.pdf,C:\Users\chris\Desktop\codes\floodguard\data compilation\Data from MMDA-20260727T035138Z-1-001\Data from MMDA\Mt. Campana-20260814T163506Z-1-001\Mt. Campana\2025\2. Feb.pdf,PDF,101522,a15d5caa781ca8fa29c3a06cb0adad4952a465e9434778bc64e200f4b2dce75c,2025-02-01 00:00:00,2025-02-28 23:00:00,Hourly,672,672,SUCCESS,YES,NONE
Mt. Campana Rain,Rainfall_mm,2025,3,3. March.pdf,C:\Users\chris\Desktop\codes\floodguard\data compilation\Data from MMDA-20260727T035138Z-1-001\Data from MMDA\Mt. Campana-20260814T163506Z-1-001\Mt. Campana\2025\3. March.pdf,PDF,107092,fea0d0be96dff32f2afc0df8a4c709102932bc8e69e981b79d874488ae7aad03,2025-03-01 00:00:00,2025-03-31 23:00:00,Hourly,744,744,SUCCESS,YES,NONE
Mt. Campana Rain,Rainfall_mm,2025,4,4. April.pdf,C:\Users\chris\Desktop\codes\floodguard\data compilation\Data from MMDA-20260727T035138Z-1-001\Data from MMDA\Mt. Campana-20260814T163506Z-1-001\Mt. Campana\2025\4. April.pdf,PDF,107300,d9f2fb5bc207e9d89a2fd4e44c3375d0e179efe1146e3b6e135e70ca508c873a,2025-04-01 00:00:00,2025-04-30 23:00:00,Hourly,720,720,SUCCESS,YES,NONE
Mt. Campana Rain,Rainfall_mm,2025,5,5. May.pdf,C:\Users\chris\Desktop\codes\floodguard\data compilation\Data from MMDA-20260727T035138Z-1-001\Data from MMDA\Mt. Campana-20260814T163506Z-1-001\Mt. Campana\2025\5. May.pdf,PDF,105917,61715f1f9fce3339709b360ae649f1a5081d630771519b13d5897d3b706ae77c,2025-05-01 00:00:00,2025-05-31 23:00:00,Hourly,744,744,SUCCESS,YES,NONE
Mt. Campana Rain,Rainfall_mm,2025,6,6. June.pdf,C:\Users\chris\Desktop\codes\floodguard\data compilation\Data from MMDA-20260727T035138Z-1-001\Data from MMDA\Mt. Campana-20260814T163506Z-1-001\Mt. Campana\2025\6. June.pdf,PDF,107137,6d84809d4a85f2c5c1f2d1de18191a68f2e5c594e57da44d0661ee51382be5c6,2025-06-01 00:00:00,2025-06-30 23:00:00,Hourly,720,720,SUCCESS,YES,NONE
Mt. Campana Rain,Rainfall_mm,2025,7,7. July.pdf,C:\Users\chris\Desktop\codes\floodguard\data compilation\Data from MMDA-20260727T035138Z-1-001\Data from MMDA\Mt. Campana-20260814T163506Z-1-001\Mt. Campana\2025\7. July.pdf,PDF,108478,6035df2885cfe067b2adb5ade49db46a4a3428f3c51890c32d54a7b3027a4d6c,2025-07-01 00:00:00,2025-07-31 23:00:00,Hourly,744,744,SUCCESS,YES,NONE
Mt. Campana Rain,Rainfall_mm,2025,8,8. Aug.pdf,C:\Users\chris\Desktop\codes\floodguard\data compilation\Data from MMDA-20260727T035138Z-1-001\Data from MMDA\Mt. Campana-20260814T163506Z-1-001\Mt. Campana\2025\8. Aug.pdf,PDF,108553,f57a8f621a246ee055b90584e7b2c35033b5a7b80874acee3f38eadbea1ae1b7,2025-08-01 00:00:00,2025-08-25 23:00:00,Hourly,598,598,SUCCESS,YES,NONE
Mt. Campana Rain,Rainfall_mm,2025,9,9. Sept.pdf,C:\Users\chris\Desktop\codes\floodguard\data compilation\Data from MMDA-20260727T035138Z-1-001\Data from MMDA\Mt. Campana-20260814T163506Z-1-001\Mt. Campana\2025\9. Sept.pdf,PDF,108776,565f245bb30f9cc9bc4f97a6667e7c42f71ee933d8746e1887aa9d35f79a2333,2025-09-01 00:00:00,2025-09-30 23:00:00,Hourly,720,720,SUCCESS,YES,NONE
Nangka Rain Gauge,Rainfall_mm,2016,4,apr.xls,C:\Users\chris\Desktop\codes\floodguard\data compilation\Data from MMDA-20260727T035138Z-1-001\Data from MMDA\Nangka RGS\2016\apr.xls,XLS,34304,afef5d0e24c539cb26c6229adee71a4804ea6a1b7d29f438c40ba70792e3690c,2016-04-01 00:00:00,2016-04-29 23:00:00,Hourly,696,696,SUCCESS,YES,NONE
Nangka Rain Gauge,Rainfall_mm,2016,8,aug.xls,C:\Users\chris\Desktop\codes\floodguard\data compilation\Data from MMDA-20260727T035138Z-1-001\Data from MMDA\Nangka RGS\2016\aug.xls,XLS,34304,b5f58ceebb30297edf6d65e4966f6e1846d589ad8469e336a7f7c3e3062712e1,2016-08-01 00:00:00,2016-08-31 23:00:00,Hourly,744,744,SUCCESS,YES,NONE
Nangka Rain Gauge,Rainfall_mm,2016,12,dec.xls,C:\Users\chris\Desktop\codes\floodguard\data compilation\Data from MMDA-20260727T035138Z-1-001\Data from MMDA\Nangka RGS\2016\dec.xls,XLS,34304,f5007710400e4c4f81b6b6193327063c3d6d77342d38da52f649bf5d15466311,2016-12-01 00:00:00,2016-12-31 23:00:00,Hourly,744,744,SUCCESS,YES,NONE
Nangka Rain Gauge,Rainfall_mm,2016,2,feb.xls,C:\Users\chris\Desktop\codes\floodguard\data compilation\Data from MMDA-20260727T035138Z-1-001\Data from MMDA\Nangka RGS\2016\feb.xls,XLS,33792,0d74fc6b90e841f6befe914afe1b52908bf9ab02d27585b113aedf52eb5cdc9c,2016-02-01 00:00:00,2016-02-29 23:00:00,Hourly,696,696,SUCCESS,YES,NONE
Nangka Rain Gauge,Rainfall_mm,2016,1,jan.xls,C:\Users\chris\Desktop\codes\floodguard\data compilation\Data from MMDA-20260727T035138Z-1-001\Data from MMDA\Nangka RGS\2016\jan.xls,XLS,34304,664a79fe3ae9f97b2530ac072c5d3537fe7ab9281b3d5d08362e728b70270375,2016-01-01 00:00:00,2016-01-31 23:00:00,Hourly,744,744,SUCCESS,YES,NONE
Nangka Rain Gauge,Rainfall_mm,2016,7,jul.xls,C:\Users\chris\Desktop\codes\floodguard\data compilation\Data from MMDA-20260727T035138Z-1-001\Data from MMDA\Nangka RGS\2016\jul.xls,XLS,33792,9a5179cd2e63679024a6bb9a11ae3f856a0f5db8ca605259ffb205311ac39ebe,2016-07-01 00:00:00,2016-07-31 23:00:00,Hourly,744,744,SUCCESS,YES,NONE
Nangka Rain Gauge,Rainfall_mm,2016,6,jun.xls,C:\Users\chris\Desktop\codes\floodguard\data compilation\Data from MMDA-20260727T035138Z-1-001\Data from MMDA\Nangka RGS\2016\jun.xls,XLS,34304,d4f29ff2a2f2b4fcc19a83c26749a323d41446b8055254ee6e50796f4e0bf9e4,2016-06-01 00:00:00,2016-06-30 23:00:00,Hourly,720,720,SUCCESS,YES,NONE
Nangka Rain Gauge,Rainfall_mm,2016,3,mar.xls,C:\Users\chris\Desktop\codes\floodguard\data compilation\Data from MMDA-20260727T035138Z-1-001\Data from MMDA\Nangka RGS\2016\mar.xls,XLS,45568,e4e85749583ca41520b14da3b4c243b8dec1cc4bf49e7c67a782474478d60c58,2016-03-01 00:00:00,2016-03-31 23:00:00,Hourly,744,744,SUCCESS,YES,NONE
Nangka Rain Gauge,Rainfall_mm,2016,5,may.xls,C:\Users\chris\Desktop\codes\floodguard\data compilation\Data from MMDA-20260727T035138Z-1-001\Data from MMDA\Nangka RGS\2016\may.xls,XLS,34304,51df9cfb5263de10f1b6c64bd13334c9bbd886dca765235602d98f1a56640868,2016-05-01 00:00:00,2016-05-31 23:00:00,Hourly,744,744,SUCCESS,YES,NONE
Nangka Rain Gauge,Rainfall_mm,2016,11,nov.xls,C:\Users\chris\Desktop\codes\floodguard\data compilation\Data from MMDA-20260727T035138Z-1-001\Data from MMDA\Nangka RGS\2016\nov.xls,XLS,33792,6b85959ec51418743269c603ad7633a6cf4a0a907162b5e4608d423058f24a07,2016-11-01 00:00:00,2016-11-30 23:00:00,Hourly,720,720,SUCCESS,YES,NONE
Nangka Rain Gauge,Rainfall_mm,2016,10,oct.xls,C:\Users\chris\Desktop\codes\floodguard\data compilation\Data from MMDA-20260727T035138Z-1-001\Data from MMDA\Nangka RGS\2016\oct.xls,XLS,34304,696d53e0e2ace8ea2623952ce5f7060108c8391b5e75d94ea585b709ef15c2ad,2016-10-01 00:00:00,2016-10-31 23:00:00,Hourly,744,744,SUCCESS,YES,NONE
Nangka Rain Gauge,Rainfall_mm,2016,9,sep.xls,C:\Users\chris\Desktop\codes\floodguard\data compilation\Data from MMDA-20260727T035138Z-1-001\Data from MMDA\Nangka RGS\2016\sep.xls,XLS,33792,ff54341348d9933fb9415682e1dff63910e3a8871975651325bf32a8987144bf,2016-09-01 00:00:00,2016-09-30 23:00:00,Hourly,720,720,SUCCESS,YES,NONE
Nangka Rain Gauge,Rainfall_mm,2017,4,NANGKA RGS - APRIL 2017.xlsx,C:\Users\chris\Desktop\codes\floodguard\data compilation\Data from MMDA-20260727T035138Z-1-001\Data from MMDA\Nangka RGS\2017\NANGKA RGS - APRIL 2017.xlsx,XLSX,31073,d53e820aae41dd037a0d926be218fa702a312ea03e26c51d32ee59bcb39f437d,2017-04-01 00:00:00,2017-04-30 23:00:00,Hourly,720,720,SUCCESS,YES,NONE
Nangka Rain Gauge,Rainfall_mm,2017,8,NANGKA RGS - AUGUST 2017.xlsx,C:\Users\chris\Desktop\codes\floodguard\data compilation\Data from MMDA-20260727T035138Z-1-001\Data from MMDA\Nangka RGS\2017\NANGKA RGS - AUGUST 2017.xlsx,XLSX,36220,540cdc1cec2137706835230732b722528e7d3075f2bea663073aaab5b07a714e,2017-08-01 00:00:00,2017-08-31 23:00:00,Hourly,744,744,SUCCESS,YES,NONE
Nangka Rain Gauge,Rainfall_mm,2017,12,NANGKA RGS - DECEMBER 2017.xlsx,C:\Users\chris\Desktop\codes\floodguard\data compilation\Data from MMDA-20260727T035138Z-1-001\Data from MMDA\Nangka RGS\2017\NANGKA RGS - DECEMBER 2017.xlsx,XLSX,33542,0594c98ca1ad62830d2201e683412f883ce72aa8833f2df5703e4d13114002c6,2017-12-01 00:00:00,2017-12-31 23:00:00,Hourly,744,744,SUCCESS,YES,NONE
Nangka Rain Gauge,Rainfall_mm,2017,2,NANGKA RGS - FEBRUARY 2017.xlsx,C:\Users\chris\Desktop\codes\floodguard\data compilation\Data from MMDA-20260727T035138Z-1-001\Data from MMDA\Nangka RGS\2017\NANGKA RGS - FEBRUARY 2017.xlsx,XLSX,29892,8948d1feab17610cb8f8483ff83dda6c0c56794380042373f985585987d3e5df,2017-02-01 00:00:00,2017-02-28 23:00:00,Hourly,672,672,SUCCESS,YES,NONE
Nangka Rain Gauge,Rainfall_mm,2017,1,NANGKA RGS - JANUARY 2017.xlsx,C:\Users\chris\Desktop\codes\floodguard\data compilation\Data from MMDA-20260727T035138Z-1-001\Data from MMDA\Nangka RGS\2017\NANGKA RGS - JANUARY 2017.xlsx,XLSX,32005,73c53868f74fc269ab276a762d97f8a00066e9d9307a28d0d663cdfa83e859ea,2017-01-01 00:00:00,2017-01-31 23:00:00,Hourly,744,744,SUCCESS,YES,NONE
Nangka Rain Gauge,Rainfall_mm,2017,7,NANGKA RGS - JULY 2017.xlsx,C:\Users\chris\Desktop\codes\floodguard\data compilation\Data from MMDA-20260727T035138Z-1-001\Data from MMDA\Nangka RGS\2017\NANGKA RGS - JULY 2017.xlsx,XLSX,36445,bb7481b289e0c67d7afd4f513e9ee60d5603735ffa727814c7d649a406816506,2017-07-01 00:00:00,2017-07-31 23:00:00,Hourly,744,744,SUCCESS,YES,NONE
Nangka Rain Gauge,Rainfall_mm,2017,6,NANGKA RGS - JUNE 2017.xlsx,C:\Users\chris\Desktop\codes\floodguard\data compilation\Data from MMDA-20260727T035138Z-1-001\Data from MMDA\Nangka RGS\2017\NANGKA RGS - JUNE 2017.xlsx,XLSX,32520,a549eea4c4bb742c2b474dd5e9371650d7cc7f2490983f264314aaa1d1533463,2017-06-01 00:00:00,2017-06-30 23:00:00,Hourly,720,720,SUCCESS,YES,NONE
Nangka Rain Gauge,Rainfall_mm,2017,3,NANGKA RGS - MARCH 2017.xlsx,C:\Users\chris\Desktop\codes\floodguard\data compilation\Data from MMDA-20260727T035138Z-1-001\Data from MMDA\Nangka RGS\2017\NANGKA RGS - MARCH 2017.xlsx,XLSX,29633,f3e0b33dbcbd7ed8360ddafc01023af51a572fe6eec56935c9b86674f394e19f,2017-03-01 00:00:00,2017-03-31 23:00:00,Hourly,744,744,SUCCESS,YES,NONE
Nangka Rain Gauge,Rainfall_mm,2017,5,NANGKA RGS - MAY 2017.xlsx,C:\Users\chris\Desktop\codes\floodguard\data compilation\Data from MMDA-20260727T035138Z-1-001\Data from MMDA\Nangka RGS\2017\NANGKA RGS - MAY 2017.xlsx,XLSX,32794,e52443acace2bb1b3d070691c7c8c87ba2625dd369e3f610a3ead5b2f1d877ff,2017-05-01 00:00:00,2017-05-31 23:00:00,Hourly,744,744,SUCCESS,YES,NONE
Nangka Rain Gauge,Rainfall_mm,2017,11,NANGKA RGS - NOVEMBER 2017.xlsx,C:\Users\chris\Desktop\codes\floodguard\data compilation\Data from MMDA-20260727T035138Z-1-001\Data from MMDA\Nangka RGS\2017\NANGKA RGS - NOVEMBER 2017.xlsx,XLSX,33427,df36878e47bb5a2433f4783fbb419f0575a4bd55797a79f0ee309a993e03b627,2017-11-01 00:00:00,2017-11-30 23:00:00,Hourly,720,720,SUCCESS,YES,NONE
Nangka Rain Gauge,Rainfall_mm,2017,10,NANGKA RGS - OCTOBER 2017.xlsx,C:\Users\chris\Desktop\codes\floodguard\data compilation\Data from MMDA-20260727T035138Z-1-001\Data from MMDA\Nangka RGS\2017\NANGKA RGS - OCTOBER 2017.xlsx,XLSX,35261,c0a008e599fd4d966c40fee478eb4d4b8b5d11c8fe16705cca49e22f77bd0be4,2017-10-01 00:00:00,2017-10-31 23:00:00,Hourly,744,744,SUCCESS,YES,NONE
Nangka Rain Gauge,Rainfall_mm,2017,9,NANGKA RGS - SEPTEMBER 2017.xlsx,C:\Users\chris\Desktop\codes\floodguard\data compilation\Data from MMDA-20260727T035138Z-1-001\Data from MMDA\Nangka RGS\2017\NANGKA RGS - SEPTEMBER 2017.xlsx,XLSX,34385,3506b292cdff766508fb35ac5177e515b43616f837f373688ed7d7793cecc10c,2017-09-01 00:00:00,2017-09-30 23:00:00,Hourly,720,720,SUCCESS,YES,NONE
Nangka Rain Gauge,Rainfall_mm,2018,1,1. January.xlsx,C:\Users\chris\Desktop\codes\floodguard\data compilation\Data from MMDA-20260727T035138Z-1-001\Data from MMDA\Nangka RGS\2018\1. January.xlsx,XLSX,32086,ea9fc5d1bdabb9d75cac8feaa1e3a04a5a1cd50c5166c64f42988542fa672fb1,NONE,NONE,Hourly,0,0,QUARANTINED,NO,QUARANTINED_DUPLICATE_MT_ORO_2018
Nangka Rain Gauge,Rainfall_mm,2018,10,10. October.xlsx,C:\Users\chris\Desktop\codes\floodguard\data compilation\Data from MMDA-20260727T035138Z-1-001\Data from MMDA\Nangka RGS\2018\10. October.xlsx,XLSX,32155,356b97faf7799385a5137e1671e0de4fd8a3eaa39559ca2662742545d2758249,NONE,NONE,Hourly,0,0,QUARANTINED,NO,QUARANTINED_DUPLICATE_MT_ORO_2018
Nangka Rain Gauge,Rainfall_mm,2018,11,11. November.xlsx,C:\Users\chris\Desktop\codes\floodguard\data compilation\Data from MMDA-20260727T035138Z-1-001\Data from MMDA\Nangka RGS\2018\11. November.xlsx,XLSX,30324,0dc92604629b45f0a03d90e5caa2eb8068fdae76c5ff786487936724e59f1501,NONE,NONE,Hourly,0,0,QUARANTINED,NO,QUARANTINED_DUPLICATE_MT_ORO_2018
Nangka Rain Gauge,Rainfall_mm,2018,12,12. December.xlsx,C:\Users\chris\Desktop\codes\floodguard\data compilation\Data from MMDA-20260727T035138Z-1-001\Data from MMDA\Nangka RGS\2018\12. December.xlsx,XLSX,34132,9928a95ca01fcae20d625568b5f6d047b9f4f80b38c04c3ee1fb440e58090e5f,NONE,NONE,Hourly,0,0,QUARANTINED,NO,QUARANTINED_DUPLICATE_MT_ORO_2018
Nangka Rain Gauge,Rainfall_mm,2018,2,2. February.xlsx,C:\Users\chris\Desktop\codes\floodguard\data compilation\Data from MMDA-20260727T035138Z-1-001\Data from MMDA\Nangka RGS\2018\2. February.xlsx,XLSX,28467,82fd5d727c8493452c10e6ebf8c7651f6f01465bf2f89114f0c1dce45225ac34,NONE,NONE,Hourly,0,0,QUARANTINED,NO,QUARANTINED_DUPLICATE_MT_ORO_2018
Nangka Rain Gauge,Rainfall_mm,2018,3,3. March.xlsx,C:\Users\chris\Desktop\codes\floodguard\data compilation\Data from MMDA-20260727T035138Z-1-001\Data from MMDA\Nangka RGS\2018\3. March.xlsx,XLSX,30848,e09b6d8d539027f517dd27f51389302581b775c8d7b6096ebd3f6bbfb9f0f02f,NONE,NONE,Hourly,0,0,QUARANTINED,NO,QUARANTINED_DUPLICATE_MT_ORO_2018
Nangka Rain Gauge,Rainfall_mm,2018,4,4. April.xlsx,C:\Users\chris\Desktop\codes\floodguard\data compilation\Data from MMDA-20260727T035138Z-1-001\Data from MMDA\Nangka RGS\2018\4. April.xlsx,XLSX,29242,e274b1366c23752058a61ead9a26c5a58f80e96bf16696b6a418d247c249ee04,NONE,NONE,Hourly,0,0,QUARANTINED,NO,QUARANTINED_DUPLICATE_MT_ORO_2018
Nangka Rain Gauge,Rainfall_mm,2018,5,5. May.xlsx,C:\Users\chris\Desktop\codes\floodguard\data compilation\Data from MMDA-20260727T035138Z-1-001\Data from MMDA\Nangka RGS\2018\5. May.xlsx,XLSX,31160,525d3e94f50723a893c0a8f6e8d9701765f98c4d7a0aedd7055bc8d345f156ad,NONE,NONE,Hourly,0,0,QUARANTINED,NO,QUARANTINED_DUPLICATE_MT_ORO_2018
Nangka Rain Gauge,Rainfall_mm,2018,6,6. June.xlsx,C:\Users\chris\Desktop\codes\floodguard\data compilation\Data from MMDA-20260727T035138Z-1-001\Data from MMDA\Nangka RGS\2018\6. June.xlsx,XLSX,37380,77fb300950d1cc8514f6e9e53cbf05c6417fdb5831cd75a0c994348fea0959e5,NONE,NONE,Hourly,0,0,QUARANTINED,NO,QUARANTINED_DUPLICATE_MT_ORO_2018
Nangka Rain Gauge,Rainfall_mm,2018,7,7. July.xlsx,C:\Users\chris\Desktop\codes\floodguard\data compilation\Data from MMDA-20260727T035138Z-1-001\Data from MMDA\Nangka RGS\2018\7. July.xlsx,XLSX,39277,b124090255465f242b25179c3282a7b7238ffb36e973ca5f2421c0419068c331,NONE,NONE,Hourly,0,0,QUARANTINED,NO,QUARANTINED_DUPLICATE_MT_ORO_2018
Nangka Rain Gauge,Rainfall_mm,2018,8,8. August.xlsx,C:\Users\chris\Desktop\codes\floodguard\data compilation\Data from MMDA-20260727T035138Z-1-001\Data from MMDA\Nangka RGS\2018\8. August.xlsx,XLSX,38477,2ea785632069045ec192818d438b4aad78b2df658ab6accf96a41dbe16758ea3,NONE,NONE,Hourly,0,0,QUARANTINED,NO,QUARANTINED_DUPLICATE_MT_ORO_2018
Nangka Rain Gauge,Rainfall_mm,2018,9,9. September.xlsx,C:\Users\chris\Desktop\codes\floodguard\data compilation\Data from MMDA-20260727T035138Z-1-001\Data from MMDA\Nangka RGS\2018\9. September.xlsx,XLSX,35225,e0309c6b39837420e95fa65cfc83be617ac8752bbafaaa49b64d6d90bed5fc50,NONE,NONE,Hourly,0,0,QUARANTINED,NO,QUARANTINED_DUPLICATE_MT_ORO_2018
Nangka Rain Gauge,Rainfall_mm,2019,1,1. January.xlsx,C:\Users\chris\Desktop\codes\floodguard\data compilation\Data from MMDA-20260727T035138Z-1-001\Data from MMDA\Nangka RGS\2019\1. January.xlsx,XLSX,29935,cbbe0cfcc2106b35ca7e4d560d7577c528f6fa31e286e52f7f92add54249f14b,2019-01-01 00:00:00,2019-01-31 23:00:00,Hourly,744,744,SUCCESS,YES,NONE
Nangka Rain Gauge,Rainfall_mm,2019,10,10. October.xlsx,C:\Users\chris\Desktop\codes\floodguard\data compilation\Data from MMDA-20260727T035138Z-1-001\Data from MMDA\Nangka RGS\2019\10. October.xlsx,XLSX,32012,4ca84d0cac49bc7dc9ad4d70b67a161afb2abe6323e154372c9422f25979aa8f,2019-10-01 00:00:00,2019-10-31 23:00:00,Hourly,744,744,SUCCESS,YES,NONE
Nangka Rain Gauge,Rainfall_mm,2019,11,11. November.xlsx,C:\Users\chris\Desktop\codes\floodguard\data compilation\Data from MMDA-20260727T035138Z-1-001\Data from MMDA\Nangka RGS\2019\11. November.xlsx,XLSX,32244,f5da613d7e470e8612a4cfb5970796e264bff64f42d879fc616c0362bafe2436,2019-11-01 00:00:00,2019-11-30 23:00:00,Hourly,696,696,SUCCESS,YES,NONE
Nangka Rain Gauge,Rainfall_mm,2019,12,12. December.xlsx,C:\Users\chris\Desktop\codes\floodguard\data compilation\Data from MMDA-20260727T035138Z-1-001\Data from MMDA\Nangka RGS\2019\12. December.xlsx,XLSX,30486,952d2d1b68d4e4504fb8d6c05cb972c7cd25a4ddcca40a01f756db938c7fe9fc,2019-12-01 00:00:00,2019-12-31 23:00:00,Hourly,744,744,SUCCESS,YES,NONE
Nangka Rain Gauge,Rainfall_mm,2019,2,2. February.xlsx,C:\Users\chris\Desktop\codes\floodguard\data compilation\Data from MMDA-20260727T035138Z-1-001\Data from MMDA\Nangka RGS\2019\2. February.xlsx,XLSX,28503,cd0b8121e25fbb4edd34e6dadf5f8605ec0db02c41bcf343f3fb6cc36f764657,2019-02-01 00:00:00,2019-02-28 23:00:00,Hourly,672,672,SUCCESS,YES,NONE
Nangka Rain Gauge,Rainfall_mm,2019,3,3. March.xlsx,C:\Users\chris\Desktop\codes\floodguard\data compilation\Data from MMDA-20260727T035138Z-1-001\Data from MMDA\Nangka RGS\2019\3. March.xlsx,XLSX,29213,60b1951583f6141845bd4545c564cab522751c4f9602e6de4b4385c81ef2d25a,2019-03-01 00:00:00,2019-03-31 23:00:00,Hourly,744,744,SUCCESS,YES,NONE
Nangka Rain Gauge,Rainfall_mm,2019,4,4. April.xlsx,C:\Users\chris\Desktop\codes\floodguard\data compilation\Data from MMDA-20260727T035138Z-1-001\Data from MMDA\Nangka RGS\2019\4. April.xlsx,XLSX,29061,2be87b25d838fa39d32f90406e70145e973238fbb0a98318c994236653809e42,2019-04-02 00:00:00,2019-04-30 23:00:00,Hourly,696,696,SUCCESS,YES,NONE
Nangka Rain Gauge,Rainfall_mm,2019,5,5. May.xlsx,C:\Users\chris\Desktop\codes\floodguard\data compilation\Data from MMDA-20260727T035138Z-1-001\Data from MMDA\Nangka RGS\2019\5. May.xlsx,XLSX,32302,f2847f5825f4080728502fe95610c0ead140d5a75b9cf421eca0833b7bc615e0,2019-05-01 00:00:00,2019-05-31 23:00:00,Hourly,743,743,SUCCESS,YES,NONE
Nangka Rain Gauge,Rainfall_mm,2019,6,6. June.xlsx,C:\Users\chris\Desktop\codes\floodguard\data compilation\Data from MMDA-20260727T035138Z-1-001\Data from MMDA\Nangka RGS\2019\6. June.xlsx,XLSX,33965,1d43896184c2fa1d4872e82cf2f737f2cc028f869f8be96f71ff385287986b39,2019-06-01 00:00:00,2019-06-30 23:00:00,Hourly,720,720,SUCCESS,YES,NONE
Nangka Rain Gauge,Rainfall_mm,2019,7,7. July.xlsx,C:\Users\chris\Desktop\codes\floodguard\data compilation\Data from MMDA-20260727T035138Z-1-001\Data from MMDA\Nangka RGS\2019\7. July.xlsx,XLSX,35437,3c5e45365776f7cda9d53eab493ded86600e9e4d7c8a8364542f3fb51ee072fa,2019-07-01 00:00:00,2019-07-31 23:00:00,Hourly,743,743,SUCCESS,YES,NONE
Nangka Rain Gauge,Rainfall_mm,2019,8,8. August.xlsx,C:\Users\chris\Desktop\codes\floodguard\data compilation\Data from MMDA-20260727T035138Z-1-001\Data from MMDA\Nangka RGS\2019\8. August.xlsx,XLSX,38820,2322670e04b88afc7d471841e1d009aeb47219ff493be8e87f2be73ab53cd97f,2019-08-01 00:00:00,2019-08-31 23:00:00,Hourly,743,743,SUCCESS,YES,NONE
Nangka Rain Gauge,Rainfall_mm,2019,9,9. September.xlsx,C:\Users\chris\Desktop\codes\floodguard\data compilation\Data from MMDA-20260727T035138Z-1-001\Data from MMDA\Nangka RGS\2019\9. September.xlsx,XLSX,36369,abe0e5b55b46d57c8af1280d5a04b8eeaa72f62b658c46267c106c7049156346,2019-09-01 00:00:00,2019-09-30 23:00:00,Hourly,720,720,SUCCESS,YES,NONE
Nangka Rain Gauge,Rainfall_mm,2020,1,1. January.xlsx,C:\Users\chris\Desktop\codes\floodguard\data compilation\Data from MMDA-20260727T035138Z-1-001\Data from MMDA\Nangka RGS\2020\1. January.xlsx,XLSX,29909,ec180b0392616a13ccb3e7f9e3da612e076ac634b5ca1f88d521c5e66e1bd770,2020-01-01 00:00:00,2020-01-31 23:00:00,Hourly,740,740,SUCCESS,YES,NONE
Nangka Rain Gauge,Rainfall_mm,2020,10,10. October.xlsx,C:\Users\chris\Desktop\codes\floodguard\data compilation\Data from MMDA-20260727T035138Z-1-001\Data from MMDA\Nangka RGS\2020\10. October.xlsx,XLSX,37665,dc77c1d3abaf2cb369aa9fc6e877f2d18347ca2837456074d1f1831588211595,2020-10-01 00:00:00,2020-10-31 23:00:00,Hourly,738,738,SUCCESS,YES,NONE
Nangka Rain Gauge,Rainfall_mm,2020,11,11. November.xlsx,C:\Users\chris\Desktop\codes\floodguard\data compilation\Data from MMDA-20260727T035138Z-1-001\Data from MMDA\Nangka RGS\2020\11. November.xlsx,XLSX,34409,1a91de64760c963b563fc0fab04f768d500d2649c4ba3c5544c13177c7780b34,2020-11-01 00:00:00,2020-11-30 23:00:00,Hourly,704,704,SUCCESS,YES,NONE
Nangka Rain Gauge,Rainfall_mm,2020,12,12. December.xlsx,C:\Users\chris\Desktop\codes\floodguard\data compilation\Data from MMDA-20260727T035138Z-1-001\Data from MMDA\Nangka RGS\2020\12. December.xlsx,XLSX,28526,ef4a968e3e4c506f9216605ddf8503a7522c0bee7bc8d4743ea7d833e34e6905,2020-12-01 00:00:00,2020-12-30 23:00:00,Hourly,720,720,SUCCESS,YES,NONE
Nangka Rain Gauge,Rainfall_mm,2020,2,2. February.xlsx,C:\Users\chris\Desktop\codes\floodguard\data compilation\Data from MMDA-20260727T035138Z-1-001\Data from MMDA\Nangka RGS\2020\2. February.xlsx,XLSX,30160,0d33de4ae7804e0f3514f596a289f6fd80f1c898a47df8e54a17a0fedd842064,2020-02-01 00:00:00,2020-02-29 23:00:00,Hourly,695,695,SUCCESS,YES,NONE
Nangka Rain Gauge,Rainfall_mm,2020,3,3. March.xlsx,C:\Users\chris\Desktop\codes\floodguard\data compilation\Data from MMDA-20260727T035138Z-1-001\Data from MMDA\Nangka RGS\2020\3. March.xlsx,XLSX,29007,27c561a932a631b77fc63e66426ada353be09efc7593e8fe47b9064e784e2357,2020-03-01 00:00:00,2020-03-31 23:00:00,Hourly,740,740,SUCCESS,YES,NONE
Nangka Rain Gauge,Rainfall_mm,2020,4,4. April.xlsx,C:\Users\chris\Desktop\codes\floodguard\data compilation\Data from MMDA-20260727T035138Z-1-001\Data from MMDA\Nangka RGS\2020\4. April.xlsx,XLSX,28808,05be36af96b2007b703d5b898bb3647b9f253c46c501d4672bc435f8cbf617c4,2020-04-01 00:00:00,2020-04-30 23:00:00,Hourly,720,720,SUCCESS,YES,NONE
Nangka Rain Gauge,Rainfall_mm,2020,5,5. May.xlsx,C:\Users\chris\Desktop\codes\floodguard\data compilation\Data from MMDA-20260727T035138Z-1-001\Data from MMDA\Nangka RGS\2020\5. May.xlsx,XLSX,30840,eb29b7659c82ff473d3db43ada5069b127967c42096da87d0db51f7457086c11,2020-05-01 00:00:00,2020-05-31 23:00:00,Hourly,744,744,SUCCESS,YES,NONE
Nangka Rain Gauge,Rainfall_mm,2020,6,6. June.xlsx,C:\Users\chris\Desktop\codes\floodguard\data compilation\Data from MMDA-20260727T035138Z-1-001\Data from MMDA\Nangka RGS\2020\6. June.xlsx,XLSX,32216,6500f171630bb37292f9831234027ebbabc5f77a1ba18a15133cbfbba9a5461c,2020-06-01 00:00:00,2020-06-30 23:00:00,Hourly,720,720,SUCCESS,YES,NONE
Nangka Rain Gauge,Rainfall_mm,2020,7,7. July.xlsx,C:\Users\chris\Desktop\codes\floodguard\data compilation\Data from MMDA-20260727T035138Z-1-001\Data from MMDA\Nangka RGS\2020\7. July.xlsx,XLSX,33673,1022aba31653e7b027b227b0664b6a0626de043218b223d427a1d59746279dca,2020-07-01 00:00:00,2020-07-31 23:00:00,Hourly,744,744,SUCCESS,YES,NONE
Nangka Rain Gauge,Rainfall_mm,2020,8,8. August.xlsx,C:\Users\chris\Desktop\codes\floodguard\data compilation\Data from MMDA-20260727T035138Z-1-001\Data from MMDA\Nangka RGS\2020\8. August.xlsx,XLSX,33790,12185b1f3f93d47b2259a084eff104a3f32a6fd72c7066a53ded989a5bf424f9,2020-08-01 00:00:00,2020-08-31 23:00:00,Hourly,716,716,SUCCESS,YES,NONE
Nangka Rain Gauge,Rainfall_mm,2020,9,9. September.xlsx,C:\Users\chris\Desktop\codes\floodguard\data compilation\Data from MMDA-20260727T035138Z-1-001\Data from MMDA\Nangka RGS\2020\9. September.xlsx,XLSX,33047,b56e17b5538120da58a8521bfec218a319a0cc24c1c9beef61ac418ba2cc481b,2020-09-01 00:00:00,2020-09-30 23:00:00,Hourly,720,720,SUCCESS,YES,NONE
Nangka Rain Gauge,Rainfall_mm,2021,1,1. January.xlsx,C:\Users\chris\Desktop\codes\floodguard\data compilation\Data from MMDA-20260727T035138Z-1-001\Data from MMDA\Nangka RGS\2021\1. January.xlsx,XLSX,31800,f95a893b3f5b0c67bde31b54feb3d296e7fca5ed97d7e074610c4fa863282352,2021-01-01 00:00:00,2021-01-31 23:00:00,Hourly,744,744,SUCCESS,YES,NONE
Nangka Rain Gauge,Rainfall_mm,2021,10,10. October.xlsx,C:\Users\chris\Desktop\codes\floodguard\data compilation\Data from MMDA-20260727T035138Z-1-001\Data from MMDA\Nangka RGS\2021\10. October.xlsx,XLSX,33599,c888feda5399f38577a649bdb79bdfef420ee7efe3336b84bc3069dac0cfb862,2021-10-01 00:00:00,2021-10-31 23:00:00,Hourly,744,744,SUCCESS,YES,NONE
Nangka Rain Gauge,Rainfall_mm,2021,11,11. November.xlsx,C:\Users\chris\Desktop\codes\floodguard\data compilation\Data from MMDA-20260727T035138Z-1-001\Data from MMDA\Nangka RGS\2021\11. November.xlsx,XLSX,31673,d44cfa38be9c05fe32dd41676c0b2761b6a85ec695618dcb95ee8f347bd965c7,2021-11-01 00:00:00,2021-11-30 23:00:00,Hourly,712,712,SUCCESS,YES,NONE
Nangka Rain Gauge,Rainfall_mm,2021,12,12. December.xlsx,C:\Users\chris\Desktop\codes\floodguard\data compilation\Data from MMDA-20260727T035138Z-1-001\Data from MMDA\Nangka RGS\2021\12. December.xlsx,XLSX,31276,4deb3c221e88b49a4f43fb183384f1b582eb57fdd7a7733629de1fdd84492b7c,2021-12-01 00:00:00,2021-12-31 23:00:00,Hourly,732,732,SUCCESS,YES,NONE
Nangka Rain Gauge,Rainfall_mm,2021,2,2. February.xlsx,C:\Users\chris\Desktop\codes\floodguard\data compilation\Data from MMDA-20260727T035138Z-1-001\Data from MMDA\Nangka RGS\2021\2. February.xlsx,XLSX,30639,3fb50d9c7fee4a9397f833ca12a950b5cca19f9275167202106a9b2ca0987c65,2021-02-01 00:00:00,2021-02-28 23:00:00,Hourly,672,672,SUCCESS,YES,NONE
Nangka Rain Gauge,Rainfall_mm,2021,3,3. March.xlsx,C:\Users\chris\Desktop\codes\floodguard\data compilation\Data from MMDA-20260727T035138Z-1-001\Data from MMDA\Nangka RGS\2021\3. March.xlsx,XLSX,30813,33cb95376f2edc6faf31ca6e6e9876528b92f7de11e4ff0665c3bb52163cd8bb,2021-03-01 00:00:00,2021-03-31 23:00:00,Hourly,744,744,SUCCESS,YES,NONE
Nangka Rain Gauge,Rainfall_mm,2021,4,4. April.xlsx,C:\Users\chris\Desktop\codes\floodguard\data compilation\Data from MMDA-20260727T035138Z-1-001\Data from MMDA\Nangka RGS\2021\4. April.xlsx,XLSX,29429,6937dfc51310ae1f065b76d7be4e691b02042820e110d8f12340d467c30e4c7e,2021-04-01 00:00:00,2021-04-30 23:00:00,Hourly,720,720,SUCCESS,YES,NONE
Nangka Rain Gauge,Rainfall_mm,2021,5,5. May.xlsx,C:\Users\chris\Desktop\codes\floodguard\data compilation\Data from MMDA-20260727T035138Z-1-001\Data from MMDA\Nangka RGS\2021\5. May.xlsx,XLSX,30438,3faa739ba8106f84da6db6c210a48fb3ed94a9904b5da0a96c8e020bc3c1dc4d,2021-05-01 00:00:00,2021-05-31 23:00:00,Hourly,742,742,SUCCESS,YES,NONE
Nangka Rain Gauge,Rainfall_mm,2021,6,6. June.xlsx,C:\Users\chris\Desktop\codes\floodguard\data compilation\Data from MMDA-20260727T035138Z-1-001\Data from MMDA\Nangka RGS\2021\6. June.xlsx,XLSX,32653,bc484e8051e2e84c9609ec236bab8f5babd6a9591be92f4c8dde2dd49cad6d0e,2021-06-01 00:00:00,2021-06-30 23:00:00,Hourly,719,719,SUCCESS,YES,NONE
Nangka Rain Gauge,Rainfall_mm,2021,7,7. July.xlsx,C:\Users\chris\Desktop\codes\floodguard\data compilation\Data from MMDA-20260727T035138Z-1-001\Data from MMDA\Nangka RGS\2021\7. July.xlsx,XLSX,39293,bd82b1d1ab7eaa1cf36acbe7b5bec8f86884806d096bd0ebace5180e73ba112a,2021-07-01 00:00:00,2021-07-31 23:00:00,Hourly,743,743,SUCCESS,YES,NONE
Nangka Rain Gauge,Rainfall_mm,2021,8,8. August.xlsx,C:\Users\chris\Desktop\codes\floodguard\data compilation\Data from MMDA-20260727T035138Z-1-001\Data from MMDA\Nangka RGS\2021\8. August.xlsx,XLSX,34657,cd08b8880ba4400a74ac9b6f3e979901cad5df719e8ffd984a078fab7ae4a3fe,2021-08-01 00:00:00,2021-08-31 23:00:00,Hourly,744,744,SUCCESS,YES,NONE
Nangka Rain Gauge,Rainfall_mm,2021,9,9. September.xlsx,C:\Users\chris\Desktop\codes\floodguard\data compilation\Data from MMDA-20260727T035138Z-1-001\Data from MMDA\Nangka RGS\2021\9. September.xlsx,XLSX,34778,569f16c60fa50e08eeb711ce693b9f003d478b7259193ae59b53a4fa68aac4fe,2021-09-01 00:00:00,2021-09-30 23:00:00,Hourly,719,719,SUCCESS,YES,NONE
Nangka Rain Gauge,Rainfall_mm,2022,1,1. January.xlsx,C:\Users\chris\Desktop\codes\floodguard\data compilation\Data from MMDA-20260727T035138Z-1-001\Data from MMDA\Nangka RGS\2022\1. January.xlsx,XLSX,22040,867db08fc346024dbf9882a80e381b459e99f2a150571ebcdd11e6cbfaf5e6c4,2022-01-01 00:00:00,2022-01-31 23:00:00,Hourly,692,692,SUCCESS,YES,NONE
Nangka Rain Gauge,Rainfall_mm,2022,10,10. October.xlsx,C:\Users\chris\Desktop\codes\floodguard\data compilation\Data from MMDA-20260727T035138Z-1-001\Data from MMDA\Nangka RGS\2022\10. October.xlsx,XLSX,22570,b1fb9d8a37c6773c6e98cfe8f594090b48b1fa80c9bd687c62400e3200b661e1,2022-10-01 00:00:00,2022-10-31 23:00:00,Hourly,738,738,SUCCESS,YES,NONE
Nangka Rain Gauge,Rainfall_mm,2022,11,11. November.xlsx,C:\Users\chris\Desktop\codes\floodguard\data compilation\Data from MMDA-20260727T035138Z-1-001\Data from MMDA\Nangka RGS\2022\11. November.xlsx,XLSX,21823,8d8e2790eff6e011b074ae755bc869619259fe221a64ecade80d496f152a95a4,2022-11-01 00:00:00,2022-11-30 23:00:00,Hourly,714,714,SUCCESS,YES,NONE
Nangka Rain Gauge,Rainfall_mm,2022,12,12. December.xlsx,C:\Users\chris\Desktop\codes\floodguard\data compilation\Data from MMDA-20260727T035138Z-1-001\Data from MMDA\Nangka RGS\2022\12. December.xlsx,XLSX,22060,217b4ad0cbc270b39ad700dbe45dab1d3fabbb25afb67ccb996641e12eb094a6,2022-12-01 00:00:00,2022-12-31 23:00:00,Hourly,737,737,SUCCESS,YES,NONE
Nangka Rain Gauge,Rainfall_mm,2022,2,2. February.xlsx,C:\Users\chris\Desktop\codes\floodguard\data compilation\Data from MMDA-20260727T035138Z-1-001\Data from MMDA\Nangka RGS\2022\2. February.xlsx,XLSX,28932,694b7f2afa794eab59d5f7225ef9d4e1f403d95b701e160eee9c60f8c3203310,2022-02-01 00:00:00,2022-02-28 23:00:00,Hourly,665,665,SUCCESS,YES,NONE
Nangka Rain Gauge,Rainfall_mm,2022,3,3. March.xlsx,C:\Users\chris\Desktop\codes\floodguard\data compilation\Data from MMDA-20260727T035138Z-1-001\Data from MMDA\Nangka RGS\2022\3. March.xlsx,XLSX,31222,9ea14c540116d56c0d4a0f96bf0437bdc48ac148e3556afa119c8cd497dcd2d4,2022-03-01 00:00:00,2022-03-31 23:00:00,Hourly,724,724,SUCCESS,YES,NONE
Nangka Rain Gauge,Rainfall_mm,2022,4,4. April.xlsx,C:\Users\chris\Desktop\codes\floodguard\data compilation\Data from MMDA-20260727T035138Z-1-001\Data from MMDA\Nangka RGS\2022\4. April.xlsx,XLSX,32255,aa9fa55bc669180308e28b8011c86e3793f7ac8c043728f6d11b16ee9d29f9fa,2022-04-01 00:00:00,2022-04-30 23:00:00,Hourly,715,715,SUCCESS,YES,NONE
Nangka Rain Gauge,Rainfall_mm,2022,5,5. May.xlsx,C:\Users\chris\Desktop\codes\floodguard\data compilation\Data from MMDA-20260727T035138Z-1-001\Data from MMDA\Nangka RGS\2022\5. May.xlsx,XLSX,21984,94da32cef65509cb6b9fb4b3624a1c8f9b39db3aa13115f7e2114b5c66d342b8,2022-05-01 00:00:00,2022-05-31 23:00:00,Hourly,737,737,SUCCESS,YES,NONE
Nangka Rain Gauge,Rainfall_mm,2022,6,6. June.xlsx,C:\Users\chris\Desktop\codes\floodguard\data compilation\Data from MMDA-20260727T035138Z-1-001\Data from MMDA\Nangka RGS\2022\6. June.xlsx,XLSX,32264,91023ea0e96fdce9f305a333ea745022da2ccd91bcc4018cd7575929fb5018c1,2022-06-01 00:00:00,2022-06-30 23:00:00,Hourly,714,714,SUCCESS,YES,NONE
Nangka Rain Gauge,Rainfall_mm,2022,7,7. July.xlsx,C:\Users\chris\Desktop\codes\floodguard\data compilation\Data from MMDA-20260727T035138Z-1-001\Data from MMDA\Nangka RGS\2022\7. July.xlsx,XLSX,34694,4911f03a79463fbb9554e45b2c933b729eae29a8ab9389132e5f7e0faccda100,2022-07-01 00:00:00,2022-07-31 23:00:00,Hourly,731,731,SUCCESS,YES,NONE
Nangka Rain Gauge,Rainfall_mm,2022,8,8. August.xlsx,C:\Users\chris\Desktop\codes\floodguard\data compilation\Data from MMDA-20260727T035138Z-1-001\Data from MMDA\Nangka RGS\2022\8. August.xlsx,XLSX,35879,2eacecd88cb5fc05f18994ffec59ffdd23a374427efe33f1a58a46b70e8a3e09,2022-08-01 00:00:00,2022-08-31 23:00:00,Hourly,738,738,SUCCESS,YES,NONE
Nangka Rain Gauge,Rainfall_mm,2022,9,9. September.xlsx,C:\Users\chris\Desktop\codes\floodguard\data compilation\Data from MMDA-20260727T035138Z-1-001\Data from MMDA\Nangka RGS\2022\9. September.xlsx,XLSX,100301,6967cba3a5188e7385d5a0eec8a8111a541e000a4244773c1f0b336efc80c505,2022-09-01 00:00:00,2022-09-30 23:00:00,Hourly,713,713,SUCCESS,YES,NONE
Nangka Rain Gauge,Rainfall_mm,2023,1,1. January.xlsx,C:\Users\chris\Desktop\codes\floodguard\data compilation\Data from MMDA-20260727T035138Z-1-001\Data from MMDA\Nangka RGS\2023\1. January.xlsx,XLSX,21920,5f73db99cd69cd7a45b26a72873733535d75d90ceba0f016d069549c3c309146,2023-01-01 00:00:00,2023-01-31 23:00:00,Hourly,743,743,SUCCESS,YES,NONE
Nangka Rain Gauge,Rainfall_mm,2023,11,11. November.xlsx,C:\Users\chris\Desktop\codes\floodguard\data compilation\Data from MMDA-20260727T035138Z-1-001\Data from MMDA\Nangka RGS\2023\11. November.xlsx,XLSX,21603,3cdbe5d4614807603634b3ab1732cbd5d9bfe142bea08f03611f6af0a4936b0b,2023-11-01 00:00:00,2023-11-30 23:00:00,Hourly,716,716,SUCCESS,YES,NONE
Nangka Rain Gauge,Rainfall_mm,2023,10,11. October.xlsx,C:\Users\chris\Desktop\codes\floodguard\data compilation\Data from MMDA-20260727T035138Z-1-001\Data from MMDA\Nangka RGS\2023\11. October.xlsx,XLSX,22109,fc2480a489a3707c562ed0760b1e3b94f0876ea1ea04b79a3a064944794a3a37,2023-10-01 00:00:00,2023-10-30 23:00:00,Hourly,710,710,SUCCESS,YES,NONE
Nangka Rain Gauge,Rainfall_mm,2023,12,12. December.xlsx,C:\Users\chris\Desktop\codes\floodguard\data compilation\Data from MMDA-20260727T035138Z-1-001\Data from MMDA\Nangka RGS\2023\12. December.xlsx,XLSX,21591,e6ceac9e62c7de49e1e6af9083af2229197136324cbad1ac53227782c83c0389,2023-12-01 00:00:00,2023-12-30 23:00:00,Hourly,719,719,SUCCESS,YES,NONE
Nangka Rain Gauge,Rainfall_mm,2023,2,2. February.xlsx,C:\Users\chris\Desktop\codes\floodguard\data compilation\Data from MMDA-20260727T035138Z-1-001\Data from MMDA\Nangka RGS\2023\2. February.xlsx,XLSX,21073,2840a73e66e754a32a5f26d88fdf450795f9067f4963c15fd0191161a88aed62,2023-02-01 00:00:00,2023-02-28 23:00:00,Hourly,670,670,SUCCESS,YES,NONE
Nangka Rain Gauge,Rainfall_mm,2023,3,3. March.xlsx,C:\Users\chris\Desktop\codes\floodguard\data compilation\Data from MMDA-20260727T035138Z-1-001\Data from MMDA\Nangka RGS\2023\3. March.xlsx,XLSX,21569,950b8394b67571c90593f926702180b16e731c1f91ed688f098cc85aff93fd75,2023-03-01 00:00:00,2023-03-31 23:00:00,Hourly,739,739,SUCCESS,YES,NONE
Nangka Rain Gauge,Rainfall_mm,2023,4,4. April.xlsx,C:\Users\chris\Desktop\codes\floodguard\data compilation\Data from MMDA-20260727T035138Z-1-001\Data from MMDA\Nangka RGS\2023\4. April.xlsx,XLSX,21701,96c1241d2d5136c1f2f14831ff569bb59f135ae06a5b4603a233407ecf1792fb,2023-04-01 00:00:00,2023-04-30 23:00:00,Hourly,720,720,SUCCESS,YES,NONE
Nangka Rain Gauge,Rainfall_mm,2023,5,5. May.xlsx,C:\Users\chris\Desktop\codes\floodguard\data compilation\Data from MMDA-20260727T035138Z-1-001\Data from MMDA\Nangka RGS\2023\5. May.xlsx,XLSX,21725,f02ddb4aae2cbf1cb37967bd1a889610a148b951bfed7cf28a28d4391a722fa6,2023-05-01 00:00:00,2023-05-31 23:00:00,Hourly,744,744,SUCCESS,YES,NONE
Nangka Rain Gauge,Rainfall_mm,2023,6,6. June.xlsx,C:\Users\chris\Desktop\codes\floodguard\data compilation\Data from MMDA-20260727T035138Z-1-001\Data from MMDA\Nangka RGS\2023\6. June.xlsx,XLSX,22314,1d2b67ac6b3d5f7a1c867c1f9457d8f99c31c78bfcadd8609c85afcb1c8a8913,2023-06-01 00:00:00,2023-06-30 23:00:00,Hourly,720,720,SUCCESS,YES,NONE
Nangka Rain Gauge,Rainfall_mm,2023,7,7. July.xlsx,C:\Users\chris\Desktop\codes\floodguard\data compilation\Data from MMDA-20260727T035138Z-1-001\Data from MMDA\Nangka RGS\2023\7. July.xlsx,XLSX,23137,291bcb2d2f9c113f6d735cd5da412a0730b87c7faae0645792b3127cb29a2ad0,2023-07-01 00:00:00,2023-07-31 23:00:00,Hourly,744,744,SUCCESS,YES,NONE
Nangka Rain Gauge,Rainfall_mm,2023,8,8. August.xlsx,C:\Users\chris\Desktop\codes\floodguard\data compilation\Data from MMDA-20260727T035138Z-1-001\Data from MMDA\Nangka RGS\2023\8. August.xlsx,XLSX,22739,f2adbef59660cc32e7ad8da16ff376cd0acc2233b95d71a8a5e50c6d568863f5,2023-08-01 00:00:00,2023-08-31 23:00:00,Hourly,743,743,SUCCESS,YES,NONE
Nangka Rain Gauge,Rainfall_mm,2023,9,9. September.xlsx,C:\Users\chris\Desktop\codes\floodguard\data compilation\Data from MMDA-20260727T035138Z-1-001\Data from MMDA\Nangka RGS\2023\9. September.xlsx,XLSX,22430,39958afc58f3f2143d0a081ce517dfbd6e30a2583e46671ebeabb31dbb02e0e5,2023-09-01 00:00:00,2023-09-30 23:00:00,Hourly,718,718,SUCCESS,YES,NONE
Nangka Rain Gauge,Rainfall_mm,2024,1,1. January.xlsx,C:\Users\chris\Desktop\codes\floodguard\data compilation\Data from MMDA-20260727T035138Z-1-001\Data from MMDA\Nangka RGS\2024\1. January.xlsx,XLSX,21668,c088c8f148c31b159b065746585525f4aba4f14bb542dbc72fddb389740369da,2024-01-01 00:00:00,2024-01-31 23:00:00,Hourly,742,742,SUCCESS,YES,NONE
Nangka Rain Gauge,Rainfall_mm,2024,10,10. October.xlsx,C:\Users\chris\Desktop\codes\floodguard\data compilation\Data from MMDA-20260727T035138Z-1-001\Data from MMDA\Nangka RGS\2024\10. October.xlsx,XLSX,22850,b63aa35dcf15b7a8f8e1a169abde74df5cc255578b9aa251125e4f382e72e81a,2024-10-01 00:00:00,2024-10-31 23:00:00,Hourly,713,713,SUCCESS,YES,NONE
Nangka Rain Gauge,Rainfall_mm,2024,11,11. November.xlsx,C:\Users\chris\Desktop\codes\floodguard\data compilation\Data from MMDA-20260727T035138Z-1-001\Data from MMDA\Nangka RGS\2024\11. November.xlsx,XLSX,22042,23bbf9da61ce2678918c4b69e88074b2d4b17d75669382d88971624ea641a24b,2024-11-01 00:00:00,2024-11-30 23:00:00,Hourly,695,695,SUCCESS,YES,NONE
Nangka Rain Gauge,Rainfall_mm,2024,12,12. December.xlsx,C:\Users\chris\Desktop\codes\floodguard\data compilation\Data from MMDA-20260727T035138Z-1-001\Data from MMDA\Nangka RGS\2024\12. December.xlsx,XLSX,22812,efe4caa039ea3980988006fddc4db69b4bf9853f84f90b55a5ad85bb0b8b82e8,2024-12-01 00:00:00,2024-12-31 23:00:00,Hourly,603,603,SUCCESS,YES,NONE
Nangka Rain Gauge,Rainfall_mm,2024,2,2. February.xlsx,C:\Users\chris\Desktop\codes\floodguard\data compilation\Data from MMDA-20260727T035138Z-1-001\Data from MMDA\Nangka RGS\2024\2. February.xlsx,XLSX,21177,cf541aaf28e8e4e8a7bad7b76e3fef6777dd33362b3eb61520bee1406b183e39,2024-02-01 00:00:00,2024-02-29 23:00:00,Hourly,692,692,SUCCESS,YES,NONE
Nangka Rain Gauge,Rainfall_mm,2024,3,3. March.xlsx,C:\Users\chris\Desktop\codes\floodguard\data compilation\Data from MMDA-20260727T035138Z-1-001\Data from MMDA\Nangka RGS\2024\3. March.xlsx,XLSX,21523,37e2c5739542b42f8484f435cb50eec9518ee0a20691195eab8f6001a006dc6e,2024-03-01 00:00:00,2024-03-31 23:00:00,Hourly,740,740,SUCCESS,YES,NONE
Nangka Rain Gauge,Rainfall_mm,2024,4,4. April.xlsx,C:\Users\chris\Desktop\codes\floodguard\data compilation\Data from MMDA-20260727T035138Z-1-001\Data from MMDA\Nangka RGS\2024\4. April.xlsx,XLSX,85389,3604454c046f8cdb101d5e2aac1c1d105188deb55fa080b09b14107a012f73be,2024-04-01 00:00:00,2024-04-30 23:00:00,Hourly,720,720,SUCCESS,YES,NONE
Nangka Rain Gauge,Rainfall_mm,2024,5,5. May.xlsx,C:\Users\chris\Desktop\codes\floodguard\data compilation\Data from MMDA-20260727T035138Z-1-001\Data from MMDA\Nangka RGS\2024\5. May.xlsx,XLSX,21970,af98c0781dacf92b1ad2121b2f951996a79165b442dc9be1b31d84c851e755dc,2024-05-01 00:00:00,2024-05-31 23:00:00,Hourly,740,740,SUCCESS,YES,NONE
Nangka Rain Gauge,Rainfall_mm,2024,6,6. June.xlsx,C:\Users\chris\Desktop\codes\floodguard\data compilation\Data from MMDA-20260727T035138Z-1-001\Data from MMDA\Nangka RGS\2024\6. June.xlsx,XLSX,22195,08944c94b973d56b8483a69e95a9852c5c6c9280399ffcd22ef41c415b7fe815,2024-06-01 00:00:00,2024-06-30 23:00:00,Hourly,720,720,SUCCESS,YES,NONE
Nangka Rain Gauge,Rainfall_mm,2024,7,7. July.xlsx,C:\Users\chris\Desktop\codes\floodguard\data compilation\Data from MMDA-20260727T035138Z-1-001\Data from MMDA\Nangka RGS\2024\7. July.xlsx,XLSX,22412,883f676820d9d6d23f7cedc32a6fb4f494a683148fe0c10719cad11eaa984930,2024-07-01 00:00:00,2024-07-31 23:00:00,Hourly,743,743,SUCCESS,YES,NONE
Nangka Rain Gauge,Rainfall_mm,2024,8,8. August.xlsx,C:\Users\chris\Desktop\codes\floodguard\data compilation\Data from MMDA-20260727T035138Z-1-001\Data from MMDA\Nangka RGS\2024\8. August.xlsx,XLSX,22408,e26e53d9c4ed4ac4b69f5ccdd3e5e16261c764c60c5b3406fd2c809534674015,2024-08-01 00:00:00,2024-08-31 23:00:00,Hourly,743,743,SUCCESS,YES,NONE
Nangka Rain Gauge,Rainfall_mm,2024,9,9. September.xlsx,C:\Users\chris\Desktop\codes\floodguard\data compilation\Data from MMDA-20260727T035138Z-1-001\Data from MMDA\Nangka RGS\2024\9. September.xlsx,XLSX,22406,3fe468ba3d13f6089740960d65bf9c72f70cab9a841bb7e51ca7df7017513fd5,2024-09-01 00:00:00,2024-09-30 23:00:00,Hourly,720,720,SUCCESS,YES,NONE
Nangka Rain Gauge,Rainfall_mm,2025,1,1. January.pdf,C:\Users\chris\Desktop\codes\floodguard\data compilation\Data from MMDA-20260727T035138Z-1-001\Data from MMDA\Nangka RGS\2025\1. January.pdf,PDF,107786,74b557d8c7ca86bc6943284eba5b5d82e4136721caebea2aa38e31dff920a5d7,2025-01-01 00:00:00,2025-01-31 23:00:00,Hourly,699,699,SUCCESS,YES,NONE
Nangka Rain Gauge,Rainfall_mm,2025,10,10. Oct.pdf,C:\Users\chris\Desktop\codes\floodguard\data compilation\Data from MMDA-20260727T035138Z-1-001\Data from MMDA\Nangka RGS\2025\10. Oct.pdf,PDF,107487,7f2073478a3c773778a79bfe5331fdd00784325b28c21724045c0fa8d17c6440,NONE,NONE,Hourly,0,0,QUARANTINED,NO,QUARANTINED_DUPLICATE_NOVEMBER_2025_PDF
Nangka Rain Gauge,Rainfall_mm,2025,11,11. Nov.pdf,C:\Users\chris\Desktop\codes\floodguard\data compilation\Data from MMDA-20260727T035138Z-1-001\Data from MMDA\Nangka RGS\2025\11. Nov.pdf,PDF,107487,7f2073478a3c773778a79bfe5331fdd00784325b28c21724045c0fa8d17c6440,2025-11-01 00:00:00,2025-11-30 23:00:00,Hourly,711,711,SUCCESS,YES,NONE
Nangka Rain Gauge,Rainfall_mm,2025,12,12. Dec.pdf,C:\Users\chris\Desktop\codes\floodguard\data compilation\Data from MMDA-20260727T035138Z-1-001\Data from MMDA\Nangka RGS\2025\12. Dec.pdf,PDF,108209,f6e86152e262149c08770f55f4b533e534e4806f9c333b76c7eab5726dcfcb49,2025-12-01 00:00:00,2025-12-31 23:00:00,Hourly,734,734,SUCCESS,YES,NONE
Nangka Rain Gauge,Rainfall_mm,2025,2,2. Feb.pdf,C:\Users\chris\Desktop\codes\floodguard\data compilation\Data from MMDA-20260727T035138Z-1-001\Data from MMDA\Nangka RGS\2025\2. Feb.pdf,PDF,101609,818b68d01e85030c0016dbf9a6c2b11f9dcbcadbac6311fbd2510e454923bd4a,2025-02-01 00:00:00,2025-02-28 23:00:00,Hourly,670,670,SUCCESS,YES,NONE
Nangka Rain Gauge,Rainfall_mm,2025,3,3. Mar.pdf,C:\Users\chris\Desktop\codes\floodguard\data compilation\Data from MMDA-20260727T035138Z-1-001\Data from MMDA\Nangka RGS\2025\3. Mar.pdf,PDF,107167,52822825d9c16d8c5e96c8fded039b3df3c9d511752f837135e9dd02f7f2fa98,2025-03-01 00:00:00,2025-03-31 23:00:00,Hourly,742,742,SUCCESS,YES,NONE
Nangka Rain Gauge,Rainfall_mm,2025,4,4. April.pdf,C:\Users\chris\Desktop\codes\floodguard\data compilation\Data from MMDA-20260727T035138Z-1-001\Data from MMDA\Nangka RGS\2025\4. April.pdf,PDF,106244,18ce3a96ffc1e70185162112587264dcf0d4672c7a8b18c0b3ce5821b45994d0,2025-04-01 00:00:00,2025-04-30 23:00:00,Hourly,720,720,SUCCESS,YES,NONE
Nangka Rain Gauge,Rainfall_mm,2025,5,5. May.pdf,C:\Users\chris\Desktop\codes\floodguard\data compilation\Data from MMDA-20260727T035138Z-1-001\Data from MMDA\Nangka RGS\2025\5. May.pdf,PDF,106168,ef91607b7b17041ed90be702d344f1e980ae7a8b7e1b1d155e636ae4ea048d25,2025-05-01 00:00:00,2025-05-31 23:00:00,Hourly,727,727,SUCCESS,YES,NONE
Nangka Rain Gauge,Rainfall_mm,2025,6,6. June.pdf,C:\Users\chris\Desktop\codes\floodguard\data compilation\Data from MMDA-20260727T035138Z-1-001\Data from MMDA\Nangka RGS\2025\6. June.pdf,PDF,107164,47bff3eaa7c0202287b785f4b1dc94e05323c5da84f7969da3259d1a20ccf462,2025-06-01 00:00:00,2025-06-30 23:00:00,Hourly,698,698,SUCCESS,YES,NONE
Nangka Rain Gauge,Rainfall_mm,2025,7,7. July.pdf,C:\Users\chris\Desktop\codes\floodguard\data compilation\Data from MMDA-20260727T035138Z-1-001\Data from MMDA\Nangka RGS\2025\7. July.pdf,PDF,108710,3ad0e6c4f8120f24df549d39a92525c3a77392cd21d448f4715a418d87bef46a,2025-07-01 00:00:00,2025-07-31 23:00:00,Hourly,680,680,SUCCESS,YES,NONE
Nangka Rain Gauge,Rainfall_mm,2025,8,8. Aug.pdf,C:\Users\chris\Desktop\codes\floodguard\data compilation\Data from MMDA-20260727T035138Z-1-001\Data from MMDA\Nangka RGS\2025\8. Aug.pdf,PDF,108685,e06d29c75f7bae20d51bb9ee5452ddb9f85a731ed45292c2fd7b876c0cc18c7c,2025-08-01 00:00:00,2025-08-31 23:00:00,Hourly,718,718,SUCCESS,YES,NONE
Nangka Rain Gauge,Rainfall_mm,2025,9,9. Sept.pdf,C:\Users\chris\Desktop\codes\floodguard\data compilation\Data from MMDA-20260727T035138Z-1-001\Data from MMDA\Nangka RGS\2025\9. Sept.pdf,PDF,108817,c970f979d3c60983d0cf1b112bf28fc22d3e582ec1495b82eadca787ce89c146,2025-09-01 00:00:00,2025-09-30 23:00:00,Hourly,711,711,SUCCESS,YES,NONE
Mt. Oro Rain,Rainfall_mm,2016,1,1. JANUARY.xls,C:\Users\chris\Desktop\codes\floodguard\data compilation\Data from MMDA-20260727T035138Z-1-001\Data from MMDA\Mt. Oro Station-20260813T023040Z-1-001\Mt. Oro Station\2016\1. JANUARY.xls,XLS,80896,6ba651558a717636fb25a8ce332cf1264d2d8213dbc094091e2cf15a314ac47d,2016-01-01 00:00:00,2016-01-31 23:00:00,Hourly,744,744,SUCCESS,YES,NONE
Mt. Oro Rain,Rainfall_mm,2016,10,10. OCTOBER.xls,C:\Users\chris\Desktop\codes\floodguard\data compilation\Data from MMDA-20260727T035138Z-1-001\Data from MMDA\Mt. Oro Station-20260813T023040Z-1-001\Mt. Oro Station\2016\10. OCTOBER.xls,XLS,80384,d342c5bc886586ba53d22b07f2aef6a365ebb34ae6ad12690890180fb898abdc,2016-10-01 00:00:00,2016-10-31 23:00:00,Hourly,744,744,SUCCESS,YES,NONE
Mt. Oro Rain,Rainfall_mm,2016,11,11. NOVEMBER.xls,C:\Users\chris\Desktop\codes\floodguard\data compilation\Data from MMDA-20260727T035138Z-1-001\Data from MMDA\Mt. Oro Station-20260813T023040Z-1-001\Mt. Oro Station\2016\11. NOVEMBER.xls,XLS,40960,9560ac95f6329208044050906ada4708a88ac747f6efc484f87d46649bfb6217,2016-11-01 00:00:00,2016-11-30 23:00:00,Hourly,720,720,SUCCESS,YES,NONE
Mt. Oro Rain,Rainfall_mm,2016,12,12. DECEMBER.xls,C:\Users\chris\Desktop\codes\floodguard\data compilation\Data from MMDA-20260727T035138Z-1-001\Data from MMDA\Mt. Oro Station-20260813T023040Z-1-001\Mt. Oro Station\2016\12. DECEMBER.xls,XLS,80896,3283e39c2a531f7520ede13beb740af3267ca11ab837f7b1bbdcd9ae1e07d11e,2016-12-01 00:00:00,2016-12-31 23:00:00,Hourly,744,744,SUCCESS,YES,NONE
Mt. Oro Rain,Rainfall_mm,2016,2,2. FEBRUARY.xls,C:\Users\chris\Desktop\codes\floodguard\data compilation\Data from MMDA-20260727T035138Z-1-001\Data from MMDA\Mt. Oro Station-20260813T023040Z-1-001\Mt. Oro Station\2016\2. FEBRUARY.xls,XLS,80896,398bd9edac21b5c310d6389f53259a2e53bd4d5cdccbf422ca6fe71b631b4b49,2016-02-01 00:00:00,2016-02-29 23:00:00,Hourly,696,696,SUCCESS,YES,NONE
Mt. Oro Rain,Rainfall_mm,2016,3,3. MARCH.xls,C:\Users\chris\Desktop\codes\floodguard\data compilation\Data from MMDA-20260727T035138Z-1-001\Data from MMDA\Mt. Oro Station-20260813T023040Z-1-001\Mt. Oro Station\2016\3. MARCH.xls,XLS,84480,cecc2dc7463499de2857877232957dfbe0c4024a26913c2d45ee150f456011b3,2016-03-01 00:00:00,2016-03-31 23:00:00,Hourly,744,744,SUCCESS,YES,NONE
Mt. Oro Rain,Rainfall_mm,2016,4,4. APRIL.xls,C:\Users\chris\Desktop\codes\floodguard\data compilation\Data from MMDA-20260727T035138Z-1-001\Data from MMDA\Mt. Oro Station-20260813T023040Z-1-001\Mt. Oro Station\2016\4. APRIL.xls,XLS,87552,cb4f403beafbb157512128d815fb6473b7eac7d41802dba214a7aa0ee0db27a3,2016-04-01 00:00:00,2016-04-29 23:00:00,Hourly,696,696,SUCCESS,YES,NONE
Mt. Oro Rain,Rainfall_mm,2016,5,5. MAY.xls,C:\Users\chris\Desktop\codes\floodguard\data compilation\Data from MMDA-20260727T035138Z-1-001\Data from MMDA\Mt. Oro Station-20260813T023040Z-1-001\Mt. Oro Station\2016\5. MAY.xls,XLS,80896,a6e5a9f173877a11c1447b45a238a2c8cd886cc340104851721dca7d6d73076a,2016-05-01 00:00:00,2016-05-31 23:00:00,Hourly,744,744,SUCCESS,YES,NONE
Mt. Oro Rain,Rainfall_mm,2016,6,6. JUNE.xls,C:\Users\chris\Desktop\codes\floodguard\data compilation\Data from MMDA-20260727T035138Z-1-001\Data from MMDA\Mt. Oro Station-20260813T023040Z-1-001\Mt. Oro Station\2016\6. JUNE.xls,XLS,80896,4fd431b50f0a87369b9f1a67b2cb2135f8a189f51238429858982b68bac65225,2016-06-01 00:00:00,2016-06-30 23:00:00,Hourly,720,720,SUCCESS,YES,NONE
Mt. Oro Rain,Rainfall_mm,2016,7,7. JULY.xls,C:\Users\chris\Desktop\codes\floodguard\data compilation\Data from MMDA-20260727T035138Z-1-001\Data from MMDA\Mt. Oro Station-20260813T023040Z-1-001\Mt. Oro Station\2016\7. JULY.xls,XLS,83968,118c587f0ea674677a384bc85fb90ffed9a045208f2417bee5119d6ab9be460b,2016-07-01 00:00:00,2016-07-31 23:00:00,Hourly,744,744,SUCCESS,YES,NONE
Mt. Oro Rain,Rainfall_mm,2016,8,8. AUGUST.xls,C:\Users\chris\Desktop\codes\floodguard\data compilation\Data from MMDA-20260727T035138Z-1-001\Data from MMDA\Mt. Oro Station-20260813T023040Z-1-001\Mt. Oro Station\2016\8. AUGUST.xls,XLS,81408,9b87e7e2d5b2d594443a9522f68c4dc983a73fbd58c5489c58367562edbe6fa3,2016-08-01 00:00:00,2016-08-31 23:00:00,Hourly,744,744,SUCCESS,YES,NONE
Mt. Oro Rain,Rainfall_mm,2016,9,9. SEPTEMBER.xls,C:\Users\chris\Desktop\codes\floodguard\data compilation\Data from MMDA-20260727T035138Z-1-001\Data from MMDA\Mt. Oro Station-20260813T023040Z-1-001\Mt. Oro Station\2016\9. SEPTEMBER.xls,XLS,80896,15905889aee0d05ac84986f0fc159c551c34b7959cff4e6889ebfefd1a39a28a,2016-09-01 00:00:00,2016-09-30 23:00:00,Hourly,720,720,SUCCESS,YES,NONE
Mt. Oro Rain,Rainfall_mm,2017,4,MT ORO - APRIL 2017.xlsx,C:\Users\chris\Desktop\codes\floodguard\data compilation\Data from MMDA-20260727T035138Z-1-001\Data from MMDA\Mt. Oro Station-20260813T023040Z-1-001\Mt. Oro Station\2017\MT ORO - APRIL 2017.xlsx,XLSX,30987,d73453f57967517b8c38ff16621a4debad0fc5e4cc4bc5fc7f552d1ec2d78822,2017-04-01 00:00:00,2017-04-30 23:00:00,Hourly,720,720,SUCCESS,YES,NONE
Mt. Oro Rain,Rainfall_mm,2017,8,MT ORO - AUGUST 2017.xlsx,C:\Users\chris\Desktop\codes\floodguard\data compilation\Data from MMDA-20260727T035138Z-1-001\Data from MMDA\Mt. Oro Station-20260813T023040Z-1-001\Mt. Oro Station\2017\MT ORO - AUGUST 2017.xlsx,XLSX,36192,e9c94d90b82b297f409d488bfe5976d748ef827d17c7d5cb94642ae9eb61f1ad,2017-08-01 00:00:00,2017-08-31 23:00:00,Hourly,744,744,SUCCESS,YES,NONE
Mt. Oro Rain,Rainfall_mm,2017,12,MT ORO - DECEMBER 2017.xlsx,C:\Users\chris\Desktop\codes\floodguard\data compilation\Data from MMDA-20260727T035138Z-1-001\Data from MMDA\Mt. Oro Station-20260813T023040Z-1-001\Mt. Oro Station\2017\MT ORO - DECEMBER 2017.xlsx,XLSX,33556,e52f1bfdc630b0075b926c359be283bc1a4bce4d71fdf6b8293c9160b3170c2c,2017-12-01 00:00:00,2017-12-31 23:00:00,Hourly,744,744,SUCCESS,YES,NONE
Mt. Oro Rain,Rainfall_mm,2017,2,MT ORO - FEBRUARY 2017.xlsx,C:\Users\chris\Desktop\codes\floodguard\data compilation\Data from MMDA-20260727T035138Z-1-001\Data from MMDA\Mt. Oro Station-20260813T023040Z-1-001\Mt. Oro Station\2017\MT ORO - FEBRUARY 2017.xlsx,XLSX,29894,cdd4b1587e61e821a96293b0e2b70d6ddd224090ff55f30881907261e1c96982,2017-02-01 00:00:00,2017-02-28 23:00:00,Hourly,670,670,SUCCESS,YES,NONE
Mt. Oro Rain,Rainfall_mm,2017,1,MT ORO - JANUARY 2017.xlsx,C:\Users\chris\Desktop\codes\floodguard\data compilation\Data from MMDA-20260727T035138Z-1-001\Data from MMDA\Mt. Oro Station-20260813T023040Z-1-001\Mt. Oro Station\2017\MT ORO - JANUARY 2017.xlsx,XLSX,32003,a855ef38f77ffcf0509b06a41e1e334945be2ba86dbdbca3a389d96217304f6e,2017-01-01 00:00:00,2017-01-31 23:00:00,Hourly,744,744,SUCCESS,YES,NONE
Mt. Oro Rain,Rainfall_mm,2017,7,MT ORO - JULY 2017.xlsx,C:\Users\chris\Desktop\codes\floodguard\data compilation\Data from MMDA-20260727T035138Z-1-001\Data from MMDA\Mt. Oro Station-20260813T023040Z-1-001\Mt. Oro Station\2017\MT ORO - JULY 2017.xlsx,XLSX,36517,78063175bb67ccc3bb3d18cf8309427196e518a9a06f78cf8e623130ac596bbb,2017-07-01 00:00:00,2017-07-31 23:00:00,Hourly,744,744,SUCCESS,YES,NONE
Mt. Oro Rain,Rainfall_mm,2017,6,MT ORO - JUNE 2017.xlsx,C:\Users\chris\Desktop\codes\floodguard\data compilation\Data from MMDA-20260727T035138Z-1-001\Data from MMDA\Mt. Oro Station-20260813T023040Z-1-001\Mt. Oro Station\2017\MT ORO - JUNE 2017.xlsx,XLSX,32513,2247fed9981aed4a6ac2ee70bb77e6276f56f0f899dce791e81850adc87e96d4,2017-06-01 00:00:00,2017-06-30 23:00:00,Hourly,720,720,SUCCESS,YES,NONE
Mt. Oro Rain,Rainfall_mm,2017,3,MT ORO - MARCH 2017.xlsx,C:\Users\chris\Desktop\codes\floodguard\data compilation\Data from MMDA-20260727T035138Z-1-001\Data from MMDA\Mt. Oro Station-20260813T023040Z-1-001\Mt. Oro Station\2017\MT ORO - MARCH 2017.xlsx,XLSX,29674,45f7fde34de4c99edb32d291abe4904a385095fc0bb427502f286874d745b52d,2017-03-01 00:00:00,2017-03-31 23:00:00,Hourly,744,744,SUCCESS,YES,NONE
Mt. Oro Rain,Rainfall_mm,2017,5,MT ORO - MAY 2017.xlsx,C:\Users\chris\Desktop\codes\floodguard\data compilation\Data from MMDA-20260727T035138Z-1-001\Data from MMDA\Mt. Oro Station-20260813T023040Z-1-001\Mt. Oro Station\2017\MT ORO - MAY 2017.xlsx,XLSX,32718,d54c5f85030f14340f816075ba8131bf9576f3a5cab811c8c8de95d01bc9cdc3,2017-05-01 00:00:00,2017-05-31 23:00:00,Hourly,744,744,SUCCESS,YES,NONE
Mt. Oro Rain,Rainfall_mm,2017,11,MT ORO - NOVEMBER 2017.xlsx,C:\Users\chris\Desktop\codes\floodguard\data compilation\Data from MMDA-20260727T035138Z-1-001\Data from MMDA\Mt. Oro Station-20260813T023040Z-1-001\Mt. Oro Station\2017\MT ORO - NOVEMBER 2017.xlsx,XLSX,33465,d4bf15948fc423dc868fe13bd7e19a7d2470c644bf3181ce1ebe9c9272c3a316,2017-11-01 00:00:00,2017-11-30 23:00:00,Hourly,720,720,SUCCESS,YES,NONE
Mt. Oro Rain,Rainfall_mm,2017,10,MT ORO - OCTOBER 2017.xlsx,C:\Users\chris\Desktop\codes\floodguard\data compilation\Data from MMDA-20260727T035138Z-1-001\Data from MMDA\Mt. Oro Station-20260813T023040Z-1-001\Mt. Oro Station\2017\MT ORO - OCTOBER 2017.xlsx,XLSX,35226,4680a054fae4ee6063cc0c6904b08dd74e5e43a3ec4ce7a03e6dd38fe34780e7,2017-10-01 00:00:00,2017-10-31 23:00:00,Hourly,744,744,SUCCESS,YES,NONE
Mt. Oro Rain,Rainfall_mm,2017,9,MT ORO - SEPTEMBER 2017.xlsx,C:\Users\chris\Desktop\codes\floodguard\data compilation\Data from MMDA-20260727T035138Z-1-001\Data from MMDA\Mt. Oro Station-20260813T023040Z-1-001\Mt. Oro Station\2017\MT ORO - SEPTEMBER 2017.xlsx,XLSX,34574,8060c56d6bba1eb34eaba6491271032d3c0d9852828e040ef40aebdd62268755,2017-09-01 09:00:00,2017-09-30 23:00:00,Hourly,229,229,SUCCESS,YES,NONE
Mt. Oro Rain,Rainfall_mm,2018,1,1. January.xlsx,C:\Users\chris\Desktop\codes\floodguard\data compilation\Data from MMDA-20260727T035138Z-1-001\Data from MMDA\Mt. Oro Station-20260813T023040Z-1-001\Mt. Oro Station\2018\1. January.xlsx,XLSX,32086,ea9fc5d1bdabb9d75cac8feaa1e3a04a5a1cd50c5166c64f42988542fa672fb1,2018-01-01 00:00:00,2018-01-31 23:00:00,Hourly,744,744,SUCCESS,YES,NONE
Mt. Oro Rain,Rainfall_mm,2018,10,10. October.xlsx,C:\Users\chris\Desktop\codes\floodguard\data compilation\Data from MMDA-20260727T035138Z-1-001\Data from MMDA\Mt. Oro Station-20260813T023040Z-1-001\Mt. Oro Station\2018\10. October.xlsx,XLSX,32155,356b97faf7799385a5137e1671e0de4fd8a3eaa39559ca2662742545d2758249,2018-10-01 00:00:00,2018-10-30 23:00:00,Hourly,716,716,SUCCESS,YES,NONE
Mt. Oro Rain,Rainfall_mm,2018,11,11. November.xlsx,C:\Users\chris\Desktop\codes\floodguard\data compilation\Data from MMDA-20260727T035138Z-1-001\Data from MMDA\Mt. Oro Station-20260813T023040Z-1-001\Mt. Oro Station\2018\11. November.xlsx,XLSX,30324,0dc92604629b45f0a03d90e5caa2eb8068fdae76c5ff786487936724e59f1501,2018-11-01 00:00:00,2018-11-30 23:00:00,Hourly,720,720,SUCCESS,YES,NONE
Mt. Oro Rain,Rainfall_mm,2018,12,12. December.xlsx,C:\Users\chris\Desktop\codes\floodguard\data compilation\Data from MMDA-20260727T035138Z-1-001\Data from MMDA\Mt. Oro Station-20260813T023040Z-1-001\Mt. Oro Station\2018\12. December.xlsx,XLSX,34132,9928a95ca01fcae20d625568b5f6d047b9f4f80b38c04c3ee1fb440e58090e5f,2018-12-01 00:00:00,2018-12-30 23:00:00,Hourly,720,720,SUCCESS,YES,NONE
Mt. Oro Rain,Rainfall_mm,2018,2,2. February.xlsx,C:\Users\chris\Desktop\codes\floodguard\data compilation\Data from MMDA-20260727T035138Z-1-001\Data from MMDA\Mt. Oro Station-20260813T023040Z-1-001\Mt. Oro Station\2018\2. February.xlsx,XLSX,28467,82fd5d727c8493452c10e6ebf8c7651f6f01465bf2f89114f0c1dce45225ac34,2018-02-01 00:00:00,2018-02-28 23:00:00,Hourly,672,672,SUCCESS,YES,NONE
Mt. Oro Rain,Rainfall_mm,2018,3,3. March.xlsx,C:\Users\chris\Desktop\codes\floodguard\data compilation\Data from MMDA-20260727T035138Z-1-001\Data from MMDA\Mt. Oro Station-20260813T023040Z-1-001\Mt. Oro Station\2018\3. March.xlsx,XLSX,30848,e09b6d8d539027f517dd27f51389302581b775c8d7b6096ebd3f6bbfb9f0f02f,2018-03-01 00:00:00,2018-03-31 23:00:00,Hourly,744,744,SUCCESS,YES,NONE
Mt. Oro Rain,Rainfall_mm,2018,4,4. April.xlsx,C:\Users\chris\Desktop\codes\floodguard\data compilation\Data from MMDA-20260727T035138Z-1-001\Data from MMDA\Mt. Oro Station-20260813T023040Z-1-001\Mt. Oro Station\2018\4. April.xlsx,XLSX,29242,e274b1366c23752058a61ead9a26c5a58f80e96bf16696b6a418d247c249ee04,2018-04-01 00:00:00,2018-04-29 23:00:00,Hourly,696,696,SUCCESS,YES,NONE
Mt. Oro Rain,Rainfall_mm,2018,5,5. May.xlsx,C:\Users\chris\Desktop\codes\floodguard\data compilation\Data from MMDA-20260727T035138Z-1-001\Data from MMDA\Mt. Oro Station-20260813T023040Z-1-001\Mt. Oro Station\2018\5. May.xlsx,XLSX,31160,525d3e94f50723a893c0a8f6e8d9701765f98c4d7a0aedd7055bc8d345f156ad,2018-05-01 00:00:00,2018-05-31 23:00:00,Hourly,744,744,SUCCESS,YES,NONE
Mt. Oro Rain,Rainfall_mm,2018,6,6. June.xlsx,C:\Users\chris\Desktop\codes\floodguard\data compilation\Data from MMDA-20260727T035138Z-1-001\Data from MMDA\Mt. Oro Station-20260813T023040Z-1-001\Mt. Oro Station\2018\6. June.xlsx,XLSX,37380,77fb300950d1cc8514f6e9e53cbf05c6417fdb5831cd75a0c994348fea0959e5,2018-06-01 00:00:00,2018-06-30 23:00:00,Hourly,719,719,SUCCESS,YES,NONE
Mt. Oro Rain,Rainfall_mm,2018,7,7. July.xlsx,C:\Users\chris\Desktop\codes\floodguard\data compilation\Data from MMDA-20260727T035138Z-1-001\Data from MMDA\Mt. Oro Station-20260813T023040Z-1-001\Mt. Oro Station\2018\7. July.xlsx,XLSX,39277,b124090255465f242b25179c3282a7b7238ffb36e973ca5f2421c0419068c331,2018-07-01 00:00:00,2018-07-31 23:00:00,Hourly,744,744,SUCCESS,YES,NONE
Mt. Oro Rain,Rainfall_mm,2018,8,8. August.xlsx,C:\Users\chris\Desktop\codes\floodguard\data compilation\Data from MMDA-20260727T035138Z-1-001\Data from MMDA\Mt. Oro Station-20260813T023040Z-1-001\Mt. Oro Station\2018\8. August.xlsx,XLSX,38477,2ea785632069045ec192818d438b4aad78b2df658ab6accf96a41dbe16758ea3,2018-08-01 00:00:00,2018-08-31 23:00:00,Hourly,743,743,SUCCESS,YES,NONE
Mt. Oro Rain,Rainfall_mm,2018,9,9. September.xlsx,C:\Users\chris\Desktop\codes\floodguard\data compilation\Data from MMDA-20260727T035138Z-1-001\Data from MMDA\Mt. Oro Station-20260813T023040Z-1-001\Mt. Oro Station\2018\9. September.xlsx,XLSX,35225,e0309c6b39837420e95fa65cfc83be617ac8752bbafaaa49b64d6d90bed5fc50,2018-09-01 00:00:00,2018-09-30 23:00:00,Hourly,720,720,SUCCESS,YES,NONE
Mt. Oro Rain,Rainfall_mm,2019,1,1. January.xlsx,C:\Users\chris\Desktop\codes\floodguard\data compilation\Data from MMDA-20260727T035138Z-1-001\Data from MMDA\Mt. Oro Station-20260813T023040Z-1-001\Mt. Oro Station\2019\1. January.xlsx,XLSX,29899,651f438e85e8a32c6be9f0a1802c58f93b7cb290375caf91981e22217136c4b1,2019-01-01 00:00:00,2019-01-31 23:00:00,Hourly,744,744,SUCCESS,YES,NONE
Mt. Oro Rain,Rainfall_mm,2019,10,10. October.xlsx,C:\Users\chris\Desktop\codes\floodguard\data compilation\Data from MMDA-20260727T035138Z-1-001\Data from MMDA\Mt. Oro Station-20260813T023040Z-1-001\Mt. Oro Station\2019\10. October.xlsx,XLSX,32017,c1d21df11d9e942c7e6868a10b7be346ef87d54f33e91583bd6ceed280b61916,2019-10-01 00:00:00,2019-10-31 23:00:00,Hourly,744,744,SUCCESS,YES,NONE
Mt. Oro Rain,Rainfall_mm,2019,11,11. November.xlsx,C:\Users\chris\Desktop\codes\floodguard\data compilation\Data from MMDA-20260727T035138Z-1-001\Data from MMDA\Mt. Oro Station-20260813T023040Z-1-001\Mt. Oro Station\2019\11. November.xlsx,XLSX,32202,c4a22cd1bf15f4b318e6383cf3d634fb360bd3fa2bfe5f8d37537d1ff254613a,2019-11-01 00:00:00,2019-11-30 23:00:00,Hourly,696,696,SUCCESS,YES,NONE
Mt. Oro Rain,Rainfall_mm,2019,12,12. December.xlsx,C:\Users\chris\Desktop\codes\floodguard\data compilation\Data from MMDA-20260727T035138Z-1-001\Data from MMDA\Mt. Oro Station-20260813T023040Z-1-001\Mt. Oro Station\2019\12. December.xlsx,XLSX,30426,63e481f6a48a3b94c66adcb14dc108ca5461b5294cf3cdc48a18b86be2a600eb,2019-12-01 00:00:00,2019-12-31 23:00:00,Hourly,744,744,SUCCESS,YES,NONE
Mt. Oro Rain,Rainfall_mm,2019,2,2. February.xlsx,C:\Users\chris\Desktop\codes\floodguard\data compilation\Data from MMDA-20260727T035138Z-1-001\Data from MMDA\Mt. Oro Station-20260813T023040Z-1-001\Mt. Oro Station\2019\2. February.xlsx,XLSX,28504,7ca1f709ab4370fed446d9f25f6aa9cfacae7075686235edcd8ed42c076459e9,2019-02-01 00:00:00,2019-02-28 23:00:00,Hourly,672,672,SUCCESS,YES,NONE
Mt. Oro Rain,Rainfall_mm,2019,3,3. March.xlsx,C:\Users\chris\Desktop\codes\floodguard\data compilation\Data from MMDA-20260727T035138Z-1-001\Data from MMDA\Mt. Oro Station-20260813T023040Z-1-001\Mt. Oro Station\2019\3. March.xlsx,XLSX,29227,168b3b4e261598b0df3e8825ce7bf48a69e549a02e4cd09875194a0042fce6dd,2019-03-01 00:00:00,2019-03-31 23:00:00,Hourly,744,744,SUCCESS,YES,NONE
Mt. Oro Rain,Rainfall_mm,2019,4,4. April.xlsx,C:\Users\chris\Desktop\codes\floodguard\data compilation\Data from MMDA-20260727T035138Z-1-001\Data from MMDA\Mt. Oro Station-20260813T023040Z-1-001\Mt. Oro Station\2019\4. April.xlsx,XLSX,29022,196297cb3efede0fff7a189f96aa4a972e5f0a9585765b83b040e8531d1fd3eb,2019-04-02 00:00:00,2019-04-30 23:00:00,Hourly,696,696,SUCCESS,YES,NONE
Mt. Oro Rain,Rainfall_mm,2019,5,5. May.xlsx,C:\Users\chris\Desktop\codes\floodguard\data compilation\Data from MMDA-20260727T035138Z-1-001\Data from MMDA\Mt. Oro Station-20260813T023040Z-1-001\Mt. Oro Station\2019\5. May.xlsx,XLSX,32278,5946782526fe2c64b7347201a991587af18bf14f514aa0df0ee9af6563df0194,2019-05-01 00:00:00,2019-05-31 23:00:00,Hourly,744,744,SUCCESS,YES,NONE
Mt. Oro Rain,Rainfall_mm,2019,6,6. June.xlsx,C:\Users\chris\Desktop\codes\floodguard\data compilation\Data from MMDA-20260727T035138Z-1-001\Data from MMDA\Mt. Oro Station-20260813T023040Z-1-001\Mt. Oro Station\2019\6. June.xlsx,XLSX,33984,12415e15e39fa2398287bea3bd7c03445888840f31bfae411d76f52f6fc1242d,2019-06-01 00:00:00,2019-06-30 23:00:00,Hourly,720,720,SUCCESS,YES,NONE
Mt. Oro Rain,Rainfall_mm,2019,7,7. July.xlsx,C:\Users\chris\Desktop\codes\floodguard\data compilation\Data from MMDA-20260727T035138Z-1-001\Data from MMDA\Mt. Oro Station-20260813T023040Z-1-001\Mt. Oro Station\2019\7. July.xlsx,XLSX,35526,5ac094c5d54e297b7ba460b130feb0a71723469ecf7fd9cd2068cf08a024c08d,2019-07-01 00:00:00,2019-07-31 23:00:00,Hourly,743,743,SUCCESS,YES,NONE
Mt. Oro Rain,Rainfall_mm,2019,8,8. August.xlsx,C:\Users\chris\Desktop\codes\floodguard\data compilation\Data from MMDA-20260727T035138Z-1-001\Data from MMDA\Mt. Oro Station-20260813T023040Z-1-001\Mt. Oro Station\2019\8. August.xlsx,XLSX,39122,7a753e4f24763b4edba56813e3beec603d8ad0cf375d79d7e1a3c5fd30f77dbe,2019-08-01 00:00:00,2019-08-31 23:00:00,Hourly,743,743,SUCCESS,YES,NONE
Mt. Oro Rain,Rainfall_mm,2019,9,9. September.xlsx,C:\Users\chris\Desktop\codes\floodguard\data compilation\Data from MMDA-20260727T035138Z-1-001\Data from MMDA\Mt. Oro Station-20260813T023040Z-1-001\Mt. Oro Station\2019\9. September.xlsx,XLSX,36375,75bfa44387770ed38881f5b925103029fa2508130276a3561b36159432a59265,2019-09-01 00:00:00,2019-09-30 23:00:00,Hourly,720,720,SUCCESS,YES,NONE
Mt. Oro Rain,Rainfall_mm,2020,1,1. January.xlsx,C:\Users\chris\Desktop\codes\floodguard\data compilation\Data from MMDA-20260727T035138Z-1-001\Data from MMDA\Mt. Oro Station-20260813T023040Z-1-001\Mt. Oro Station\2020\1. January.xlsx,XLSX,29851,b11f5b9cf8609cbc6d35269cb0121e2759aa7f4c9b393387552a60284a71120c,2020-01-01 00:00:00,2020-01-31 23:00:00,Hourly,740,740,SUCCESS,YES,NONE
Mt. Oro Rain,Rainfall_mm,2020,10,10. October.xlsx,C:\Users\chris\Desktop\codes\floodguard\data compilation\Data from MMDA-20260727T035138Z-1-001\Data from MMDA\Mt. Oro Station-20260813T023040Z-1-001\Mt. Oro Station\2020\10. October.xlsx,XLSX,37792,3ed28000eb38096c854922a0e7e60685e7258f9b4233948df06b4b7a9064ad1d,2020-10-01 00:00:00,2020-10-31 23:00:00,Hourly,744,744,SUCCESS,YES,NONE
Mt. Oro Rain,Rainfall_mm,2020,11,11. November.xlsx,C:\Users\chris\Desktop\codes\floodguard\data compilation\Data from MMDA-20260727T035138Z-1-001\Data from MMDA\Mt. Oro Station-20260813T023040Z-1-001\Mt. Oro Station\2020\11. November.xlsx,XLSX,34406,2cab961d79d2c09a4e4b30616256a66b2429532863efc9b99f52b4ff256e9e7c,2020-11-01 00:00:00,2020-11-30 23:00:00,Hourly,720,720,SUCCESS,YES,NONE
Mt. Oro Rain,Rainfall_mm,2020,12,12. December.xlsx,C:\Users\chris\Desktop\codes\floodguard\data compilation\Data from MMDA-20260727T035138Z-1-001\Data from MMDA\Mt. Oro Station-20260813T023040Z-1-001\Mt. Oro Station\2020\12. December.xlsx,XLSX,28520,27cb176eec51444e6b4d778fecb6058d6ca016a6f11fb1cac6a5e860d192bfe6,2020-12-01 00:00:00,2020-12-31 23:00:00,Hourly,744,744,SUCCESS,YES,NONE
Mt. Oro Rain,Rainfall_mm,2020,2,2. February.xlsx,C:\Users\chris\Desktop\codes\floodguard\data compilation\Data from MMDA-20260727T035138Z-1-001\Data from MMDA\Mt. Oro Station-20260813T023040Z-1-001\Mt. Oro Station\2020\2. February.xlsx,XLSX,30136,a601282eb1ad3f81b7366a64dad812feb0fff62aebec82fc3b966061f8ac14a1,2020-02-01 00:00:00,2020-02-29 23:00:00,Hourly,695,695,SUCCESS,YES,NONE
Mt. Oro Rain,Rainfall_mm,2020,3,3. March.xlsx,C:\Users\chris\Desktop\codes\floodguard\data compilation\Data from MMDA-20260727T035138Z-1-001\Data from MMDA\Mt. Oro Station-20260813T023040Z-1-001\Mt. Oro Station\2020\3. March.xlsx,XLSX,29001,44d5ca82f6047ef847f595fc7a928f0eaa90b8c6097bc8a3214b3cbcce32ff98,2020-03-01 00:00:00,2020-03-31 23:00:00,Hourly,740,740,SUCCESS,YES,NONE
Mt. Oro Rain,Rainfall_mm,2020,4,4. April.xlsx,C:\Users\chris\Desktop\codes\floodguard\data compilation\Data from MMDA-20260727T035138Z-1-001\Data from MMDA\Mt. Oro Station-20260813T023040Z-1-001\Mt. Oro Station\2020\4. April.xlsx,XLSX,28801,8ea965feb7f2447f0d35cead2a32d447204e89fcee431b2f24d1e020397f3574,2020-04-01 00:00:00,2020-04-30 23:00:00,Hourly,720,720,SUCCESS,YES,NONE
Mt. Oro Rain,Rainfall_mm,2020,5,5. May.xlsx,C:\Users\chris\Desktop\codes\floodguard\data compilation\Data from MMDA-20260727T035138Z-1-001\Data from MMDA\Mt. Oro Station-20260813T023040Z-1-001\Mt. Oro Station\2020\5. May.xlsx,XLSX,30856,35748dfc805c7b3e4800f6db826c8b2bac0dcc8b1eec5c6ab6d5e78678cb82bf,2020-05-01 00:00:00,2020-05-31 23:00:00,Hourly,744,744,SUCCESS,YES,NONE
Mt. Oro Rain,Rainfall_mm,2020,6,6. June.xlsx,C:\Users\chris\Desktop\codes\floodguard\data compilation\Data from MMDA-20260727T035138Z-1-001\Data from MMDA\Mt. Oro Station-20260813T023040Z-1-001\Mt. Oro Station\2020\6. June.xlsx,XLSX,32210,ee616101f0ecee65bbb00b8d628df6bc6fa6100bdf1d91a476d9f7758dc01293,2020-06-01 00:00:00,2020-06-30 23:00:00,Hourly,720,720,SUCCESS,YES,NONE
Mt. Oro Rain,Rainfall_mm,2020,7,7. July.xlsx,C:\Users\chris\Desktop\codes\floodguard\data compilation\Data from MMDA-20260727T035138Z-1-001\Data from MMDA\Mt. Oro Station-20260813T023040Z-1-001\Mt. Oro Station\2020\7. July.xlsx,XLSX,33723,7f8ee5230c2fd27ce1cd649c68327adf5b46a1a8625dbafb1faf93dcaade3365,2020-07-01 00:00:00,2020-07-31 23:00:00,Hourly,744,744,SUCCESS,YES,NONE
Mt. Oro Rain,Rainfall_mm,2020,8,8. August.xlsx,C:\Users\chris\Desktop\codes\floodguard\data compilation\Data from MMDA-20260727T035138Z-1-001\Data from MMDA\Mt. Oro Station-20260813T023040Z-1-001\Mt. Oro Station\2020\8. August.xlsx,XLSX,33899,247a212a9985a0e2ce8f9e421fdfeb286ffe08dc6dad894e87485750ea2810c5,2020-08-01 00:00:00,2020-08-31 23:00:00,Hourly,744,744,SUCCESS,YES,NONE
Mt. Oro Rain,Rainfall_mm,2020,9,9. September.xlsx,C:\Users\chris\Desktop\codes\floodguard\data compilation\Data from MMDA-20260727T035138Z-1-001\Data from MMDA\Mt. Oro Station-20260813T023040Z-1-001\Mt. Oro Station\2020\9. September.xlsx,XLSX,33073,01f5d79ccab5bd38ce148f37ccd38d929417422c5773b9dba8a38b3e19124256,2020-09-01 00:00:00,2020-09-30 23:00:00,Hourly,720,720,SUCCESS,YES,NONE
Mt. Oro Rain,Rainfall_mm,2021,1,1. January.xlsx,C:\Users\chris\Desktop\codes\floodguard\data compilation\Data from MMDA-20260727T035138Z-1-001\Data from MMDA\Mt. Oro Station-20260813T023040Z-1-001\Mt. Oro Station\2021\1. January.xlsx,XLSX,31792,551912dade782522aa2938ec01794812ff1e060038991719fbde2bae1abd0700,2021-01-01 00:00:00,2021-01-31 23:00:00,Hourly,744,744,SUCCESS,YES,NONE
Mt. Oro Rain,Rainfall_mm,2021,10,10. October.xlsx,C:\Users\chris\Desktop\codes\floodguard\data compilation\Data from MMDA-20260727T035138Z-1-001\Data from MMDA\Mt. Oro Station-20260813T023040Z-1-001\Mt. Oro Station\2021\10. October.xlsx,XLSX,33623,049d6276f17443482bca8cebbf5ba80692d6a9d40ddbdd9cec34ba6ebc95c6a5,2021-10-01 00:00:00,2021-10-31 23:00:00,Hourly,744,744,SUCCESS,YES,NONE
Mt. Oro Rain,Rainfall_mm,2021,11,11. November.xlsx,C:\Users\chris\Desktop\codes\floodguard\data compilation\Data from MMDA-20260727T035138Z-1-001\Data from MMDA\Mt. Oro Station-20260813T023040Z-1-001\Mt. Oro Station\2021\11. November.xlsx,XLSX,31743,431226d630bd7992d91b54e7f45d74870ea307c619aa15c5e8b3a16b7917081a,2021-11-01 00:00:00,2021-11-30 23:00:00,Hourly,715,715,SUCCESS,YES,NONE
Mt. Oro Rain,Rainfall_mm,2021,12,12. December.xlsx,C:\Users\chris\Desktop\codes\floodguard\data compilation\Data from MMDA-20260727T035138Z-1-001\Data from MMDA\Mt. Oro Station-20260813T023040Z-1-001\Mt. Oro Station\2021\12. December.xlsx,XLSX,31223,2bcd12bd5d5850e17cd66d2fd6ac7101ea15426d603287ea40e162b780c6b59f,2021-12-01 00:00:00,2021-12-31 23:00:00,Hourly,744,744,SUCCESS,YES,NONE
Mt. Oro Rain,Rainfall_mm,2021,2,2. February.xlsx,C:\Users\chris\Desktop\codes\floodguard\data compilation\Data from MMDA-20260727T035138Z-1-001\Data from MMDA\Mt. Oro Station-20260813T023040Z-1-001\Mt. Oro Station\2021\2. February.xlsx,XLSX,30645,cf235b9864831133f270ebc05d023055b659505fa13592d52e24c5bfac723d6c,2021-02-01 00:00:00,2021-02-28 23:00:00,Hourly,672,672,SUCCESS,YES,NONE
Mt. Oro Rain,Rainfall_mm,2021,3,3. March.xlsx,C:\Users\chris\Desktop\codes\floodguard\data compilation\Data from MMDA-20260727T035138Z-1-001\Data from MMDA\Mt. Oro Station-20260813T023040Z-1-001\Mt. Oro Station\2021\3. March.xlsx,XLSX,30861,8ef9a5f063a2e148b8d5d5dc1df1f766f7c17a5f191d2fcc9494ab170bf3792f,2021-03-01 00:00:00,2021-03-31 23:00:00,Hourly,744,744,SUCCESS,YES,NONE
Mt. Oro Rain,Rainfall_mm,2021,4,4. April.xlsx,C:\Users\chris\Desktop\codes\floodguard\data compilation\Data from MMDA-20260727T035138Z-1-001\Data from MMDA\Mt. Oro Station-20260813T023040Z-1-001\Mt. Oro Station\2021\4. April.xlsx,XLSX,30019,c69e8ac70dc743dc173abf61b26692a2e98f9683cdbbba2c64e5f2a6ac93cc5a,2021-04-01 00:00:00,2021-04-30 23:00:00,Hourly,720,720,SUCCESS,YES,NONE
Mt. Oro Rain,Rainfall_mm,2021,5,5. May.xlsx,C:\Users\chris\Desktop\codes\floodguard\data compilation\Data from MMDA-20260727T035138Z-1-001\Data from MMDA\Mt. Oro Station-20260813T023040Z-1-001\Mt. Oro Station\2021\5. May.xlsx,XLSX,30434,67ce268c4d5bf57e9600fa6794231a5db6d152bb0e4a8d0bf2ebe8c4e5c16976,2021-05-01 00:00:00,2021-05-31 23:00:00,Hourly,744,744,SUCCESS,YES,NONE
Mt. Oro Rain,Rainfall_mm,2021,6,6. June.xlsx,C:\Users\chris\Desktop\codes\floodguard\data compilation\Data from MMDA-20260727T035138Z-1-001\Data from MMDA\Mt. Oro Station-20260813T023040Z-1-001\Mt. Oro Station\2021\6. June.xlsx,XLSX,32573,8215db086c0e11174cd921a6bd97f83a738267157681d7fd4849b9c1c852936e,2021-06-01 00:00:00,2021-06-30 23:00:00,Hourly,720,720,SUCCESS,YES,NONE
Mt. Oro Rain,Rainfall_mm,2021,7,7. July.xlsx,C:\Users\chris\Desktop\codes\floodguard\data compilation\Data from MMDA-20260727T035138Z-1-001\Data from MMDA\Mt. Oro Station-20260813T023040Z-1-001\Mt. Oro Station\2021\7. July.xlsx,XLSX,39339,a350ff427a395075f5fa892ec358999efa9b2b356e500602afe336913fc1f08e,2021-07-01 00:00:00,2021-07-31 23:00:00,Hourly,743,743,SUCCESS,YES,NONE
Mt. Oro Rain,Rainfall_mm,2021,8,8. August.xlsx,C:\Users\chris\Desktop\codes\floodguard\data compilation\Data from MMDA-20260727T035138Z-1-001\Data from MMDA\Mt. Oro Station-20260813T023040Z-1-001\Mt. Oro Station\2021\8. August.xlsx,XLSX,34837,5f8c7e11629dc5fafacbe3cb0a3bf3b5cd04c2dba30289f19d1ba99e956a8117,2021-08-01 00:00:00,2021-08-31 23:00:00,Hourly,742,742,SUCCESS,YES,NONE
Mt. Oro Rain,Rainfall_mm,2021,9,9. September.xlsx,C:\Users\chris\Desktop\codes\floodguard\data compilation\Data from MMDA-20260727T035138Z-1-001\Data from MMDA\Mt. Oro Station-20260813T023040Z-1-001\Mt. Oro Station\2021\9. September.xlsx,XLSX,34751,b7c8d041e16b6ff19a012ff1bc2b0d2b6775cb7ed89a9f53c9d5208bbc99744c,2021-09-01 00:00:00,2021-09-30 23:00:00,Hourly,720,720,SUCCESS,YES,NONE
Mt. Oro Rain,Rainfall_mm,2022,1,1. January.xlsx,C:\Users\chris\Desktop\codes\floodguard\data compilation\Data from MMDA-20260727T035138Z-1-001\Data from MMDA\Mt. Oro Station-20260813T023040Z-1-001\Mt. Oro Station\2022\1. January.xlsx,XLSX,21482,72ff07203881d7ed079ab38148391016c98dd0f5bfdf0be60947da2313af1b90,2022-01-01 00:00:00,2022-01-31 23:00:00,Hourly,744,744,SUCCESS,YES,NONE
Mt. Oro Rain,Rainfall_mm,2022,10,10. October.xlsx,C:\Users\chris\Desktop\codes\floodguard\data compilation\Data from MMDA-20260727T035138Z-1-001\Data from MMDA\Mt. Oro Station-20260813T023040Z-1-001\Mt. Oro Station\2022\10. October.xlsx,XLSX,22426,67c8e6314b8a36c854c71a8a1257173f41a7e1c075b7804ac45c508bd439b16a,2022-10-01 00:00:00,2022-10-31 23:00:00,Hourly,742,742,SUCCESS,YES,NONE
Mt. Oro Rain,Rainfall_mm,2022,11,11. November.xlsx,C:\Users\chris\Desktop\codes\floodguard\data compilation\Data from MMDA-20260727T035138Z-1-001\Data from MMDA\Mt. Oro Station-20260813T023040Z-1-001\Mt. Oro Station\2022\11. November.xlsx,XLSX,21869,bd72f17f18829cbbdb5e6323c8b7c925406b2e1b80e01dfcb9b5dff45e8ef286,2022-11-01 00:00:00,2022-11-30 23:00:00,Hourly,713,713,SUCCESS,YES,NONE
Mt. Oro Rain,Rainfall_mm,2022,12,12. December.xlsx,C:\Users\chris\Desktop\codes\floodguard\data compilation\Data from MMDA-20260727T035138Z-1-001\Data from MMDA\Mt. Oro Station-20260813T023040Z-1-001\Mt. Oro Station\2022\12. December.xlsx,XLSX,22137,dc0b5e46c7a99e90d078f3ff73871f299363995ab5260f325537e934da24f8a7,2022-12-01 00:00:00,2022-12-31 23:00:00,Hourly,743,743,SUCCESS,YES,NONE
Mt. Oro Rain,Rainfall_mm,2022,2,2. February.xlsx,C:\Users\chris\Desktop\codes\floodguard\data compilation\Data from MMDA-20260727T035138Z-1-001\Data from MMDA\Mt. Oro Station-20260813T023040Z-1-001\Mt. Oro Station\2022\2. February.xlsx,XLSX,28901,351ab4b4ad94bbe3b315101c16a0a413e3c20a5fcf960412cea7a6a3543720a3,2022-02-01 00:00:00,2022-02-28 23:00:00,Hourly,670,670,SUCCESS,YES,NONE
Mt. Oro Rain,Rainfall_mm,2022,3,3. March.xlsx,C:\Users\chris\Desktop\codes\floodguard\data compilation\Data from MMDA-20260727T035138Z-1-001\Data from MMDA\Mt. Oro Station-20260813T023040Z-1-001\Mt. Oro Station\2022\3. March.xlsx,XLSX,31107,06ba254dfe38e5cec14629d810685b1ca86ca4d7b1787c9f7035adc3e8f8978c,2022-03-01 00:00:00,2022-03-31 23:00:00,Hourly,740,740,SUCCESS,YES,NONE
Mt. Oro Rain,Rainfall_mm,2022,4,4. April.xlsx,C:\Users\chris\Desktop\codes\floodguard\data compilation\Data from MMDA-20260727T035138Z-1-001\Data from MMDA\Mt. Oro Station-20260813T023040Z-1-001\Mt. Oro Station\2022\4. April.xlsx,XLSX,32294,44003a44da2440ad34ac912dd41944e588dd69ea677bd77a4f41b041cd65813f,2022-04-01 00:00:00,2022-04-30 23:00:00,Hourly,718,718,SUCCESS,YES,NONE
Mt. Oro Rain,Rainfall_mm,2022,5,5. May.xlsx,C:\Users\chris\Desktop\codes\floodguard\data compilation\Data from MMDA-20260727T035138Z-1-001\Data from MMDA\Mt. Oro Station-20260813T023040Z-1-001\Mt. Oro Station\2022\5. May.xlsx,XLSX,21892,85fe12364a5dd1888b5fcbdeb946026e8b418fa86c4a0d3d7f39b9831b7871d4,2022-05-01 00:00:00,2022-05-31 23:00:00,Hourly,742,742,SUCCESS,YES,NONE
Mt. Oro Rain,Rainfall_mm,2022,6,6. June.xlsx,C:\Users\chris\Desktop\codes\floodguard\data compilation\Data from MMDA-20260727T035138Z-1-001\Data from MMDA\Mt. Oro Station-20260813T023040Z-1-001\Mt. Oro Station\2022\6. June.xlsx,XLSX,32235,f949fb9e3700b2d137e11a01e21f90ba4378eb614281892f4172192061b51e42,2022-06-01 00:00:00,2022-06-30 23:00:00,Hourly,720,720,SUCCESS,YES,NONE
Mt. Oro Rain,Rainfall_mm,2022,7,7. July.xlsx,C:\Users\chris\Desktop\codes\floodguard\data compilation\Data from MMDA-20260727T035138Z-1-001\Data from MMDA\Mt. Oro Station-20260813T023040Z-1-001\Mt. Oro Station\2022\7. July.xlsx,XLSX,34626,07371de99df99a1157970941e087bd382ccca59ae865209e493c05add71a8cfd,2022-07-01 00:00:00,2022-07-31 23:00:00,Hourly,744,744,SUCCESS,YES,NONE
Mt. Oro Rain,Rainfall_mm,2022,8,8. August.xlsx,C:\Users\chris\Desktop\codes\floodguard\data compilation\Data from MMDA-20260727T035138Z-1-001\Data from MMDA\Mt. Oro Station-20260813T023040Z-1-001\Mt. Oro Station\2022\8. August.xlsx,XLSX,35890,60ebc8651be8cb14d1178205519d0292558dc724d7ac2e94075e89861fb9e2d0,2022-08-01 00:00:00,2022-08-31 23:00:00,Hourly,742,742,SUCCESS,YES,NONE
Mt. Oro Rain,Rainfall_mm,2022,9,9. September.xlsx,C:\Users\chris\Desktop\codes\floodguard\data compilation\Data from MMDA-20260727T035138Z-1-001\Data from MMDA\Mt. Oro Station-20260813T023040Z-1-001\Mt. Oro Station\2022\9. September.xlsx,XLSX,100317,63d50450770ee959d42ca8e8ae1e24aba75d2e50bfdcbc01ab8ae3b91a2d23fa,2022-09-01 00:00:00,2022-09-30 23:00:00,Hourly,718,718,SUCCESS,YES,NONE
Mt. Oro Rain,Rainfall_mm,2023,1,1. January.xlsx,C:\Users\chris\Desktop\codes\floodguard\data compilation\Data from MMDA-20260727T035138Z-1-001\Data from MMDA\Mt. Oro Station-20260813T023040Z-1-001\Mt. Oro Station\2023\1. January.xlsx,XLSX,22052,150ea7f7b120146b8a81413a4c63ad5cd7dbd9b8e475f7755c9249c78fbb34fd,2023-01-01 00:00:00,2023-01-31 23:00:00,Hourly,737,737,SUCCESS,YES,NONE
Mt. Oro Rain,Rainfall_mm,2023,11,11. November.xlsx,C:\Users\chris\Desktop\codes\floodguard\data compilation\Data from MMDA-20260727T035138Z-1-001\Data from MMDA\Mt. Oro Station-20260813T023040Z-1-001\Mt. Oro Station\2023\11. November.xlsx,XLSX,21781,4aa347d7dab65ee05f6a62a2021d0d37980c2886b906f2d4e13d38ad33952dc4,2023-11-01 00:00:00,2023-11-30 23:00:00,Hourly,716,716,SUCCESS,YES,NONE
Mt. Oro Rain,Rainfall_mm,2023,10,11. October.xlsx,C:\Users\chris\Desktop\codes\floodguard\data compilation\Data from MMDA-20260727T035138Z-1-001\Data from MMDA\Mt. Oro Station-20260813T023040Z-1-001\Mt. Oro Station\2023\11. October.xlsx,XLSX,22129,bdae2bfd30eb7ae877eabc162d6555fffb0b11b8000a9947a621b043d339808e,2023-10-01 00:00:00,2023-10-30 23:00:00,Hourly,717,717,SUCCESS,YES,NONE
Mt. Oro Rain,Rainfall_mm,2023,12,12. December.xlsx,C:\Users\chris\Desktop\codes\floodguard\data compilation\Data from MMDA-20260727T035138Z-1-001\Data from MMDA\Mt. Oro Station-20260813T023040Z-1-001\Mt. Oro Station\2023\12. December.xlsx,XLSX,21604,5939a1bc009390d1d895cbcaa9cb5ce0b0f4b06c6841cf360df350d4421fba29,2023-12-01 00:00:00,2023-12-30 23:00:00,Hourly,719,719,SUCCESS,YES,NONE
Mt. Oro Rain,Rainfall_mm,2023,2,2. February.xlsx,C:\Users\chris\Desktop\codes\floodguard\data compilation\Data from MMDA-20260727T035138Z-1-001\Data from MMDA\Mt. Oro Station-20260813T023040Z-1-001\Mt. Oro Station\2023\2. February.xlsx,XLSX,21101,83e9f99648277bb41c10aa95e00affdd6e40d28b8700454a6039176b1071aa74,2023-02-01 00:00:00,2023-02-28 23:00:00,Hourly,670,670,SUCCESS,YES,NONE
Mt. Oro Rain,Rainfall_mm,2023,3,3. March.xlsx,C:\Users\chris\Desktop\codes\floodguard\data compilation\Data from MMDA-20260727T035138Z-1-001\Data from MMDA\Mt. Oro Station-20260813T023040Z-1-001\Mt. Oro Station\2023\3. March.xlsx,XLSX,21543,7049e740a54a60e26682bce4327107114c2fe5a5413c5e9e7f7fbbd8fc808a68,2023-03-01 00:00:00,2023-03-31 23:00:00,Hourly,738,738,SUCCESS,YES,NONE
Mt. Oro Rain,Rainfall_mm,2023,4,4. April.xlsx,C:\Users\chris\Desktop\codes\floodguard\data compilation\Data from MMDA-20260727T035138Z-1-001\Data from MMDA\Mt. Oro Station-20260813T023040Z-1-001\Mt. Oro Station\2023\4. April.xlsx,XLSX,21825,15ad82ede6effaf1a5b7e4495b9f9ad192a46327f981a4722addb2cb3c7c7d2b,2023-04-01 00:00:00,2023-04-30 23:00:00,Hourly,720,720,SUCCESS,YES,NONE
Mt. Oro Rain,Rainfall_mm,2023,5,5. May.xlsx,C:\Users\chris\Desktop\codes\floodguard\data compilation\Data from MMDA-20260727T035138Z-1-001\Data from MMDA\Mt. Oro Station-20260813T023040Z-1-001\Mt. Oro Station\2023\5. May.xlsx,XLSX,22037,8b91a2494fd5735855bf6d2f4d985248366305e67de460bac00c884aeee1e66b,2023-05-01 00:00:00,2023-05-31 23:00:00,Hourly,741,741,SUCCESS,YES,NONE
Mt. Oro Rain,Rainfall_mm,2023,6,6. June.xlsx,C:\Users\chris\Desktop\codes\floodguard\data compilation\Data from MMDA-20260727T035138Z-1-001\Data from MMDA\Mt. Oro Station-20260813T023040Z-1-001\Mt. Oro Station\2023\6. June.xlsx,XLSX,22395,baf826c8571c98b1e4916d65c627df69da66ac13a9572f4fc8ac46ad1511afd2,2023-06-01 00:00:00,2023-06-30 23:00:00,Hourly,717,717,SUCCESS,YES,NONE
Mt. Oro Rain,Rainfall_mm,2023,7,7. July.xlsx,C:\Users\chris\Desktop\codes\floodguard\data compilation\Data from MMDA-20260727T035138Z-1-001\Data from MMDA\Mt. Oro Station-20260813T023040Z-1-001\Mt. Oro Station\2023\7. July.xlsx,XLSX,23189,d660100db10db4db9816de198f4b0e1660f4ad34dece05306583959df29d3bc6,2023-07-01 00:00:00,2023-07-31 23:00:00,Hourly,744,744,SUCCESS,YES,NONE
Mt. Oro Rain,Rainfall_mm,2023,8,8. August.xlsx,C:\Users\chris\Desktop\codes\floodguard\data compilation\Data from MMDA-20260727T035138Z-1-001\Data from MMDA\Mt. Oro Station-20260813T023040Z-1-001\Mt. Oro Station\2023\8. August.xlsx,XLSX,23065,194e642efc2889c5f5a2d67caa79c8ce13deb850a4a138f162c6b13133a79614,2023-08-01 00:00:00,2023-08-31 23:00:00,Hourly,739,739,SUCCESS,YES,NONE
Mt. Oro Rain,Rainfall_mm,2023,9,9. September.xlsx,C:\Users\chris\Desktop\codes\floodguard\data compilation\Data from MMDA-20260727T035138Z-1-001\Data from MMDA\Mt. Oro Station-20260813T023040Z-1-001\Mt. Oro Station\2023\9. September.xlsx,XLSX,22528,31067216ab551c95847ec124d09868eddb097e0a9da143289619e663d7d4bf7c,2023-09-01 00:00:00,2023-09-30 23:00:00,Hourly,718,718,SUCCESS,YES,NONE
Mt. Oro Rain,Rainfall_mm,2024,1,1. January.xlsx,C:\Users\chris\Desktop\codes\floodguard\data compilation\Data from MMDA-20260727T035138Z-1-001\Data from MMDA\Mt. Oro Station-20260813T023040Z-1-001\Mt. Oro Station\2024\1. January.xlsx,XLSX,21613,58d6b2bea9509877e18030c217d75b1eba5b03469270f5ba6fd2cbd55e2cb3d1,2024-01-01 00:00:00,2024-01-31 23:00:00,Hourly,742,742,SUCCESS,YES,NONE
Mt. Oro Rain,Rainfall_mm,2024,10,10. October.xlsx,C:\Users\chris\Desktop\codes\floodguard\data compilation\Data from MMDA-20260727T035138Z-1-001\Data from MMDA\Mt. Oro Station-20260813T023040Z-1-001\Mt. Oro Station\2024\10. October.xlsx,XLSX,22819,7964d25ae029d34e9d31ebf27c7cfb7e17dac529c2151dbeda3e1db112020c9f,2024-10-01 00:00:00,2024-10-31 23:00:00,Hourly,741,741,SUCCESS,YES,NONE
Mt. Oro Rain,Rainfall_mm,2024,11,11. November.xlsx,C:\Users\chris\Desktop\codes\floodguard\data compilation\Data from MMDA-20260727T035138Z-1-001\Data from MMDA\Mt. Oro Station-20260813T023040Z-1-001\Mt. Oro Station\2024\11. November.xlsx,XLSX,21848,ad9d5f3e8b04c54baf7e2b3c50724d8c9d2ef1ad94739dbda9ebe386c2846941,2024-11-01 00:00:00,2024-11-30 23:00:00,Hourly,715,715,SUCCESS,YES,NONE
Mt. Oro Rain,Rainfall_mm,2024,12,12. December.xlsx,C:\Users\chris\Desktop\codes\floodguard\data compilation\Data from MMDA-20260727T035138Z-1-001\Data from MMDA\Mt. Oro Station-20260813T023040Z-1-001\Mt. Oro Station\2024\12. December.xlsx,XLSX,21948,2dd6901ad7ea55b783fe7c24806a0d3ce8d36294e770a4098185bcef6129c50d,2024-12-01 00:00:00,2024-12-31 23:00:00,Hourly,744,744,SUCCESS,YES,NONE
Mt. Oro Rain,Rainfall_mm,2024,2,2. February.xlsx,C:\Users\chris\Desktop\codes\floodguard\data compilation\Data from MMDA-20260727T035138Z-1-001\Data from MMDA\Mt. Oro Station-20260813T023040Z-1-001\Mt. Oro Station\2024\2. February.xlsx,XLSX,21032,425d637e10f2127a21453d6bb29b1c64de610f00e3fa8d2b852a2f68b0e2541a,2024-02-01 00:00:00,2024-02-29 23:00:00,Hourly,694,694,SUCCESS,YES,NONE
Mt. Oro Rain,Rainfall_mm,2024,3,3. March.xlsx,C:\Users\chris\Desktop\codes\floodguard\data compilation\Data from MMDA-20260727T035138Z-1-001\Data from MMDA\Mt. Oro Station-20260813T023040Z-1-001\Mt. Oro Station\2024\3. March.xlsx,XLSX,21345,f35eec863c657468558600606e418c2d4be527fd8f2beb764c49f24c250be3b8,2024-03-01 00:00:00,2024-03-31 23:00:00,Hourly,743,743,SUCCESS,YES,NONE
Mt. Oro Rain,Rainfall_mm,2024,4,4. April.xlsx,C:\Users\chris\Desktop\codes\floodguard\data compilation\Data from MMDA-20260727T035138Z-1-001\Data from MMDA\Mt. Oro Station-20260813T023040Z-1-001\Mt. Oro Station\2024\4. April.xlsx,XLSX,85458,4a0e8e90be8da73cd2531d6f938ae38015dfa5c284cabfcf9b610925dfa3a6c2,2024-04-01 00:00:00,2024-04-30 23:00:00,Hourly,720,720,SUCCESS,YES,NONE
Mt. Oro Rain,Rainfall_mm,2024,5,5. May.xlsx,C:\Users\chris\Desktop\codes\floodguard\data compilation\Data from MMDA-20260727T035138Z-1-001\Data from MMDA\Mt. Oro Station-20260813T023040Z-1-001\Mt. Oro Station\2024\5. May.xlsx,XLSX,21785,ac1787794dc57c383ae503f8363d5e3642e7579cac80c175d004925e37ba3ca3,2024-05-01 00:00:00,2024-05-31 23:00:00,Hourly,742,742,SUCCESS,YES,NONE
Mt. Oro Rain,Rainfall_mm,2024,6,6. June.xlsx,C:\Users\chris\Desktop\codes\floodguard\data compilation\Data from MMDA-20260727T035138Z-1-001\Data from MMDA\Mt. Oro Station-20260813T023040Z-1-001\Mt. Oro Station\2024\6. June.xlsx,XLSX,22146,d7c5c58df5a86da68bc01bd22f3a0e89b801c73aa876517878b423e8997f8ae6,2024-06-01 00:00:00,2024-06-30 23:00:00,Hourly,720,720,SUCCESS,YES,NONE
Mt. Oro Rain,Rainfall_mm,2024,7,7. July.xlsx,C:\Users\chris\Desktop\codes\floodguard\data compilation\Data from MMDA-20260727T035138Z-1-001\Data from MMDA\Mt. Oro Station-20260813T023040Z-1-001\Mt. Oro Station\2024\7. July.xlsx,XLSX,22430,da09cdbadc843caa3033e3a3fee6620f836edcba63dd30d0f6d21cb900a29c64,2024-07-01 00:00:00,2024-07-31 23:00:00,Hourly,743,743,SUCCESS,YES,NONE
Mt. Oro Rain,Rainfall_mm,2024,8,8. August.xlsx,C:\Users\chris\Desktop\codes\floodguard\data compilation\Data from MMDA-20260727T035138Z-1-001\Data from MMDA\Mt. Oro Station-20260813T023040Z-1-001\Mt. Oro Station\2024\8. August.xlsx,XLSX,22415,20a257bbded8fed38b505270eb64bb1bfca5cf278f45834153c8905fce985413,2024-08-01 00:00:00,2024-08-31 23:00:00,Hourly,743,743,SUCCESS,YES,NONE
Mt. Oro Rain,Rainfall_mm,2024,9,9. September.xlsx,C:\Users\chris\Desktop\codes\floodguard\data compilation\Data from MMDA-20260727T035138Z-1-001\Data from MMDA\Mt. Oro Station-20260813T023040Z-1-001\Mt. Oro Station\2024\9. September.xlsx,XLSX,22523,815ce36085537b225249606cd4784dbd70b2936a3e6d29be1e3ba4842685c780,2024-09-01 00:00:00,2024-09-30 23:00:00,Hourly,720,720,SUCCESS,YES,NONE
Mt. Oro Rain,Rainfall_mm,2025,1,1. January.pdf,C:\Users\chris\Desktop\codes\floodguard\data compilation\Data from MMDA-20260727T035138Z-1-001\Data from MMDA\Mt. Oro Station-20260813T023040Z-1-001\Mt. Oro Station\2025\1. January.pdf,PDF,107622,5aacb1c7bbb90a6e702309a863f7084fcfd33d7c899d6a41334e8d5479101f3a,2025-01-01 00:00:00,2025-01-31 23:00:00,Hourly,744,744,SUCCESS,YES,NONE
Mt. Oro Rain,Rainfall_mm,2025,10,10. Oct.pdf,C:\Users\chris\Desktop\codes\floodguard\data compilation\Data from MMDA-20260727T035138Z-1-001\Data from MMDA\Mt. Oro Station-20260813T023040Z-1-001\Mt. Oro Station\2025\10. Oct.pdf,PDF,106454,d5a91121f8a4df91dc0871165e9381d8c263edda0eb67181e6b8f46cbc53d081,2025-10-01 00:00:00,2025-10-30 23:00:00,Hourly,719,719,SUCCESS,YES,NONE
Mt. Oro Rain,Rainfall_mm,2025,11,11. Nov.pdf,C:\Users\chris\Desktop\codes\floodguard\data compilation\Data from MMDA-20260727T035138Z-1-001\Data from MMDA\Mt. Oro Station-20260813T023040Z-1-001\Mt. Oro Station\2025\11. Nov.pdf,PDF,107523,67681c36b31e84875336b8f7a46714ba183c28881e4e070f973c70cae7168b09,2025-11-01 00:00:00,2025-11-30 23:00:00,Hourly,720,720,SUCCESS,YES,NONE
Mt. Oro Rain,Rainfall_mm,2025,12,12. Dec.pdf,C:\Users\chris\Desktop\codes\floodguard\data compilation\Data from MMDA-20260727T035138Z-1-001\Data from MMDA\Mt. Oro Station-20260813T023040Z-1-001\Mt. Oro Station\2025\12. Dec.pdf,PDF,108299,d46a8ff077853b82b125af5d565cc0688a613580d448095b976ecc23473ee8bc,2025-12-01 00:00:00,2025-12-31 23:00:00,Hourly,744,744,SUCCESS,YES,NONE
Mt. Oro Rain,Rainfall_mm,2025,2,2. Feb.pdf,C:\Users\chris\Desktop\codes\floodguard\data compilation\Data from MMDA-20260727T035138Z-1-001\Data from MMDA\Mt. Oro Station-20260813T023040Z-1-001\Mt. Oro Station\2025\2. Feb.pdf,PDF,101747,1e4394ad7bd4e1360a163ea43fd8dc6eea75660b8a1c07a33b9e3d9fbceff552,2025-02-01 00:00:00,2025-02-28 23:00:00,Hourly,670,670,SUCCESS,YES,NONE
Mt. Oro Rain,Rainfall_mm,2025,3,3. Mar.pdf,C:\Users\chris\Desktop\codes\floodguard\data compilation\Data from MMDA-20260727T035138Z-1-001\Data from MMDA\Mt. Oro Station-20260813T023040Z-1-001\Mt. Oro Station\2025\3. Mar.pdf,PDF,107249,3d616c4326cb5fc7c19cf979317a1f095c53178d08a41b10855c9d2107673678,2025-03-01 00:00:00,2025-03-31 23:00:00,Hourly,742,742,SUCCESS,YES,NONE
Mt. Oro Rain,Rainfall_mm,2025,4,4. April.pdf,C:\Users\chris\Desktop\codes\floodguard\data compilation\Data from MMDA-20260727T035138Z-1-001\Data from MMDA\Mt. Oro Station-20260813T023040Z-1-001\Mt. Oro Station\2025\4. April.pdf,PDF,105135,9412da89d8e6a6a170c22a3d81075962f6e97b85bf19477de5c417b72989036c,2025-04-01 00:00:00,2025-04-30 23:00:00,Hourly,720,720,SUCCESS,YES,NONE
Mt. Oro Rain,Rainfall_mm,2025,5,5. May.pdf,C:\Users\chris\Desktop\codes\floodguard\data compilation\Data from MMDA-20260727T035138Z-1-001\Data from MMDA\Mt. Oro Station-20260813T023040Z-1-001\Mt. Oro Station\2025\5. May.pdf,PDF,106233,32b45f2098efd7a001d4eba5c2208d5b1b1ab8934dd04364955a3f042bfce7c1,2025-05-01 00:00:00,2025-05-31 23:00:00,Hourly,737,737,SUCCESS,YES,NONE
Mt. Oro Rain,Rainfall_mm,2025,6,6. June.pdf,C:\Users\chris\Desktop\codes\floodguard\data compilation\Data from MMDA-20260727T035138Z-1-001\Data from MMDA\Mt. Oro Station-20260813T023040Z-1-001\Mt. Oro Station\2025\6. June.pdf,PDF,107201,bae35cb7ad52a59bf5f835aa7404837f1a747f4487da32a7bc5d79506484609a,2025-06-01 00:00:00,2025-06-30 23:00:00,Hourly,719,719,SUCCESS,YES,NONE
Mt. Oro Rain,Rainfall_mm,2025,7,7. July.pdf,C:\Users\chris\Desktop\codes\floodguard\data compilation\Data from MMDA-20260727T035138Z-1-001\Data from MMDA\Mt. Oro Station-20260813T023040Z-1-001\Mt. Oro Station\2025\7. July.pdf,PDF,108576,c652ff2e9f01f4469e3df9486de4355be728a8470bb719ebb03c2d6a1895d947,2025-07-01 00:00:00,2025-07-31 23:00:00,Hourly,738,738,SUCCESS,YES,NONE
Mt. Oro Rain,Rainfall_mm,2025,8,8. Aug.pdf,C:\Users\chris\Desktop\codes\floodguard\data compilation\Data from MMDA-20260727T035138Z-1-001\Data from MMDA\Mt. Oro Station-20260813T023040Z-1-001\Mt. Oro Station\2025\8. Aug.pdf,PDF,108527,5f9e8268db855b9e7967d375cd7624c95db67ee4e65194dea76a5478cf0577a9,2025-08-01 00:00:00,2025-08-31 23:00:00,Hourly,735,735,SUCCESS,YES,NONE
Mt. Oro Rain,Rainfall_mm,2025,9,9. Sept.pdf,C:\Users\chris\Desktop\codes\floodguard\data compilation\Data from MMDA-20260727T035138Z-1-001\Data from MMDA\Mt. Oro Station-20260813T023040Z-1-001\Mt. Oro Station\2025\9. Sept.pdf,PDF,108810,748d528ec52317e5374d10f8da5071a261746646464a7f15ef72f5ad97e066f5,2025-09-01 00:00:00,2025-09-30 23:00:00,Hourly,720,720,SUCCESS,YES,NONE
Mt. Aries Rain,Rainfall_mm,2016,4,Apr.xls,C:\Users\chris\Desktop\codes\floodguard\data compilation\Data from MMDA-20260727T035138Z-1-001\Data from MMDA\Mt. Aries-20260813T023038Z-1-001\Mt. Aries\2016\Apr.xls,XLS,51712,7a3bfa6aa7858847de3709534455fdd79d1f1fa6d91a11d0582a048a518532f0,2016-04-01 00:00:00,2016-04-29 23:00:00,Hourly,696,696,SUCCESS,YES,NONE
Mt. Aries Rain,Rainfall_mm,2016,8,Aug.xls,C:\Users\chris\Desktop\codes\floodguard\data compilation\Data from MMDA-20260727T035138Z-1-001\Data from MMDA\Mt. Aries-20260813T023038Z-1-001\Mt. Aries\2016\Aug.xls,XLS,45568,7e23ded72e1ca2db3de0298f4f91d258e131980afd6576bba3d7477b73980ae4,2016-08-01 00:00:00,2016-08-31 23:00:00,Hourly,744,744,SUCCESS,YES,NONE
Mt. Aries Rain,Rainfall_mm,2016,12,Dec.xls,C:\Users\chris\Desktop\codes\floodguard\data compilation\Data from MMDA-20260727T035138Z-1-001\Data from MMDA\Mt. Aries-20260813T023038Z-1-001\Mt. Aries\2016\Dec.xls,XLS,45568,87ea4e2d793fae095585deb94e864f4a92350e3a14f7bb38085e4f137fa81fb4,2016-12-01 00:00:00,2016-12-31 23:00:00,Hourly,744,744,SUCCESS,YES,NONE
Mt. Aries Rain,Rainfall_mm,2016,2,Feb.xls,C:\Users\chris\Desktop\codes\floodguard\data compilation\Data from MMDA-20260727T035138Z-1-001\Data from MMDA\Mt. Aries-20260813T023038Z-1-001\Mt. Aries\2016\Feb.xls,XLS,45056,c48ec568870942518956e5fb3b20c93275c0560cab6a911ed2dcbcfb5011de1e,2016-02-01 00:00:00,2016-02-29 23:00:00,Hourly,696,696,SUCCESS,YES,NONE
Mt. Aries Rain,Rainfall_mm,2016,1,Jan.xls,C:\Users\chris\Desktop\codes\floodguard\data compilation\Data from MMDA-20260727T035138Z-1-001\Data from MMDA\Mt. Aries-20260813T023038Z-1-001\Mt. Aries\2016\Jan.xls,XLS,45568,7004e73a409db7940ad918aafedd737fa70ea7074da94977b7609d31ce322337,2016-01-01 00:00:00,2016-01-31 23:00:00,Hourly,744,744,SUCCESS,YES,NONE
Mt. Aries Rain,Rainfall_mm,2016,7,Jul.xls,C:\Users\chris\Desktop\codes\floodguard\data compilation\Data from MMDA-20260727T035138Z-1-001\Data from MMDA\Mt. Aries-20260813T023038Z-1-001\Mt. Aries\2016\Jul.xls,XLS,45568,b1cba72de5b16d0399c698dec9317550088c7359c20d402266e93851ac40b9ef,2016-07-01 00:00:00,2016-07-31 23:00:00,Hourly,744,744,SUCCESS,YES,NONE
Mt. Aries Rain,Rainfall_mm,2016,6,Jun.xls,C:\Users\chris\Desktop\codes\floodguard\data compilation\Data from MMDA-20260727T035138Z-1-001\Data from MMDA\Mt. Aries-20260813T023038Z-1-001\Mt. Aries\2016\Jun.xls,XLS,45568,a5846e8106cfed040573a79ecc9b8efaf3d00aa2dbe0ad91f7ded66030b8d72a,2016-06-01 00:00:00,2016-06-30 23:00:00,Hourly,720,720,SUCCESS,YES,NONE
Mt. Aries Rain,Rainfall_mm,2016,3,Mar.xls,C:\Users\chris\Desktop\codes\floodguard\data compilation\Data from MMDA-20260727T035138Z-1-001\Data from MMDA\Mt. Aries-20260813T023038Z-1-001\Mt. Aries\2016\Mar.xls,XLS,45568,077df386107bb5b5771bf9c169cab8593517c21e851f2632f16b6841e293fb3f,2016-03-01 00:00:00,2016-03-31 23:00:00,Hourly,744,744,SUCCESS,YES,NONE
Mt. Aries Rain,Rainfall_mm,2016,5,May.xls,C:\Users\chris\Desktop\codes\floodguard\data compilation\Data from MMDA-20260727T035138Z-1-001\Data from MMDA\Mt. Aries-20260813T023038Z-1-001\Mt. Aries\2016\May.xls,XLS,45568,f2a1e0dcd50e3cd3a963f832c626cea837f593a51d8fdd05eade3af4457119a0,2016-05-01 00:00:00,2016-05-31 23:00:00,Hourly,744,744,SUCCESS,YES,NONE
Mt. Aries Rain,Rainfall_mm,2016,11,Nov.xls,C:\Users\chris\Desktop\codes\floodguard\data compilation\Data from MMDA-20260727T035138Z-1-001\Data from MMDA\Mt. Aries-20260813T023038Z-1-001\Mt. Aries\2016\Nov.xls,XLS,45056,715069519c52285fb2718f21367e3bc30baf52b627c12669534a7f556fdb2431,2016-11-01 00:00:00,2016-11-30 23:00:00,Hourly,720,720,SUCCESS,YES,NONE
Mt. Aries Rain,Rainfall_mm,2016,10,Oct.xls,C:\Users\chris\Desktop\codes\floodguard\data compilation\Data from MMDA-20260727T035138Z-1-001\Data from MMDA\Mt. Aries-20260813T023038Z-1-001\Mt. Aries\2016\Oct.xls,XLS,45568,a4e51eafe24a20b6f887b5378a919c2bf7b5da315c96bee7a8d3f414d63c82e0,2016-10-01 00:00:00,2016-10-31 23:00:00,Hourly,744,744,SUCCESS,YES,NONE
Mt. Aries Rain,Rainfall_mm,2016,9,Sep.xls,C:\Users\chris\Desktop\codes\floodguard\data compilation\Data from MMDA-20260727T035138Z-1-001\Data from MMDA\Mt. Aries-20260813T023038Z-1-001\Mt. Aries\2016\Sep.xls,XLS,45568,e2626e03c767c45d4fc7ab8ec7d8c42e5c7afd4d8745fdbae9f880cdbc0e2b79,2016-09-01 00:00:00,2016-09-30 23:00:00,Hourly,720,720,SUCCESS,YES,NONE
Mt. Aries Rain,Rainfall_mm,2017,4,ARIES - APRIL 2017.xlsx,C:\Users\chris\Desktop\codes\floodguard\data compilation\Data from MMDA-20260727T035138Z-1-001\Data from MMDA\Mt. Aries-20260813T023038Z-1-001\Mt. Aries\2017\ARIES - APRIL 2017.xlsx,XLSX,31014,506a79f121c182dd7341c9822416b3cc4a689f9fb912a029999dd029a760579d,2017-04-01 00:00:00,2017-04-30 23:00:00,Hourly,720,720,SUCCESS,YES,NONE
Mt. Aries Rain,Rainfall_mm,2017,8,ARIES - AUGUST 2017.xlsx,C:\Users\chris\Desktop\codes\floodguard\data compilation\Data from MMDA-20260727T035138Z-1-001\Data from MMDA\Mt. Aries-20260813T023038Z-1-001\Mt. Aries\2017\ARIES - AUGUST 2017.xlsx,XLSX,36202,fac62baa5279ce9a4973c86049566ce2c758def3d903a575e8b152c5fa82573d,2017-08-01 00:00:00,2017-08-31 23:00:00,Hourly,744,744,SUCCESS,YES,NONE
Mt. Aries Rain,Rainfall_mm,2017,12,ARIES - DECEMBER 2017.xlsx,C:\Users\chris\Desktop\codes\floodguard\data compilation\Data from MMDA-20260727T035138Z-1-001\Data from MMDA\Mt. Aries-20260813T023038Z-1-001\Mt. Aries\2017\ARIES - DECEMBER 2017.xlsx,XLSX,33613,9b3ecee8a30cee6469482b8908985a9f097e48e78269ba5ae9d21be98357c4d3,2017-12-01 00:00:00,2017-12-31 23:00:00,Hourly,744,744,SUCCESS,YES,NONE
Mt. Aries Rain,Rainfall_mm,2017,2,ARIES - FEBRUARY 2017.xlsx,C:\Users\chris\Desktop\codes\floodguard\data compilation\Data from MMDA-20260727T035138Z-1-001\Data from MMDA\Mt. Aries-20260813T023038Z-1-001\Mt. Aries\2017\ARIES - FEBRUARY 2017.xlsx,XLSX,29924,559c7d6434992b46663753351187035ad4cd1d1c370dd10863191169286d68ec,2017-02-01 00:00:00,2017-02-28 23:00:00,Hourly,672,672,SUCCESS,YES,NONE
Mt. Aries Rain,Rainfall_mm,2017,1,ARIES - JANUARY 2017.xlsx,C:\Users\chris\Desktop\codes\floodguard\data compilation\Data from MMDA-20260727T035138Z-1-001\Data from MMDA\Mt. Aries-20260813T023038Z-1-001\Mt. Aries\2017\ARIES - JANUARY 2017.xlsx,XLSX,32045,6212ee770c446143b7ce1857ec8f5684fd7fe263c882cfaaacc915f0233bd3eb,2017-01-01 00:00:00,2017-01-31 23:00:00,Hourly,740,740,SUCCESS,YES,NONE
Mt. Aries Rain,Rainfall_mm,2017,7,ARIES - JULY 2017.xlsx,C:\Users\chris\Desktop\codes\floodguard\data compilation\Data from MMDA-20260727T035138Z-1-001\Data from MMDA\Mt. Aries-20260813T023038Z-1-001\Mt. Aries\2017\ARIES - JULY 2017.xlsx,XLSX,36453,45492b9a5757d504513e74d620183cfc817dc0e63f19e2826c77664aaa899395,2017-07-01 00:00:00,2017-07-31 23:00:00,Hourly,744,744,SUCCESS,YES,NONE
Mt. Aries Rain,Rainfall_mm,2017,6,ARIES - JUNE 2017.xlsx,C:\Users\chris\Desktop\codes\floodguard\data compilation\Data from MMDA-20260727T035138Z-1-001\Data from MMDA\Mt. Aries-20260813T023038Z-1-001\Mt. Aries\2017\ARIES - JUNE 2017.xlsx,XLSX,32455,a534b4df76077f9343bab89d4513208d40378a2d0f6f6bb7d8a3c2f2168d99e3,2017-06-01 00:00:00,2017-06-30 23:00:00,Hourly,720,720,SUCCESS,YES,NONE
Mt. Aries Rain,Rainfall_mm,2017,3,ARIES - MARCH 2017.xlsx,C:\Users\chris\Desktop\codes\floodguard\data compilation\Data from MMDA-20260727T035138Z-1-001\Data from MMDA\Mt. Aries-20260813T023038Z-1-001\Mt. Aries\2017\ARIES - MARCH 2017.xlsx,XLSX,29693,36b3f3f6f8a7b420aa56702b1d561c3a0c7a86b4d2da513f34b4262df2e81f3f,2017-03-01 00:00:00,2017-03-31 23:00:00,Hourly,744,744,SUCCESS,YES,NONE
Mt. Aries Rain,Rainfall_mm,2017,5,ARIES - MAY 2017.xlsx,C:\Users\chris\Desktop\codes\floodguard\data compilation\Data from MMDA-20260727T035138Z-1-001\Data from MMDA\Mt. Aries-20260813T023038Z-1-001\Mt. Aries\2017\ARIES - MAY 2017.xlsx,XLSX,32732,defc532aba71765a4cf2bd421181cc6f262ec9e29a752bbe03a8b909b02aa3c8,2017-05-01 00:00:00,2017-05-31 23:00:00,Hourly,744,744,SUCCESS,YES,NONE
Mt. Aries Rain,Rainfall_mm,2017,11,ARIES - NOVEMBER 2017.xlsx,C:\Users\chris\Desktop\codes\floodguard\data compilation\Data from MMDA-20260727T035138Z-1-001\Data from MMDA\Mt. Aries-20260813T023038Z-1-001\Mt. Aries\2017\ARIES - NOVEMBER 2017.xlsx,XLSX,33411,f24be5171b5165585f81b2d12b42b953d2426053c0e01ec9b1f31086d83a0487,2017-11-01 00:00:00,2017-11-30 23:00:00,Hourly,720,720,SUCCESS,YES,NONE
Mt. Aries Rain,Rainfall_mm,2017,10,ARIES - OCTOBER 2017.xlsx,C:\Users\chris\Desktop\codes\floodguard\data compilation\Data from MMDA-20260727T035138Z-1-001\Data from MMDA\Mt. Aries-20260813T023038Z-1-001\Mt. Aries\2017\ARIES - OCTOBER 2017.xlsx,XLSX,35260,0f1e54bc76d49d60bf557bd37cfde44d36c0ec8e3dae8486a4046c1b9ffea6a6,2017-10-01 00:00:00,2017-10-31 23:00:00,Hourly,744,744,SUCCESS,YES,NONE
Mt. Aries Rain,Rainfall_mm,2017,9,ARIES - SEPTEMBER 2017.xlsx,C:\Users\chris\Desktop\codes\floodguard\data compilation\Data from MMDA-20260727T035138Z-1-001\Data from MMDA\Mt. Aries-20260813T023038Z-1-001\Mt. Aries\2017\ARIES - SEPTEMBER 2017.xlsx,XLSX,34385,41d03ca956f6eb77f3280eac4e40eb6275010d1a21e577d79be6c7bf1c6a4f4e,2017-09-01 00:00:00,2017-09-30 23:00:00,Hourly,720,720,SUCCESS,YES,NONE
Mt. Aries Rain,Rainfall_mm,2018,1,1. January.xlsx,C:\Users\chris\Desktop\codes\floodguard\data compilation\Data from MMDA-20260727T035138Z-1-001\Data from MMDA\Mt. Aries-20260813T023038Z-1-001\Mt. Aries\2018\1. January.xlsx,XLSX,32136,f622ab2b3ec8b266bc1319e7cf920cd88476043947d7decebe4da9b48737498a,2018-01-01 00:00:00,2018-01-31 23:00:00,Hourly,744,744,SUCCESS,YES,NONE
Mt. Aries Rain,Rainfall_mm,2018,10,10. October.xlsx,C:\Users\chris\Desktop\codes\floodguard\data compilation\Data from MMDA-20260727T035138Z-1-001\Data from MMDA\Mt. Aries-20260813T023038Z-1-001\Mt. Aries\2018\10. October.xlsx,XLSX,32142,2ffb26391a63fb4f2afdc3cec0094c9d8ef1984e4ed086f3e4cebd2a65b06bda,2018-10-01 00:00:00,2018-10-30 23:00:00,Hourly,718,718,SUCCESS,YES,NONE
Mt. Aries Rain,Rainfall_mm,2018,11,11. November.xlsx,C:\Users\chris\Desktop\codes\floodguard\data compilation\Data from MMDA-20260727T035138Z-1-001\Data from MMDA\Mt. Aries-20260813T023038Z-1-001\Mt. Aries\2018\11. November.xlsx,XLSX,30326,b2fff304cd6b4cd8043a88921e40059887c357305652d2d437bf611f59a88a71,2018-11-01 00:00:00,2018-11-30 23:00:00,Hourly,720,720,SUCCESS,YES,NONE
Mt. Aries Rain,Rainfall_mm,2018,12,12. December.xlsx,C:\Users\chris\Desktop\codes\floodguard\data compilation\Data from MMDA-20260727T035138Z-1-001\Data from MMDA\Mt. Aries-20260813T023038Z-1-001\Mt. Aries\2018\12. December.xlsx,XLSX,34159,760d46b82874a4346daec3090f496a553db99c2432b84e8af71f8c0bfbc3870b,2018-12-01 00:00:00,2018-12-30 23:00:00,Hourly,720,720,SUCCESS,YES,NONE
Mt. Aries Rain,Rainfall_mm,2018,2,2. February.xlsx,C:\Users\chris\Desktop\codes\floodguard\data compilation\Data from MMDA-20260727T035138Z-1-001\Data from MMDA\Mt. Aries-20260813T023038Z-1-001\Mt. Aries\2018\2. February.xlsx,XLSX,28444,fd7d46e6b5e9ba4f39576d191637990dce7f6f6a6b05f61cbd19643f231b42d2,2018-02-01 00:00:00,2018-02-28 23:00:00,Hourly,672,672,SUCCESS,YES,NONE
Mt. Aries Rain,Rainfall_mm,2018,3,3. March.xlsx,C:\Users\chris\Desktop\codes\floodguard\data compilation\Data from MMDA-20260727T035138Z-1-001\Data from MMDA\Mt. Aries-20260813T023038Z-1-001\Mt. Aries\2018\3. March.xlsx,XLSX,30818,f0cf26ad924a8529a3339696653b9449cdae832f408cc5a1d2df384920c31b74,2018-03-01 00:00:00,2018-03-31 23:00:00,Hourly,744,744,SUCCESS,YES,NONE
Mt. Aries Rain,Rainfall_mm,2018,4,4. April.xlsx,C:\Users\chris\Desktop\codes\floodguard\data compilation\Data from MMDA-20260727T035138Z-1-001\Data from MMDA\Mt. Aries-20260813T023038Z-1-001\Mt. Aries\2018\4. April.xlsx,XLSX,29255,a05805b3a274245528bddc386679d852de877cba39a725a6638cc1673dd4b9c8,2018-04-01 00:00:00,2018-04-29 23:00:00,Hourly,696,696,SUCCESS,YES,NONE
Mt. Aries Rain,Rainfall_mm,2018,5,5. May.xlsx,C:\Users\chris\Desktop\codes\floodguard\data compilation\Data from MMDA-20260727T035138Z-1-001\Data from MMDA\Mt. Aries-20260813T023038Z-1-001\Mt. Aries\2018\5. May.xlsx,XLSX,31082,114a377d4406535f55b04ed2b44350905ca87317af302af45f8da642625c6d73,2018-05-01 00:00:00,2018-05-31 23:00:00,Hourly,744,744,SUCCESS,YES,NONE
Mt. Aries Rain,Rainfall_mm,2018,6,6. June.xlsx,C:\Users\chris\Desktop\codes\floodguard\data compilation\Data from MMDA-20260727T035138Z-1-001\Data from MMDA\Mt. Aries-20260813T023038Z-1-001\Mt. Aries\2018\6. June.xlsx,XLSX,37423,4c36604e7ea4f6a89b8d888c064fa7e62c8c7c2a01471c9d964c8b76c498a7db,2018-06-01 00:00:00,2018-06-30 23:00:00,Hourly,719,719,SUCCESS,YES,NONE
Mt. Aries Rain,Rainfall_mm,2018,7,7. July.xlsx,C:\Users\chris\Desktop\codes\floodguard\data compilation\Data from MMDA-20260727T035138Z-1-001\Data from MMDA\Mt. Aries-20260813T023038Z-1-001\Mt. Aries\2018\7. July.xlsx,XLSX,39234,2be48769cb94cd295c5d66b734e773aa760d89bf13b085447c592868be878e41,2018-07-01 00:00:00,2018-07-31 23:00:00,Hourly,744,744,SUCCESS,YES,NONE
Mt. Aries Rain,Rainfall_mm,2018,8,8. August.xlsx,C:\Users\chris\Desktop\codes\floodguard\data compilation\Data from MMDA-20260727T035138Z-1-001\Data from MMDA\Mt. Aries-20260813T023038Z-1-001\Mt. Aries\2018\8. August.xlsx,XLSX,38187,0037f9861731f26b2169767312b2fa16472a9f6b0e31ac2a58160c5f94028c0f,2018-08-01 00:00:00,2018-08-31 23:00:00,Hourly,743,743,SUCCESS,YES,NONE
Mt. Aries Rain,Rainfall_mm,2018,9,9. September.xlsx,C:\Users\chris\Desktop\codes\floodguard\data compilation\Data from MMDA-20260727T035138Z-1-001\Data from MMDA\Mt. Aries-20260813T023038Z-1-001\Mt. Aries\2018\9. September.xlsx,XLSX,35193,8d9175d4a8900dfe50392e100f625903593ec523d96b0416d20e402e564b4041,2018-09-01 00:00:00,2018-09-30 23:00:00,Hourly,720,720,SUCCESS,YES,NONE
Mt. Aries Rain,Rainfall_mm,2019,1,1. January.xlsx,C:\Users\chris\Desktop\codes\floodguard\data compilation\Data from MMDA-20260727T035138Z-1-001\Data from MMDA\Mt. Aries-20260813T023038Z-1-001\Mt. Aries\2019\1. January.xlsx,XLSX,29910,1878132e9bfd03e521063ceb99705bbfab10616794a80faeb95b40bc3d3d2bac,2019-01-01 00:00:00,2019-01-31 23:00:00,Hourly,744,744,SUCCESS,YES,NONE
Mt. Aries Rain,Rainfall_mm,2019,10,10. October.xlsx,C:\Users\chris\Desktop\codes\floodguard\data compilation\Data from MMDA-20260727T035138Z-1-001\Data from MMDA\Mt. Aries-20260813T023038Z-1-001\Mt. Aries\2019\10. October.xlsx,XLSX,31990,1493e3a12989fb4e48d1df9c6044c2b1f8ac71367aaf7cbea8722ce27e65dcea,2019-10-01 00:00:00,2019-10-31 23:00:00,Hourly,744,744,SUCCESS,YES,NONE
Mt. Aries Rain,Rainfall_mm,2019,11,11. November.xlsx,C:\Users\chris\Desktop\codes\floodguard\data compilation\Data from MMDA-20260727T035138Z-1-001\Data from MMDA\Mt. Aries-20260813T023038Z-1-001\Mt. Aries\2019\11. November.xlsx,XLSX,32268,1041a86501d4431405d307102105a4b07ea1b0d238114222bcaefe1b906c1186,2019-11-01 00:00:00,2019-11-30 23:00:00,Hourly,696,696,SUCCESS,YES,NONE
Mt. Aries Rain,Rainfall_mm,2019,12,12. December.xlsx,C:\Users\chris\Desktop\codes\floodguard\data compilation\Data from MMDA-20260727T035138Z-1-001\Data from MMDA\Mt. Aries-20260813T023038Z-1-001\Mt. Aries\2019\12. December.xlsx,XLSX,30505,d2658105818106ea1a3549c47798ff0a2176389eaf9144b65f90993f5943ac65,2019-12-01 00:00:00,2019-12-31 23:00:00,Hourly,742,742,SUCCESS,YES,NONE
Mt. Aries Rain,Rainfall_mm,2019,2,2. February.xlsx,C:\Users\chris\Desktop\codes\floodguard\data compilation\Data from MMDA-20260727T035138Z-1-001\Data from MMDA\Mt. Aries-20260813T023038Z-1-001\Mt. Aries\2019\2. February.xlsx,XLSX,28484,2768cf70a922d690ac77a6978e87cedac04b5e3b0e144e68610bba78e414e841,2019-02-01 00:00:00,2019-02-28 23:00:00,Hourly,672,672,SUCCESS,YES,NONE
Mt. Aries Rain,Rainfall_mm,2019,3,3. March.xlsx,C:\Users\chris\Desktop\codes\floodguard\data compilation\Data from MMDA-20260727T035138Z-1-001\Data from MMDA\Mt. Aries-20260813T023038Z-1-001\Mt. Aries\2019\3. March.xlsx,XLSX,29227,ddd6c1b34892c16fe74a9f1d4b231dad003bc05e8d35909880592653a0ebf033,2019-03-01 00:00:00,2019-03-31 23:00:00,Hourly,744,744,SUCCESS,YES,NONE
Mt. Aries Rain,Rainfall_mm,2019,4,4. April.xlsx,C:\Users\chris\Desktop\codes\floodguard\data compilation\Data from MMDA-20260727T035138Z-1-001\Data from MMDA\Mt. Aries-20260813T023038Z-1-001\Mt. Aries\2019\4. April.xlsx,XLSX,29035,faf91c68f10c9fbb75adbc7cd728c54886dd75fddfdb907f286b61db309dc5e8,2019-04-02 00:00:00,2019-04-30 23:00:00,Hourly,696,696,SUCCESS,YES,NONE
Mt. Aries Rain,Rainfall_mm,2019,5,5. May.xlsx,C:\Users\chris\Desktop\codes\floodguard\data compilation\Data from MMDA-20260727T035138Z-1-001\Data from MMDA\Mt. Aries-20260813T023038Z-1-001\Mt. Aries\2019\5. May.xlsx,XLSX,32249,8965f85e6473cb8d9963d5e408fd947a5a8c71e2e9b012caae45409625cba71d,2019-05-01 00:00:00,2019-05-31 23:00:00,Hourly,744,744,SUCCESS,YES,NONE
Mt. Aries Rain,Rainfall_mm,2019,6,6. June.xlsx,C:\Users\chris\Desktop\codes\floodguard\data compilation\Data from MMDA-20260727T035138Z-1-001\Data from MMDA\Mt. Aries-20260813T023038Z-1-001\Mt. Aries\2019\6. June.xlsx,XLSX,33957,a70c64c703b42f2bfe20274e92f0accaddc74f4a08b1090de60f889dfa02e86b,2019-06-01 00:00:00,2019-06-30 23:00:00,Hourly,720,720,SUCCESS,YES,NONE
Mt. Aries Rain,Rainfall_mm,2019,7,7. July.xlsx,C:\Users\chris\Desktop\codes\floodguard\data compilation\Data from MMDA-20260727T035138Z-1-001\Data from MMDA\Mt. Aries-20260813T023038Z-1-001\Mt. Aries\2019\7. July.xlsx,XLSX,35481,91c98e62182f6c32bbeadd8b309cd31c83b594a4607db9cf68dddac2cff4a4ea,2019-07-01 00:00:00,2019-07-31 23:00:00,Hourly,743,743,SUCCESS,YES,NONE
Mt. Aries Rain,Rainfall_mm,2019,8,8. August.xlsx,C:\Users\chris\Desktop\codes\floodguard\data compilation\Data from MMDA-20260727T035138Z-1-001\Data from MMDA\Mt. Aries-20260813T023038Z-1-001\Mt. Aries\2019\8. August.xlsx,XLSX,38877,4f87746fb1a8d97cf7cf6bae851c11d102a0ed9e82a8812569ee3106235d2567,2019-08-01 00:00:00,2019-08-31 23:00:00,Hourly,743,743,SUCCESS,YES,NONE
Mt. Aries Rain,Rainfall_mm,2019,9,9. September.xlsx,C:\Users\chris\Desktop\codes\floodguard\data compilation\Data from MMDA-20260727T035138Z-1-001\Data from MMDA\Mt. Aries-20260813T023038Z-1-001\Mt. Aries\2019\9. September.xlsx,XLSX,36362,877a5623de67857fd13118171d7bf1c3ff22ac9f15972ec5fdf214d46bdbffe3,2019-09-01 00:00:00,2019-09-30 23:00:00,Hourly,720,720,SUCCESS,YES,NONE
Mt. Aries Rain,Rainfall_mm,2020,1,1. January.xlsx,C:\Users\chris\Desktop\codes\floodguard\data compilation\Data from MMDA-20260727T035138Z-1-001\Data from MMDA\Mt. Aries-20260813T023038Z-1-001\Mt. Aries\2020\1. January.xlsx,XLSX,30145,720abaa83600ab798dd07fda7df7d79784f531b1d0733db94fda43177abb6bbd,2020-01-01 00:00:00,2020-01-31 23:00:00,Hourly,744,744,SUCCESS,YES,NONE
Mt. Aries Rain,Rainfall_mm,2020,10,10. October.xlsx,C:\Users\chris\Desktop\codes\floodguard\data compilation\Data from MMDA-20260727T035138Z-1-001\Data from MMDA\Mt. Aries-20260813T023038Z-1-001\Mt. Aries\2020\10. October.xlsx,XLSX,37725,250aaff34c74862e4dd75686caab8a499d2cbc373d2f833aca0c44b17f64da4c,2020-10-01 00:00:00,2020-10-31 23:00:00,Hourly,744,744,SUCCESS,YES,NONE
Mt. Aries Rain,Rainfall_mm,2020,11,11. November.xlsx,C:\Users\chris\Desktop\codes\floodguard\data compilation\Data from MMDA-20260727T035138Z-1-001\Data from MMDA\Mt. Aries-20260813T023038Z-1-001\Mt. Aries\2020\11. November.xlsx,XLSX,34421,73b20cec5a05e9ed008eee4ddc5621c13210a75a69a59ad7ec5a8ec062cf156a,2020-11-01 00:00:00,2020-11-30 23:00:00,Hourly,720,720,SUCCESS,YES,NONE
Mt. Aries Rain,Rainfall_mm,2020,12,12. December.xlsx,C:\Users\chris\Desktop\codes\floodguard\data compilation\Data from MMDA-20260727T035138Z-1-001\Data from MMDA\Mt. Aries-20260813T023038Z-1-001\Mt. Aries\2020\12. December.xlsx,XLSX,28517,df1866ba314e84e0b84e0f00f141efa2faf853904d51267d072b9c94b6e56720,2020-12-01 00:00:00,2020-12-31 23:00:00,Hourly,744,744,SUCCESS,YES,NONE
Mt. Aries Rain,Rainfall_mm,2020,2,2. February.xlsx,C:\Users\chris\Desktop\codes\floodguard\data compilation\Data from MMDA-20260727T035138Z-1-001\Data from MMDA\Mt. Aries-20260813T023038Z-1-001\Mt. Aries\2020\2. February.xlsx,XLSX,30158,4eefbed28433fac8f38f13feca16059c3841a25519d1b49f21af9c93f7015eaa,2020-02-01 00:00:00,2020-02-29 23:00:00,Hourly,696,696,SUCCESS,YES,NONE
Mt. Aries Rain,Rainfall_mm,2020,3,3. March.xlsx,C:\Users\chris\Desktop\codes\floodguard\data compilation\Data from MMDA-20260727T035138Z-1-001\Data from MMDA\Mt. Aries-20260813T023038Z-1-001\Mt. Aries\2020\3. March.xlsx,XLSX,29026,d56dbd16cda34fcde9186abc2da1b09971732ea5ee3a1e2107e127e77a019235,2020-03-01 00:00:00,2020-03-31 23:00:00,Hourly,740,740,SUCCESS,YES,NONE
Mt. Aries Rain,Rainfall_mm,2020,4,4. April.xlsx,C:\Users\chris\Desktop\codes\floodguard\data compilation\Data from MMDA-20260727T035138Z-1-001\Data from MMDA\Mt. Aries-20260813T023038Z-1-001\Mt. Aries\2020\4. April.xlsx,XLSX,28794,d7c5e769c4cc48b7e83fa5621f5fb6c1fe0b3ae35ac7c11a7d973ba0be17fe36,2020-04-01 00:00:00,2020-04-30 23:00:00,Hourly,720,720,SUCCESS,YES,NONE
Mt. Aries Rain,Rainfall_mm,2020,5,5. May.xlsx,C:\Users\chris\Desktop\codes\floodguard\data compilation\Data from MMDA-20260727T035138Z-1-001\Data from MMDA\Mt. Aries-20260813T023038Z-1-001\Mt. Aries\2020\5. May.xlsx,XLSX,30746,3f3ae368c5c917972f812289e96e9bc756f7dcd3ccd5efc6aa7d4ce7036319f5,2020-05-01 00:00:00,2020-05-31 23:00:00,Hourly,744,744,SUCCESS,YES,NONE
Mt. Aries Rain,Rainfall_mm,2020,6,6. June.xlsx,C:\Users\chris\Desktop\codes\floodguard\data compilation\Data from MMDA-20260727T035138Z-1-001\Data from MMDA\Mt. Aries-20260813T023038Z-1-001\Mt. Aries\2020\6. June.xlsx,XLSX,32184,640bec24e5c946e48828f3dddfb0877a4dd22f1181e71818977bc6c015fdc406,2020-06-01 00:00:00,2020-06-30 23:00:00,Hourly,720,720,SUCCESS,YES,NONE
Mt. Aries Rain,Rainfall_mm,2020,7,7. July.xlsx,C:\Users\chris\Desktop\codes\floodguard\data compilation\Data from MMDA-20260727T035138Z-1-001\Data from MMDA\Mt. Aries-20260813T023038Z-1-001\Mt. Aries\2020\7. July.xlsx,XLSX,33721,a33e8b195919960dd153908533aba92ff5883bda0228213859d096728c0a69cc,2020-07-01 00:00:00,2020-07-31 23:00:00,Hourly,744,744,SUCCESS,YES,NONE
Mt. Aries Rain,Rainfall_mm,2020,8,8. August.xlsx,C:\Users\chris\Desktop\codes\floodguard\data compilation\Data from MMDA-20260727T035138Z-1-001\Data from MMDA\Mt. Aries-20260813T023038Z-1-001\Mt. Aries\2020\8. August.xlsx,XLSX,33900,989c3cee02f7c48fc97388aae306fe6ef1cd68726fa821d4b203e41bb1a05980,2020-08-01 00:00:00,2020-08-31 23:00:00,Hourly,744,744,SUCCESS,YES,NONE
Mt. Aries Rain,Rainfall_mm,2020,9,9. September.xlsx,C:\Users\chris\Desktop\codes\floodguard\data compilation\Data from MMDA-20260727T035138Z-1-001\Data from MMDA\Mt. Aries-20260813T023038Z-1-001\Mt. Aries\2020\9. September.xlsx,XLSX,33102,690ef7e1a254005354a797cdb7b47b11fee09bc91c3f7bff8d2063c0d960f501,2020-09-01 00:00:00,2020-09-30 23:00:00,Hourly,720,720,SUCCESS,YES,NONE
Mt. Aries Rain,Rainfall_mm,2021,1,1. January.xlsx,C:\Users\chris\Desktop\codes\floodguard\data compilation\Data from MMDA-20260727T035138Z-1-001\Data from MMDA\Mt. Aries-20260813T023038Z-1-001\Mt. Aries\2021\1. January.xlsx,XLSX,31808,bf404efc565d06b1b128900a45b10cf8cf23d8f27bfaf1fa95196086e687ea69,2021-01-01 00:00:00,2021-01-31 23:00:00,Hourly,744,744,SUCCESS,YES,NONE
Mt. Aries Rain,Rainfall_mm,2021,10,10. October.xlsx,C:\Users\chris\Desktop\codes\floodguard\data compilation\Data from MMDA-20260727T035138Z-1-001\Data from MMDA\Mt. Aries-20260813T023038Z-1-001\Mt. Aries\2021\10. October.xlsx,XLSX,33627,9ffd90ff7c340564024b3760dbfea8924c3216467f6e0705b6cd7256035de4bd,2021-10-01 00:00:00,2021-10-31 23:00:00,Hourly,744,744,SUCCESS,YES,NONE
Mt. Aries Rain,Rainfall_mm,2021,11,11. November.xlsx,C:\Users\chris\Desktop\codes\floodguard\data compilation\Data from MMDA-20260727T035138Z-1-001\Data from MMDA\Mt. Aries-20260813T023038Z-1-001\Mt. Aries\2021\11. November.xlsx,XLSX,31703,4abe3e45f8658b784336d7859450587aae37fd7a9f2151c7eeb17ec38ef78b67,2021-11-01 00:00:00,2021-11-30 23:00:00,Hourly,717,717,SUCCESS,YES,NONE
Mt. Aries Rain,Rainfall_mm,2021,12,12. December.xlsx,C:\Users\chris\Desktop\codes\floodguard\data compilation\Data from MMDA-20260727T035138Z-1-001\Data from MMDA\Mt. Aries-20260813T023038Z-1-001\Mt. Aries\2021\12. December.xlsx,XLSX,31155,86e65fcb0c15eb7778956567e583c86cc16e9e6179a25cf02f082e8636e77f7c,2021-12-01 00:00:00,2021-12-31 23:00:00,Hourly,743,743,SUCCESS,YES,NONE
Mt. Aries Rain,Rainfall_mm,2021,2,2. February.xlsx,C:\Users\chris\Desktop\codes\floodguard\data compilation\Data from MMDA-20260727T035138Z-1-001\Data from MMDA\Mt. Aries-20260813T023038Z-1-001\Mt. Aries\2021\2. February.xlsx,XLSX,30669,efa290175ee13b73be260fd5c5da2a39b9d9bfe97cc78ab9a8ff7791cd0db154,2021-02-01 00:00:00,2021-02-28 23:00:00,Hourly,672,672,SUCCESS,YES,NONE
Mt. Aries Rain,Rainfall_mm,2021,3,3. March.xlsx,C:\Users\chris\Desktop\codes\floodguard\data compilation\Data from MMDA-20260727T035138Z-1-001\Data from MMDA\Mt. Aries-20260813T023038Z-1-001\Mt. Aries\2021\3. March.xlsx,XLSX,30785,c71d0d7eaf32bec9021abea24c1c27b945bbb44cebe7782bb6dd50f0dc4ab04b,2021-03-01 00:00:00,2021-03-31 23:00:00,Hourly,744,744,SUCCESS,YES,NONE
Mt. Aries Rain,Rainfall_mm,2021,4,4. April.xlsx,C:\Users\chris\Desktop\codes\floodguard\data compilation\Data from MMDA-20260727T035138Z-1-001\Data from MMDA\Mt. Aries-20260813T023038Z-1-001\Mt. Aries\2021\4. April.xlsx,XLSX,29998,ce0c02e0f9e986a46b73c4d5c001d5f843ba15413652747041d72f6763cbfcfc,2021-04-01 00:00:00,2021-04-30 23:00:00,Hourly,720,720,SUCCESS,YES,NONE
Mt. Aries Rain,Rainfall_mm,2021,5,5. May.xlsx,C:\Users\chris\Desktop\codes\floodguard\data compilation\Data from MMDA-20260727T035138Z-1-001\Data from MMDA\Mt. Aries-20260813T023038Z-1-001\Mt. Aries\2021\5. May.xlsx,XLSX,30056,c006553bfa0971eca4e16e3f51ba70dca4501a5906bf22236cb8eacbbbe58e95,2021-05-01 00:00:00,2021-05-31 23:00:00,Hourly,744,744,SUCCESS,YES,NONE
Mt. Aries Rain,Rainfall_mm,2021,6,6. June.xlsx,C:\Users\chris\Desktop\codes\floodguard\data compilation\Data from MMDA-20260727T035138Z-1-001\Data from MMDA\Mt. Aries-20260813T023038Z-1-001\Mt. Aries\2021\6. June.xlsx,XLSX,32717,86f85aa202889ccb981df074a6d092890d81f59a8006407a226b8987f480d3a7,2021-06-01 00:00:00,2021-06-30 23:00:00,Hourly,719,719,SUCCESS,YES,NONE
Mt. Aries Rain,Rainfall_mm,2021,7,7. July.xlsx,C:\Users\chris\Desktop\codes\floodguard\data compilation\Data from MMDA-20260727T035138Z-1-001\Data from MMDA\Mt. Aries-20260813T023038Z-1-001\Mt. Aries\2021\7. July.xlsx,XLSX,39352,fe682481f866b23653ec60375bd17ade03f567b458352da22004e0f7adbfd7a6,2021-07-01 00:00:00,2021-07-31 23:00:00,Hourly,743,743,SUCCESS,YES,NONE
Mt. Aries Rain,Rainfall_mm,2021,8,8. August.xlsx,C:\Users\chris\Desktop\codes\floodguard\data compilation\Data from MMDA-20260727T035138Z-1-001\Data from MMDA\Mt. Aries-20260813T023038Z-1-001\Mt. Aries\2021\8. August.xlsx,XLSX,34659,704eab13301dc0b543c807d67d7a130faf9bf5bbaee15e2253311663a9c619ca,2021-08-01 00:00:00,2021-08-31 23:00:00,Hourly,742,742,SUCCESS,YES,NONE
Mt. Aries Rain,Rainfall_mm,2021,9,9. September.xlsx,C:\Users\chris\Desktop\codes\floodguard\data compilation\Data from MMDA-20260727T035138Z-1-001\Data from MMDA\Mt. Aries-20260813T023038Z-1-001\Mt. Aries\2021\9. September.xlsx,XLSX,34848,cd36f22124c9946ab1b490bab98f4c2ee906f4d2eb3fdaf62a2708165228573c,2021-09-01 00:00:00,2021-09-30 23:00:00,Hourly,720,720,SUCCESS,YES,NONE
Mt. Aries Rain,Rainfall_mm,2022,1,1. January.xlsx,C:\Users\chris\Desktop\codes\floodguard\data compilation\Data from MMDA-20260727T035138Z-1-001\Data from MMDA\Mt. Aries-20260813T023038Z-1-001\Mt. Aries\2022\1. January.xlsx,XLSX,21407,4558a025b497e92628fd83702b8ea5cc2fb60c3bd0365f2f54ba4ad7c7f6264b,2022-01-01 00:00:00,2022-01-31 23:00:00,Hourly,743,743,SUCCESS,YES,NONE
Mt. Aries Rain,Rainfall_mm,2022,10,10. October.xlsx,C:\Users\chris\Desktop\codes\floodguard\data compilation\Data from MMDA-20260727T035138Z-1-001\Data from MMDA\Mt. Aries-20260813T023038Z-1-001\Mt. Aries\2022\10. October.xlsx,XLSX,22536,3fbd9d07bd872ab844a00dccbbed89e7bc569986096803219c04417acdcf0ce9,2022-10-01 00:00:00,2022-10-31 23:00:00,Hourly,744,744,SUCCESS,YES,NONE
Mt. Aries Rain,Rainfall_mm,2022,11,11. November.xlsx,C:\Users\chris\Desktop\codes\floodguard\data compilation\Data from MMDA-20260727T035138Z-1-001\Data from MMDA\Mt. Aries-20260813T023038Z-1-001\Mt. Aries\2022\11. November.xlsx,XLSX,21758,a924dda904577c9eec6c61100d929461aedd7bdd1a2142bcbf2efe03f46421ef,2022-11-01 00:00:00,2022-11-30 23:00:00,Hourly,720,720,SUCCESS,YES,NONE
Mt. Aries Rain,Rainfall_mm,2022,12,12. December.xlsx,C:\Users\chris\Desktop\codes\floodguard\data compilation\Data from MMDA-20260727T035138Z-1-001\Data from MMDA\Mt. Aries-20260813T023038Z-1-001\Mt. Aries\2022\12. December.xlsx,XLSX,22306,0dd1a25716f553ca4e1fe139eb7d0f4fe641b68348950fb1e620b34711e1ddb0,2022-12-01 00:00:00,2022-12-31 23:00:00,Hourly,743,743,SUCCESS,YES,NONE
Mt. Aries Rain,Rainfall_mm,2022,2,2. February.xlsx,C:\Users\chris\Desktop\codes\floodguard\data compilation\Data from MMDA-20260727T035138Z-1-001\Data from MMDA\Mt. Aries-20260813T023038Z-1-001\Mt. Aries\2022\2. February.xlsx,XLSX,28861,e80f9c8d977ec79b9a93a7cedfd48ec76e6d7701dc1c66160f465b7f83e7e6d6,2022-02-01 00:00:00,2022-02-28 23:00:00,Hourly,672,672,SUCCESS,YES,NONE
Mt. Aries Rain,Rainfall_mm,2022,3,3. March.xlsx,C:\Users\chris\Desktop\codes\floodguard\data compilation\Data from MMDA-20260727T035138Z-1-001\Data from MMDA\Mt. Aries-20260813T023038Z-1-001\Mt. Aries\2022\3. March.xlsx,XLSX,31046,1a997621dac9fa73e15c1a84eed5cb1e125da96a61fa8318fcbf543b57257e4d,2022-03-01 00:00:00,2022-03-31 23:00:00,Hourly,744,744,SUCCESS,YES,NONE
Mt. Aries Rain,Rainfall_mm,2022,4,4. April.xlsx,C:\Users\chris\Desktop\codes\floodguard\data compilation\Data from MMDA-20260727T035138Z-1-001\Data from MMDA\Mt. Aries-20260813T023038Z-1-001\Mt. Aries\2022\4. April.xlsx,XLSX,32271,3b90ff80e9812099012ad905e133b2027e4e4afbbae1159fdf8de8e6e082dc73,2022-04-01 00:00:00,2022-04-30 23:00:00,Hourly,720,720,SUCCESS,YES,NONE
Mt. Aries Rain,Rainfall_mm,2022,5,5. May.xlsx,C:\Users\chris\Desktop\codes\floodguard\data compilation\Data from MMDA-20260727T035138Z-1-001\Data from MMDA\Mt. Aries-20260813T023038Z-1-001\Mt. Aries\2022\5. May.xlsx,XLSX,21641,221e4202c207563693916f37866500fba1e1dfb025cf6740410e9eea28ef7e60,2022-05-01 00:00:00,2022-05-31 23:00:00,Hourly,744,744,SUCCESS,YES,NONE
Mt. Aries Rain,Rainfall_mm,2022,6,6. June.xlsx,C:\Users\chris\Desktop\codes\floodguard\data compilation\Data from MMDA-20260727T035138Z-1-001\Data from MMDA\Mt. Aries-20260813T023038Z-1-001\Mt. Aries\2022\6. June.xlsx,XLSX,32172,58e4316f08c8f04ff41c7e4a21859903cfa083a917a7afed51e02a602aa54599,2022-06-01 00:00:00,2022-06-30 23:00:00,Hourly,720,720,SUCCESS,YES,NONE
Mt. Aries Rain,Rainfall_mm,2022,7,7. July.xlsx,C:\Users\chris\Desktop\codes\floodguard\data compilation\Data from MMDA-20260727T035138Z-1-001\Data from MMDA\Mt. Aries-20260813T023038Z-1-001\Mt. Aries\2022\7. July.xlsx,XLSX,34622,fb6de29e809aa0646c1b1be1df183a6ad4e93738a4e1a867c145edc0ad8d8975,2022-07-01 00:00:00,2022-07-31 23:00:00,Hourly,740,740,SUCCESS,YES,NONE
Mt. Aries Rain,Rainfall_mm,2022,8,8. August.xlsx,C:\Users\chris\Desktop\codes\floodguard\data compilation\Data from MMDA-20260727T035138Z-1-001\Data from MMDA\Mt. Aries-20260813T023038Z-1-001\Mt. Aries\2022\8. August.xlsx,XLSX,35863,dd12e3b2bcf700c99bb592372f9200208ddf8397c0edd012e33e597dc28a1275,2022-08-01 00:00:00,2022-08-31 23:00:00,Hourly,744,744,SUCCESS,YES,NONE
Mt. Aries Rain,Rainfall_mm,2022,9,9. September.xlsx,C:\Users\chris\Desktop\codes\floodguard\data compilation\Data from MMDA-20260727T035138Z-1-001\Data from MMDA\Mt. Aries-20260813T023038Z-1-001\Mt. Aries\2022\9. September.xlsx,XLSX,100283,12c436b7af6d7dcb679de14ba2cf2bd49863af03d0847b168eab68f65038d45b,2022-09-01 00:00:00,2022-09-30 23:00:00,Hourly,719,719,SUCCESS,YES,NONE
Mt. Aries Rain,Rainfall_mm,2023,1,1. January.xlsx,C:\Users\chris\Desktop\codes\floodguard\data compilation\Data from MMDA-20260727T035138Z-1-001\Data from MMDA\Mt. Aries-20260813T023038Z-1-001\Mt. Aries\2023\1. January.xlsx,XLSX,21735,f85ee963b77f0bf55e168db9f82774355b4da0124ac7c168f3ac07d0a9d995e3,2023-01-01 00:00:00,2023-01-31 23:00:00,Hourly,744,744,SUCCESS,YES,NONE
Mt. Aries Rain,Rainfall_mm,2023,11,11. November.xlsx,C:\Users\chris\Desktop\codes\floodguard\data compilation\Data from MMDA-20260727T035138Z-1-001\Data from MMDA\Mt. Aries-20260813T023038Z-1-001\Mt. Aries\2023\11. November.xlsx,XLSX,21588,cee4ab74c159b251fa99d19f1bc0626893dce3ad403823e9455be47219f5b9ac,2023-11-01 00:00:00,2023-11-30 23:00:00,Hourly,720,720,SUCCESS,YES,NONE
Mt. Aries Rain,Rainfall_mm,2023,10,11. October.xlsx,C:\Users\chris\Desktop\codes\floodguard\data compilation\Data from MMDA-20260727T035138Z-1-001\Data from MMDA\Mt. Aries-20260813T023038Z-1-001\Mt. Aries\2023\11. October.xlsx,XLSX,22017,e1834c3111870e4934974acbc7a610e14b26cc91ca21d19ced0a07575410e3de,2023-10-01 00:00:00,2023-10-30 23:00:00,Hourly,719,719,SUCCESS,YES,NONE
Mt. Aries Rain,Rainfall_mm,2023,12,12. December.xlsx,C:\Users\chris\Desktop\codes\floodguard\data compilation\Data from MMDA-20260727T035138Z-1-001\Data from MMDA\Mt. Aries-20260813T023038Z-1-001\Mt. Aries\2023\12. December.xlsx,XLSX,21586,7bd8e6c484b303bc773342008159d2b935c98a7596c0e347413a8886b25114bf,2023-12-01 00:00:00,2023-12-30 23:00:00,Hourly,719,719,SUCCESS,YES,NONE
Mt. Aries Rain,Rainfall_mm,2023,2,2. February.xlsx,C:\Users\chris\Desktop\codes\floodguard\data compilation\Data from MMDA-20260727T035138Z-1-001\Data from MMDA\Mt. Aries-20260813T023038Z-1-001\Mt. Aries\2023\2. February.xlsx,XLSX,21063,779df0f10ba2b4451335029dce5e1bce0a577ae1890a15e8b4811a4851e09b27,2023-02-01 00:00:00,2023-02-28 23:00:00,Hourly,668,668,SUCCESS,YES,NONE
Mt. Aries Rain,Rainfall_mm,2023,3,3. March.xlsx,C:\Users\chris\Desktop\codes\floodguard\data compilation\Data from MMDA-20260727T035138Z-1-001\Data from MMDA\Mt. Aries-20260813T023038Z-1-001\Mt. Aries\2023\3. March.xlsx,XLSX,21369,19078711f3a7afb64b0e289530612f7978ebbc3613d6e77673932bd2095b8d38,2023-03-01 00:00:00,2023-03-31 23:00:00,Hourly,739,739,SUCCESS,YES,NONE
Mt. Aries Rain,Rainfall_mm,2023,4,4. April.xlsx,C:\Users\chris\Desktop\codes\floodguard\data compilation\Data from MMDA-20260727T035138Z-1-001\Data from MMDA\Mt. Aries-20260813T023038Z-1-001\Mt. Aries\2023\4. April.xlsx,XLSX,21728,3a9d6d84bb93f6b9335873a61462a0453e90fe0d24af7a15d1302401af27d108,2023-04-01 00:00:00,2023-04-30 23:00:00,Hourly,720,720,SUCCESS,YES,NONE
Mt. Aries Rain,Rainfall_mm,2023,5,5. May.xlsx,C:\Users\chris\Desktop\codes\floodguard\data compilation\Data from MMDA-20260727T035138Z-1-001\Data from MMDA\Mt. Aries-20260813T023038Z-1-001\Mt. Aries\2023\5. May.xlsx,XLSX,21792,b063cd22951998daf307d1587a42792af9597cc2046ebef374b68c2a319cbdb5,2023-05-01 00:00:00,2023-05-31 23:00:00,Hourly,742,742,SUCCESS,YES,NONE
Mt. Aries Rain,Rainfall_mm,2023,6,6. June.xlsx,C:\Users\chris\Desktop\codes\floodguard\data compilation\Data from MMDA-20260727T035138Z-1-001\Data from MMDA\Mt. Aries-20260813T023038Z-1-001\Mt. Aries\2023\6. June.xlsx,XLSX,22433,f0ff02f9e0ac090aaf8a268cbf6f53f78b505cc5a70b69d45ee259b219296bf6,2023-06-01 00:00:00,2023-06-30 23:00:00,Hourly,717,717,SUCCESS,YES,NONE
Mt. Aries Rain,Rainfall_mm,2023,7,7. July.xlsx,C:\Users\chris\Desktop\codes\floodguard\data compilation\Data from MMDA-20260727T035138Z-1-001\Data from MMDA\Mt. Aries-20260813T023038Z-1-001\Mt. Aries\2023\7. July.xlsx,XLSX,23037,816d04c27501a64747c9b5cda777718fe3ae86c414b91fe87653cdf3f4c3eaf6,2023-07-01 00:00:00,2023-07-31 23:00:00,Hourly,744,744,SUCCESS,YES,NONE
Mt. Aries Rain,Rainfall_mm,2023,8,8. August.xlsx,C:\Users\chris\Desktop\codes\floodguard\data compilation\Data from MMDA-20260727T035138Z-1-001\Data from MMDA\Mt. Aries-20260813T023038Z-1-001\Mt. Aries\2023\8. August.xlsx,XLSX,22943,67d68d876bb2d970c96aad5594337836e13bdb07dffb2812e77abcb8cd647024,2023-08-01 00:00:00,2023-08-31 23:00:00,Hourly,742,742,SUCCESS,YES,NONE
Mt. Aries Rain,Rainfall_mm,2023,9,9. September.xlsx,C:\Users\chris\Desktop\codes\floodguard\data compilation\Data from MMDA-20260727T035138Z-1-001\Data from MMDA\Mt. Aries-20260813T023038Z-1-001\Mt. Aries\2023\9. September.xlsx,XLSX,22312,ab40cdfa0c385e78c4121e15612637e90b4c7807a84fcbc29cbd51da17eff549,2023-09-01 00:00:00,2023-09-30 23:00:00,Hourly,717,717,SUCCESS,YES,NONE
Mt. Aries Rain,Rainfall_mm,2024,1,1. January.xlsx,C:\Users\chris\Desktop\codes\floodguard\data compilation\Data from MMDA-20260727T035138Z-1-001\Data from MMDA\Mt. Aries-20260813T023038Z-1-001\Mt. Aries\2024\1. January.xlsx,XLSX,21739,6c695eb03b5c0118c77a119bb1566659896de98c3d072f55a11f9edb89aaccd7,2024-01-01 00:00:00,2024-01-31 23:00:00,Hourly,742,742,SUCCESS,YES,NONE
Mt. Aries Rain,Rainfall_mm,2024,10,10. October.xlsx,C:\Users\chris\Desktop\codes\floodguard\data compilation\Data from MMDA-20260727T035138Z-1-001\Data from MMDA\Mt. Aries-20260813T023038Z-1-001\Mt. Aries\2024\10. October.xlsx,XLSX,22626,4f98d1b934be7a685290b6144a36779f91f205a2280e06878468a4aadfa226d5,2024-10-01 00:00:00,2024-10-31 23:00:00,Hourly,741,741,SUCCESS,YES,NONE
Mt. Aries Rain,Rainfall_mm,2024,11,11. November.xlsx,C:\Users\chris\Desktop\codes\floodguard\data compilation\Data from MMDA-20260727T035138Z-1-001\Data from MMDA\Mt. Aries-20260813T023038Z-1-001\Mt. Aries\2024\11. November.xlsx,XLSX,21904,5fed67ae84d268e224e479f607b5a84970b7ee8b11dafb09a5d5c7f66355da50,2024-11-01 00:00:00,2024-11-30 23:00:00,Hourly,720,720,SUCCESS,YES,NONE
Mt. Aries Rain,Rainfall_mm,2024,12,12. December.xlsx,C:\Users\chris\Desktop\codes\floodguard\data compilation\Data from MMDA-20260727T035138Z-1-001\Data from MMDA\Mt. Aries-20260813T023038Z-1-001\Mt. Aries\2024\12. December.xlsx,XLSX,22046,beb77fd09f69bb8d3052b1394eea3c2912525189aa63ef6ebd134829b9cc959e,2024-12-01 00:00:00,2024-12-31 23:00:00,Hourly,744,744,SUCCESS,YES,NONE
Mt. Aries Rain,Rainfall_mm,2024,2,2. February.xlsx,C:\Users\chris\Desktop\codes\floodguard\data compilation\Data from MMDA-20260727T035138Z-1-001\Data from MMDA\Mt. Aries-20260813T023038Z-1-001\Mt. Aries\2024\2. February.xlsx,XLSX,21046,7d18d63d241f8f4eb43dd7c5fb2c6a3431b7c9a8c3ca17e64e62e17c71606abd,2024-02-01 00:00:00,2024-02-29 23:00:00,Hourly,694,694,SUCCESS,YES,NONE
Mt. Aries Rain,Rainfall_mm,2024,3,3. March.xlsx,C:\Users\chris\Desktop\codes\floodguard\data compilation\Data from MMDA-20260727T035138Z-1-001\Data from MMDA\Mt. Aries-20260813T023038Z-1-001\Mt. Aries\2024\3. March.xlsx,XLSX,21413,b8da6be0f511c13febfcb35f281401b98f248ad9d322c9fd40a44b330ef04d84,2024-03-01 00:00:00,2024-03-31 23:00:00,Hourly,743,743,SUCCESS,YES,NONE
Mt. Aries Rain,Rainfall_mm,2024,4,4. April.xlsx,C:\Users\chris\Desktop\codes\floodguard\data compilation\Data from MMDA-20260727T035138Z-1-001\Data from MMDA\Mt. Aries-20260813T023038Z-1-001\Mt. Aries\2024\4. April.xlsx,XLSX,85489,52891285627a6c381d6ff1cc5425dbe15866b534cdd8d7f0885edb23418da67d,2024-04-01 00:00:00,2024-04-30 23:00:00,Hourly,720,720,SUCCESS,YES,NONE
Mt. Aries Rain,Rainfall_mm,2024,5,5. May.xlsx,C:\Users\chris\Desktop\codes\floodguard\data compilation\Data from MMDA-20260727T035138Z-1-001\Data from MMDA\Mt. Aries-20260813T023038Z-1-001\Mt. Aries\2024\5. May.xlsx,XLSX,21938,1bd035c96e368edd3fc201e970d3cd6c296be9df65dbe2f0eee11c22dc018364,2024-05-01 00:00:00,2024-05-31 23:00:00,Hourly,744,744,SUCCESS,YES,NONE
Mt. Aries Rain,Rainfall_mm,2024,6,6. June.xlsx,C:\Users\chris\Desktop\codes\floodguard\data compilation\Data from MMDA-20260727T035138Z-1-001\Data from MMDA\Mt. Aries-20260813T023038Z-1-001\Mt. Aries\2024\6. June.xlsx,XLSX,22104,1a75cb8aa762a45604a63c498bf342d49af9ef679e8410d5628053b8b8d8d2d7,2024-06-01 00:00:00,2024-06-30 23:00:00,Hourly,719,719,SUCCESS,YES,NONE
Mt. Aries Rain,Rainfall_mm,2024,7,7. July.xlsx,C:\Users\chris\Desktop\codes\floodguard\data compilation\Data from MMDA-20260727T035138Z-1-001\Data from MMDA\Mt. Aries-20260813T023038Z-1-001\Mt. Aries\2024\7. July.xlsx,XLSX,22372,a8fef917aa47c46aeff57094a1f3901baa70b36f1c174e84be3fb3285630bcb6,2024-07-01 00:00:00,2024-07-31 23:00:00,Hourly,743,743,SUCCESS,YES,NONE
Mt. Aries Rain,Rainfall_mm,2024,8,8. August.xlsx,C:\Users\chris\Desktop\codes\floodguard\data compilation\Data from MMDA-20260727T035138Z-1-001\Data from MMDA\Mt. Aries-20260813T023038Z-1-001\Mt. Aries\2024\8. August.xlsx,XLSX,22372,4a74e937e2e9c4195b633d9bfeece643c76f530fa5fd5942e720a56300275550,2024-08-01 00:00:00,2024-08-31 23:00:00,Hourly,743,743,SUCCESS,YES,NONE
Mt. Aries Rain,Rainfall_mm,2024,9,9. September.xlsx,C:\Users\chris\Desktop\codes\floodguard\data compilation\Data from MMDA-20260727T035138Z-1-001\Data from MMDA\Mt. Aries-20260813T023038Z-1-001\Mt. Aries\2024\9. September.xlsx,XLSX,22312,15a4d7ebd59804d13c4cf9c90b7ded5a249026eeb98f7d3d3bd93629e1d2d229,2024-09-01 00:00:00,2024-09-30 23:00:00,Hourly,720,720,SUCCESS,YES,NONE
Mt. Aries Rain,Rainfall_mm,2025,1,1. January.pdf,C:\Users\chris\Desktop\codes\floodguard\data compilation\Data from MMDA-20260727T035138Z-1-001\Data from MMDA\Mt. Aries-20260813T023038Z-1-001\Mt. Aries\2025\1. January.pdf,PDF,107543,7b7f223bc8f55d70eed4f55bfab27218c0fde91d39d734ead294952885a6ec5c,2025-01-01 00:00:00,2025-01-31 23:00:00,Hourly,744,744,SUCCESS,YES,NONE
Mt. Aries Rain,Rainfall_mm,2025,10,10. Oct.pdf,C:\Users\chris\Desktop\codes\floodguard\data compilation\Data from MMDA-20260727T035138Z-1-001\Data from MMDA\Mt. Aries-20260813T023038Z-1-001\Mt. Aries\2025\10. Oct.pdf,PDF,106243,154b73e340c506373cd6513b04b62fd36eda46fd6999e0620cd98480b600b5ff,2025-10-01 00:00:00,2025-10-30 23:00:00,Hourly,720,720,SUCCESS,YES,NONE
Mt. Aries Rain,Rainfall_mm,2025,11,11. Nov.pdf,C:\Users\chris\Desktop\codes\floodguard\data compilation\Data from MMDA-20260727T035138Z-1-001\Data from MMDA\Mt. Aries-20260813T023038Z-1-001\Mt. Aries\2025\11. Nov.pdf,PDF,107430,77c34d5e9f404fc0fe61d02cd9c86ec05c9e1da737ad14355d0e4642d2efdf2c,2025-11-01 00:00:00,2025-11-30 23:00:00,Hourly,720,720,SUCCESS,YES,NONE
Mt. Aries Rain,Rainfall_mm,2025,12,12. Dec.pdf,C:\Users\chris\Desktop\codes\floodguard\data compilation\Data from MMDA-20260727T035138Z-1-001\Data from MMDA\Mt. Aries-20260813T023038Z-1-001\Mt. Aries\2025\12. Dec.pdf,PDF,108151,b87496f7776e2c4c35a9e77f266eeab4cca6548e821b9c1aa4fdabb3cd700536,2025-12-01 00:00:00,2025-12-31 23:00:00,Hourly,744,744,SUCCESS,YES,NONE
Mt. Aries Rain,Rainfall_mm,2025,2,2. Feb.pdf,C:\Users\chris\Desktop\codes\floodguard\data compilation\Data from MMDA-20260727T035138Z-1-001\Data from MMDA\Mt. Aries-20260813T023038Z-1-001\Mt. Aries\2025\2. Feb.pdf,PDF,101572,2cd37666649787ddf9aa4423aae4077d03ae6f4809f76eacd053d010d4b8eea9,2025-02-01 00:00:00,2025-02-28 23:00:00,Hourly,672,672,SUCCESS,YES,NONE
Mt. Aries Rain,Rainfall_mm,2025,3,3. March.pdf,C:\Users\chris\Desktop\codes\floodguard\data compilation\Data from MMDA-20260727T035138Z-1-001\Data from MMDA\Mt. Aries-20260813T023038Z-1-001\Mt. Aries\2025\3. March.pdf,PDF,107120,15dd6e496349994c69bf878c73140806e63524a9ee6f50ac17ed282798a70e0c,2025-03-01 00:00:00,2025-03-31 23:00:00,Hourly,744,744,SUCCESS,YES,NONE
Mt. Aries Rain,Rainfall_mm,2025,4,4. April.pdf,C:\Users\chris\Desktop\codes\floodguard\data compilation\Data from MMDA-20260727T035138Z-1-001\Data from MMDA\Mt. Aries-20260813T023038Z-1-001\Mt. Aries\2025\4. April.pdf,PDF,105047,d767dac2ead964007e4601300413fb32f405d74c6ef0447e1a00bebf41008fa0,2025-04-01 00:00:00,2025-04-30 23:00:00,Hourly,720,720,SUCCESS,YES,NONE
Mt. Aries Rain,Rainfall_mm,2025,5,5. May.pdf,C:\Users\chris\Desktop\codes\floodguard\data compilation\Data from MMDA-20260727T035138Z-1-001\Data from MMDA\Mt. Aries-20260813T023038Z-1-001\Mt. Aries\2025\5. May.pdf,PDF,106068,89e1b190832eb5c58e8691cc039af503874a244d68e3a9a03eca9e3e1b3b7b03,2025-05-01 00:00:00,2025-05-31 23:00:00,Hourly,742,742,SUCCESS,YES,NONE
Mt. Aries Rain,Rainfall_mm,2025,6,6. June.pdf,C:\Users\chris\Desktop\codes\floodguard\data compilation\Data from MMDA-20260727T035138Z-1-001\Data from MMDA\Mt. Aries-20260813T023038Z-1-001\Mt. Aries\2025\6. June.pdf,PDF,107103,35c17311b280b44fc9129d7b6d852edf41e7af5daa337545f6e9305ed80da0e6,2025-06-01 00:00:00,2025-06-30 23:00:00,Hourly,720,720,SUCCESS,YES,NONE
Mt. Aries Rain,Rainfall_mm,2025,7,7. July.pdf,C:\Users\chris\Desktop\codes\floodguard\data compilation\Data from MMDA-20260727T035138Z-1-001\Data from MMDA\Mt. Aries-20260813T023038Z-1-001\Mt. Aries\2025\7. July.pdf,PDF,108403,46cae91c9a43cf7504c620a21a1119f7344d6e2bcfc6d086f33ad3acab6be3f7,2025-07-01 00:00:00,2025-07-31 23:00:00,Hourly,743,743,SUCCESS,YES,NONE
Mt. Aries Rain,Rainfall_mm,2025,8,8. Aug.pdf,C:\Users\chris\Desktop\codes\floodguard\data compilation\Data from MMDA-20260727T035138Z-1-001\Data from MMDA\Mt. Aries-20260813T023038Z-1-001\Mt. Aries\2025\8. Aug.pdf,PDF,108415,dc6ec18bd21738885f79f9665ef3b0da7b993976ab4869d93dd326209e2e1098,2025-08-01 00:00:00,2025-08-31 23:00:00,Hourly,740,740,SUCCESS,YES,NONE
Mt. Aries Rain,Rainfall_mm,2025,9,9. Sept.pdf,C:\Users\chris\Desktop\codes\floodguard\data compilation\Data from MMDA-20260727T035138Z-1-001\Data from MMDA\Mt. Aries-20260813T023038Z-1-001\Mt. Aries\2025\9. Sept.pdf,PDF,108817,91b1e6b7e9d9f0da1e50aab6db920873a62de24f8dd712101fdf1083d6079cb8,2025-09-01 00:00:00,2025-09-03 23:00:00,Hourly,72,72,SUCCESS,YES,NONE
